{
  "type": "FeatureCollection",
  "features": [
    {
      "type": "Feature",
      "properties": {
        "cell_id": "r163c1239",
        "country": "North Korea",
        "row_global": 163,
        "col_global": 1239,
        "longitude": 129.875,
        "latitude": 42.875
      },
      "geometry": {
        "type": "Polygon",
        "coordinates": [
          [
            [
              129.75,
              42.75
            ],
            [
              130.0,
              42.75
            ],
            [
              130.0,
              43.0
            ],
            [
              129.75,
              43.0
            ],
            [
              129.75,
              42.75
            ]
          ]
        ]
      }
    },
    {
      "type": "Feature",
      "properties": {
        "cell_id": "r163c1240",
        "country": "North Korea",
        "row_global": 163,
        "col_global": 1240,
        "longitude": 130.125,
        "latitude": 42.875
      },
      "geometry": {
        "type": "Polygon",
        "coordinates": [
          [
            [
              130.0,
              42.75
            ],
            [
              130.25,
              42.75
            ],
            [
              130.25,
              43.0
            ],
            [
              130.0,
              43.0
            ],
            [
              130.0,
              42.75
            ]
          ]
        ]
      }
    },
    {
      "type": "Feature",
      "properties": {
        "cell_id": "r164c1239",
        "country": "North Korea",
        "row_global": 164,
        "col_global": 1239,
        "longitude": 129.875,
        "latitude": 42.625
      },
      "geometry": {
        "type": "Polygon",
        "coordinates": [
          [
            [
              129.75,
              42.5
            ],
            [
              130.0,
              42.5
            ],
            [
              130.0,
              42.75
            ],
            [
              129.75,
              42.75
            ],
            [
              129.75,
              42.5
            ]
          ]
        ]
      }
    },
    {
      "type": "Feature",
      "properties": {
        "cell_id": "r164c1240",
        "country": "North Korea",
        "row_global": 164,
        "col_global": 1240,
        "longitude": 130.125,
        "latitude": 42.625
      },
      "geometry": {
        "type": "Polygon",
        "coordinates": [
          [
            [
              130.0,
              42.5
            ],
            [
              130.25,
              42.5
            ],
            [
              130.25,
              42.75
            ],
            [
              130.0,
              42.75
            ],
            [
              130.0,
              42.5
            ]
          ]
        ]
      }
    },
    {
      "type": "Feature",
      "properties": {
        "cell_id": "r165c1237",
        "country": "North Korea",
        "row_global": 165,
        "col_global": 1237,
        "longitude": 129.375,
        "latitude": 42.375
      },
      "geometry": {
        "type": "Polygon",
        "coordinates": [
          [
            [
              129.25,
              42.25
            ],
            [
              129.5,
              42.25
            ],
            [
              129.5,
              42.5
            ],
            [
              129.25,
              42.5
            ],
            [
              129.25,
              42.25
            ]
          ]
        ]
      }
    },
    {
      "type": "Feature",
      "properties": {
        "cell_id": "r165c1238",
        "country": "North Korea",
        "row_global": 165,
        "col_global": 1238,
        "longitude": 129.625,
        "latitude": 42.375
      },
      "geometry": {
        "type": "Polygon",
        "coordinates": [
          [
            [
              129.5,
              42.25
            ],
            [
              129.75,
              42.25
            ],
            [
              129.75,
              42.5
            ],
            [
              129.5,
              42.5
            ],
            [
              129.5,
              42.25
            ]
          ]
        ]
      }
    },
    {
      "type": "Feature",
      "properties": {
        "cell_id": "r165c1239",
        "country": "North Korea",
        "row_global": 165,
        "col_global": 1239,
        "longitude": 129.875,
        "latitude": 42.375
      },
      "geometry": {
        "type": "Polygon",
        "coordinates": [
          [
            [
              129.75,
              42.25
            ],
            [
              130.0,
              42.25
            ],
            [
              130.0,
              42.5
            ],
            [
              129.75,
              42.5
            ],
            [
              129.75,
              42.25
            ]
          ]
        ]
      }
    },
    {
      "type": "Feature",
      "properties": {
        "cell_id": "r165c1240",
        "country": "North Korea",
        "row_global": 165,
        "col_global": 1240,
        "longitude": 130.125,
        "latitude": 42.375
      },
      "geometry": {
        "type": "Polygon",
        "coordinates": [
          [
            [
              130.0,
              42.25
            ],
            [
              130.25,
              42.25
            ],
            [
              130.25,
              42.5
            ],
            [
              130.0,
              42.5
            ],
            [
              130.0,
              42.25
            ]
          ]
        ]
      }
    },
    {
      "type": "Feature",
      "properties": {
        "cell_id": "r165c1241",
        "country": "North Korea",
        "row_global": 165,
        "col_global": 1241,
        "longitude": 130.375,
        "latitude": 42.375
      },
      "geometry": {
        "type": "Polygon",
        "coordinates": [
          [
            [
              130.25,
              42.25
            ],
            [
              130.5,
              42.25
            ],
            [
              130.5,
              42.5
            ],
            [
              130.25,
              42.5
            ],
            [
              130.25,
              42.25
            ]
          ]
        ]
      }
    },
    {
      "type": "Feature",
      "properties": {
        "cell_id": "r165c1242",
        "country": "North Korea",
        "row_global": 165,
        "col_global": 1242,
        "longitude": 130.625,
        "latitude": 42.375
      },
      "geometry": {
        "type": "Polygon",
        "coordinates": [
          [
            [
              130.5,
              42.25
            ],
            [
              130.75,
              42.25
            ],
            [
              130.75,
              42.5
            ],
            [
              130.5,
              42.5
            ],
            [
              130.5,
              42.25
            ]
          ]
        ]
      }
    },
    {
      "type": "Feature",
      "properties": {
        "cell_id": "r166c1236",
        "country": "North Korea",
        "row_global": 166,
        "col_global": 1236,
        "longitude": 129.125,
        "latitude": 42.125
      },
      "geometry": {
        "type": "Polygon",
        "coordinates": [
          [
            [
              129.0,
              42.0
            ],
            [
              129.25,
              42.0
            ],
            [
              129.25,
              42.25
            ],
            [
              129.0,
              42.25
            ],
            [
              129.0,
              42.0
            ]
          ]
        ]
      }
    },
    {
      "type": "Feature",
      "properties": {
        "cell_id": "r166c1237",
        "country": "North Korea",
        "row_global": 166,
        "col_global": 1237,
        "longitude": 129.375,
        "latitude": 42.125
      },
      "geometry": {
        "type": "Polygon",
        "coordinates": [
          [
            [
              129.25,
              42.0
            ],
            [
              129.5,
              42.0
            ],
            [
              129.5,
              42.25
            ],
            [
              129.25,
              42.25
            ],
            [
              129.25,
              42.0
            ]
          ]
        ]
      }
    },
    {
      "type": "Feature",
      "properties": {
        "cell_id": "r166c1238",
        "country": "North Korea",
        "row_global": 166,
        "col_global": 1238,
        "longitude": 129.625,
        "latitude": 42.125
      },
      "geometry": {
        "type": "Polygon",
        "coordinates": [
          [
            [
              129.5,
              42.0
            ],
            [
              129.75,
              42.0
            ],
            [
              129.75,
              42.25
            ],
            [
              129.5,
              42.25
            ],
            [
              129.5,
              42.0
            ]
          ]
        ]
      }
    },
    {
      "type": "Feature",
      "properties": {
        "cell_id": "r166c1239",
        "country": "North Korea",
        "row_global": 166,
        "col_global": 1239,
        "longitude": 129.875,
        "latitude": 42.125
      },
      "geometry": {
        "type": "Polygon",
        "coordinates": [
          [
            [
              129.75,
              42.0
            ],
            [
              130.0,
              42.0
            ],
            [
              130.0,
              42.25
            ],
            [
              129.75,
              42.25
            ],
            [
              129.75,
              42.0
            ]
          ]
        ]
      }
    },
    {
      "type": "Feature",
      "properties": {
        "cell_id": "r166c1240",
        "country": "North Korea",
        "row_global": 166,
        "col_global": 1240,
        "longitude": 130.125,
        "latitude": 42.125
      },
      "geometry": {
        "type": "Polygon",
        "coordinates": [
          [
            [
              130.0,
              42.0
            ],
            [
              130.25,
              42.0
            ],
            [
              130.25,
              42.25
            ],
            [
              130.0,
              42.25
            ],
            [
              130.0,
              42.0
            ]
          ]
        ]
      }
    },
    {
      "type": "Feature",
      "properties": {
        "cell_id": "r167c1232",
        "country": "North Korea",
        "row_global": 167,
        "col_global": 1232,
        "longitude": 128.125,
        "latitude": 41.875
      },
      "geometry": {
        "type": "Polygon",
        "coordinates": [
          [
            [
              128.0,
              41.75
            ],
            [
              128.25,
              41.75
            ],
            [
              128.25,
              42.0
            ],
            [
              128.0,
              42.0
            ],
            [
              128.0,
              41.75
            ]
          ]
        ]
      }
    },
    {
      "type": "Feature",
      "properties": {
        "cell_id": "r167c1233",
        "country": "North Korea",
        "row_global": 167,
        "col_global": 1233,
        "longitude": 128.375,
        "latitude": 41.875
      },
      "geometry": {
        "type": "Polygon",
        "coordinates": [
          [
            [
              128.25,
              41.75
            ],
            [
              128.5,
              41.75
            ],
            [
              128.5,
              42.0
            ],
            [
              128.25,
              42.0
            ],
            [
              128.25,
              41.75
            ]
          ]
        ]
      }
    },
    {
      "type": "Feature",
      "properties": {
        "cell_id": "r167c1234",
        "country": "North Korea",
        "row_global": 167,
        "col_global": 1234,
        "longitude": 128.625,
        "latitude": 41.875
      },
      "geometry": {
        "type": "Polygon",
        "coordinates": [
          [
            [
              128.5,
              41.75
            ],
            [
              128.75,
              41.75
            ],
            [
              128.75,
              42.0
            ],
            [
              128.5,
              42.0
            ],
            [
              128.5,
              41.75
            ]
          ]
        ]
      }
    },
    {
      "type": "Feature",
      "properties": {
        "cell_id": "r167c1235",
        "country": "North Korea",
        "row_global": 167,
        "col_global": 1235,
        "longitude": 128.875,
        "latitude": 41.875
      },
      "geometry": {
        "type": "Polygon",
        "coordinates": [
          [
            [
              128.75,
              41.75
            ],
            [
              129.0,
              41.75
            ],
            [
              129.0,
              42.0
            ],
            [
              128.75,
              42.0
            ],
            [
              128.75,
              41.75
            ]
          ]
        ]
      }
    },
    {
      "type": "Feature",
      "properties": {
        "cell_id": "r167c1236",
        "country": "North Korea",
        "row_global": 167,
        "col_global": 1236,
        "longitude": 129.125,
        "latitude": 41.875
      },
      "geometry": {
        "type": "Polygon",
        "coordinates": [
          [
            [
              129.0,
              41.75
            ],
            [
              129.25,
              41.75
            ],
            [
              129.25,
              42.0
            ],
            [
              129.0,
              42.0
            ],
            [
              129.0,
              41.75
            ]
          ]
        ]
      }
    },
    {
      "type": "Feature",
      "properties": {
        "cell_id": "r167c1237",
        "country": "North Korea",
        "row_global": 167,
        "col_global": 1237,
        "longitude": 129.375,
        "latitude": 41.875
      },
      "geometry": {
        "type": "Polygon",
        "coordinates": [
          [
            [
              129.25,
              41.75
            ],
            [
              129.5,
              41.75
            ],
            [
              129.5,
              42.0
            ],
            [
              129.25,
              42.0
            ],
            [
              129.25,
              41.75
            ]
          ]
        ]
      }
    },
    {
      "type": "Feature",
      "properties": {
        "cell_id": "r167c1238",
        "country": "North Korea",
        "row_global": 167,
        "col_global": 1238,
        "longitude": 129.625,
        "latitude": 41.875
      },
      "geometry": {
        "type": "Polygon",
        "coordinates": [
          [
            [
              129.5,
              41.75
            ],
            [
              129.75,
              41.75
            ],
            [
              129.75,
              42.0
            ],
            [
              129.5,
              42.0
            ],
            [
              129.5,
              41.75
            ]
          ]
        ]
      }
    },
    {
      "type": "Feature",
      "properties": {
        "cell_id": "r167c1239",
        "country": "North Korea",
        "row_global": 167,
        "col_global": 1239,
        "longitude": 129.875,
        "latitude": 41.875
      },
      "geometry": {
        "type": "Polygon",
        "coordinates": [
          [
            [
              129.75,
              41.75
            ],
            [
              130.0,
              41.75
            ],
            [
              130.0,
              42.0
            ],
            [
              129.75,
              42.0
            ],
            [
              129.75,
              41.75
            ]
          ]
        ]
      }
    },
    {
      "type": "Feature",
      "properties": {
        "cell_id": "r168c1226",
        "country": "North Korea",
        "row_global": 168,
        "col_global": 1226,
        "longitude": 126.625,
        "latitude": 41.625
      },
      "geometry": {
        "type": "Polygon",
        "coordinates": [
          [
            [
              126.5,
              41.5
            ],
            [
              126.75,
              41.5
            ],
            [
              126.75,
              41.75
            ],
            [
              126.5,
              41.75
            ],
            [
              126.5,
              41.5
            ]
          ]
        ]
      }
    },
    {
      "type": "Feature",
      "properties": {
        "cell_id": "r168c1227",
        "country": "North Korea",
        "row_global": 168,
        "col_global": 1227,
        "longitude": 126.875,
        "latitude": 41.625
      },
      "geometry": {
        "type": "Polygon",
        "coordinates": [
          [
            [
              126.75,
              41.5
            ],
            [
              127.0,
              41.5
            ],
            [
              127.0,
              41.75
            ],
            [
              126.75,
              41.75
            ],
            [
              126.75,
              41.5
            ]
          ]
        ]
      }
    },
    {
      "type": "Feature",
      "properties": {
        "cell_id": "r168c1233",
        "country": "North Korea",
        "row_global": 168,
        "col_global": 1233,
        "longitude": 128.375,
        "latitude": 41.625
      },
      "geometry": {
        "type": "Polygon",
        "coordinates": [
          [
            [
              128.25,
              41.5
            ],
            [
              128.5,
              41.5
            ],
            [
              128.5,
              41.75
            ],
            [
              128.25,
              41.75
            ],
            [
              128.25,
              41.5
            ]
          ]
        ]
      }
    },
    {
      "type": "Feature",
      "properties": {
        "cell_id": "r168c1234",
        "country": "North Korea",
        "row_global": 168,
        "col_global": 1234,
        "longitude": 128.625,
        "latitude": 41.625
      },
      "geometry": {
        "type": "Polygon",
        "coordinates": [
          [
            [
              128.5,
              41.5
            ],
            [
              128.75,
              41.5
            ],
            [
              128.75,
              41.75
            ],
            [
              128.5,
              41.75
            ],
            [
              128.5,
              41.5
            ]
          ]
        ]
      }
    },
    {
      "type": "Feature",
      "properties": {
        "cell_id": "r168c1235",
        "country": "North Korea",
        "row_global": 168,
        "col_global": 1235,
        "longitude": 128.875,
        "latitude": 41.625
      },
      "geometry": {
        "type": "Polygon",
        "coordinates": [
          [
            [
              128.75,
              41.5
            ],
            [
              129.0,
              41.5
            ],
            [
              129.0,
              41.75
            ],
            [
              128.75,
              41.75
            ],
            [
              128.75,
              41.5
            ]
          ]
        ]
      }
    },
    {
      "type": "Feature",
      "properties": {
        "cell_id": "r168c1236",
        "country": "North Korea",
        "row_global": 168,
        "col_global": 1236,
        "longitude": 129.125,
        "latitude": 41.625
      },
      "geometry": {
        "type": "Polygon",
        "coordinates": [
          [
            [
              129.0,
              41.5
            ],
            [
              129.25,
              41.5
            ],
            [
              129.25,
              41.75
            ],
            [
              129.0,
              41.75
            ],
            [
              129.0,
              41.5
            ]
          ]
        ]
      }
    },
    {
      "type": "Feature",
      "properties": {
        "cell_id": "r168c1237",
        "country": "North Korea",
        "row_global": 168,
        "col_global": 1237,
        "longitude": 129.375,
        "latitude": 41.625
      },
      "geometry": {
        "type": "Polygon",
        "coordinates": [
          [
            [
              129.25,
              41.5
            ],
            [
              129.5,
              41.5
            ],
            [
              129.5,
              41.75
            ],
            [
              129.25,
              41.75
            ],
            [
              129.25,
              41.5
            ]
          ]
        ]
      }
    },
    {
      "type": "Feature",
      "properties": {
        "cell_id": "r168c1238",
        "country": "North Korea",
        "row_global": 168,
        "col_global": 1238,
        "longitude": 129.625,
        "latitude": 41.625
      },
      "geometry": {
        "type": "Polygon",
        "coordinates": [
          [
            [
              129.5,
              41.5
            ],
            [
              129.75,
              41.5
            ],
            [
              129.75,
              41.75
            ],
            [
              129.5,
              41.75
            ],
            [
              129.5,
              41.5
            ]
          ]
        ]
      }
    },
    {
      "type": "Feature",
      "properties": {
        "cell_id": "r169c1226",
        "country": "North Korea",
        "row_global": 169,
        "col_global": 1226,
        "longitude": 126.625,
        "latitude": 41.375
      },
      "geometry": {
        "type": "Polygon",
        "coordinates": [
          [
            [
              126.5,
              41.25
            ],
            [
              126.75,
              41.25
            ],
            [
              126.75,
              41.5
            ],
            [
              126.5,
              41.5
            ],
            [
              126.5,
              41.25
            ]
          ]
        ]
      }
    },
    {
      "type": "Feature",
      "properties": {
        "cell_id": "r169c1227",
        "country": "North Korea",
        "row_global": 169,
        "col_global": 1227,
        "longitude": 126.875,
        "latitude": 41.375
      },
      "geometry": {
        "type": "Polygon",
        "coordinates": [
          [
            [
              126.75,
              41.25
            ],
            [
              127.0,
              41.25
            ],
            [
              127.0,
              41.5
            ],
            [
              126.75,
              41.5
            ],
            [
              126.75,
              41.25
            ]
          ]
        ]
      }
    },
    {
      "type": "Feature",
      "properties": {
        "cell_id": "r169c1228",
        "country": "North Korea",
        "row_global": 169,
        "col_global": 1228,
        "longitude": 127.125,
        "latitude": 41.375
      },
      "geometry": {
        "type": "Polygon",
        "coordinates": [
          [
            [
              127.0,
              41.25
            ],
            [
              127.25,
              41.25
            ],
            [
              127.25,
              41.5
            ],
            [
              127.0,
              41.5
            ],
            [
              127.0,
              41.25
            ]
          ]
        ]
      }
    },
    {
      "type": "Feature",
      "properties": {
        "cell_id": "r169c1229",
        "country": "North Korea",
        "row_global": 169,
        "col_global": 1229,
        "longitude": 127.375,
        "latitude": 41.375
      },
      "geometry": {
        "type": "Polygon",
        "coordinates": [
          [
            [
              127.25,
              41.25
            ],
            [
              127.5,
              41.25
            ],
            [
              127.5,
              41.5
            ],
            [
              127.25,
              41.5
            ],
            [
              127.25,
              41.25
            ]
          ]
        ]
      }
    },
    {
      "type": "Feature",
      "properties": {
        "cell_id": "r169c1230",
        "country": "North Korea",
        "row_global": 169,
        "col_global": 1230,
        "longitude": 127.625,
        "latitude": 41.375
      },
      "geometry": {
        "type": "Polygon",
        "coordinates": [
          [
            [
              127.5,
              41.25
            ],
            [
              127.75,
              41.25
            ],
            [
              127.75,
              41.5
            ],
            [
              127.5,
              41.5
            ],
            [
              127.5,
              41.25
            ]
          ]
        ]
      }
    },
    {
      "type": "Feature",
      "properties": {
        "cell_id": "r169c1231",
        "country": "North Korea",
        "row_global": 169,
        "col_global": 1231,
        "longitude": 127.875,
        "latitude": 41.375
      },
      "geometry": {
        "type": "Polygon",
        "coordinates": [
          [
            [
              127.75,
              41.25
            ],
            [
              128.0,
              41.25
            ],
            [
              128.0,
              41.5
            ],
            [
              127.75,
              41.5
            ],
            [
              127.75,
              41.25
            ]
          ]
        ]
      }
    },
    {
      "type": "Feature",
      "properties": {
        "cell_id": "r169c1232",
        "country": "North Korea",
        "row_global": 169,
        "col_global": 1232,
        "longitude": 128.125,
        "latitude": 41.375
      },
      "geometry": {
        "type": "Polygon",
        "coordinates": [
          [
            [
              128.0,
              41.25
            ],
            [
              128.25,
              41.25
            ],
            [
              128.25,
              41.5
            ],
            [
              128.0,
              41.5
            ],
            [
              128.0,
              41.25
            ]
          ]
        ]
      }
    },
    {
      "type": "Feature",
      "properties": {
        "cell_id": "r169c1233",
        "country": "North Korea",
        "row_global": 169,
        "col_global": 1233,
        "longitude": 128.375,
        "latitude": 41.375
      },
      "geometry": {
        "type": "Polygon",
        "coordinates": [
          [
            [
              128.25,
              41.25
            ],
            [
              128.5,
              41.25
            ],
            [
              128.5,
              41.5
            ],
            [
              128.25,
              41.5
            ],
            [
              128.25,
              41.25
            ]
          ]
        ]
      }
    },
    {
      "type": "Feature",
      "properties": {
        "cell_id": "r169c1234",
        "country": "North Korea",
        "row_global": 169,
        "col_global": 1234,
        "longitude": 128.625,
        "latitude": 41.375
      },
      "geometry": {
        "type": "Polygon",
        "coordinates": [
          [
            [
              128.5,
              41.25
            ],
            [
              128.75,
              41.25
            ],
            [
              128.75,
              41.5
            ],
            [
              128.5,
              41.5
            ],
            [
              128.5,
              41.25
            ]
          ]
        ]
      }
    },
    {
      "type": "Feature",
      "properties": {
        "cell_id": "r169c1235",
        "country": "North Korea",
        "row_global": 169,
        "col_global": 1235,
        "longitude": 128.875,
        "latitude": 41.375
      },
      "geometry": {
        "type": "Polygon",
        "coordinates": [
          [
            [
              128.75,
              41.25
            ],
            [
              129.0,
              41.25
            ],
            [
              129.0,
              41.5
            ],
            [
              128.75,
              41.5
            ],
            [
              128.75,
              41.25
            ]
          ]
        ]
      }
    },
    {
      "type": "Feature",
      "properties": {
        "cell_id": "r169c1236",
        "country": "North Korea",
        "row_global": 169,
        "col_global": 1236,
        "longitude": 129.125,
        "latitude": 41.375
      },
      "geometry": {
        "type": "Polygon",
        "coordinates": [
          [
            [
              129.0,
              41.25
            ],
            [
              129.25,
              41.25
            ],
            [
              129.25,
              41.5
            ],
            [
              129.0,
              41.5
            ],
            [
              129.0,
              41.25
            ]
          ]
        ]
      }
    },
    {
      "type": "Feature",
      "properties": {
        "cell_id": "r169c1237",
        "country": "North Korea",
        "row_global": 169,
        "col_global": 1237,
        "longitude": 129.375,
        "latitude": 41.375
      },
      "geometry": {
        "type": "Polygon",
        "coordinates": [
          [
            [
              129.25,
              41.25
            ],
            [
              129.5,
              41.25
            ],
            [
              129.5,
              41.5
            ],
            [
              129.25,
              41.5
            ],
            [
              129.25,
              41.25
            ]
          ]
        ]
      }
    },
    {
      "type": "Feature",
      "properties": {
        "cell_id": "r169c1238",
        "country": "North Korea",
        "row_global": 169,
        "col_global": 1238,
        "longitude": 129.625,
        "latitude": 41.375
      },
      "geometry": {
        "type": "Polygon",
        "coordinates": [
          [
            [
              129.5,
              41.25
            ],
            [
              129.75,
              41.25
            ],
            [
              129.75,
              41.5
            ],
            [
              129.5,
              41.5
            ],
            [
              129.5,
              41.25
            ]
          ]
        ]
      }
    },
    {
      "type": "Feature",
      "properties": {
        "cell_id": "r170c1225",
        "country": "North Korea",
        "row_global": 170,
        "col_global": 1225,
        "longitude": 126.375,
        "latitude": 41.125
      },
      "geometry": {
        "type": "Polygon",
        "coordinates": [
          [
            [
              126.25,
              41.0
            ],
            [
              126.5,
              41.0
            ],
            [
              126.5,
              41.25
            ],
            [
              126.25,
              41.25
            ],
            [
              126.25,
              41.0
            ]
          ]
        ]
      }
    },
    {
      "type": "Feature",
      "properties": {
        "cell_id": "r170c1226",
        "country": "North Korea",
        "row_global": 170,
        "col_global": 1226,
        "longitude": 126.625,
        "latitude": 41.125
      },
      "geometry": {
        "type": "Polygon",
        "coordinates": [
          [
            [
              126.5,
              41.0
            ],
            [
              126.75,
              41.0
            ],
            [
              126.75,
              41.25
            ],
            [
              126.5,
              41.25
            ],
            [
              126.5,
              41.0
            ]
          ]
        ]
      }
    },
    {
      "type": "Feature",
      "properties": {
        "cell_id": "r170c1227",
        "country": "North Korea",
        "row_global": 170,
        "col_global": 1227,
        "longitude": 126.875,
        "latitude": 41.125
      },
      "geometry": {
        "type": "Polygon",
        "coordinates": [
          [
            [
              126.75,
              41.0
            ],
            [
              127.0,
              41.0
            ],
            [
              127.0,
              41.25
            ],
            [
              126.75,
              41.25
            ],
            [
              126.75,
              41.0
            ]
          ]
        ]
      }
    },
    {
      "type": "Feature",
      "properties": {
        "cell_id": "r170c1228",
        "country": "North Korea",
        "row_global": 170,
        "col_global": 1228,
        "longitude": 127.125,
        "latitude": 41.125
      },
      "geometry": {
        "type": "Polygon",
        "coordinates": [
          [
            [
              127.0,
              41.0
            ],
            [
              127.25,
              41.0
            ],
            [
              127.25,
              41.25
            ],
            [
              127.0,
              41.25
            ],
            [
              127.0,
              41.0
            ]
          ]
        ]
      }
    },
    {
      "type": "Feature",
      "properties": {
        "cell_id": "r170c1229",
        "country": "North Korea",
        "row_global": 170,
        "col_global": 1229,
        "longitude": 127.375,
        "latitude": 41.125
      },
      "geometry": {
        "type": "Polygon",
        "coordinates": [
          [
            [
              127.25,
              41.0
            ],
            [
              127.5,
              41.0
            ],
            [
              127.5,
              41.25
            ],
            [
              127.25,
              41.25
            ],
            [
              127.25,
              41.0
            ]
          ]
        ]
      }
    },
    {
      "type": "Feature",
      "properties": {
        "cell_id": "r170c1230",
        "country": "North Korea",
        "row_global": 170,
        "col_global": 1230,
        "longitude": 127.625,
        "latitude": 41.125
      },
      "geometry": {
        "type": "Polygon",
        "coordinates": [
          [
            [
              127.5,
              41.0
            ],
            [
              127.75,
              41.0
            ],
            [
              127.75,
              41.25
            ],
            [
              127.5,
              41.25
            ],
            [
              127.5,
              41.0
            ]
          ]
        ]
      }
    },
    {
      "type": "Feature",
      "properties": {
        "cell_id": "r170c1231",
        "country": "North Korea",
        "row_global": 170,
        "col_global": 1231,
        "longitude": 127.875,
        "latitude": 41.125
      },
      "geometry": {
        "type": "Polygon",
        "coordinates": [
          [
            [
              127.75,
              41.0
            ],
            [
              128.0,
              41.0
            ],
            [
              128.0,
              41.25
            ],
            [
              127.75,
              41.25
            ],
            [
              127.75,
              41.0
            ]
          ]
        ]
      }
    },
    {
      "type": "Feature",
      "properties": {
        "cell_id": "r170c1232",
        "country": "North Korea",
        "row_global": 170,
        "col_global": 1232,
        "longitude": 128.125,
        "latitude": 41.125
      },
      "geometry": {
        "type": "Polygon",
        "coordinates": [
          [
            [
              128.0,
              41.0
            ],
            [
              128.25,
              41.0
            ],
            [
              128.25,
              41.25
            ],
            [
              128.0,
              41.25
            ],
            [
              128.0,
              41.0
            ]
          ]
        ]
      }
    },
    {
      "type": "Feature",
      "properties": {
        "cell_id": "r170c1233",
        "country": "North Korea",
        "row_global": 170,
        "col_global": 1233,
        "longitude": 128.375,
        "latitude": 41.125
      },
      "geometry": {
        "type": "Polygon",
        "coordinates": [
          [
            [
              128.25,
              41.0
            ],
            [
              128.5,
              41.0
            ],
            [
              128.5,
              41.25
            ],
            [
              128.25,
              41.25
            ],
            [
              128.25,
              41.0
            ]
          ]
        ]
      }
    },
    {
      "type": "Feature",
      "properties": {
        "cell_id": "r170c1234",
        "country": "North Korea",
        "row_global": 170,
        "col_global": 1234,
        "longitude": 128.625,
        "latitude": 41.125
      },
      "geometry": {
        "type": "Polygon",
        "coordinates": [
          [
            [
              128.5,
              41.0
            ],
            [
              128.75,
              41.0
            ],
            [
              128.75,
              41.25
            ],
            [
              128.5,
              41.25
            ],
            [
              128.5,
              41.0
            ]
          ]
        ]
      }
    },
    {
      "type": "Feature",
      "properties": {
        "cell_id": "r170c1235",
        "country": "North Korea",
        "row_global": 170,
        "col_global": 1235,
        "longitude": 128.875,
        "latitude": 41.125
      },
      "geometry": {
        "type": "Polygon",
        "coordinates": [
          [
            [
              128.75,
              41.0
            ],
            [
              129.0,
              41.0
            ],
            [
              129.0,
              41.25
            ],
            [
              128.75,
              41.25
            ],
            [
              128.75,
              41.0
            ]
          ]
        ]
      }
    },
    {
      "type": "Feature",
      "properties": {
        "cell_id": "r170c1236",
        "country": "North Korea",
        "row_global": 170,
        "col_global": 1236,
        "longitude": 129.125,
        "latitude": 41.125
      },
      "geometry": {
        "type": "Polygon",
        "coordinates": [
          [
            [
              129.0,
              41.0
            ],
            [
              129.25,
              41.0
            ],
            [
              129.25,
              41.25
            ],
            [
              129.0,
              41.25
            ],
            [
              129.0,
              41.0
            ]
          ]
        ]
      }
    },
    {
      "type": "Feature",
      "properties": {
        "cell_id": "r170c1237",
        "country": "North Korea",
        "row_global": 170,
        "col_global": 1237,
        "longitude": 129.375,
        "latitude": 41.125
      },
      "geometry": {
        "type": "Polygon",
        "coordinates": [
          [
            [
              129.25,
              41.0
            ],
            [
              129.5,
              41.0
            ],
            [
              129.5,
              41.25
            ],
            [
              129.25,
              41.25
            ],
            [
              129.25,
              41.0
            ]
          ]
        ]
      }
    },
    {
      "type": "Feature",
      "properties": {
        "cell_id": "r170c1238",
        "country": "North Korea",
        "row_global": 170,
        "col_global": 1238,
        "longitude": 129.625,
        "latitude": 41.125
      },
      "geometry": {
        "type": "Polygon",
        "coordinates": [
          [
            [
              129.5,
              41.0
            ],
            [
              129.75,
              41.0
            ],
            [
              129.75,
              41.25
            ],
            [
              129.5,
              41.25
            ],
            [
              129.5,
              41.0
            ]
          ]
        ]
      }
    },
    {
      "type": "Feature",
      "properties": {
        "cell_id": "r171c1223",
        "country": "North Korea",
        "row_global": 171,
        "col_global": 1223,
        "longitude": 125.875,
        "latitude": 40.875
      },
      "geometry": {
        "type": "Polygon",
        "coordinates": [
          [
            [
              125.75,
              40.75
            ],
            [
              126.0,
              40.75
            ],
            [
              126.0,
              41.0
            ],
            [
              125.75,
              41.0
            ],
            [
              125.75,
              40.75
            ]
          ]
        ]
      }
    },
    {
      "type": "Feature",
      "properties": {
        "cell_id": "r171c1224",
        "country": "North Korea",
        "row_global": 171,
        "col_global": 1224,
        "longitude": 126.125,
        "latitude": 40.875
      },
      "geometry": {
        "type": "Polygon",
        "coordinates": [
          [
            [
              126.0,
              40.75
            ],
            [
              126.25,
              40.75
            ],
            [
              126.25,
              41.0
            ],
            [
              126.0,
              41.0
            ],
            [
              126.0,
              40.75
            ]
          ]
        ]
      }
    },
    {
      "type": "Feature",
      "properties": {
        "cell_id": "r171c1225",
        "country": "North Korea",
        "row_global": 171,
        "col_global": 1225,
        "longitude": 126.375,
        "latitude": 40.875
      },
      "geometry": {
        "type": "Polygon",
        "coordinates": [
          [
            [
              126.25,
              40.75
            ],
            [
              126.5,
              40.75
            ],
            [
              126.5,
              41.0
            ],
            [
              126.25,
              41.0
            ],
            [
              126.25,
              40.75
            ]
          ]
        ]
      }
    },
    {
      "type": "Feature",
      "properties": {
        "cell_id": "r171c1226",
        "country": "North Korea",
        "row_global": 171,
        "col_global": 1226,
        "longitude": 126.625,
        "latitude": 40.875
      },
      "geometry": {
        "type": "Polygon",
        "coordinates": [
          [
            [
              126.5,
              40.75
            ],
            [
              126.75,
              40.75
            ],
            [
              126.75,
              41.0
            ],
            [
              126.5,
              41.0
            ],
            [
              126.5,
              40.75
            ]
          ]
        ]
      }
    },
    {
      "type": "Feature",
      "properties": {
        "cell_id": "r171c1227",
        "country": "North Korea",
        "row_global": 171,
        "col_global": 1227,
        "longitude": 126.875,
        "latitude": 40.875
      },
      "geometry": {
        "type": "Polygon",
        "coordinates": [
          [
            [
              126.75,
              40.75
            ],
            [
              127.0,
              40.75
            ],
            [
              127.0,
              41.0
            ],
            [
              126.75,
              41.0
            ],
            [
              126.75,
              40.75
            ]
          ]
        ]
      }
    },
    {
      "type": "Feature",
      "properties": {
        "cell_id": "r171c1228",
        "country": "North Korea",
        "row_global": 171,
        "col_global": 1228,
        "longitude": 127.125,
        "latitude": 40.875
      },
      "geometry": {
        "type": "Polygon",
        "coordinates": [
          [
            [
              127.0,
              40.75
            ],
            [
              127.25,
              40.75
            ],
            [
              127.25,
              41.0
            ],
            [
              127.0,
              41.0
            ],
            [
              127.0,
              40.75
            ]
          ]
        ]
      }
    },
    {
      "type": "Feature",
      "properties": {
        "cell_id": "r171c1229",
        "country": "North Korea",
        "row_global": 171,
        "col_global": 1229,
        "longitude": 127.375,
        "latitude": 40.875
      },
      "geometry": {
        "type": "Polygon",
        "coordinates": [
          [
            [
              127.25,
              40.75
            ],
            [
              127.5,
              40.75
            ],
            [
              127.5,
              41.0
            ],
            [
              127.25,
              41.0
            ],
            [
              127.25,
              40.75
            ]
          ]
        ]
      }
    },
    {
      "type": "Feature",
      "properties": {
        "cell_id": "r171c1230",
        "country": "North Korea",
        "row_global": 171,
        "col_global": 1230,
        "longitude": 127.625,
        "latitude": 40.875
      },
      "geometry": {
        "type": "Polygon",
        "coordinates": [
          [
            [
              127.5,
              40.75
            ],
            [
              127.75,
              40.75
            ],
            [
              127.75,
              41.0
            ],
            [
              127.5,
              41.0
            ],
            [
              127.5,
              40.75
            ]
          ]
        ]
      }
    },
    {
      "type": "Feature",
      "properties": {
        "cell_id": "r171c1231",
        "country": "North Korea",
        "row_global": 171,
        "col_global": 1231,
        "longitude": 127.875,
        "latitude": 40.875
      },
      "geometry": {
        "type": "Polygon",
        "coordinates": [
          [
            [
              127.75,
              40.75
            ],
            [
              128.0,
              40.75
            ],
            [
              128.0,
              41.0
            ],
            [
              127.75,
              41.0
            ],
            [
              127.75,
              40.75
            ]
          ]
        ]
      }
    },
    {
      "type": "Feature",
      "properties": {
        "cell_id": "r171c1232",
        "country": "North Korea",
        "row_global": 171,
        "col_global": 1232,
        "longitude": 128.125,
        "latitude": 40.875
      },
      "geometry": {
        "type": "Polygon",
        "coordinates": [
          [
            [
              128.0,
              40.75
            ],
            [
              128.25,
              40.75
            ],
            [
              128.25,
              41.0
            ],
            [
              128.0,
              41.0
            ],
            [
              128.0,
              40.75
            ]
          ]
        ]
      }
    },
    {
      "type": "Feature",
      "properties": {
        "cell_id": "r171c1233",
        "country": "North Korea",
        "row_global": 171,
        "col_global": 1233,
        "longitude": 128.375,
        "latitude": 40.875
      },
      "geometry": {
        "type": "Polygon",
        "coordinates": [
          [
            [
              128.25,
              40.75
            ],
            [
              128.5,
              40.75
            ],
            [
              128.5,
              41.0
            ],
            [
              128.25,
              41.0
            ],
            [
              128.25,
              40.75
            ]
          ]
        ]
      }
    },
    {
      "type": "Feature",
      "properties": {
        "cell_id": "r171c1234",
        "country": "North Korea",
        "row_global": 171,
        "col_global": 1234,
        "longitude": 128.625,
        "latitude": 40.875
      },
      "geometry": {
        "type": "Polygon",
        "coordinates": [
          [
            [
              128.5,
              40.75
            ],
            [
              128.75,
              40.75
            ],
            [
              128.75,
              41.0
            ],
            [
              128.5,
              41.0
            ],
            [
              128.5,
              40.75
            ]
          ]
        ]
      }
    },
    {
      "type": "Feature",
      "properties": {
        "cell_id": "r171c1235",
        "country": "North Korea",
        "row_global": 171,
        "col_global": 1235,
        "longitude": 128.875,
        "latitude": 40.875
      },
      "geometry": {
        "type": "Polygon",
        "coordinates": [
          [
            [
              128.75,
              40.75
            ],
            [
              129.0,
              40.75
            ],
            [
              129.0,
              41.0
            ],
            [
              128.75,
              41.0
            ],
            [
              128.75,
              40.75
            ]
          ]
        ]
      }
    },
    {
      "type": "Feature",
      "properties": {
        "cell_id": "r171c1236",
        "country": "North Korea",
        "row_global": 171,
        "col_global": 1236,
        "longitude": 129.125,
        "latitude": 40.875
      },
      "geometry": {
        "type": "Polygon",
        "coordinates": [
          [
            [
              129.0,
              40.75
            ],
            [
              129.25,
              40.75
            ],
            [
              129.25,
              41.0
            ],
            [
              129.0,
              41.0
            ],
            [
              129.0,
              40.75
            ]
          ]
        ]
      }
    },
    {
      "type": "Feature",
      "properties": {
        "cell_id": "r171c1237",
        "country": "North Korea",
        "row_global": 171,
        "col_global": 1237,
        "longitude": 129.375,
        "latitude": 40.875
      },
      "geometry": {
        "type": "Polygon",
        "coordinates": [
          [
            [
              129.25,
              40.75
            ],
            [
              129.5,
              40.75
            ],
            [
              129.5,
              41.0
            ],
            [
              129.25,
              41.0
            ],
            [
              129.25,
              40.75
            ]
          ]
        ]
      }
    },
    {
      "type": "Feature",
      "properties": {
        "cell_id": "r171c1238",
        "country": "North Korea",
        "row_global": 171,
        "col_global": 1238,
        "longitude": 129.625,
        "latitude": 40.875
      },
      "geometry": {
        "type": "Polygon",
        "coordinates": [
          [
            [
              129.5,
              40.75
            ],
            [
              129.75,
              40.75
            ],
            [
              129.75,
              41.0
            ],
            [
              129.5,
              41.0
            ],
            [
              129.5,
              40.75
            ]
          ]
        ]
      }
    },
    {
      "type": "Feature",
      "properties": {
        "cell_id": "r172c1221",
        "country": "North Korea",
        "row_global": 172,
        "col_global": 1221,
        "longitude": 125.375,
        "latitude": 40.625
      },
      "geometry": {
        "type": "Polygon",
        "coordinates": [
          [
            [
              125.25,
              40.5
            ],
            [
              125.5,
              40.5
            ],
            [
              125.5,
              40.75
            ],
            [
              125.25,
              40.75
            ],
            [
              125.25,
              40.5
            ]
          ]
        ]
      }
    },
    {
      "type": "Feature",
      "properties": {
        "cell_id": "r172c1222",
        "country": "North Korea",
        "row_global": 172,
        "col_global": 1222,
        "longitude": 125.625,
        "latitude": 40.625
      },
      "geometry": {
        "type": "Polygon",
        "coordinates": [
          [
            [
              125.5,
              40.5
            ],
            [
              125.75,
              40.5
            ],
            [
              125.75,
              40.75
            ],
            [
              125.5,
              40.75
            ],
            [
              125.5,
              40.5
            ]
          ]
        ]
      }
    },
    {
      "type": "Feature",
      "properties": {
        "cell_id": "r172c1223",
        "country": "North Korea",
        "row_global": 172,
        "col_global": 1223,
        "longitude": 125.875,
        "latitude": 40.625
      },
      "geometry": {
        "type": "Polygon",
        "coordinates": [
          [
            [
              125.75,
              40.5
            ],
            [
              126.0,
              40.5
            ],
            [
              126.0,
              40.75
            ],
            [
              125.75,
              40.75
            ],
            [
              125.75,
              40.5
            ]
          ]
        ]
      }
    },
    {
      "type": "Feature",
      "properties": {
        "cell_id": "r172c1224",
        "country": "North Korea",
        "row_global": 172,
        "col_global": 1224,
        "longitude": 126.125,
        "latitude": 40.625
      },
      "geometry": {
        "type": "Polygon",
        "coordinates": [
          [
            [
              126.0,
              40.5
            ],
            [
              126.25,
              40.5
            ],
            [
              126.25,
              40.75
            ],
            [
              126.0,
              40.75
            ],
            [
              126.0,
              40.5
            ]
          ]
        ]
      }
    },
    {
      "type": "Feature",
      "properties": {
        "cell_id": "r172c1225",
        "country": "North Korea",
        "row_global": 172,
        "col_global": 1225,
        "longitude": 126.375,
        "latitude": 40.625
      },
      "geometry": {
        "type": "Polygon",
        "coordinates": [
          [
            [
              126.25,
              40.5
            ],
            [
              126.5,
              40.5
            ],
            [
              126.5,
              40.75
            ],
            [
              126.25,
              40.75
            ],
            [
              126.25,
              40.5
            ]
          ]
        ]
      }
    },
    {
      "type": "Feature",
      "properties": {
        "cell_id": "r172c1226",
        "country": "North Korea",
        "row_global": 172,
        "col_global": 1226,
        "longitude": 126.625,
        "latitude": 40.625
      },
      "geometry": {
        "type": "Polygon",
        "coordinates": [
          [
            [
              126.5,
              40.5
            ],
            [
              126.75,
              40.5
            ],
            [
              126.75,
              40.75
            ],
            [
              126.5,
              40.75
            ],
            [
              126.5,
              40.5
            ]
          ]
        ]
      }
    },
    {
      "type": "Feature",
      "properties": {
        "cell_id": "r172c1227",
        "country": "North Korea",
        "row_global": 172,
        "col_global": 1227,
        "longitude": 126.875,
        "latitude": 40.625
      },
      "geometry": {
        "type": "Polygon",
        "coordinates": [
          [
            [
              126.75,
              40.5
            ],
            [
              127.0,
              40.5
            ],
            [
              127.0,
              40.75
            ],
            [
              126.75,
              40.75
            ],
            [
              126.75,
              40.5
            ]
          ]
        ]
      }
    },
    {
      "type": "Feature",
      "properties": {
        "cell_id": "r172c1228",
        "country": "North Korea",
        "row_global": 172,
        "col_global": 1228,
        "longitude": 127.125,
        "latitude": 40.625
      },
      "geometry": {
        "type": "Polygon",
        "coordinates": [
          [
            [
              127.0,
              40.5
            ],
            [
              127.25,
              40.5
            ],
            [
              127.25,
              40.75
            ],
            [
              127.0,
              40.75
            ],
            [
              127.0,
              40.5
            ]
          ]
        ]
      }
    },
    {
      "type": "Feature",
      "properties": {
        "cell_id": "r172c1229",
        "country": "North Korea",
        "row_global": 172,
        "col_global": 1229,
        "longitude": 127.375,
        "latitude": 40.625
      },
      "geometry": {
        "type": "Polygon",
        "coordinates": [
          [
            [
              127.25,
              40.5
            ],
            [
              127.5,
              40.5
            ],
            [
              127.5,
              40.75
            ],
            [
              127.25,
              40.75
            ],
            [
              127.25,
              40.5
            ]
          ]
        ]
      }
    },
    {
      "type": "Feature",
      "properties": {
        "cell_id": "r172c1230",
        "country": "North Korea",
        "row_global": 172,
        "col_global": 1230,
        "longitude": 127.625,
        "latitude": 40.625
      },
      "geometry": {
        "type": "Polygon",
        "coordinates": [
          [
            [
              127.5,
              40.5
            ],
            [
              127.75,
              40.5
            ],
            [
              127.75,
              40.75
            ],
            [
              127.5,
              40.75
            ],
            [
              127.5,
              40.5
            ]
          ]
        ]
      }
    },
    {
      "type": "Feature",
      "properties": {
        "cell_id": "r172c1231",
        "country": "North Korea",
        "row_global": 172,
        "col_global": 1231,
        "longitude": 127.875,
        "latitude": 40.625
      },
      "geometry": {
        "type": "Polygon",
        "coordinates": [
          [
            [
              127.75,
              40.5
            ],
            [
              128.0,
              40.5
            ],
            [
              128.0,
              40.75
            ],
            [
              127.75,
              40.75
            ],
            [
              127.75,
              40.5
            ]
          ]
        ]
      }
    },
    {
      "type": "Feature",
      "properties": {
        "cell_id": "r172c1232",
        "country": "North Korea",
        "row_global": 172,
        "col_global": 1232,
        "longitude": 128.125,
        "latitude": 40.625
      },
      "geometry": {
        "type": "Polygon",
        "coordinates": [
          [
            [
              128.0,
              40.5
            ],
            [
              128.25,
              40.5
            ],
            [
              128.25,
              40.75
            ],
            [
              128.0,
              40.75
            ],
            [
              128.0,
              40.5
            ]
          ]
        ]
      }
    },
    {
      "type": "Feature",
      "properties": {
        "cell_id": "r172c1233",
        "country": "North Korea",
        "row_global": 172,
        "col_global": 1233,
        "longitude": 128.375,
        "latitude": 40.625
      },
      "geometry": {
        "type": "Polygon",
        "coordinates": [
          [
            [
              128.25,
              40.5
            ],
            [
              128.5,
              40.5
            ],
            [
              128.5,
              40.75
            ],
            [
              128.25,
              40.75
            ],
            [
              128.25,
              40.5
            ]
          ]
        ]
      }
    },
    {
      "type": "Feature",
      "properties": {
        "cell_id": "r172c1234",
        "country": "North Korea",
        "row_global": 172,
        "col_global": 1234,
        "longitude": 128.625,
        "latitude": 40.625
      },
      "geometry": {
        "type": "Polygon",
        "coordinates": [
          [
            [
              128.5,
              40.5
            ],
            [
              128.75,
              40.5
            ],
            [
              128.75,
              40.75
            ],
            [
              128.5,
              40.75
            ],
            [
              128.5,
              40.5
            ]
          ]
        ]
      }
    },
    {
      "type": "Feature",
      "properties": {
        "cell_id": "r172c1235",
        "country": "North Korea",
        "row_global": 172,
        "col_global": 1235,
        "longitude": 128.875,
        "latitude": 40.625
      },
      "geometry": {
        "type": "Polygon",
        "coordinates": [
          [
            [
              128.75,
              40.5
            ],
            [
              129.0,
              40.5
            ],
            [
              129.0,
              40.75
            ],
            [
              128.75,
              40.75
            ],
            [
              128.75,
              40.5
            ]
          ]
        ]
      }
    },
    {
      "type": "Feature",
      "properties": {
        "cell_id": "r172c1236",
        "country": "North Korea",
        "row_global": 172,
        "col_global": 1236,
        "longitude": 129.125,
        "latitude": 40.625
      },
      "geometry": {
        "type": "Polygon",
        "coordinates": [
          [
            [
              129.0,
              40.5
            ],
            [
              129.25,
              40.5
            ],
            [
              129.25,
              40.75
            ],
            [
              129.0,
              40.75
            ],
            [
              129.0,
              40.5
            ]
          ]
        ]
      }
    },
    {
      "type": "Feature",
      "properties": {
        "cell_id": "r173c1219",
        "country": "North Korea",
        "row_global": 173,
        "col_global": 1219,
        "longitude": 124.875,
        "latitude": 40.375
      },
      "geometry": {
        "type": "Polygon",
        "coordinates": [
          [
            [
              124.75,
              40.25
            ],
            [
              125.0,
              40.25
            ],
            [
              125.0,
              40.5
            ],
            [
              124.75,
              40.5
            ],
            [
              124.75,
              40.25
            ]
          ]
        ]
      }
    },
    {
      "type": "Feature",
      "properties": {
        "cell_id": "r173c1220",
        "country": "North Korea",
        "row_global": 173,
        "col_global": 1220,
        "longitude": 125.125,
        "latitude": 40.375
      },
      "geometry": {
        "type": "Polygon",
        "coordinates": [
          [
            [
              125.0,
              40.25
            ],
            [
              125.25,
              40.25
            ],
            [
              125.25,
              40.5
            ],
            [
              125.0,
              40.5
            ],
            [
              125.0,
              40.25
            ]
          ]
        ]
      }
    },
    {
      "type": "Feature",
      "properties": {
        "cell_id": "r173c1221",
        "country": "North Korea",
        "row_global": 173,
        "col_global": 1221,
        "longitude": 125.375,
        "latitude": 40.375
      },
      "geometry": {
        "type": "Polygon",
        "coordinates": [
          [
            [
              125.25,
              40.25
            ],
            [
              125.5,
              40.25
            ],
            [
              125.5,
              40.5
            ],
            [
              125.25,
              40.5
            ],
            [
              125.25,
              40.25
            ]
          ]
        ]
      }
    },
    {
      "type": "Feature",
      "properties": {
        "cell_id": "r173c1222",
        "country": "North Korea",
        "row_global": 173,
        "col_global": 1222,
        "longitude": 125.625,
        "latitude": 40.375
      },
      "geometry": {
        "type": "Polygon",
        "coordinates": [
          [
            [
              125.5,
              40.25
            ],
            [
              125.75,
              40.25
            ],
            [
              125.75,
              40.5
            ],
            [
              125.5,
              40.5
            ],
            [
              125.5,
              40.25
            ]
          ]
        ]
      }
    },
    {
      "type": "Feature",
      "properties": {
        "cell_id": "r173c1223",
        "country": "North Korea",
        "row_global": 173,
        "col_global": 1223,
        "longitude": 125.875,
        "latitude": 40.375
      },
      "geometry": {
        "type": "Polygon",
        "coordinates": [
          [
            [
              125.75,
              40.25
            ],
            [
              126.0,
              40.25
            ],
            [
              126.0,
              40.5
            ],
            [
              125.75,
              40.5
            ],
            [
              125.75,
              40.25
            ]
          ]
        ]
      }
    },
    {
      "type": "Feature",
      "properties": {
        "cell_id": "r173c1224",
        "country": "North Korea",
        "row_global": 173,
        "col_global": 1224,
        "longitude": 126.125,
        "latitude": 40.375
      },
      "geometry": {
        "type": "Polygon",
        "coordinates": [
          [
            [
              126.0,
              40.25
            ],
            [
              126.25,
              40.25
            ],
            [
              126.25,
              40.5
            ],
            [
              126.0,
              40.5
            ],
            [
              126.0,
              40.25
            ]
          ]
        ]
      }
    },
    {
      "type": "Feature",
      "properties": {
        "cell_id": "r173c1225",
        "country": "North Korea",
        "row_global": 173,
        "col_global": 1225,
        "longitude": 126.375,
        "latitude": 40.375
      },
      "geometry": {
        "type": "Polygon",
        "coordinates": [
          [
            [
              126.25,
              40.25
            ],
            [
              126.5,
              40.25
            ],
            [
              126.5,
              40.5
            ],
            [
              126.25,
              40.5
            ],
            [
              126.25,
              40.25
            ]
          ]
        ]
      }
    },
    {
      "type": "Feature",
      "properties": {
        "cell_id": "r173c1226",
        "country": "North Korea",
        "row_global": 173,
        "col_global": 1226,
        "longitude": 126.625,
        "latitude": 40.375
      },
      "geometry": {
        "type": "Polygon",
        "coordinates": [
          [
            [
              126.5,
              40.25
            ],
            [
              126.75,
              40.25
            ],
            [
              126.75,
              40.5
            ],
            [
              126.5,
              40.5
            ],
            [
              126.5,
              40.25
            ]
          ]
        ]
      }
    },
    {
      "type": "Feature",
      "properties": {
        "cell_id": "r173c1227",
        "country": "North Korea",
        "row_global": 173,
        "col_global": 1227,
        "longitude": 126.875,
        "latitude": 40.375
      },
      "geometry": {
        "type": "Polygon",
        "coordinates": [
          [
            [
              126.75,
              40.25
            ],
            [
              127.0,
              40.25
            ],
            [
              127.0,
              40.5
            ],
            [
              126.75,
              40.5
            ],
            [
              126.75,
              40.25
            ]
          ]
        ]
      }
    },
    {
      "type": "Feature",
      "properties": {
        "cell_id": "r173c1228",
        "country": "North Korea",
        "row_global": 173,
        "col_global": 1228,
        "longitude": 127.125,
        "latitude": 40.375
      },
      "geometry": {
        "type": "Polygon",
        "coordinates": [
          [
            [
              127.0,
              40.25
            ],
            [
              127.25,
              40.25
            ],
            [
              127.25,
              40.5
            ],
            [
              127.0,
              40.5
            ],
            [
              127.0,
              40.25
            ]
          ]
        ]
      }
    },
    {
      "type": "Feature",
      "properties": {
        "cell_id": "r173c1229",
        "country": "North Korea",
        "row_global": 173,
        "col_global": 1229,
        "longitude": 127.375,
        "latitude": 40.375
      },
      "geometry": {
        "type": "Polygon",
        "coordinates": [
          [
            [
              127.25,
              40.25
            ],
            [
              127.5,
              40.25
            ],
            [
              127.5,
              40.5
            ],
            [
              127.25,
              40.5
            ],
            [
              127.25,
              40.25
            ]
          ]
        ]
      }
    },
    {
      "type": "Feature",
      "properties": {
        "cell_id": "r173c1230",
        "country": "North Korea",
        "row_global": 173,
        "col_global": 1230,
        "longitude": 127.625,
        "latitude": 40.375
      },
      "geometry": {
        "type": "Polygon",
        "coordinates": [
          [
            [
              127.5,
              40.25
            ],
            [
              127.75,
              40.25
            ],
            [
              127.75,
              40.5
            ],
            [
              127.5,
              40.5
            ],
            [
              127.5,
              40.25
            ]
          ]
        ]
      }
    },
    {
      "type": "Feature",
      "properties": {
        "cell_id": "r173c1231",
        "country": "North Korea",
        "row_global": 173,
        "col_global": 1231,
        "longitude": 127.875,
        "latitude": 40.375
      },
      "geometry": {
        "type": "Polygon",
        "coordinates": [
          [
            [
              127.75,
              40.25
            ],
            [
              128.0,
              40.25
            ],
            [
              128.0,
              40.5
            ],
            [
              127.75,
              40.5
            ],
            [
              127.75,
              40.25
            ]
          ]
        ]
      }
    },
    {
      "type": "Feature",
      "properties": {
        "cell_id": "r173c1232",
        "country": "North Korea",
        "row_global": 173,
        "col_global": 1232,
        "longitude": 128.125,
        "latitude": 40.375
      },
      "geometry": {
        "type": "Polygon",
        "coordinates": [
          [
            [
              128.0,
              40.25
            ],
            [
              128.25,
              40.25
            ],
            [
              128.25,
              40.5
            ],
            [
              128.0,
              40.5
            ],
            [
              128.0,
              40.25
            ]
          ]
        ]
      }
    },
    {
      "type": "Feature",
      "properties": {
        "cell_id": "r173c1233",
        "country": "North Korea",
        "row_global": 173,
        "col_global": 1233,
        "longitude": 128.375,
        "latitude": 40.375
      },
      "geometry": {
        "type": "Polygon",
        "coordinates": [
          [
            [
              128.25,
              40.25
            ],
            [
              128.5,
              40.25
            ],
            [
              128.5,
              40.5
            ],
            [
              128.25,
              40.5
            ],
            [
              128.25,
              40.25
            ]
          ]
        ]
      }
    },
    {
      "type": "Feature",
      "properties": {
        "cell_id": "r173c1234",
        "country": "North Korea",
        "row_global": 173,
        "col_global": 1234,
        "longitude": 128.625,
        "latitude": 40.375
      },
      "geometry": {
        "type": "Polygon",
        "coordinates": [
          [
            [
              128.5,
              40.25
            ],
            [
              128.75,
              40.25
            ],
            [
              128.75,
              40.5
            ],
            [
              128.5,
              40.5
            ],
            [
              128.5,
              40.25
            ]
          ]
        ]
      }
    },
    {
      "type": "Feature",
      "properties": {
        "cell_id": "r174c1218",
        "country": "North Korea",
        "row_global": 174,
        "col_global": 1218,
        "longitude": 124.625,
        "latitude": 40.125
      },
      "geometry": {
        "type": "Polygon",
        "coordinates": [
          [
            [
              124.5,
              40.0
            ],
            [
              124.75,
              40.0
            ],
            [
              124.75,
              40.25
            ],
            [
              124.5,
              40.25
            ],
            [
              124.5,
              40.0
            ]
          ]
        ]
      }
    },
    {
      "type": "Feature",
      "properties": {
        "cell_id": "r174c1219",
        "country": "North Korea",
        "row_global": 174,
        "col_global": 1219,
        "longitude": 124.875,
        "latitude": 40.125
      },
      "geometry": {
        "type": "Polygon",
        "coordinates": [
          [
            [
              124.75,
              40.0
            ],
            [
              125.0,
              40.0
            ],
            [
              125.0,
              40.25
            ],
            [
              124.75,
              40.25
            ],
            [
              124.75,
              40.0
            ]
          ]
        ]
      }
    },
    {
      "type": "Feature",
      "properties": {
        "cell_id": "r174c1220",
        "country": "North Korea",
        "row_global": 174,
        "col_global": 1220,
        "longitude": 125.125,
        "latitude": 40.125
      },
      "geometry": {
        "type": "Polygon",
        "coordinates": [
          [
            [
              125.0,
              40.0
            ],
            [
              125.25,
              40.0
            ],
            [
              125.25,
              40.25
            ],
            [
              125.0,
              40.25
            ],
            [
              125.0,
              40.0
            ]
          ]
        ]
      }
    },
    {
      "type": "Feature",
      "properties": {
        "cell_id": "r174c1221",
        "country": "North Korea",
        "row_global": 174,
        "col_global": 1221,
        "longitude": 125.375,
        "latitude": 40.125
      },
      "geometry": {
        "type": "Polygon",
        "coordinates": [
          [
            [
              125.25,
              40.0
            ],
            [
              125.5,
              40.0
            ],
            [
              125.5,
              40.25
            ],
            [
              125.25,
              40.25
            ],
            [
              125.25,
              40.0
            ]
          ]
        ]
      }
    },
    {
      "type": "Feature",
      "properties": {
        "cell_id": "r174c1222",
        "country": "North Korea",
        "row_global": 174,
        "col_global": 1222,
        "longitude": 125.625,
        "latitude": 40.125
      },
      "geometry": {
        "type": "Polygon",
        "coordinates": [
          [
            [
              125.5,
              40.0
            ],
            [
              125.75,
              40.0
            ],
            [
              125.75,
              40.25
            ],
            [
              125.5,
              40.25
            ],
            [
              125.5,
              40.0
            ]
          ]
        ]
      }
    },
    {
      "type": "Feature",
      "properties": {
        "cell_id": "r174c1223",
        "country": "North Korea",
        "row_global": 174,
        "col_global": 1223,
        "longitude": 125.875,
        "latitude": 40.125
      },
      "geometry": {
        "type": "Polygon",
        "coordinates": [
          [
            [
              125.75,
              40.0
            ],
            [
              126.0,
              40.0
            ],
            [
              126.0,
              40.25
            ],
            [
              125.75,
              40.25
            ],
            [
              125.75,
              40.0
            ]
          ]
        ]
      }
    },
    {
      "type": "Feature",
      "properties": {
        "cell_id": "r174c1224",
        "country": "North Korea",
        "row_global": 174,
        "col_global": 1224,
        "longitude": 126.125,
        "latitude": 40.125
      },
      "geometry": {
        "type": "Polygon",
        "coordinates": [
          [
            [
              126.0,
              40.0
            ],
            [
              126.25,
              40.0
            ],
            [
              126.25,
              40.25
            ],
            [
              126.0,
              40.25
            ],
            [
              126.0,
              40.0
            ]
          ]
        ]
      }
    },
    {
      "type": "Feature",
      "properties": {
        "cell_id": "r174c1225",
        "country": "North Korea",
        "row_global": 174,
        "col_global": 1225,
        "longitude": 126.375,
        "latitude": 40.125
      },
      "geometry": {
        "type": "Polygon",
        "coordinates": [
          [
            [
              126.25,
              40.0
            ],
            [
              126.5,
              40.0
            ],
            [
              126.5,
              40.25
            ],
            [
              126.25,
              40.25
            ],
            [
              126.25,
              40.0
            ]
          ]
        ]
      }
    },
    {
      "type": "Feature",
      "properties": {
        "cell_id": "r174c1226",
        "country": "North Korea",
        "row_global": 174,
        "col_global": 1226,
        "longitude": 126.625,
        "latitude": 40.125
      },
      "geometry": {
        "type": "Polygon",
        "coordinates": [
          [
            [
              126.5,
              40.0
            ],
            [
              126.75,
              40.0
            ],
            [
              126.75,
              40.25
            ],
            [
              126.5,
              40.25
            ],
            [
              126.5,
              40.0
            ]
          ]
        ]
      }
    },
    {
      "type": "Feature",
      "properties": {
        "cell_id": "r174c1227",
        "country": "North Korea",
        "row_global": 174,
        "col_global": 1227,
        "longitude": 126.875,
        "latitude": 40.125
      },
      "geometry": {
        "type": "Polygon",
        "coordinates": [
          [
            [
              126.75,
              40.0
            ],
            [
              127.0,
              40.0
            ],
            [
              127.0,
              40.25
            ],
            [
              126.75,
              40.25
            ],
            [
              126.75,
              40.0
            ]
          ]
        ]
      }
    },
    {
      "type": "Feature",
      "properties": {
        "cell_id": "r174c1228",
        "country": "North Korea",
        "row_global": 174,
        "col_global": 1228,
        "longitude": 127.125,
        "latitude": 40.125
      },
      "geometry": {
        "type": "Polygon",
        "coordinates": [
          [
            [
              127.0,
              40.0
            ],
            [
              127.25,
              40.0
            ],
            [
              127.25,
              40.25
            ],
            [
              127.0,
              40.25
            ],
            [
              127.0,
              40.0
            ]
          ]
        ]
      }
    },
    {
      "type": "Feature",
      "properties": {
        "cell_id": "r174c1229",
        "country": "North Korea",
        "row_global": 174,
        "col_global": 1229,
        "longitude": 127.375,
        "latitude": 40.125
      },
      "geometry": {
        "type": "Polygon",
        "coordinates": [
          [
            [
              127.25,
              40.0
            ],
            [
              127.5,
              40.0
            ],
            [
              127.5,
              40.25
            ],
            [
              127.25,
              40.25
            ],
            [
              127.25,
              40.0
            ]
          ]
        ]
      }
    },
    {
      "type": "Feature",
      "properties": {
        "cell_id": "r174c1230",
        "country": "North Korea",
        "row_global": 174,
        "col_global": 1230,
        "longitude": 127.625,
        "latitude": 40.125
      },
      "geometry": {
        "type": "Polygon",
        "coordinates": [
          [
            [
              127.5,
              40.0
            ],
            [
              127.75,
              40.0
            ],
            [
              127.75,
              40.25
            ],
            [
              127.5,
              40.25
            ],
            [
              127.5,
              40.0
            ]
          ]
        ]
      }
    },
    {
      "type": "Feature",
      "properties": {
        "cell_id": "r174c1231",
        "country": "North Korea",
        "row_global": 174,
        "col_global": 1231,
        "longitude": 127.875,
        "latitude": 40.125
      },
      "geometry": {
        "type": "Polygon",
        "coordinates": [
          [
            [
              127.75,
              40.0
            ],
            [
              128.0,
              40.0
            ],
            [
              128.0,
              40.25
            ],
            [
              127.75,
              40.25
            ],
            [
              127.75,
              40.0
            ]
          ]
        ]
      }
    },
    {
      "type": "Feature",
      "properties": {
        "cell_id": "r174c1232",
        "country": "North Korea",
        "row_global": 174,
        "col_global": 1232,
        "longitude": 128.125,
        "latitude": 40.125
      },
      "geometry": {
        "type": "Polygon",
        "coordinates": [
          [
            [
              128.0,
              40.0
            ],
            [
              128.25,
              40.0
            ],
            [
              128.25,
              40.25
            ],
            [
              128.0,
              40.25
            ],
            [
              128.0,
              40.0
            ]
          ]
        ]
      }
    },
    {
      "type": "Feature",
      "properties": {
        "cell_id": "r174c1233",
        "country": "North Korea",
        "row_global": 174,
        "col_global": 1233,
        "longitude": 128.375,
        "latitude": 40.125
      },
      "geometry": {
        "type": "Polygon",
        "coordinates": [
          [
            [
              128.25,
              40.0
            ],
            [
              128.5,
              40.0
            ],
            [
              128.5,
              40.25
            ],
            [
              128.25,
              40.25
            ],
            [
              128.25,
              40.0
            ]
          ]
        ]
      }
    },
    {
      "type": "Feature",
      "properties": {
        "cell_id": "r175c1217",
        "country": "North Korea",
        "row_global": 175,
        "col_global": 1217,
        "longitude": 124.375,
        "latitude": 39.875
      },
      "geometry": {
        "type": "Polygon",
        "coordinates": [
          [
            [
              124.25,
              39.75
            ],
            [
              124.5,
              39.75
            ],
            [
              124.5,
              40.0
            ],
            [
              124.25,
              40.0
            ],
            [
              124.25,
              39.75
            ]
          ]
        ]
      }
    },
    {
      "type": "Feature",
      "properties": {
        "cell_id": "r175c1218",
        "country": "North Korea",
        "row_global": 175,
        "col_global": 1218,
        "longitude": 124.625,
        "latitude": 39.875
      },
      "geometry": {
        "type": "Polygon",
        "coordinates": [
          [
            [
              124.5,
              39.75
            ],
            [
              124.75,
              39.75
            ],
            [
              124.75,
              40.0
            ],
            [
              124.5,
              40.0
            ],
            [
              124.5,
              39.75
            ]
          ]
        ]
      }
    },
    {
      "type": "Feature",
      "properties": {
        "cell_id": "r175c1219",
        "country": "North Korea",
        "row_global": 175,
        "col_global": 1219,
        "longitude": 124.875,
        "latitude": 39.875
      },
      "geometry": {
        "type": "Polygon",
        "coordinates": [
          [
            [
              124.75,
              39.75
            ],
            [
              125.0,
              39.75
            ],
            [
              125.0,
              40.0
            ],
            [
              124.75,
              40.0
            ],
            [
              124.75,
              39.75
            ]
          ]
        ]
      }
    },
    {
      "type": "Feature",
      "properties": {
        "cell_id": "r175c1220",
        "country": "North Korea",
        "row_global": 175,
        "col_global": 1220,
        "longitude": 125.125,
        "latitude": 39.875
      },
      "geometry": {
        "type": "Polygon",
        "coordinates": [
          [
            [
              125.0,
              39.75
            ],
            [
              125.25,
              39.75
            ],
            [
              125.25,
              40.0
            ],
            [
              125.0,
              40.0
            ],
            [
              125.0,
              39.75
            ]
          ]
        ]
      }
    },
    {
      "type": "Feature",
      "properties": {
        "cell_id": "r175c1221",
        "country": "North Korea",
        "row_global": 175,
        "col_global": 1221,
        "longitude": 125.375,
        "latitude": 39.875
      },
      "geometry": {
        "type": "Polygon",
        "coordinates": [
          [
            [
              125.25,
              39.75
            ],
            [
              125.5,
              39.75
            ],
            [
              125.5,
              40.0
            ],
            [
              125.25,
              40.0
            ],
            [
              125.25,
              39.75
            ]
          ]
        ]
      }
    },
    {
      "type": "Feature",
      "properties": {
        "cell_id": "r175c1222",
        "country": "North Korea",
        "row_global": 175,
        "col_global": 1222,
        "longitude": 125.625,
        "latitude": 39.875
      },
      "geometry": {
        "type": "Polygon",
        "coordinates": [
          [
            [
              125.5,
              39.75
            ],
            [
              125.75,
              39.75
            ],
            [
              125.75,
              40.0
            ],
            [
              125.5,
              40.0
            ],
            [
              125.5,
              39.75
            ]
          ]
        ]
      }
    },
    {
      "type": "Feature",
      "properties": {
        "cell_id": "r175c1223",
        "country": "North Korea",
        "row_global": 175,
        "col_global": 1223,
        "longitude": 125.875,
        "latitude": 39.875
      },
      "geometry": {
        "type": "Polygon",
        "coordinates": [
          [
            [
              125.75,
              39.75
            ],
            [
              126.0,
              39.75
            ],
            [
              126.0,
              40.0
            ],
            [
              125.75,
              40.0
            ],
            [
              125.75,
              39.75
            ]
          ]
        ]
      }
    },
    {
      "type": "Feature",
      "properties": {
        "cell_id": "r175c1224",
        "country": "North Korea",
        "row_global": 175,
        "col_global": 1224,
        "longitude": 126.125,
        "latitude": 39.875
      },
      "geometry": {
        "type": "Polygon",
        "coordinates": [
          [
            [
              126.0,
              39.75
            ],
            [
              126.25,
              39.75
            ],
            [
              126.25,
              40.0
            ],
            [
              126.0,
              40.0
            ],
            [
              126.0,
              39.75
            ]
          ]
        ]
      }
    },
    {
      "type": "Feature",
      "properties": {
        "cell_id": "r175c1225",
        "country": "North Korea",
        "row_global": 175,
        "col_global": 1225,
        "longitude": 126.375,
        "latitude": 39.875
      },
      "geometry": {
        "type": "Polygon",
        "coordinates": [
          [
            [
              126.25,
              39.75
            ],
            [
              126.5,
              39.75
            ],
            [
              126.5,
              40.0
            ],
            [
              126.25,
              40.0
            ],
            [
              126.25,
              39.75
            ]
          ]
        ]
      }
    },
    {
      "type": "Feature",
      "properties": {
        "cell_id": "r175c1226",
        "country": "North Korea",
        "row_global": 175,
        "col_global": 1226,
        "longitude": 126.625,
        "latitude": 39.875
      },
      "geometry": {
        "type": "Polygon",
        "coordinates": [
          [
            [
              126.5,
              39.75
            ],
            [
              126.75,
              39.75
            ],
            [
              126.75,
              40.0
            ],
            [
              126.5,
              40.0
            ],
            [
              126.5,
              39.75
            ]
          ]
        ]
      }
    },
    {
      "type": "Feature",
      "properties": {
        "cell_id": "r175c1227",
        "country": "North Korea",
        "row_global": 175,
        "col_global": 1227,
        "longitude": 126.875,
        "latitude": 39.875
      },
      "geometry": {
        "type": "Polygon",
        "coordinates": [
          [
            [
              126.75,
              39.75
            ],
            [
              127.0,
              39.75
            ],
            [
              127.0,
              40.0
            ],
            [
              126.75,
              40.0
            ],
            [
              126.75,
              39.75
            ]
          ]
        ]
      }
    },
    {
      "type": "Feature",
      "properties": {
        "cell_id": "r175c1228",
        "country": "North Korea",
        "row_global": 175,
        "col_global": 1228,
        "longitude": 127.125,
        "latitude": 39.875
      },
      "geometry": {
        "type": "Polygon",
        "coordinates": [
          [
            [
              127.0,
              39.75
            ],
            [
              127.25,
              39.75
            ],
            [
              127.25,
              40.0
            ],
            [
              127.0,
              40.0
            ],
            [
              127.0,
              39.75
            ]
          ]
        ]
      }
    },
    {
      "type": "Feature",
      "properties": {
        "cell_id": "r175c1229",
        "country": "North Korea",
        "row_global": 175,
        "col_global": 1229,
        "longitude": 127.375,
        "latitude": 39.875
      },
      "geometry": {
        "type": "Polygon",
        "coordinates": [
          [
            [
              127.25,
              39.75
            ],
            [
              127.5,
              39.75
            ],
            [
              127.5,
              40.0
            ],
            [
              127.25,
              40.0
            ],
            [
              127.25,
              39.75
            ]
          ]
        ]
      }
    },
    {
      "type": "Feature",
      "properties": {
        "cell_id": "r175c1230",
        "country": "North Korea",
        "row_global": 175,
        "col_global": 1230,
        "longitude": 127.625,
        "latitude": 39.875
      },
      "geometry": {
        "type": "Polygon",
        "coordinates": [
          [
            [
              127.5,
              39.75
            ],
            [
              127.75,
              39.75
            ],
            [
              127.75,
              40.0
            ],
            [
              127.5,
              40.0
            ],
            [
              127.5,
              39.75
            ]
          ]
        ]
      }
    },
    {
      "type": "Feature",
      "properties": {
        "cell_id": "r176c1218",
        "country": "North Korea",
        "row_global": 176,
        "col_global": 1218,
        "longitude": 124.625,
        "latitude": 39.625
      },
      "geometry": {
        "type": "Polygon",
        "coordinates": [
          [
            [
              124.5,
              39.5
            ],
            [
              124.75,
              39.5
            ],
            [
              124.75,
              39.75
            ],
            [
              124.5,
              39.75
            ],
            [
              124.5,
              39.5
            ]
          ]
        ]
      }
    },
    {
      "type": "Feature",
      "properties": {
        "cell_id": "r176c1220",
        "country": "North Korea",
        "row_global": 176,
        "col_global": 1220,
        "longitude": 125.125,
        "latitude": 39.625
      },
      "geometry": {
        "type": "Polygon",
        "coordinates": [
          [
            [
              125.0,
              39.5
            ],
            [
              125.25,
              39.5
            ],
            [
              125.25,
              39.75
            ],
            [
              125.0,
              39.75
            ],
            [
              125.0,
              39.5
            ]
          ]
        ]
      }
    },
    {
      "type": "Feature",
      "properties": {
        "cell_id": "r176c1221",
        "country": "North Korea",
        "row_global": 176,
        "col_global": 1221,
        "longitude": 125.375,
        "latitude": 39.625
      },
      "geometry": {
        "type": "Polygon",
        "coordinates": [
          [
            [
              125.25,
              39.5
            ],
            [
              125.5,
              39.5
            ],
            [
              125.5,
              39.75
            ],
            [
              125.25,
              39.75
            ],
            [
              125.25,
              39.5
            ]
          ]
        ]
      }
    },
    {
      "type": "Feature",
      "properties": {
        "cell_id": "r176c1222",
        "country": "North Korea",
        "row_global": 176,
        "col_global": 1222,
        "longitude": 125.625,
        "latitude": 39.625
      },
      "geometry": {
        "type": "Polygon",
        "coordinates": [
          [
            [
              125.5,
              39.5
            ],
            [
              125.75,
              39.5
            ],
            [
              125.75,
              39.75
            ],
            [
              125.5,
              39.75
            ],
            [
              125.5,
              39.5
            ]
          ]
        ]
      }
    },
    {
      "type": "Feature",
      "properties": {
        "cell_id": "r176c1223",
        "country": "North Korea",
        "row_global": 176,
        "col_global": 1223,
        "longitude": 125.875,
        "latitude": 39.625
      },
      "geometry": {
        "type": "Polygon",
        "coordinates": [
          [
            [
              125.75,
              39.5
            ],
            [
              126.0,
              39.5
            ],
            [
              126.0,
              39.75
            ],
            [
              125.75,
              39.75
            ],
            [
              125.75,
              39.5
            ]
          ]
        ]
      }
    },
    {
      "type": "Feature",
      "properties": {
        "cell_id": "r176c1224",
        "country": "North Korea",
        "row_global": 176,
        "col_global": 1224,
        "longitude": 126.125,
        "latitude": 39.625
      },
      "geometry": {
        "type": "Polygon",
        "coordinates": [
          [
            [
              126.0,
              39.5
            ],
            [
              126.25,
              39.5
            ],
            [
              126.25,
              39.75
            ],
            [
              126.0,
              39.75
            ],
            [
              126.0,
              39.5
            ]
          ]
        ]
      }
    },
    {
      "type": "Feature",
      "properties": {
        "cell_id": "r176c1225",
        "country": "North Korea",
        "row_global": 176,
        "col_global": 1225,
        "longitude": 126.375,
        "latitude": 39.625
      },
      "geometry": {
        "type": "Polygon",
        "coordinates": [
          [
            [
              126.25,
              39.5
            ],
            [
              126.5,
              39.5
            ],
            [
              126.5,
              39.75
            ],
            [
              126.25,
              39.75
            ],
            [
              126.25,
              39.5
            ]
          ]
        ]
      }
    },
    {
      "type": "Feature",
      "properties": {
        "cell_id": "r176c1226",
        "country": "North Korea",
        "row_global": 176,
        "col_global": 1226,
        "longitude": 126.625,
        "latitude": 39.625
      },
      "geometry": {
        "type": "Polygon",
        "coordinates": [
          [
            [
              126.5,
              39.5
            ],
            [
              126.75,
              39.5
            ],
            [
              126.75,
              39.75
            ],
            [
              126.5,
              39.75
            ],
            [
              126.5,
              39.5
            ]
          ]
        ]
      }
    },
    {
      "type": "Feature",
      "properties": {
        "cell_id": "r176c1227",
        "country": "North Korea",
        "row_global": 176,
        "col_global": 1227,
        "longitude": 126.875,
        "latitude": 39.625
      },
      "geometry": {
        "type": "Polygon",
        "coordinates": [
          [
            [
              126.75,
              39.5
            ],
            [
              127.0,
              39.5
            ],
            [
              127.0,
              39.75
            ],
            [
              126.75,
              39.75
            ],
            [
              126.75,
              39.5
            ]
          ]
        ]
      }
    },
    {
      "type": "Feature",
      "properties": {
        "cell_id": "r176c1228",
        "country": "North Korea",
        "row_global": 176,
        "col_global": 1228,
        "longitude": 127.125,
        "latitude": 39.625
      },
      "geometry": {
        "type": "Polygon",
        "coordinates": [
          [
            [
              127.0,
              39.5
            ],
            [
              127.25,
              39.5
            ],
            [
              127.25,
              39.75
            ],
            [
              127.0,
              39.75
            ],
            [
              127.0,
              39.5
            ]
          ]
        ]
      }
    },
    {
      "type": "Feature",
      "properties": {
        "cell_id": "r176c1229",
        "country": "North Korea",
        "row_global": 176,
        "col_global": 1229,
        "longitude": 127.375,
        "latitude": 39.625
      },
      "geometry": {
        "type": "Polygon",
        "coordinates": [
          [
            [
              127.25,
              39.5
            ],
            [
              127.5,
              39.5
            ],
            [
              127.5,
              39.75
            ],
            [
              127.25,
              39.75
            ],
            [
              127.25,
              39.5
            ]
          ]
        ]
      }
    },
    {
      "type": "Feature",
      "properties": {
        "cell_id": "r177c1222",
        "country": "North Korea",
        "row_global": 177,
        "col_global": 1222,
        "longitude": 125.625,
        "latitude": 39.375
      },
      "geometry": {
        "type": "Polygon",
        "coordinates": [
          [
            [
              125.5,
              39.25
            ],
            [
              125.75,
              39.25
            ],
            [
              125.75,
              39.5
            ],
            [
              125.5,
              39.5
            ],
            [
              125.5,
              39.25
            ]
          ]
        ]
      }
    },
    {
      "type": "Feature",
      "properties": {
        "cell_id": "r177c1223",
        "country": "North Korea",
        "row_global": 177,
        "col_global": 1223,
        "longitude": 125.875,
        "latitude": 39.375
      },
      "geometry": {
        "type": "Polygon",
        "coordinates": [
          [
            [
              125.75,
              39.25
            ],
            [
              126.0,
              39.25
            ],
            [
              126.0,
              39.5
            ],
            [
              125.75,
              39.5
            ],
            [
              125.75,
              39.25
            ]
          ]
        ]
      }
    },
    {
      "type": "Feature",
      "properties": {
        "cell_id": "r177c1224",
        "country": "North Korea",
        "row_global": 177,
        "col_global": 1224,
        "longitude": 126.125,
        "latitude": 39.375
      },
      "geometry": {
        "type": "Polygon",
        "coordinates": [
          [
            [
              126.0,
              39.25
            ],
            [
              126.25,
              39.25
            ],
            [
              126.25,
              39.5
            ],
            [
              126.0,
              39.5
            ],
            [
              126.0,
              39.25
            ]
          ]
        ]
      }
    },
    {
      "type": "Feature",
      "properties": {
        "cell_id": "r177c1225",
        "country": "North Korea",
        "row_global": 177,
        "col_global": 1225,
        "longitude": 126.375,
        "latitude": 39.375
      },
      "geometry": {
        "type": "Polygon",
        "coordinates": [
          [
            [
              126.25,
              39.25
            ],
            [
              126.5,
              39.25
            ],
            [
              126.5,
              39.5
            ],
            [
              126.25,
              39.5
            ],
            [
              126.25,
              39.25
            ]
          ]
        ]
      }
    },
    {
      "type": "Feature",
      "properties": {
        "cell_id": "r177c1226",
        "country": "North Korea",
        "row_global": 177,
        "col_global": 1226,
        "longitude": 126.625,
        "latitude": 39.375
      },
      "geometry": {
        "type": "Polygon",
        "coordinates": [
          [
            [
              126.5,
              39.25
            ],
            [
              126.75,
              39.25
            ],
            [
              126.75,
              39.5
            ],
            [
              126.5,
              39.5
            ],
            [
              126.5,
              39.25
            ]
          ]
        ]
      }
    },
    {
      "type": "Feature",
      "properties": {
        "cell_id": "r177c1227",
        "country": "North Korea",
        "row_global": 177,
        "col_global": 1227,
        "longitude": 126.875,
        "latitude": 39.375
      },
      "geometry": {
        "type": "Polygon",
        "coordinates": [
          [
            [
              126.75,
              39.25
            ],
            [
              127.0,
              39.25
            ],
            [
              127.0,
              39.5
            ],
            [
              126.75,
              39.5
            ],
            [
              126.75,
              39.25
            ]
          ]
        ]
      }
    },
    {
      "type": "Feature",
      "properties": {
        "cell_id": "r177c1228",
        "country": "North Korea",
        "row_global": 177,
        "col_global": 1228,
        "longitude": 127.125,
        "latitude": 39.375
      },
      "geometry": {
        "type": "Polygon",
        "coordinates": [
          [
            [
              127.0,
              39.25
            ],
            [
              127.25,
              39.25
            ],
            [
              127.25,
              39.5
            ],
            [
              127.0,
              39.5
            ],
            [
              127.0,
              39.25
            ]
          ]
        ]
      }
    },
    {
      "type": "Feature",
      "properties": {
        "cell_id": "r177c1229",
        "country": "North Korea",
        "row_global": 177,
        "col_global": 1229,
        "longitude": 127.375,
        "latitude": 39.375
      },
      "geometry": {
        "type": "Polygon",
        "coordinates": [
          [
            [
              127.25,
              39.25
            ],
            [
              127.5,
              39.25
            ],
            [
              127.5,
              39.5
            ],
            [
              127.25,
              39.5
            ],
            [
              127.25,
              39.25
            ]
          ]
        ]
      }
    },
    {
      "type": "Feature",
      "properties": {
        "cell_id": "r178c1221",
        "country": "North Korea",
        "row_global": 178,
        "col_global": 1221,
        "longitude": 125.375,
        "latitude": 39.125
      },
      "geometry": {
        "type": "Polygon",
        "coordinates": [
          [
            [
              125.25,
              39.0
            ],
            [
              125.5,
              39.0
            ],
            [
              125.5,
              39.25
            ],
            [
              125.25,
              39.25
            ],
            [
              125.25,
              39.0
            ]
          ]
        ]
      }
    },
    {
      "type": "Feature",
      "properties": {
        "cell_id": "r178c1222",
        "country": "North Korea",
        "row_global": 178,
        "col_global": 1222,
        "longitude": 125.625,
        "latitude": 39.125
      },
      "geometry": {
        "type": "Polygon",
        "coordinates": [
          [
            [
              125.5,
              39.0
            ],
            [
              125.75,
              39.0
            ],
            [
              125.75,
              39.25
            ],
            [
              125.5,
              39.25
            ],
            [
              125.5,
              39.0
            ]
          ]
        ]
      }
    },
    {
      "type": "Feature",
      "properties": {
        "cell_id": "r178c1223",
        "country": "North Korea",
        "row_global": 178,
        "col_global": 1223,
        "longitude": 125.875,
        "latitude": 39.125
      },
      "geometry": {
        "type": "Polygon",
        "coordinates": [
          [
            [
              125.75,
              39.0
            ],
            [
              126.0,
              39.0
            ],
            [
              126.0,
              39.25
            ],
            [
              125.75,
              39.25
            ],
            [
              125.75,
              39.0
            ]
          ]
        ]
      }
    },
    {
      "type": "Feature",
      "properties": {
        "cell_id": "r178c1224",
        "country": "North Korea",
        "row_global": 178,
        "col_global": 1224,
        "longitude": 126.125,
        "latitude": 39.125
      },
      "geometry": {
        "type": "Polygon",
        "coordinates": [
          [
            [
              126.0,
              39.0
            ],
            [
              126.25,
              39.0
            ],
            [
              126.25,
              39.25
            ],
            [
              126.0,
              39.25
            ],
            [
              126.0,
              39.0
            ]
          ]
        ]
      }
    },
    {
      "type": "Feature",
      "properties": {
        "cell_id": "r178c1225",
        "country": "North Korea",
        "row_global": 178,
        "col_global": 1225,
        "longitude": 126.375,
        "latitude": 39.125
      },
      "geometry": {
        "type": "Polygon",
        "coordinates": [
          [
            [
              126.25,
              39.0
            ],
            [
              126.5,
              39.0
            ],
            [
              126.5,
              39.25
            ],
            [
              126.25,
              39.25
            ],
            [
              126.25,
              39.0
            ]
          ]
        ]
      }
    },
    {
      "type": "Feature",
      "properties": {
        "cell_id": "r178c1226",
        "country": "North Korea",
        "row_global": 178,
        "col_global": 1226,
        "longitude": 126.625,
        "latitude": 39.125
      },
      "geometry": {
        "type": "Polygon",
        "coordinates": [
          [
            [
              126.5,
              39.0
            ],
            [
              126.75,
              39.0
            ],
            [
              126.75,
              39.25
            ],
            [
              126.5,
              39.25
            ],
            [
              126.5,
              39.0
            ]
          ]
        ]
      }
    },
    {
      "type": "Feature",
      "properties": {
        "cell_id": "r178c1227",
        "country": "North Korea",
        "row_global": 178,
        "col_global": 1227,
        "longitude": 126.875,
        "latitude": 39.125
      },
      "geometry": {
        "type": "Polygon",
        "coordinates": [
          [
            [
              126.75,
              39.0
            ],
            [
              127.0,
              39.0
            ],
            [
              127.0,
              39.25
            ],
            [
              126.75,
              39.25
            ],
            [
              126.75,
              39.0
            ]
          ]
        ]
      }
    },
    {
      "type": "Feature",
      "properties": {
        "cell_id": "r178c1228",
        "country": "North Korea",
        "row_global": 178,
        "col_global": 1228,
        "longitude": 127.125,
        "latitude": 39.125
      },
      "geometry": {
        "type": "Polygon",
        "coordinates": [
          [
            [
              127.0,
              39.0
            ],
            [
              127.25,
              39.0
            ],
            [
              127.25,
              39.25
            ],
            [
              127.0,
              39.25
            ],
            [
              127.0,
              39.0
            ]
          ]
        ]
      }
    },
    {
      "type": "Feature",
      "properties": {
        "cell_id": "r178c1229",
        "country": "North Korea",
        "row_global": 178,
        "col_global": 1229,
        "longitude": 127.375,
        "latitude": 39.125
      },
      "geometry": {
        "type": "Polygon",
        "coordinates": [
          [
            [
              127.25,
              39.0
            ],
            [
              127.5,
              39.0
            ],
            [
              127.5,
              39.25
            ],
            [
              127.25,
              39.25
            ],
            [
              127.25,
              39.0
            ]
          ]
        ]
      }
    },
    {
      "type": "Feature",
      "properties": {
        "cell_id": "r178c1230",
        "country": "North Korea",
        "row_global": 178,
        "col_global": 1230,
        "longitude": 127.625,
        "latitude": 39.125
      },
      "geometry": {
        "type": "Polygon",
        "coordinates": [
          [
            [
              127.5,
              39.0
            ],
            [
              127.75,
              39.0
            ],
            [
              127.75,
              39.25
            ],
            [
              127.5,
              39.25
            ],
            [
              127.5,
              39.0
            ]
          ]
        ]
      }
    },
    {
      "type": "Feature",
      "properties": {
        "cell_id": "r179c1221",
        "country": "North Korea",
        "row_global": 179,
        "col_global": 1221,
        "longitude": 125.375,
        "latitude": 38.875
      },
      "geometry": {
        "type": "Polygon",
        "coordinates": [
          [
            [
              125.25,
              38.75
            ],
            [
              125.5,
              38.75
            ],
            [
              125.5,
              39.0
            ],
            [
              125.25,
              39.0
            ],
            [
              125.25,
              38.75
            ]
          ]
        ]
      }
    },
    {
      "type": "Feature",
      "properties": {
        "cell_id": "r179c1222",
        "country": "North Korea",
        "row_global": 179,
        "col_global": 1222,
        "longitude": 125.625,
        "latitude": 38.875
      },
      "geometry": {
        "type": "Polygon",
        "coordinates": [
          [
            [
              125.5,
              38.75
            ],
            [
              125.75,
              38.75
            ],
            [
              125.75,
              39.0
            ],
            [
              125.5,
              39.0
            ],
            [
              125.5,
              38.75
            ]
          ]
        ]
      }
    },
    {
      "type": "Feature",
      "properties": {
        "cell_id": "r179c1223",
        "country": "North Korea",
        "row_global": 179,
        "col_global": 1223,
        "longitude": 125.875,
        "latitude": 38.875
      },
      "geometry": {
        "type": "Polygon",
        "coordinates": [
          [
            [
              125.75,
              38.75
            ],
            [
              126.0,
              38.75
            ],
            [
              126.0,
              39.0
            ],
            [
              125.75,
              39.0
            ],
            [
              125.75,
              38.75
            ]
          ]
        ]
      }
    },
    {
      "type": "Feature",
      "properties": {
        "cell_id": "r179c1224",
        "country": "North Korea",
        "row_global": 179,
        "col_global": 1224,
        "longitude": 126.125,
        "latitude": 38.875
      },
      "geometry": {
        "type": "Polygon",
        "coordinates": [
          [
            [
              126.0,
              38.75
            ],
            [
              126.25,
              38.75
            ],
            [
              126.25,
              39.0
            ],
            [
              126.0,
              39.0
            ],
            [
              126.0,
              38.75
            ]
          ]
        ]
      }
    },
    {
      "type": "Feature",
      "properties": {
        "cell_id": "r179c1225",
        "country": "North Korea",
        "row_global": 179,
        "col_global": 1225,
        "longitude": 126.375,
        "latitude": 38.875
      },
      "geometry": {
        "type": "Polygon",
        "coordinates": [
          [
            [
              126.25,
              38.75
            ],
            [
              126.5,
              38.75
            ],
            [
              126.5,
              39.0
            ],
            [
              126.25,
              39.0
            ],
            [
              126.25,
              38.75
            ]
          ]
        ]
      }
    },
    {
      "type": "Feature",
      "properties": {
        "cell_id": "r179c1226",
        "country": "North Korea",
        "row_global": 179,
        "col_global": 1226,
        "longitude": 126.625,
        "latitude": 38.875
      },
      "geometry": {
        "type": "Polygon",
        "coordinates": [
          [
            [
              126.5,
              38.75
            ],
            [
              126.75,
              38.75
            ],
            [
              126.75,
              39.0
            ],
            [
              126.5,
              39.0
            ],
            [
              126.5,
              38.75
            ]
          ]
        ]
      }
    },
    {
      "type": "Feature",
      "properties": {
        "cell_id": "r179c1227",
        "country": "North Korea",
        "row_global": 179,
        "col_global": 1227,
        "longitude": 126.875,
        "latitude": 38.875
      },
      "geometry": {
        "type": "Polygon",
        "coordinates": [
          [
            [
              126.75,
              38.75
            ],
            [
              127.0,
              38.75
            ],
            [
              127.0,
              39.0
            ],
            [
              126.75,
              39.0
            ],
            [
              126.75,
              38.75
            ]
          ]
        ]
      }
    },
    {
      "type": "Feature",
      "properties": {
        "cell_id": "r179c1228",
        "country": "North Korea",
        "row_global": 179,
        "col_global": 1228,
        "longitude": 127.125,
        "latitude": 38.875
      },
      "geometry": {
        "type": "Polygon",
        "coordinates": [
          [
            [
              127.0,
              38.75
            ],
            [
              127.25,
              38.75
            ],
            [
              127.25,
              39.0
            ],
            [
              127.0,
              39.0
            ],
            [
              127.0,
              38.75
            ]
          ]
        ]
      }
    },
    {
      "type": "Feature",
      "properties": {
        "cell_id": "r179c1229",
        "country": "North Korea",
        "row_global": 179,
        "col_global": 1229,
        "longitude": 127.375,
        "latitude": 38.875
      },
      "geometry": {
        "type": "Polygon",
        "coordinates": [
          [
            [
              127.25,
              38.75
            ],
            [
              127.5,
              38.75
            ],
            [
              127.5,
              39.0
            ],
            [
              127.25,
              39.0
            ],
            [
              127.25,
              38.75
            ]
          ]
        ]
      }
    },
    {
      "type": "Feature",
      "properties": {
        "cell_id": "r179c1230",
        "country": "North Korea",
        "row_global": 179,
        "col_global": 1230,
        "longitude": 127.625,
        "latitude": 38.875
      },
      "geometry": {
        "type": "Polygon",
        "coordinates": [
          [
            [
              127.5,
              38.75
            ],
            [
              127.75,
              38.75
            ],
            [
              127.75,
              39.0
            ],
            [
              127.5,
              39.0
            ],
            [
              127.5,
              38.75
            ]
          ]
        ]
      }
    },
    {
      "type": "Feature",
      "properties": {
        "cell_id": "r179c1231",
        "country": "North Korea",
        "row_global": 179,
        "col_global": 1231,
        "longitude": 127.875,
        "latitude": 38.875
      },
      "geometry": {
        "type": "Polygon",
        "coordinates": [
          [
            [
              127.75,
              38.75
            ],
            [
              128.0,
              38.75
            ],
            [
              128.0,
              39.0
            ],
            [
              127.75,
              39.0
            ],
            [
              127.75,
              38.75
            ]
          ]
        ]
      }
    },
    {
      "type": "Feature",
      "properties": {
        "cell_id": "r180c1221",
        "country": "North Korea",
        "row_global": 180,
        "col_global": 1221,
        "longitude": 125.375,
        "latitude": 38.625
      },
      "geometry": {
        "type": "Polygon",
        "coordinates": [
          [
            [
              125.25,
              38.5
            ],
            [
              125.5,
              38.5
            ],
            [
              125.5,
              38.75
            ],
            [
              125.25,
              38.75
            ],
            [
              125.25,
              38.5
            ]
          ]
        ]
      }
    },
    {
      "type": "Feature",
      "properties": {
        "cell_id": "r180c1222",
        "country": "North Korea",
        "row_global": 180,
        "col_global": 1222,
        "longitude": 125.625,
        "latitude": 38.625
      },
      "geometry": {
        "type": "Polygon",
        "coordinates": [
          [
            [
              125.5,
              38.5
            ],
            [
              125.75,
              38.5
            ],
            [
              125.75,
              38.75
            ],
            [
              125.5,
              38.75
            ],
            [
              125.5,
              38.5
            ]
          ]
        ]
      }
    },
    {
      "type": "Feature",
      "properties": {
        "cell_id": "r180c1223",
        "country": "North Korea",
        "row_global": 180,
        "col_global": 1223,
        "longitude": 125.875,
        "latitude": 38.625
      },
      "geometry": {
        "type": "Polygon",
        "coordinates": [
          [
            [
              125.75,
              38.5
            ],
            [
              126.0,
              38.5
            ],
            [
              126.0,
              38.75
            ],
            [
              125.75,
              38.75
            ],
            [
              125.75,
              38.5
            ]
          ]
        ]
      }
    },
    {
      "type": "Feature",
      "properties": {
        "cell_id": "r180c1224",
        "country": "North Korea",
        "row_global": 180,
        "col_global": 1224,
        "longitude": 126.125,
        "latitude": 38.625
      },
      "geometry": {
        "type": "Polygon",
        "coordinates": [
          [
            [
              126.0,
              38.5
            ],
            [
              126.25,
              38.5
            ],
            [
              126.25,
              38.75
            ],
            [
              126.0,
              38.75
            ],
            [
              126.0,
              38.5
            ]
          ]
        ]
      }
    },
    {
      "type": "Feature",
      "properties": {
        "cell_id": "r180c1225",
        "country": "North Korea",
        "row_global": 180,
        "col_global": 1225,
        "longitude": 126.375,
        "latitude": 38.625
      },
      "geometry": {
        "type": "Polygon",
        "coordinates": [
          [
            [
              126.25,
              38.5
            ],
            [
              126.5,
              38.5
            ],
            [
              126.5,
              38.75
            ],
            [
              126.25,
              38.75
            ],
            [
              126.25,
              38.5
            ]
          ]
        ]
      }
    },
    {
      "type": "Feature",
      "properties": {
        "cell_id": "r180c1226",
        "country": "North Korea",
        "row_global": 180,
        "col_global": 1226,
        "longitude": 126.625,
        "latitude": 38.625
      },
      "geometry": {
        "type": "Polygon",
        "coordinates": [
          [
            [
              126.5,
              38.5
            ],
            [
              126.75,
              38.5
            ],
            [
              126.75,
              38.75
            ],
            [
              126.5,
              38.75
            ],
            [
              126.5,
              38.5
            ]
          ]
        ]
      }
    },
    {
      "type": "Feature",
      "properties": {
        "cell_id": "r180c1227",
        "country": "North Korea",
        "row_global": 180,
        "col_global": 1227,
        "longitude": 126.875,
        "latitude": 38.625
      },
      "geometry": {
        "type": "Polygon",
        "coordinates": [
          [
            [
              126.75,
              38.5
            ],
            [
              127.0,
              38.5
            ],
            [
              127.0,
              38.75
            ],
            [
              126.75,
              38.75
            ],
            [
              126.75,
              38.5
            ]
          ]
        ]
      }
    },
    {
      "type": "Feature",
      "properties": {
        "cell_id": "r180c1228",
        "country": "North Korea",
        "row_global": 180,
        "col_global": 1228,
        "longitude": 127.125,
        "latitude": 38.625
      },
      "geometry": {
        "type": "Polygon",
        "coordinates": [
          [
            [
              127.0,
              38.5
            ],
            [
              127.25,
              38.5
            ],
            [
              127.25,
              38.75
            ],
            [
              127.0,
              38.75
            ],
            [
              127.0,
              38.5
            ]
          ]
        ]
      }
    },
    {
      "type": "Feature",
      "properties": {
        "cell_id": "r180c1229",
        "country": "North Korea",
        "row_global": 180,
        "col_global": 1229,
        "longitude": 127.375,
        "latitude": 38.625
      },
      "geometry": {
        "type": "Polygon",
        "coordinates": [
          [
            [
              127.25,
              38.5
            ],
            [
              127.5,
              38.5
            ],
            [
              127.5,
              38.75
            ],
            [
              127.25,
              38.75
            ],
            [
              127.25,
              38.5
            ]
          ]
        ]
      }
    },
    {
      "type": "Feature",
      "properties": {
        "cell_id": "r180c1230",
        "country": "North Korea",
        "row_global": 180,
        "col_global": 1230,
        "longitude": 127.625,
        "latitude": 38.625
      },
      "geometry": {
        "type": "Polygon",
        "coordinates": [
          [
            [
              127.5,
              38.5
            ],
            [
              127.75,
              38.5
            ],
            [
              127.75,
              38.75
            ],
            [
              127.5,
              38.75
            ],
            [
              127.5,
              38.5
            ]
          ]
        ]
      }
    },
    {
      "type": "Feature",
      "properties": {
        "cell_id": "r180c1231",
        "country": "North Korea",
        "row_global": 180,
        "col_global": 1231,
        "longitude": 127.875,
        "latitude": 38.625
      },
      "geometry": {
        "type": "Polygon",
        "coordinates": [
          [
            [
              127.75,
              38.5
            ],
            [
              128.0,
              38.5
            ],
            [
              128.0,
              38.75
            ],
            [
              127.75,
              38.75
            ],
            [
              127.75,
              38.5
            ]
          ]
        ]
      }
    },
    {
      "type": "Feature",
      "properties": {
        "cell_id": "r180c1232",
        "country": "North Korea",
        "row_global": 180,
        "col_global": 1232,
        "longitude": 128.125,
        "latitude": 38.625
      },
      "geometry": {
        "type": "Polygon",
        "coordinates": [
          [
            [
              128.0,
              38.5
            ],
            [
              128.25,
              38.5
            ],
            [
              128.25,
              38.75
            ],
            [
              128.0,
              38.75
            ],
            [
              128.0,
              38.5
            ]
          ]
        ]
      }
    },
    {
      "type": "Feature",
      "properties": {
        "cell_id": "r181c1220",
        "country": "North Korea",
        "row_global": 181,
        "col_global": 1220,
        "longitude": 125.125,
        "latitude": 38.375
      },
      "geometry": {
        "type": "Polygon",
        "coordinates": [
          [
            [
              125.0,
              38.25
            ],
            [
              125.25,
              38.25
            ],
            [
              125.25,
              38.5
            ],
            [
              125.0,
              38.5
            ],
            [
              125.0,
              38.25
            ]
          ]
        ]
      }
    },
    {
      "type": "Feature",
      "properties": {
        "cell_id": "r181c1221",
        "country": "North Korea",
        "row_global": 181,
        "col_global": 1221,
        "longitude": 125.375,
        "latitude": 38.375
      },
      "geometry": {
        "type": "Polygon",
        "coordinates": [
          [
            [
              125.25,
              38.25
            ],
            [
              125.5,
              38.25
            ],
            [
              125.5,
              38.5
            ],
            [
              125.25,
              38.5
            ],
            [
              125.25,
              38.25
            ]
          ]
        ]
      }
    },
    {
      "type": "Feature",
      "properties": {
        "cell_id": "r181c1222",
        "country": "North Korea",
        "row_global": 181,
        "col_global": 1222,
        "longitude": 125.625,
        "latitude": 38.375
      },
      "geometry": {
        "type": "Polygon",
        "coordinates": [
          [
            [
              125.5,
              38.25
            ],
            [
              125.75,
              38.25
            ],
            [
              125.75,
              38.5
            ],
            [
              125.5,
              38.5
            ],
            [
              125.5,
              38.25
            ]
          ]
        ]
      }
    },
    {
      "type": "Feature",
      "properties": {
        "cell_id": "r181c1223",
        "country": "North Korea",
        "row_global": 181,
        "col_global": 1223,
        "longitude": 125.875,
        "latitude": 38.375
      },
      "geometry": {
        "type": "Polygon",
        "coordinates": [
          [
            [
              125.75,
              38.25
            ],
            [
              126.0,
              38.25
            ],
            [
              126.0,
              38.5
            ],
            [
              125.75,
              38.5
            ],
            [
              125.75,
              38.25
            ]
          ]
        ]
      }
    },
    {
      "type": "Feature",
      "properties": {
        "cell_id": "r181c1224",
        "country": "North Korea",
        "row_global": 181,
        "col_global": 1224,
        "longitude": 126.125,
        "latitude": 38.375
      },
      "geometry": {
        "type": "Polygon",
        "coordinates": [
          [
            [
              126.0,
              38.25
            ],
            [
              126.25,
              38.25
            ],
            [
              126.25,
              38.5
            ],
            [
              126.0,
              38.5
            ],
            [
              126.0,
              38.25
            ]
          ]
        ]
      }
    },
    {
      "type": "Feature",
      "properties": {
        "cell_id": "r181c1225",
        "country": "North Korea",
        "row_global": 181,
        "col_global": 1225,
        "longitude": 126.375,
        "latitude": 38.375
      },
      "geometry": {
        "type": "Polygon",
        "coordinates": [
          [
            [
              126.25,
              38.25
            ],
            [
              126.5,
              38.25
            ],
            [
              126.5,
              38.5
            ],
            [
              126.25,
              38.5
            ],
            [
              126.25,
              38.25
            ]
          ]
        ]
      }
    },
    {
      "type": "Feature",
      "properties": {
        "cell_id": "r181c1226",
        "country": "North Korea",
        "row_global": 181,
        "col_global": 1226,
        "longitude": 126.625,
        "latitude": 38.375
      },
      "geometry": {
        "type": "Polygon",
        "coordinates": [
          [
            [
              126.5,
              38.25
            ],
            [
              126.75,
              38.25
            ],
            [
              126.75,
              38.5
            ],
            [
              126.5,
              38.5
            ],
            [
              126.5,
              38.25
            ]
          ]
        ]
      }
    },
    {
      "type": "Feature",
      "properties": {
        "cell_id": "r181c1227",
        "country": "North Korea",
        "row_global": 181,
        "col_global": 1227,
        "longitude": 126.875,
        "latitude": 38.375
      },
      "geometry": {
        "type": "Polygon",
        "coordinates": [
          [
            [
              126.75,
              38.25
            ],
            [
              127.0,
              38.25
            ],
            [
              127.0,
              38.5
            ],
            [
              126.75,
              38.5
            ],
            [
              126.75,
              38.25
            ]
          ]
        ]
      }
    },
    {
      "type": "Feature",
      "properties": {
        "cell_id": "r181c1228",
        "country": "North Korea",
        "row_global": 181,
        "col_global": 1228,
        "longitude": 127.125,
        "latitude": 38.375
      },
      "geometry": {
        "type": "Polygon",
        "coordinates": [
          [
            [
              127.0,
              38.25
            ],
            [
              127.25,
              38.25
            ],
            [
              127.25,
              38.5
            ],
            [
              127.0,
              38.5
            ],
            [
              127.0,
              38.25
            ]
          ]
        ]
      }
    },
    {
      "type": "Feature",
      "properties": {
        "cell_id": "r181c1229",
        "country": "North Korea",
        "row_global": 181,
        "col_global": 1229,
        "longitude": 127.375,
        "latitude": 38.375
      },
      "geometry": {
        "type": "Polygon",
        "coordinates": [
          [
            [
              127.25,
              38.25
            ],
            [
              127.5,
              38.25
            ],
            [
              127.5,
              38.5
            ],
            [
              127.25,
              38.5
            ],
            [
              127.25,
              38.25
            ]
          ]
        ]
      }
    },
    {
      "type": "Feature",
      "properties": {
        "cell_id": "r181c1230",
        "country": "North Korea",
        "row_global": 181,
        "col_global": 1230,
        "longitude": 127.625,
        "latitude": 38.375
      },
      "geometry": {
        "type": "Polygon",
        "coordinates": [
          [
            [
              127.5,
              38.25
            ],
            [
              127.75,
              38.25
            ],
            [
              127.75,
              38.5
            ],
            [
              127.5,
              38.5
            ],
            [
              127.5,
              38.25
            ]
          ]
        ]
      }
    },
    {
      "type": "Feature",
      "properties": {
        "cell_id": "r181c1231",
        "country": "North Korea",
        "row_global": 181,
        "col_global": 1231,
        "longitude": 127.875,
        "latitude": 38.375
      },
      "geometry": {
        "type": "Polygon",
        "coordinates": [
          [
            [
              127.75,
              38.25
            ],
            [
              128.0,
              38.25
            ],
            [
              128.0,
              38.5
            ],
            [
              127.75,
              38.5
            ],
            [
              127.75,
              38.25
            ]
          ]
        ]
      }
    },
    {
      "type": "Feature",
      "properties": {
        "cell_id": "r181c1232",
        "country": "North Korea",
        "row_global": 181,
        "col_global": 1232,
        "longitude": 128.125,
        "latitude": 38.375
      },
      "geometry": {
        "type": "Polygon",
        "coordinates": [
          [
            [
              128.0,
              38.25
            ],
            [
              128.25,
              38.25
            ],
            [
              128.25,
              38.5
            ],
            [
              128.0,
              38.5
            ],
            [
              128.0,
              38.25
            ]
          ]
        ]
      }
    },
    {
      "type": "Feature",
      "properties": {
        "cell_id": "r182c1219",
        "country": "North Korea",
        "row_global": 182,
        "col_global": 1219,
        "longitude": 124.875,
        "latitude": 38.125
      },
      "geometry": {
        "type": "Polygon",
        "coordinates": [
          [
            [
              124.75,
              38.0
            ],
            [
              125.0,
              38.0
            ],
            [
              125.0,
              38.25
            ],
            [
              124.75,
              38.25
            ],
            [
              124.75,
              38.0
            ]
          ]
        ]
      }
    },
    {
      "type": "Feature",
      "properties": {
        "cell_id": "r182c1220",
        "country": "North Korea",
        "row_global": 182,
        "col_global": 1220,
        "longitude": 125.125,
        "latitude": 38.125
      },
      "geometry": {
        "type": "Polygon",
        "coordinates": [
          [
            [
              125.0,
              38.0
            ],
            [
              125.25,
              38.0
            ],
            [
              125.25,
              38.25
            ],
            [
              125.0,
              38.25
            ],
            [
              125.0,
              38.0
            ]
          ]
        ]
      }
    },
    {
      "type": "Feature",
      "properties": {
        "cell_id": "r182c1221",
        "country": "North Korea",
        "row_global": 182,
        "col_global": 1221,
        "longitude": 125.375,
        "latitude": 38.125
      },
      "geometry": {
        "type": "Polygon",
        "coordinates": [
          [
            [
              125.25,
              38.0
            ],
            [
              125.5,
              38.0
            ],
            [
              125.5,
              38.25
            ],
            [
              125.25,
              38.25
            ],
            [
              125.25,
              38.0
            ]
          ]
        ]
      }
    },
    {
      "type": "Feature",
      "properties": {
        "cell_id": "r182c1222",
        "country": "North Korea",
        "row_global": 182,
        "col_global": 1222,
        "longitude": 125.625,
        "latitude": 38.125
      },
      "geometry": {
        "type": "Polygon",
        "coordinates": [
          [
            [
              125.5,
              38.0
            ],
            [
              125.75,
              38.0
            ],
            [
              125.75,
              38.25
            ],
            [
              125.5,
              38.25
            ],
            [
              125.5,
              38.0
            ]
          ]
        ]
      }
    },
    {
      "type": "Feature",
      "properties": {
        "cell_id": "r182c1223",
        "country": "North Korea",
        "row_global": 182,
        "col_global": 1223,
        "longitude": 125.875,
        "latitude": 38.125
      },
      "geometry": {
        "type": "Polygon",
        "coordinates": [
          [
            [
              125.75,
              38.0
            ],
            [
              126.0,
              38.0
            ],
            [
              126.0,
              38.25
            ],
            [
              125.75,
              38.25
            ],
            [
              125.75,
              38.0
            ]
          ]
        ]
      }
    },
    {
      "type": "Feature",
      "properties": {
        "cell_id": "r182c1224",
        "country": "North Korea",
        "row_global": 182,
        "col_global": 1224,
        "longitude": 126.125,
        "latitude": 38.125
      },
      "geometry": {
        "type": "Polygon",
        "coordinates": [
          [
            [
              126.0,
              38.0
            ],
            [
              126.25,
              38.0
            ],
            [
              126.25,
              38.25
            ],
            [
              126.0,
              38.25
            ],
            [
              126.0,
              38.0
            ]
          ]
        ]
      }
    },
    {
      "type": "Feature",
      "properties": {
        "cell_id": "r182c1225",
        "country": "North Korea",
        "row_global": 182,
        "col_global": 1225,
        "longitude": 126.375,
        "latitude": 38.125
      },
      "geometry": {
        "type": "Polygon",
        "coordinates": [
          [
            [
              126.25,
              38.0
            ],
            [
              126.5,
              38.0
            ],
            [
              126.5,
              38.25
            ],
            [
              126.25,
              38.25
            ],
            [
              126.25,
              38.0
            ]
          ]
        ]
      }
    },
    {
      "type": "Feature",
      "properties": {
        "cell_id": "r182c1226",
        "country": "North Korea",
        "row_global": 182,
        "col_global": 1226,
        "longitude": 126.625,
        "latitude": 38.125
      },
      "geometry": {
        "type": "Polygon",
        "coordinates": [
          [
            [
              126.5,
              38.0
            ],
            [
              126.75,
              38.0
            ],
            [
              126.75,
              38.25
            ],
            [
              126.5,
              38.25
            ],
            [
              126.5,
              38.0
            ]
          ]
        ]
      }
    },
    {
      "type": "Feature",
      "properties": {
        "cell_id": "r182c1227",
        "country": "North Korea",
        "row_global": 182,
        "col_global": 1227,
        "longitude": 126.875,
        "latitude": 38.125
      },
      "geometry": {
        "type": "Polygon",
        "coordinates": [
          [
            [
              126.75,
              38.0
            ],
            [
              127.0,
              38.0
            ],
            [
              127.0,
              38.25
            ],
            [
              126.75,
              38.25
            ],
            [
              126.75,
              38.0
            ]
          ]
        ]
      }
    },
    {
      "type": "Feature",
      "properties": {
        "cell_id": "r183c1220",
        "country": "North Korea",
        "row_global": 183,
        "col_global": 1220,
        "longitude": 125.125,
        "latitude": 37.875
      },
      "geometry": {
        "type": "Polygon",
        "coordinates": [
          [
            [
              125.0,
              37.75
            ],
            [
              125.25,
              37.75
            ],
            [
              125.25,
              38.0
            ],
            [
              125.0,
              38.0
            ],
            [
              125.0,
              37.75
            ]
          ]
        ]
      }
    },
    {
      "type": "Feature",
      "properties": {
        "cell_id": "r183c1221",
        "country": "North Korea",
        "row_global": 183,
        "col_global": 1221,
        "longitude": 125.375,
        "latitude": 37.875
      },
      "geometry": {
        "type": "Polygon",
        "coordinates": [
          [
            [
              125.25,
              37.75
            ],
            [
              125.5,
              37.75
            ],
            [
              125.5,
              38.0
            ],
            [
              125.25,
              38.0
            ],
            [
              125.25,
              37.75
            ]
          ]
        ]
      }
    },
    {
      "type": "Feature",
      "properties": {
        "cell_id": "r183c1222",
        "country": "North Korea",
        "row_global": 183,
        "col_global": 1222,
        "longitude": 125.625,
        "latitude": 37.875
      },
      "geometry": {
        "type": "Polygon",
        "coordinates": [
          [
            [
              125.5,
              37.75
            ],
            [
              125.75,
              37.75
            ],
            [
              125.75,
              38.0
            ],
            [
              125.5,
              38.0
            ],
            [
              125.5,
              37.75
            ]
          ]
        ]
      }
    },
    {
      "type": "Feature",
      "properties": {
        "cell_id": "r183c1224",
        "country": "North Korea",
        "row_global": 183,
        "col_global": 1224,
        "longitude": 126.125,
        "latitude": 37.875
      },
      "geometry": {
        "type": "Polygon",
        "coordinates": [
          [
            [
              126.0,
              37.75
            ],
            [
              126.25,
              37.75
            ],
            [
              126.25,
              38.0
            ],
            [
              126.0,
              38.0
            ],
            [
              126.0,
              37.75
            ]
          ]
        ]
      }
    },
    {
      "type": "Feature",
      "properties": {
        "cell_id": "r183c1226",
        "country": "North Korea",
        "row_global": 183,
        "col_global": 1226,
        "longitude": 126.625,
        "latitude": 37.875
      },
      "geometry": {
        "type": "Polygon",
        "coordinates": [
          [
            [
              126.5,
              37.75
            ],
            [
              126.75,
              37.75
            ],
            [
              126.75,
              38.0
            ],
            [
              126.5,
              38.0
            ],
            [
              126.5,
              37.75
            ]
          ]
        ]
      }
    },
    {
      "type": "Feature",
      "properties": {
        "cell_id": "r181c1233",
        "country": "South Korea",
        "row_global": 181,
        "col_global": 1233,
        "longitude": 128.375,
        "latitude": 38.375
      },
      "geometry": {
        "type": "Polygon",
        "coordinates": [
          [
            [
              128.25,
              38.25
            ],
            [
              128.5,
              38.25
            ],
            [
              128.5,
              38.5
            ],
            [
              128.25,
              38.5
            ],
            [
              128.25,
              38.25
            ]
          ]
        ]
      }
    },
    {
      "type": "Feature",
      "properties": {
        "cell_id": "r182c1228",
        "country": "South Korea",
        "row_global": 182,
        "col_global": 1228,
        "longitude": 127.125,
        "latitude": 38.125
      },
      "geometry": {
        "type": "Polygon",
        "coordinates": [
          [
            [
              127.0,
              38.0
            ],
            [
              127.25,
              38.0
            ],
            [
              127.25,
              38.25
            ],
            [
              127.0,
              38.25
            ],
            [
              127.0,
              38.0
            ]
          ]
        ]
      }
    },
    {
      "type": "Feature",
      "properties": {
        "cell_id": "r182c1229",
        "country": "South Korea",
        "row_global": 182,
        "col_global": 1229,
        "longitude": 127.375,
        "latitude": 38.125
      },
      "geometry": {
        "type": "Polygon",
        "coordinates": [
          [
            [
              127.25,
              38.0
            ],
            [
              127.5,
              38.0
            ],
            [
              127.5,
              38.25
            ],
            [
              127.25,
              38.25
            ],
            [
              127.25,
              38.0
            ]
          ]
        ]
      }
    },
    {
      "type": "Feature",
      "properties": {
        "cell_id": "r182c1230",
        "country": "South Korea",
        "row_global": 182,
        "col_global": 1230,
        "longitude": 127.625,
        "latitude": 38.125
      },
      "geometry": {
        "type": "Polygon",
        "coordinates": [
          [
            [
              127.5,
              38.0
            ],
            [
              127.75,
              38.0
            ],
            [
              127.75,
              38.25
            ],
            [
              127.5,
              38.25
            ],
            [
              127.5,
              38.0
            ]
          ]
        ]
      }
    },
    {
      "type": "Feature",
      "properties": {
        "cell_id": "r182c1231",
        "country": "South Korea",
        "row_global": 182,
        "col_global": 1231,
        "longitude": 127.875,
        "latitude": 38.125
      },
      "geometry": {
        "type": "Polygon",
        "coordinates": [
          [
            [
              127.75,
              38.0
            ],
            [
              128.0,
              38.0
            ],
            [
              128.0,
              38.25
            ],
            [
              127.75,
              38.25
            ],
            [
              127.75,
              38.0
            ]
          ]
        ]
      }
    },
    {
      "type": "Feature",
      "properties": {
        "cell_id": "r182c1232",
        "country": "South Korea",
        "row_global": 182,
        "col_global": 1232,
        "longitude": 128.125,
        "latitude": 38.125
      },
      "geometry": {
        "type": "Polygon",
        "coordinates": [
          [
            [
              128.0,
              38.0
            ],
            [
              128.25,
              38.0
            ],
            [
              128.25,
              38.25
            ],
            [
              128.0,
              38.25
            ],
            [
              128.0,
              38.0
            ]
          ]
        ]
      }
    },
    {
      "type": "Feature",
      "properties": {
        "cell_id": "r182c1233",
        "country": "South Korea",
        "row_global": 182,
        "col_global": 1233,
        "longitude": 128.375,
        "latitude": 38.125
      },
      "geometry": {
        "type": "Polygon",
        "coordinates": [
          [
            [
              128.25,
              38.0
            ],
            [
              128.5,
              38.0
            ],
            [
              128.5,
              38.25
            ],
            [
              128.25,
              38.25
            ],
            [
              128.25,
              38.0
            ]
          ]
        ]
      }
    },
    {
      "type": "Feature",
      "properties": {
        "cell_id": "r182c1234",
        "country": "South Korea",
        "row_global": 182,
        "col_global": 1234,
        "longitude": 128.625,
        "latitude": 38.125
      },
      "geometry": {
        "type": "Polygon",
        "coordinates": [
          [
            [
              128.5,
              38.0
            ],
            [
              128.75,
              38.0
            ],
            [
              128.75,
              38.25
            ],
            [
              128.5,
              38.25
            ],
            [
              128.5,
              38.0
            ]
          ]
        ]
      }
    },
    {
      "type": "Feature",
      "properties": {
        "cell_id": "r183c1227",
        "country": "South Korea",
        "row_global": 183,
        "col_global": 1227,
        "longitude": 126.875,
        "latitude": 37.875
      },
      "geometry": {
        "type": "Polygon",
        "coordinates": [
          [
            [
              126.75,
              37.75
            ],
            [
              127.0,
              37.75
            ],
            [
              127.0,
              38.0
            ],
            [
              126.75,
              38.0
            ],
            [
              126.75,
              37.75
            ]
          ]
        ]
      }
    },
    {
      "type": "Feature",
      "properties": {
        "cell_id": "r183c1228",
        "country": "South Korea",
        "row_global": 183,
        "col_global": 1228,
        "longitude": 127.125,
        "latitude": 37.875
      },
      "geometry": {
        "type": "Polygon",
        "coordinates": [
          [
            [
              127.0,
              37.75
            ],
            [
              127.25,
              37.75
            ],
            [
              127.25,
              38.0
            ],
            [
              127.0,
              38.0
            ],
            [
              127.0,
              37.75
            ]
          ]
        ]
      }
    },
    {
      "type": "Feature",
      "properties": {
        "cell_id": "r183c1229",
        "country": "South Korea",
        "row_global": 183,
        "col_global": 1229,
        "longitude": 127.375,
        "latitude": 37.875
      },
      "geometry": {
        "type": "Polygon",
        "coordinates": [
          [
            [
              127.25,
              37.75
            ],
            [
              127.5,
              37.75
            ],
            [
              127.5,
              38.0
            ],
            [
              127.25,
              38.0
            ],
            [
              127.25,
              37.75
            ]
          ]
        ]
      }
    },
    {
      "type": "Feature",
      "properties": {
        "cell_id": "r183c1230",
        "country": "South Korea",
        "row_global": 183,
        "col_global": 1230,
        "longitude": 127.625,
        "latitude": 37.875
      },
      "geometry": {
        "type": "Polygon",
        "coordinates": [
          [
            [
              127.5,
              37.75
            ],
            [
              127.75,
              37.75
            ],
            [
              127.75,
              38.0
            ],
            [
              127.5,
              38.0
            ],
            [
              127.5,
              37.75
            ]
          ]
        ]
      }
    },
    {
      "type": "Feature",
      "properties": {
        "cell_id": "r183c1231",
        "country": "South Korea",
        "row_global": 183,
        "col_global": 1231,
        "longitude": 127.875,
        "latitude": 37.875
      },
      "geometry": {
        "type": "Polygon",
        "coordinates": [
          [
            [
              127.75,
              37.75
            ],
            [
              128.0,
              37.75
            ],
            [
              128.0,
              38.0
            ],
            [
              127.75,
              38.0
            ],
            [
              127.75,
              37.75
            ]
          ]
        ]
      }
    },
    {
      "type": "Feature",
      "properties": {
        "cell_id": "r183c1232",
        "country": "South Korea",
        "row_global": 183,
        "col_global": 1232,
        "longitude": 128.125,
        "latitude": 37.875
      },
      "geometry": {
        "type": "Polygon",
        "coordinates": [
          [
            [
              128.0,
              37.75
            ],
            [
              128.25,
              37.75
            ],
            [
              128.25,
              38.0
            ],
            [
              128.0,
              38.0
            ],
            [
              128.0,
              37.75
            ]
          ]
        ]
      }
    },
    {
      "type": "Feature",
      "properties": {
        "cell_id": "r183c1233",
        "country": "South Korea",
        "row_global": 183,
        "col_global": 1233,
        "longitude": 128.375,
        "latitude": 37.875
      },
      "geometry": {
        "type": "Polygon",
        "coordinates": [
          [
            [
              128.25,
              37.75
            ],
            [
              128.5,
              37.75
            ],
            [
              128.5,
              38.0
            ],
            [
              128.25,
              38.0
            ],
            [
              128.25,
              37.75
            ]
          ]
        ]
      }
    },
    {
      "type": "Feature",
      "properties": {
        "cell_id": "r183c1234",
        "country": "South Korea",
        "row_global": 183,
        "col_global": 1234,
        "longitude": 128.625,
        "latitude": 37.875
      },
      "geometry": {
        "type": "Polygon",
        "coordinates": [
          [
            [
              128.5,
              37.75
            ],
            [
              128.75,
              37.75
            ],
            [
              128.75,
              38.0
            ],
            [
              128.5,
              38.0
            ],
            [
              128.5,
              37.75
            ]
          ]
        ]
      }
    },
    {
      "type": "Feature",
      "properties": {
        "cell_id": "r184c1226",
        "country": "South Korea",
        "row_global": 184,
        "col_global": 1226,
        "longitude": 126.625,
        "latitude": 37.625
      },
      "geometry": {
        "type": "Polygon",
        "coordinates": [
          [
            [
              126.5,
              37.5
            ],
            [
              126.75,
              37.5
            ],
            [
              126.75,
              37.75
            ],
            [
              126.5,
              37.75
            ],
            [
              126.5,
              37.5
            ]
          ]
        ]
      }
    },
    {
      "type": "Feature",
      "properties": {
        "cell_id": "r184c1227",
        "country": "South Korea",
        "row_global": 184,
        "col_global": 1227,
        "longitude": 126.875,
        "latitude": 37.625
      },
      "geometry": {
        "type": "Polygon",
        "coordinates": [
          [
            [
              126.75,
              37.5
            ],
            [
              127.0,
              37.5
            ],
            [
              127.0,
              37.75
            ],
            [
              126.75,
              37.75
            ],
            [
              126.75,
              37.5
            ]
          ]
        ]
      }
    },
    {
      "type": "Feature",
      "properties": {
        "cell_id": "r184c1228",
        "country": "South Korea",
        "row_global": 184,
        "col_global": 1228,
        "longitude": 127.125,
        "latitude": 37.625
      },
      "geometry": {
        "type": "Polygon",
        "coordinates": [
          [
            [
              127.0,
              37.5
            ],
            [
              127.25,
              37.5
            ],
            [
              127.25,
              37.75
            ],
            [
              127.0,
              37.75
            ],
            [
              127.0,
              37.5
            ]
          ]
        ]
      }
    },
    {
      "type": "Feature",
      "properties": {
        "cell_id": "r184c1229",
        "country": "South Korea",
        "row_global": 184,
        "col_global": 1229,
        "longitude": 127.375,
        "latitude": 37.625
      },
      "geometry": {
        "type": "Polygon",
        "coordinates": [
          [
            [
              127.25,
              37.5
            ],
            [
              127.5,
              37.5
            ],
            [
              127.5,
              37.75
            ],
            [
              127.25,
              37.75
            ],
            [
              127.25,
              37.5
            ]
          ]
        ]
      }
    },
    {
      "type": "Feature",
      "properties": {
        "cell_id": "r184c1230",
        "country": "South Korea",
        "row_global": 184,
        "col_global": 1230,
        "longitude": 127.625,
        "latitude": 37.625
      },
      "geometry": {
        "type": "Polygon",
        "coordinates": [
          [
            [
              127.5,
              37.5
            ],
            [
              127.75,
              37.5
            ],
            [
              127.75,
              37.75
            ],
            [
              127.5,
              37.75
            ],
            [
              127.5,
              37.5
            ]
          ]
        ]
      }
    },
    {
      "type": "Feature",
      "properties": {
        "cell_id": "r184c1231",
        "country": "South Korea",
        "row_global": 184,
        "col_global": 1231,
        "longitude": 127.875,
        "latitude": 37.625
      },
      "geometry": {
        "type": "Polygon",
        "coordinates": [
          [
            [
              127.75,
              37.5
            ],
            [
              128.0,
              37.5
            ],
            [
              128.0,
              37.75
            ],
            [
              127.75,
              37.75
            ],
            [
              127.75,
              37.5
            ]
          ]
        ]
      }
    },
    {
      "type": "Feature",
      "properties": {
        "cell_id": "r184c1232",
        "country": "South Korea",
        "row_global": 184,
        "col_global": 1232,
        "longitude": 128.125,
        "latitude": 37.625
      },
      "geometry": {
        "type": "Polygon",
        "coordinates": [
          [
            [
              128.0,
              37.5
            ],
            [
              128.25,
              37.5
            ],
            [
              128.25,
              37.75
            ],
            [
              128.0,
              37.75
            ],
            [
              128.0,
              37.5
            ]
          ]
        ]
      }
    },
    {
      "type": "Feature",
      "properties": {
        "cell_id": "r184c1233",
        "country": "South Korea",
        "row_global": 184,
        "col_global": 1233,
        "longitude": 128.375,
        "latitude": 37.625
      },
      "geometry": {
        "type": "Polygon",
        "coordinates": [
          [
            [
              128.25,
              37.5
            ],
            [
              128.5,
              37.5
            ],
            [
              128.5,
              37.75
            ],
            [
              128.25,
              37.75
            ],
            [
              128.25,
              37.5
            ]
          ]
        ]
      }
    },
    {
      "type": "Feature",
      "properties": {
        "cell_id": "r184c1234",
        "country": "South Korea",
        "row_global": 184,
        "col_global": 1234,
        "longitude": 128.625,
        "latitude": 37.625
      },
      "geometry": {
        "type": "Polygon",
        "coordinates": [
          [
            [
              128.5,
              37.5
            ],
            [
              128.75,
              37.5
            ],
            [
              128.75,
              37.75
            ],
            [
              128.5,
              37.75
            ],
            [
              128.5,
              37.5
            ]
          ]
        ]
      }
    },
    {
      "type": "Feature",
      "properties": {
        "cell_id": "r184c1235",
        "country": "South Korea",
        "row_global": 184,
        "col_global": 1235,
        "longitude": 128.875,
        "latitude": 37.625
      },
      "geometry": {
        "type": "Polygon",
        "coordinates": [
          [
            [
              128.75,
              37.5
            ],
            [
              129.0,
              37.5
            ],
            [
              129.0,
              37.75
            ],
            [
              128.75,
              37.75
            ],
            [
              128.75,
              37.5
            ]
          ]
        ]
      }
    },
    {
      "type": "Feature",
      "properties": {
        "cell_id": "r185c1226",
        "country": "South Korea",
        "row_global": 185,
        "col_global": 1226,
        "longitude": 126.625,
        "latitude": 37.375
      },
      "geometry": {
        "type": "Polygon",
        "coordinates": [
          [
            [
              126.5,
              37.25
            ],
            [
              126.75,
              37.25
            ],
            [
              126.75,
              37.5
            ],
            [
              126.5,
              37.5
            ],
            [
              126.5,
              37.25
            ]
          ]
        ]
      }
    },
    {
      "type": "Feature",
      "properties": {
        "cell_id": "r185c1227",
        "country": "South Korea",
        "row_global": 185,
        "col_global": 1227,
        "longitude": 126.875,
        "latitude": 37.375
      },
      "geometry": {
        "type": "Polygon",
        "coordinates": [
          [
            [
              126.75,
              37.25
            ],
            [
              127.0,
              37.25
            ],
            [
              127.0,
              37.5
            ],
            [
              126.75,
              37.5
            ],
            [
              126.75,
              37.25
            ]
          ]
        ]
      }
    },
    {
      "type": "Feature",
      "properties": {
        "cell_id": "r185c1228",
        "country": "South Korea",
        "row_global": 185,
        "col_global": 1228,
        "longitude": 127.125,
        "latitude": 37.375
      },
      "geometry": {
        "type": "Polygon",
        "coordinates": [
          [
            [
              127.0,
              37.25
            ],
            [
              127.25,
              37.25
            ],
            [
              127.25,
              37.5
            ],
            [
              127.0,
              37.5
            ],
            [
              127.0,
              37.25
            ]
          ]
        ]
      }
    },
    {
      "type": "Feature",
      "properties": {
        "cell_id": "r185c1229",
        "country": "South Korea",
        "row_global": 185,
        "col_global": 1229,
        "longitude": 127.375,
        "latitude": 37.375
      },
      "geometry": {
        "type": "Polygon",
        "coordinates": [
          [
            [
              127.25,
              37.25
            ],
            [
              127.5,
              37.25
            ],
            [
              127.5,
              37.5
            ],
            [
              127.25,
              37.5
            ],
            [
              127.25,
              37.25
            ]
          ]
        ]
      }
    },
    {
      "type": "Feature",
      "properties": {
        "cell_id": "r185c1230",
        "country": "South Korea",
        "row_global": 185,
        "col_global": 1230,
        "longitude": 127.625,
        "latitude": 37.375
      },
      "geometry": {
        "type": "Polygon",
        "coordinates": [
          [
            [
              127.5,
              37.25
            ],
            [
              127.75,
              37.25
            ],
            [
              127.75,
              37.5
            ],
            [
              127.5,
              37.5
            ],
            [
              127.5,
              37.25
            ]
          ]
        ]
      }
    },
    {
      "type": "Feature",
      "properties": {
        "cell_id": "r185c1231",
        "country": "South Korea",
        "row_global": 185,
        "col_global": 1231,
        "longitude": 127.875,
        "latitude": 37.375
      },
      "geometry": {
        "type": "Polygon",
        "coordinates": [
          [
            [
              127.75,
              37.25
            ],
            [
              128.0,
              37.25
            ],
            [
              128.0,
              37.5
            ],
            [
              127.75,
              37.5
            ],
            [
              127.75,
              37.25
            ]
          ]
        ]
      }
    },
    {
      "type": "Feature",
      "properties": {
        "cell_id": "r185c1232",
        "country": "South Korea",
        "row_global": 185,
        "col_global": 1232,
        "longitude": 128.125,
        "latitude": 37.375
      },
      "geometry": {
        "type": "Polygon",
        "coordinates": [
          [
            [
              128.0,
              37.25
            ],
            [
              128.25,
              37.25
            ],
            [
              128.25,
              37.5
            ],
            [
              128.0,
              37.5
            ],
            [
              128.0,
              37.25
            ]
          ]
        ]
      }
    },
    {
      "type": "Feature",
      "properties": {
        "cell_id": "r185c1233",
        "country": "South Korea",
        "row_global": 185,
        "col_global": 1233,
        "longitude": 128.375,
        "latitude": 37.375
      },
      "geometry": {
        "type": "Polygon",
        "coordinates": [
          [
            [
              128.25,
              37.25
            ],
            [
              128.5,
              37.25
            ],
            [
              128.5,
              37.5
            ],
            [
              128.25,
              37.5
            ],
            [
              128.25,
              37.25
            ]
          ]
        ]
      }
    },
    {
      "type": "Feature",
      "properties": {
        "cell_id": "r185c1234",
        "country": "South Korea",
        "row_global": 185,
        "col_global": 1234,
        "longitude": 128.625,
        "latitude": 37.375
      },
      "geometry": {
        "type": "Polygon",
        "coordinates": [
          [
            [
              128.5,
              37.25
            ],
            [
              128.75,
              37.25
            ],
            [
              128.75,
              37.5
            ],
            [
              128.5,
              37.5
            ],
            [
              128.5,
              37.25
            ]
          ]
        ]
      }
    },
    {
      "type": "Feature",
      "properties": {
        "cell_id": "r185c1235",
        "country": "South Korea",
        "row_global": 185,
        "col_global": 1235,
        "longitude": 128.875,
        "latitude": 37.375
      },
      "geometry": {
        "type": "Polygon",
        "coordinates": [
          [
            [
              128.75,
              37.25
            ],
            [
              129.0,
              37.25
            ],
            [
              129.0,
              37.5
            ],
            [
              128.75,
              37.5
            ],
            [
              128.75,
              37.25
            ]
          ]
        ]
      }
    },
    {
      "type": "Feature",
      "properties": {
        "cell_id": "r185c1236",
        "country": "South Korea",
        "row_global": 185,
        "col_global": 1236,
        "longitude": 129.125,
        "latitude": 37.375
      },
      "geometry": {
        "type": "Polygon",
        "coordinates": [
          [
            [
              129.0,
              37.25
            ],
            [
              129.25,
              37.25
            ],
            [
              129.25,
              37.5
            ],
            [
              129.0,
              37.5
            ],
            [
              129.0,
              37.25
            ]
          ]
        ]
      }
    },
    {
      "type": "Feature",
      "properties": {
        "cell_id": "r186c1227",
        "country": "South Korea",
        "row_global": 186,
        "col_global": 1227,
        "longitude": 126.875,
        "latitude": 37.125
      },
      "geometry": {
        "type": "Polygon",
        "coordinates": [
          [
            [
              126.75,
              37.0
            ],
            [
              127.0,
              37.0
            ],
            [
              127.0,
              37.25
            ],
            [
              126.75,
              37.25
            ],
            [
              126.75,
              37.0
            ]
          ]
        ]
      }
    },
    {
      "type": "Feature",
      "properties": {
        "cell_id": "r186c1228",
        "country": "South Korea",
        "row_global": 186,
        "col_global": 1228,
        "longitude": 127.125,
        "latitude": 37.125
      },
      "geometry": {
        "type": "Polygon",
        "coordinates": [
          [
            [
              127.0,
              37.0
            ],
            [
              127.25,
              37.0
            ],
            [
              127.25,
              37.25
            ],
            [
              127.0,
              37.25
            ],
            [
              127.0,
              37.0
            ]
          ]
        ]
      }
    },
    {
      "type": "Feature",
      "properties": {
        "cell_id": "r186c1229",
        "country": "South Korea",
        "row_global": 186,
        "col_global": 1229,
        "longitude": 127.375,
        "latitude": 37.125
      },
      "geometry": {
        "type": "Polygon",
        "coordinates": [
          [
            [
              127.25,
              37.0
            ],
            [
              127.5,
              37.0
            ],
            [
              127.5,
              37.25
            ],
            [
              127.25,
              37.25
            ],
            [
              127.25,
              37.0
            ]
          ]
        ]
      }
    },
    {
      "type": "Feature",
      "properties": {
        "cell_id": "r186c1230",
        "country": "South Korea",
        "row_global": 186,
        "col_global": 1230,
        "longitude": 127.625,
        "latitude": 37.125
      },
      "geometry": {
        "type": "Polygon",
        "coordinates": [
          [
            [
              127.5,
              37.0
            ],
            [
              127.75,
              37.0
            ],
            [
              127.75,
              37.25
            ],
            [
              127.5,
              37.25
            ],
            [
              127.5,
              37.0
            ]
          ]
        ]
      }
    },
    {
      "type": "Feature",
      "properties": {
        "cell_id": "r186c1231",
        "country": "South Korea",
        "row_global": 186,
        "col_global": 1231,
        "longitude": 127.875,
        "latitude": 37.125
      },
      "geometry": {
        "type": "Polygon",
        "coordinates": [
          [
            [
              127.75,
              37.0
            ],
            [
              128.0,
              37.0
            ],
            [
              128.0,
              37.25
            ],
            [
              127.75,
              37.25
            ],
            [
              127.75,
              37.0
            ]
          ]
        ]
      }
    },
    {
      "type": "Feature",
      "properties": {
        "cell_id": "r186c1232",
        "country": "South Korea",
        "row_global": 186,
        "col_global": 1232,
        "longitude": 128.125,
        "latitude": 37.125
      },
      "geometry": {
        "type": "Polygon",
        "coordinates": [
          [
            [
              128.0,
              37.0
            ],
            [
              128.25,
              37.0
            ],
            [
              128.25,
              37.25
            ],
            [
              128.0,
              37.25
            ],
            [
              128.0,
              37.0
            ]
          ]
        ]
      }
    },
    {
      "type": "Feature",
      "properties": {
        "cell_id": "r186c1233",
        "country": "South Korea",
        "row_global": 186,
        "col_global": 1233,
        "longitude": 128.375,
        "latitude": 37.125
      },
      "geometry": {
        "type": "Polygon",
        "coordinates": [
          [
            [
              128.25,
              37.0
            ],
            [
              128.5,
              37.0
            ],
            [
              128.5,
              37.25
            ],
            [
              128.25,
              37.25
            ],
            [
              128.25,
              37.0
            ]
          ]
        ]
      }
    },
    {
      "type": "Feature",
      "properties": {
        "cell_id": "r186c1234",
        "country": "South Korea",
        "row_global": 186,
        "col_global": 1234,
        "longitude": 128.625,
        "latitude": 37.125
      },
      "geometry": {
        "type": "Polygon",
        "coordinates": [
          [
            [
              128.5,
              37.0
            ],
            [
              128.75,
              37.0
            ],
            [
              128.75,
              37.25
            ],
            [
              128.5,
              37.25
            ],
            [
              128.5,
              37.0
            ]
          ]
        ]
      }
    },
    {
      "type": "Feature",
      "properties": {
        "cell_id": "r186c1235",
        "country": "South Korea",
        "row_global": 186,
        "col_global": 1235,
        "longitude": 128.875,
        "latitude": 37.125
      },
      "geometry": {
        "type": "Polygon",
        "coordinates": [
          [
            [
              128.75,
              37.0
            ],
            [
              129.0,
              37.0
            ],
            [
              129.0,
              37.25
            ],
            [
              128.75,
              37.25
            ],
            [
              128.75,
              37.0
            ]
          ]
        ]
      }
    },
    {
      "type": "Feature",
      "properties": {
        "cell_id": "r186c1236",
        "country": "South Korea",
        "row_global": 186,
        "col_global": 1236,
        "longitude": 129.125,
        "latitude": 37.125
      },
      "geometry": {
        "type": "Polygon",
        "coordinates": [
          [
            [
              129.0,
              37.0
            ],
            [
              129.25,
              37.0
            ],
            [
              129.25,
              37.25
            ],
            [
              129.0,
              37.25
            ],
            [
              129.0,
              37.0
            ]
          ]
        ]
      }
    },
    {
      "type": "Feature",
      "properties": {
        "cell_id": "r186c1237",
        "country": "South Korea",
        "row_global": 186,
        "col_global": 1237,
        "longitude": 129.375,
        "latitude": 37.125
      },
      "geometry": {
        "type": "Polygon",
        "coordinates": [
          [
            [
              129.25,
              37.0
            ],
            [
              129.5,
              37.0
            ],
            [
              129.5,
              37.25
            ],
            [
              129.25,
              37.25
            ],
            [
              129.25,
              37.0
            ]
          ]
        ]
      }
    },
    {
      "type": "Feature",
      "properties": {
        "cell_id": "r187c1226",
        "country": "South Korea",
        "row_global": 187,
        "col_global": 1226,
        "longitude": 126.625,
        "latitude": 36.875
      },
      "geometry": {
        "type": "Polygon",
        "coordinates": [
          [
            [
              126.5,
              36.75
            ],
            [
              126.75,
              36.75
            ],
            [
              126.75,
              37.0
            ],
            [
              126.5,
              37.0
            ],
            [
              126.5,
              36.75
            ]
          ]
        ]
      }
    },
    {
      "type": "Feature",
      "properties": {
        "cell_id": "r187c1228",
        "country": "South Korea",
        "row_global": 187,
        "col_global": 1228,
        "longitude": 127.125,
        "latitude": 36.875
      },
      "geometry": {
        "type": "Polygon",
        "coordinates": [
          [
            [
              127.0,
              36.75
            ],
            [
              127.25,
              36.75
            ],
            [
              127.25,
              37.0
            ],
            [
              127.0,
              37.0
            ],
            [
              127.0,
              36.75
            ]
          ]
        ]
      }
    },
    {
      "type": "Feature",
      "properties": {
        "cell_id": "r187c1229",
        "country": "South Korea",
        "row_global": 187,
        "col_global": 1229,
        "longitude": 127.375,
        "latitude": 36.875
      },
      "geometry": {
        "type": "Polygon",
        "coordinates": [
          [
            [
              127.25,
              36.75
            ],
            [
              127.5,
              36.75
            ],
            [
              127.5,
              37.0
            ],
            [
              127.25,
              37.0
            ],
            [
              127.25,
              36.75
            ]
          ]
        ]
      }
    },
    {
      "type": "Feature",
      "properties": {
        "cell_id": "r187c1230",
        "country": "South Korea",
        "row_global": 187,
        "col_global": 1230,
        "longitude": 127.625,
        "latitude": 36.875
      },
      "geometry": {
        "type": "Polygon",
        "coordinates": [
          [
            [
              127.5,
              36.75
            ],
            [
              127.75,
              36.75
            ],
            [
              127.75,
              37.0
            ],
            [
              127.5,
              37.0
            ],
            [
              127.5,
              36.75
            ]
          ]
        ]
      }
    },
    {
      "type": "Feature",
      "properties": {
        "cell_id": "r187c1231",
        "country": "South Korea",
        "row_global": 187,
        "col_global": 1231,
        "longitude": 127.875,
        "latitude": 36.875
      },
      "geometry": {
        "type": "Polygon",
        "coordinates": [
          [
            [
              127.75,
              36.75
            ],
            [
              128.0,
              36.75
            ],
            [
              128.0,
              37.0
            ],
            [
              127.75,
              37.0
            ],
            [
              127.75,
              36.75
            ]
          ]
        ]
      }
    },
    {
      "type": "Feature",
      "properties": {
        "cell_id": "r187c1232",
        "country": "South Korea",
        "row_global": 187,
        "col_global": 1232,
        "longitude": 128.125,
        "latitude": 36.875
      },
      "geometry": {
        "type": "Polygon",
        "coordinates": [
          [
            [
              128.0,
              36.75
            ],
            [
              128.25,
              36.75
            ],
            [
              128.25,
              37.0
            ],
            [
              128.0,
              37.0
            ],
            [
              128.0,
              36.75
            ]
          ]
        ]
      }
    },
    {
      "type": "Feature",
      "properties": {
        "cell_id": "r187c1233",
        "country": "South Korea",
        "row_global": 187,
        "col_global": 1233,
        "longitude": 128.375,
        "latitude": 36.875
      },
      "geometry": {
        "type": "Polygon",
        "coordinates": [
          [
            [
              128.25,
              36.75
            ],
            [
              128.5,
              36.75
            ],
            [
              128.5,
              37.0
            ],
            [
              128.25,
              37.0
            ],
            [
              128.25,
              36.75
            ]
          ]
        ]
      }
    },
    {
      "type": "Feature",
      "properties": {
        "cell_id": "r187c1234",
        "country": "South Korea",
        "row_global": 187,
        "col_global": 1234,
        "longitude": 128.625,
        "latitude": 36.875
      },
      "geometry": {
        "type": "Polygon",
        "coordinates": [
          [
            [
              128.5,
              36.75
            ],
            [
              128.75,
              36.75
            ],
            [
              128.75,
              37.0
            ],
            [
              128.5,
              37.0
            ],
            [
              128.5,
              36.75
            ]
          ]
        ]
      }
    },
    {
      "type": "Feature",
      "properties": {
        "cell_id": "r187c1235",
        "country": "South Korea",
        "row_global": 187,
        "col_global": 1235,
        "longitude": 128.875,
        "latitude": 36.875
      },
      "geometry": {
        "type": "Polygon",
        "coordinates": [
          [
            [
              128.75,
              36.75
            ],
            [
              129.0,
              36.75
            ],
            [
              129.0,
              37.0
            ],
            [
              128.75,
              37.0
            ],
            [
              128.75,
              36.75
            ]
          ]
        ]
      }
    },
    {
      "type": "Feature",
      "properties": {
        "cell_id": "r187c1236",
        "country": "South Korea",
        "row_global": 187,
        "col_global": 1236,
        "longitude": 129.125,
        "latitude": 36.875
      },
      "geometry": {
        "type": "Polygon",
        "coordinates": [
          [
            [
              129.0,
              36.75
            ],
            [
              129.25,
              36.75
            ],
            [
              129.25,
              37.0
            ],
            [
              129.0,
              37.0
            ],
            [
              129.0,
              36.75
            ]
          ]
        ]
      }
    },
    {
      "type": "Feature",
      "properties": {
        "cell_id": "r187c1237",
        "country": "South Korea",
        "row_global": 187,
        "col_global": 1237,
        "longitude": 129.375,
        "latitude": 36.875
      },
      "geometry": {
        "type": "Polygon",
        "coordinates": [
          [
            [
              129.25,
              36.75
            ],
            [
              129.5,
              36.75
            ],
            [
              129.5,
              37.0
            ],
            [
              129.25,
              37.0
            ],
            [
              129.25,
              36.75
            ]
          ]
        ]
      }
    },
    {
      "type": "Feature",
      "properties": {
        "cell_id": "r188c1225",
        "country": "South Korea",
        "row_global": 188,
        "col_global": 1225,
        "longitude": 126.375,
        "latitude": 36.625
      },
      "geometry": {
        "type": "Polygon",
        "coordinates": [
          [
            [
              126.25,
              36.5
            ],
            [
              126.5,
              36.5
            ],
            [
              126.5,
              36.75
            ],
            [
              126.25,
              36.75
            ],
            [
              126.25,
              36.5
            ]
          ]
        ]
      }
    },
    {
      "type": "Feature",
      "properties": {
        "cell_id": "r188c1226",
        "country": "South Korea",
        "row_global": 188,
        "col_global": 1226,
        "longitude": 126.625,
        "latitude": 36.625
      },
      "geometry": {
        "type": "Polygon",
        "coordinates": [
          [
            [
              126.5,
              36.5
            ],
            [
              126.75,
              36.5
            ],
            [
              126.75,
              36.75
            ],
            [
              126.5,
              36.75
            ],
            [
              126.5,
              36.5
            ]
          ]
        ]
      }
    },
    {
      "type": "Feature",
      "properties": {
        "cell_id": "r188c1227",
        "country": "South Korea",
        "row_global": 188,
        "col_global": 1227,
        "longitude": 126.875,
        "latitude": 36.625
      },
      "geometry": {
        "type": "Polygon",
        "coordinates": [
          [
            [
              126.75,
              36.5
            ],
            [
              127.0,
              36.5
            ],
            [
              127.0,
              36.75
            ],
            [
              126.75,
              36.75
            ],
            [
              126.75,
              36.5
            ]
          ]
        ]
      }
    },
    {
      "type": "Feature",
      "properties": {
        "cell_id": "r188c1228",
        "country": "South Korea",
        "row_global": 188,
        "col_global": 1228,
        "longitude": 127.125,
        "latitude": 36.625
      },
      "geometry": {
        "type": "Polygon",
        "coordinates": [
          [
            [
              127.0,
              36.5
            ],
            [
              127.25,
              36.5
            ],
            [
              127.25,
              36.75
            ],
            [
              127.0,
              36.75
            ],
            [
              127.0,
              36.5
            ]
          ]
        ]
      }
    },
    {
      "type": "Feature",
      "properties": {
        "cell_id": "r188c1229",
        "country": "South Korea",
        "row_global": 188,
        "col_global": 1229,
        "longitude": 127.375,
        "latitude": 36.625
      },
      "geometry": {
        "type": "Polygon",
        "coordinates": [
          [
            [
              127.25,
              36.5
            ],
            [
              127.5,
              36.5
            ],
            [
              127.5,
              36.75
            ],
            [
              127.25,
              36.75
            ],
            [
              127.25,
              36.5
            ]
          ]
        ]
      }
    },
    {
      "type": "Feature",
      "properties": {
        "cell_id": "r188c1230",
        "country": "South Korea",
        "row_global": 188,
        "col_global": 1230,
        "longitude": 127.625,
        "latitude": 36.625
      },
      "geometry": {
        "type": "Polygon",
        "coordinates": [
          [
            [
              127.5,
              36.5
            ],
            [
              127.75,
              36.5
            ],
            [
              127.75,
              36.75
            ],
            [
              127.5,
              36.75
            ],
            [
              127.5,
              36.5
            ]
          ]
        ]
      }
    },
    {
      "type": "Feature",
      "properties": {
        "cell_id": "r188c1231",
        "country": "South Korea",
        "row_global": 188,
        "col_global": 1231,
        "longitude": 127.875,
        "latitude": 36.625
      },
      "geometry": {
        "type": "Polygon",
        "coordinates": [
          [
            [
              127.75,
              36.5
            ],
            [
              128.0,
              36.5
            ],
            [
              128.0,
              36.75
            ],
            [
              127.75,
              36.75
            ],
            [
              127.75,
              36.5
            ]
          ]
        ]
      }
    },
    {
      "type": "Feature",
      "properties": {
        "cell_id": "r188c1232",
        "country": "South Korea",
        "row_global": 188,
        "col_global": 1232,
        "longitude": 128.125,
        "latitude": 36.625
      },
      "geometry": {
        "type": "Polygon",
        "coordinates": [
          [
            [
              128.0,
              36.5
            ],
            [
              128.25,
              36.5
            ],
            [
              128.25,
              36.75
            ],
            [
              128.0,
              36.75
            ],
            [
              128.0,
              36.5
            ]
          ]
        ]
      }
    },
    {
      "type": "Feature",
      "properties": {
        "cell_id": "r188c1233",
        "country": "South Korea",
        "row_global": 188,
        "col_global": 1233,
        "longitude": 128.375,
        "latitude": 36.625
      },
      "geometry": {
        "type": "Polygon",
        "coordinates": [
          [
            [
              128.25,
              36.5
            ],
            [
              128.5,
              36.5
            ],
            [
              128.5,
              36.75
            ],
            [
              128.25,
              36.75
            ],
            [
              128.25,
              36.5
            ]
          ]
        ]
      }
    },
    {
      "type": "Feature",
      "properties": {
        "cell_id": "r188c1234",
        "country": "South Korea",
        "row_global": 188,
        "col_global": 1234,
        "longitude": 128.625,
        "latitude": 36.625
      },
      "geometry": {
        "type": "Polygon",
        "coordinates": [
          [
            [
              128.5,
              36.5
            ],
            [
              128.75,
              36.5
            ],
            [
              128.75,
              36.75
            ],
            [
              128.5,
              36.75
            ],
            [
              128.5,
              36.5
            ]
          ]
        ]
      }
    },
    {
      "type": "Feature",
      "properties": {
        "cell_id": "r188c1235",
        "country": "South Korea",
        "row_global": 188,
        "col_global": 1235,
        "longitude": 128.875,
        "latitude": 36.625
      },
      "geometry": {
        "type": "Polygon",
        "coordinates": [
          [
            [
              128.75,
              36.5
            ],
            [
              129.0,
              36.5
            ],
            [
              129.0,
              36.75
            ],
            [
              128.75,
              36.75
            ],
            [
              128.75,
              36.5
            ]
          ]
        ]
      }
    },
    {
      "type": "Feature",
      "properties": {
        "cell_id": "r188c1236",
        "country": "South Korea",
        "row_global": 188,
        "col_global": 1236,
        "longitude": 129.125,
        "latitude": 36.625
      },
      "geometry": {
        "type": "Polygon",
        "coordinates": [
          [
            [
              129.0,
              36.5
            ],
            [
              129.25,
              36.5
            ],
            [
              129.25,
              36.75
            ],
            [
              129.0,
              36.75
            ],
            [
              129.0,
              36.5
            ]
          ]
        ]
      }
    },
    {
      "type": "Feature",
      "properties": {
        "cell_id": "r188c1237",
        "country": "South Korea",
        "row_global": 188,
        "col_global": 1237,
        "longitude": 129.375,
        "latitude": 36.625
      },
      "geometry": {
        "type": "Polygon",
        "coordinates": [
          [
            [
              129.25,
              36.5
            ],
            [
              129.5,
              36.5
            ],
            [
              129.5,
              36.75
            ],
            [
              129.25,
              36.75
            ],
            [
              129.25,
              36.5
            ]
          ]
        ]
      }
    },
    {
      "type": "Feature",
      "properties": {
        "cell_id": "r189c1226",
        "country": "South Korea",
        "row_global": 189,
        "col_global": 1226,
        "longitude": 126.625,
        "latitude": 36.375
      },
      "geometry": {
        "type": "Polygon",
        "coordinates": [
          [
            [
              126.5,
              36.25
            ],
            [
              126.75,
              36.25
            ],
            [
              126.75,
              36.5
            ],
            [
              126.5,
              36.5
            ],
            [
              126.5,
              36.25
            ]
          ]
        ]
      }
    },
    {
      "type": "Feature",
      "properties": {
        "cell_id": "r189c1227",
        "country": "South Korea",
        "row_global": 189,
        "col_global": 1227,
        "longitude": 126.875,
        "latitude": 36.375
      },
      "geometry": {
        "type": "Polygon",
        "coordinates": [
          [
            [
              126.75,
              36.25
            ],
            [
              127.0,
              36.25
            ],
            [
              127.0,
              36.5
            ],
            [
              126.75,
              36.5
            ],
            [
              126.75,
              36.25
            ]
          ]
        ]
      }
    },
    {
      "type": "Feature",
      "properties": {
        "cell_id": "r189c1228",
        "country": "South Korea",
        "row_global": 189,
        "col_global": 1228,
        "longitude": 127.125,
        "latitude": 36.375
      },
      "geometry": {
        "type": "Polygon",
        "coordinates": [
          [
            [
              127.0,
              36.25
            ],
            [
              127.25,
              36.25
            ],
            [
              127.25,
              36.5
            ],
            [
              127.0,
              36.5
            ],
            [
              127.0,
              36.25
            ]
          ]
        ]
      }
    },
    {
      "type": "Feature",
      "properties": {
        "cell_id": "r189c1229",
        "country": "South Korea",
        "row_global": 189,
        "col_global": 1229,
        "longitude": 127.375,
        "latitude": 36.375
      },
      "geometry": {
        "type": "Polygon",
        "coordinates": [
          [
            [
              127.25,
              36.25
            ],
            [
              127.5,
              36.25
            ],
            [
              127.5,
              36.5
            ],
            [
              127.25,
              36.5
            ],
            [
              127.25,
              36.25
            ]
          ]
        ]
      }
    },
    {
      "type": "Feature",
      "properties": {
        "cell_id": "r189c1230",
        "country": "South Korea",
        "row_global": 189,
        "col_global": 1230,
        "longitude": 127.625,
        "latitude": 36.375
      },
      "geometry": {
        "type": "Polygon",
        "coordinates": [
          [
            [
              127.5,
              36.25
            ],
            [
              127.75,
              36.25
            ],
            [
              127.75,
              36.5
            ],
            [
              127.5,
              36.5
            ],
            [
              127.5,
              36.25
            ]
          ]
        ]
      }
    },
    {
      "type": "Feature",
      "properties": {
        "cell_id": "r189c1231",
        "country": "South Korea",
        "row_global": 189,
        "col_global": 1231,
        "longitude": 127.875,
        "latitude": 36.375
      },
      "geometry": {
        "type": "Polygon",
        "coordinates": [
          [
            [
              127.75,
              36.25
            ],
            [
              128.0,
              36.25
            ],
            [
              128.0,
              36.5
            ],
            [
              127.75,
              36.5
            ],
            [
              127.75,
              36.25
            ]
          ]
        ]
      }
    },
    {
      "type": "Feature",
      "properties": {
        "cell_id": "r189c1232",
        "country": "South Korea",
        "row_global": 189,
        "col_global": 1232,
        "longitude": 128.125,
        "latitude": 36.375
      },
      "geometry": {
        "type": "Polygon",
        "coordinates": [
          [
            [
              128.0,
              36.25
            ],
            [
              128.25,
              36.25
            ],
            [
              128.25,
              36.5
            ],
            [
              128.0,
              36.5
            ],
            [
              128.0,
              36.25
            ]
          ]
        ]
      }
    },
    {
      "type": "Feature",
      "properties": {
        "cell_id": "r189c1233",
        "country": "South Korea",
        "row_global": 189,
        "col_global": 1233,
        "longitude": 128.375,
        "latitude": 36.375
      },
      "geometry": {
        "type": "Polygon",
        "coordinates": [
          [
            [
              128.25,
              36.25
            ],
            [
              128.5,
              36.25
            ],
            [
              128.5,
              36.5
            ],
            [
              128.25,
              36.5
            ],
            [
              128.25,
              36.25
            ]
          ]
        ]
      }
    },
    {
      "type": "Feature",
      "properties": {
        "cell_id": "r189c1234",
        "country": "South Korea",
        "row_global": 189,
        "col_global": 1234,
        "longitude": 128.625,
        "latitude": 36.375
      },
      "geometry": {
        "type": "Polygon",
        "coordinates": [
          [
            [
              128.5,
              36.25
            ],
            [
              128.75,
              36.25
            ],
            [
              128.75,
              36.5
            ],
            [
              128.5,
              36.5
            ],
            [
              128.5,
              36.25
            ]
          ]
        ]
      }
    },
    {
      "type": "Feature",
      "properties": {
        "cell_id": "r189c1235",
        "country": "South Korea",
        "row_global": 189,
        "col_global": 1235,
        "longitude": 128.875,
        "latitude": 36.375
      },
      "geometry": {
        "type": "Polygon",
        "coordinates": [
          [
            [
              128.75,
              36.25
            ],
            [
              129.0,
              36.25
            ],
            [
              129.0,
              36.5
            ],
            [
              128.75,
              36.5
            ],
            [
              128.75,
              36.25
            ]
          ]
        ]
      }
    },
    {
      "type": "Feature",
      "properties": {
        "cell_id": "r189c1236",
        "country": "South Korea",
        "row_global": 189,
        "col_global": 1236,
        "longitude": 129.125,
        "latitude": 36.375
      },
      "geometry": {
        "type": "Polygon",
        "coordinates": [
          [
            [
              129.0,
              36.25
            ],
            [
              129.25,
              36.25
            ],
            [
              129.25,
              36.5
            ],
            [
              129.0,
              36.5
            ],
            [
              129.0,
              36.25
            ]
          ]
        ]
      }
    },
    {
      "type": "Feature",
      "properties": {
        "cell_id": "r189c1237",
        "country": "South Korea",
        "row_global": 189,
        "col_global": 1237,
        "longitude": 129.375,
        "latitude": 36.375
      },
      "geometry": {
        "type": "Polygon",
        "coordinates": [
          [
            [
              129.25,
              36.25
            ],
            [
              129.5,
              36.25
            ],
            [
              129.5,
              36.5
            ],
            [
              129.25,
              36.5
            ],
            [
              129.25,
              36.25
            ]
          ]
        ]
      }
    },
    {
      "type": "Feature",
      "properties": {
        "cell_id": "r190c1226",
        "country": "South Korea",
        "row_global": 190,
        "col_global": 1226,
        "longitude": 126.625,
        "latitude": 36.125
      },
      "geometry": {
        "type": "Polygon",
        "coordinates": [
          [
            [
              126.5,
              36.0
            ],
            [
              126.75,
              36.0
            ],
            [
              126.75,
              36.25
            ],
            [
              126.5,
              36.25
            ],
            [
              126.5,
              36.0
            ]
          ]
        ]
      }
    },
    {
      "type": "Feature",
      "properties": {
        "cell_id": "r190c1227",
        "country": "South Korea",
        "row_global": 190,
        "col_global": 1227,
        "longitude": 126.875,
        "latitude": 36.125
      },
      "geometry": {
        "type": "Polygon",
        "coordinates": [
          [
            [
              126.75,
              36.0
            ],
            [
              127.0,
              36.0
            ],
            [
              127.0,
              36.25
            ],
            [
              126.75,
              36.25
            ],
            [
              126.75,
              36.0
            ]
          ]
        ]
      }
    },
    {
      "type": "Feature",
      "properties": {
        "cell_id": "r190c1228",
        "country": "South Korea",
        "row_global": 190,
        "col_global": 1228,
        "longitude": 127.125,
        "latitude": 36.125
      },
      "geometry": {
        "type": "Polygon",
        "coordinates": [
          [
            [
              127.0,
              36.0
            ],
            [
              127.25,
              36.0
            ],
            [
              127.25,
              36.25
            ],
            [
              127.0,
              36.25
            ],
            [
              127.0,
              36.0
            ]
          ]
        ]
      }
    },
    {
      "type": "Feature",
      "properties": {
        "cell_id": "r190c1229",
        "country": "South Korea",
        "row_global": 190,
        "col_global": 1229,
        "longitude": 127.375,
        "latitude": 36.125
      },
      "geometry": {
        "type": "Polygon",
        "coordinates": [
          [
            [
              127.25,
              36.0
            ],
            [
              127.5,
              36.0
            ],
            [
              127.5,
              36.25
            ],
            [
              127.25,
              36.25
            ],
            [
              127.25,
              36.0
            ]
          ]
        ]
      }
    },
    {
      "type": "Feature",
      "properties": {
        "cell_id": "r190c1230",
        "country": "South Korea",
        "row_global": 190,
        "col_global": 1230,
        "longitude": 127.625,
        "latitude": 36.125
      },
      "geometry": {
        "type": "Polygon",
        "coordinates": [
          [
            [
              127.5,
              36.0
            ],
            [
              127.75,
              36.0
            ],
            [
              127.75,
              36.25
            ],
            [
              127.5,
              36.25
            ],
            [
              127.5,
              36.0
            ]
          ]
        ]
      }
    },
    {
      "type": "Feature",
      "properties": {
        "cell_id": "r190c1231",
        "country": "South Korea",
        "row_global": 190,
        "col_global": 1231,
        "longitude": 127.875,
        "latitude": 36.125
      },
      "geometry": {
        "type": "Polygon",
        "coordinates": [
          [
            [
              127.75,
              36.0
            ],
            [
              128.0,
              36.0
            ],
            [
              128.0,
              36.25
            ],
            [
              127.75,
              36.25
            ],
            [
              127.75,
              36.0
            ]
          ]
        ]
      }
    },
    {
      "type": "Feature",
      "properties": {
        "cell_id": "r190c1232",
        "country": "South Korea",
        "row_global": 190,
        "col_global": 1232,
        "longitude": 128.125,
        "latitude": 36.125
      },
      "geometry": {
        "type": "Polygon",
        "coordinates": [
          [
            [
              128.0,
              36.0
            ],
            [
              128.25,
              36.0
            ],
            [
              128.25,
              36.25
            ],
            [
              128.0,
              36.25
            ],
            [
              128.0,
              36.0
            ]
          ]
        ]
      }
    },
    {
      "type": "Feature",
      "properties": {
        "cell_id": "r190c1233",
        "country": "South Korea",
        "row_global": 190,
        "col_global": 1233,
        "longitude": 128.375,
        "latitude": 36.125
      },
      "geometry": {
        "type": "Polygon",
        "coordinates": [
          [
            [
              128.25,
              36.0
            ],
            [
              128.5,
              36.0
            ],
            [
              128.5,
              36.25
            ],
            [
              128.25,
              36.25
            ],
            [
              128.25,
              36.0
            ]
          ]
        ]
      }
    },
    {
      "type": "Feature",
      "properties": {
        "cell_id": "r190c1234",
        "country": "South Korea",
        "row_global": 190,
        "col_global": 1234,
        "longitude": 128.625,
        "latitude": 36.125
      },
      "geometry": {
        "type": "Polygon",
        "coordinates": [
          [
            [
              128.5,
              36.0
            ],
            [
              128.75,
              36.0
            ],
            [
              128.75,
              36.25
            ],
            [
              128.5,
              36.25
            ],
            [
              128.5,
              36.0
            ]
          ]
        ]
      }
    },
    {
      "type": "Feature",
      "properties": {
        "cell_id": "r190c1235",
        "country": "South Korea",
        "row_global": 190,
        "col_global": 1235,
        "longitude": 128.875,
        "latitude": 36.125
      },
      "geometry": {
        "type": "Polygon",
        "coordinates": [
          [
            [
              128.75,
              36.0
            ],
            [
              129.0,
              36.0
            ],
            [
              129.0,
              36.25
            ],
            [
              128.75,
              36.25
            ],
            [
              128.75,
              36.0
            ]
          ]
        ]
      }
    },
    {
      "type": "Feature",
      "properties": {
        "cell_id": "r190c1236",
        "country": "South Korea",
        "row_global": 190,
        "col_global": 1236,
        "longitude": 129.125,
        "latitude": 36.125
      },
      "geometry": {
        "type": "Polygon",
        "coordinates": [
          [
            [
              129.0,
              36.0
            ],
            [
              129.25,
              36.0
            ],
            [
              129.25,
              36.25
            ],
            [
              129.0,
              36.25
            ],
            [
              129.0,
              36.0
            ]
          ]
        ]
      }
    },
    {
      "type": "Feature",
      "properties": {
        "cell_id": "r190c1237",
        "country": "South Korea",
        "row_global": 190,
        "col_global": 1237,
        "longitude": 129.375,
        "latitude": 36.125
      },
      "geometry": {
        "type": "Polygon",
        "coordinates": [
          [
            [
              129.25,
              36.0
            ],
            [
              129.5,
              36.0
            ],
            [
              129.5,
              36.25
            ],
            [
              129.25,
              36.25
            ],
            [
              129.25,
              36.0
            ]
          ]
        ]
      }
    },
    {
      "type": "Feature",
      "properties": {
        "cell_id": "r191c1227",
        "country": "South Korea",
        "row_global": 191,
        "col_global": 1227,
        "longitude": 126.875,
        "latitude": 35.875
      },
      "geometry": {
        "type": "Polygon",
        "coordinates": [
          [
            [
              126.75,
              35.75
            ],
            [
              127.0,
              35.75
            ],
            [
              127.0,
              36.0
            ],
            [
              126.75,
              36.0
            ],
            [
              126.75,
              35.75
            ]
          ]
        ]
      }
    },
    {
      "type": "Feature",
      "properties": {
        "cell_id": "r191c1228",
        "country": "South Korea",
        "row_global": 191,
        "col_global": 1228,
        "longitude": 127.125,
        "latitude": 35.875
      },
      "geometry": {
        "type": "Polygon",
        "coordinates": [
          [
            [
              127.0,
              35.75
            ],
            [
              127.25,
              35.75
            ],
            [
              127.25,
              36.0
            ],
            [
              127.0,
              36.0
            ],
            [
              127.0,
              35.75
            ]
          ]
        ]
      }
    },
    {
      "type": "Feature",
      "properties": {
        "cell_id": "r191c1229",
        "country": "South Korea",
        "row_global": 191,
        "col_global": 1229,
        "longitude": 127.375,
        "latitude": 35.875
      },
      "geometry": {
        "type": "Polygon",
        "coordinates": [
          [
            [
              127.25,
              35.75
            ],
            [
              127.5,
              35.75
            ],
            [
              127.5,
              36.0
            ],
            [
              127.25,
              36.0
            ],
            [
              127.25,
              35.75
            ]
          ]
        ]
      }
    },
    {
      "type": "Feature",
      "properties": {
        "cell_id": "r191c1230",
        "country": "South Korea",
        "row_global": 191,
        "col_global": 1230,
        "longitude": 127.625,
        "latitude": 35.875
      },
      "geometry": {
        "type": "Polygon",
        "coordinates": [
          [
            [
              127.5,
              35.75
            ],
            [
              127.75,
              35.75
            ],
            [
              127.75,
              36.0
            ],
            [
              127.5,
              36.0
            ],
            [
              127.5,
              35.75
            ]
          ]
        ]
      }
    },
    {
      "type": "Feature",
      "properties": {
        "cell_id": "r191c1231",
        "country": "South Korea",
        "row_global": 191,
        "col_global": 1231,
        "longitude": 127.875,
        "latitude": 35.875
      },
      "geometry": {
        "type": "Polygon",
        "coordinates": [
          [
            [
              127.75,
              35.75
            ],
            [
              128.0,
              35.75
            ],
            [
              128.0,
              36.0
            ],
            [
              127.75,
              36.0
            ],
            [
              127.75,
              35.75
            ]
          ]
        ]
      }
    },
    {
      "type": "Feature",
      "properties": {
        "cell_id": "r191c1232",
        "country": "South Korea",
        "row_global": 191,
        "col_global": 1232,
        "longitude": 128.125,
        "latitude": 35.875
      },
      "geometry": {
        "type": "Polygon",
        "coordinates": [
          [
            [
              128.0,
              35.75
            ],
            [
              128.25,
              35.75
            ],
            [
              128.25,
              36.0
            ],
            [
              128.0,
              36.0
            ],
            [
              128.0,
              35.75
            ]
          ]
        ]
      }
    },
    {
      "type": "Feature",
      "properties": {
        "cell_id": "r191c1233",
        "country": "South Korea",
        "row_global": 191,
        "col_global": 1233,
        "longitude": 128.375,
        "latitude": 35.875
      },
      "geometry": {
        "type": "Polygon",
        "coordinates": [
          [
            [
              128.25,
              35.75
            ],
            [
              128.5,
              35.75
            ],
            [
              128.5,
              36.0
            ],
            [
              128.25,
              36.0
            ],
            [
              128.25,
              35.75
            ]
          ]
        ]
      }
    },
    {
      "type": "Feature",
      "properties": {
        "cell_id": "r191c1234",
        "country": "South Korea",
        "row_global": 191,
        "col_global": 1234,
        "longitude": 128.625,
        "latitude": 35.875
      },
      "geometry": {
        "type": "Polygon",
        "coordinates": [
          [
            [
              128.5,
              35.75
            ],
            [
              128.75,
              35.75
            ],
            [
              128.75,
              36.0
            ],
            [
              128.5,
              36.0
            ],
            [
              128.5,
              35.75
            ]
          ]
        ]
      }
    },
    {
      "type": "Feature",
      "properties": {
        "cell_id": "r191c1235",
        "country": "South Korea",
        "row_global": 191,
        "col_global": 1235,
        "longitude": 128.875,
        "latitude": 35.875
      },
      "geometry": {
        "type": "Polygon",
        "coordinates": [
          [
            [
              128.75,
              35.75
            ],
            [
              129.0,
              35.75
            ],
            [
              129.0,
              36.0
            ],
            [
              128.75,
              36.0
            ],
            [
              128.75,
              35.75
            ]
          ]
        ]
      }
    },
    {
      "type": "Feature",
      "properties": {
        "cell_id": "r191c1236",
        "country": "South Korea",
        "row_global": 191,
        "col_global": 1236,
        "longitude": 129.125,
        "latitude": 35.875
      },
      "geometry": {
        "type": "Polygon",
        "coordinates": [
          [
            [
              129.0,
              35.75
            ],
            [
              129.25,
              35.75
            ],
            [
              129.25,
              36.0
            ],
            [
              129.0,
              36.0
            ],
            [
              129.0,
              35.75
            ]
          ]
        ]
      }
    },
    {
      "type": "Feature",
      "properties": {
        "cell_id": "r191c1237",
        "country": "South Korea",
        "row_global": 191,
        "col_global": 1237,
        "longitude": 129.375,
        "latitude": 35.875
      },
      "geometry": {
        "type": "Polygon",
        "coordinates": [
          [
            [
              129.25,
              35.75
            ],
            [
              129.5,
              35.75
            ],
            [
              129.5,
              36.0
            ],
            [
              129.25,
              36.0
            ],
            [
              129.25,
              35.75
            ]
          ]
        ]
      }
    },
    {
      "type": "Feature",
      "properties": {
        "cell_id": "r192c1226",
        "country": "South Korea",
        "row_global": 192,
        "col_global": 1226,
        "longitude": 126.625,
        "latitude": 35.625
      },
      "geometry": {
        "type": "Polygon",
        "coordinates": [
          [
            [
              126.5,
              35.5
            ],
            [
              126.75,
              35.5
            ],
            [
              126.75,
              35.75
            ],
            [
              126.5,
              35.75
            ],
            [
              126.5,
              35.5
            ]
          ]
        ]
      }
    },
    {
      "type": "Feature",
      "properties": {
        "cell_id": "r192c1227",
        "country": "South Korea",
        "row_global": 192,
        "col_global": 1227,
        "longitude": 126.875,
        "latitude": 35.625
      },
      "geometry": {
        "type": "Polygon",
        "coordinates": [
          [
            [
              126.75,
              35.5
            ],
            [
              127.0,
              35.5
            ],
            [
              127.0,
              35.75
            ],
            [
              126.75,
              35.75
            ],
            [
              126.75,
              35.5
            ]
          ]
        ]
      }
    },
    {
      "type": "Feature",
      "properties": {
        "cell_id": "r192c1228",
        "country": "South Korea",
        "row_global": 192,
        "col_global": 1228,
        "longitude": 127.125,
        "latitude": 35.625
      },
      "geometry": {
        "type": "Polygon",
        "coordinates": [
          [
            [
              127.0,
              35.5
            ],
            [
              127.25,
              35.5
            ],
            [
              127.25,
              35.75
            ],
            [
              127.0,
              35.75
            ],
            [
              127.0,
              35.5
            ]
          ]
        ]
      }
    },
    {
      "type": "Feature",
      "properties": {
        "cell_id": "r192c1229",
        "country": "South Korea",
        "row_global": 192,
        "col_global": 1229,
        "longitude": 127.375,
        "latitude": 35.625
      },
      "geometry": {
        "type": "Polygon",
        "coordinates": [
          [
            [
              127.25,
              35.5
            ],
            [
              127.5,
              35.5
            ],
            [
              127.5,
              35.75
            ],
            [
              127.25,
              35.75
            ],
            [
              127.25,
              35.5
            ]
          ]
        ]
      }
    },
    {
      "type": "Feature",
      "properties": {
        "cell_id": "r192c1230",
        "country": "South Korea",
        "row_global": 192,
        "col_global": 1230,
        "longitude": 127.625,
        "latitude": 35.625
      },
      "geometry": {
        "type": "Polygon",
        "coordinates": [
          [
            [
              127.5,
              35.5
            ],
            [
              127.75,
              35.5
            ],
            [
              127.75,
              35.75
            ],
            [
              127.5,
              35.75
            ],
            [
              127.5,
              35.5
            ]
          ]
        ]
      }
    },
    {
      "type": "Feature",
      "properties": {
        "cell_id": "r192c1231",
        "country": "South Korea",
        "row_global": 192,
        "col_global": 1231,
        "longitude": 127.875,
        "latitude": 35.625
      },
      "geometry": {
        "type": "Polygon",
        "coordinates": [
          [
            [
              127.75,
              35.5
            ],
            [
              128.0,
              35.5
            ],
            [
              128.0,
              35.75
            ],
            [
              127.75,
              35.75
            ],
            [
              127.75,
              35.5
            ]
          ]
        ]
      }
    },
    {
      "type": "Feature",
      "properties": {
        "cell_id": "r192c1232",
        "country": "South Korea",
        "row_global": 192,
        "col_global": 1232,
        "longitude": 128.125,
        "latitude": 35.625
      },
      "geometry": {
        "type": "Polygon",
        "coordinates": [
          [
            [
              128.0,
              35.5
            ],
            [
              128.25,
              35.5
            ],
            [
              128.25,
              35.75
            ],
            [
              128.0,
              35.75
            ],
            [
              128.0,
              35.5
            ]
          ]
        ]
      }
    },
    {
      "type": "Feature",
      "properties": {
        "cell_id": "r192c1233",
        "country": "South Korea",
        "row_global": 192,
        "col_global": 1233,
        "longitude": 128.375,
        "latitude": 35.625
      },
      "geometry": {
        "type": "Polygon",
        "coordinates": [
          [
            [
              128.25,
              35.5
            ],
            [
              128.5,
              35.5
            ],
            [
              128.5,
              35.75
            ],
            [
              128.25,
              35.75
            ],
            [
              128.25,
              35.5
            ]
          ]
        ]
      }
    },
    {
      "type": "Feature",
      "properties": {
        "cell_id": "r192c1234",
        "country": "South Korea",
        "row_global": 192,
        "col_global": 1234,
        "longitude": 128.625,
        "latitude": 35.625
      },
      "geometry": {
        "type": "Polygon",
        "coordinates": [
          [
            [
              128.5,
              35.5
            ],
            [
              128.75,
              35.5
            ],
            [
              128.75,
              35.75
            ],
            [
              128.5,
              35.75
            ],
            [
              128.5,
              35.5
            ]
          ]
        ]
      }
    },
    {
      "type": "Feature",
      "properties": {
        "cell_id": "r192c1235",
        "country": "South Korea",
        "row_global": 192,
        "col_global": 1235,
        "longitude": 128.875,
        "latitude": 35.625
      },
      "geometry": {
        "type": "Polygon",
        "coordinates": [
          [
            [
              128.75,
              35.5
            ],
            [
              129.0,
              35.5
            ],
            [
              129.0,
              35.75
            ],
            [
              128.75,
              35.75
            ],
            [
              128.75,
              35.5
            ]
          ]
        ]
      }
    },
    {
      "type": "Feature",
      "properties": {
        "cell_id": "r192c1236",
        "country": "South Korea",
        "row_global": 192,
        "col_global": 1236,
        "longitude": 129.125,
        "latitude": 35.625
      },
      "geometry": {
        "type": "Polygon",
        "coordinates": [
          [
            [
              129.0,
              35.5
            ],
            [
              129.25,
              35.5
            ],
            [
              129.25,
              35.75
            ],
            [
              129.0,
              35.75
            ],
            [
              129.0,
              35.5
            ]
          ]
        ]
      }
    },
    {
      "type": "Feature",
      "properties": {
        "cell_id": "r192c1237",
        "country": "South Korea",
        "row_global": 192,
        "col_global": 1237,
        "longitude": 129.375,
        "latitude": 35.625
      },
      "geometry": {
        "type": "Polygon",
        "coordinates": [
          [
            [
              129.25,
              35.5
            ],
            [
              129.5,
              35.5
            ],
            [
              129.5,
              35.75
            ],
            [
              129.25,
              35.75
            ],
            [
              129.25,
              35.5
            ]
          ]
        ]
      }
    },
    {
      "type": "Feature",
      "properties": {
        "cell_id": "r193c1226",
        "country": "South Korea",
        "row_global": 193,
        "col_global": 1226,
        "longitude": 126.625,
        "latitude": 35.375
      },
      "geometry": {
        "type": "Polygon",
        "coordinates": [
          [
            [
              126.5,
              35.25
            ],
            [
              126.75,
              35.25
            ],
            [
              126.75,
              35.5
            ],
            [
              126.5,
              35.5
            ],
            [
              126.5,
              35.25
            ]
          ]
        ]
      }
    },
    {
      "type": "Feature",
      "properties": {
        "cell_id": "r193c1227",
        "country": "South Korea",
        "row_global": 193,
        "col_global": 1227,
        "longitude": 126.875,
        "latitude": 35.375
      },
      "geometry": {
        "type": "Polygon",
        "coordinates": [
          [
            [
              126.75,
              35.25
            ],
            [
              127.0,
              35.25
            ],
            [
              127.0,
              35.5
            ],
            [
              126.75,
              35.5
            ],
            [
              126.75,
              35.25
            ]
          ]
        ]
      }
    },
    {
      "type": "Feature",
      "properties": {
        "cell_id": "r193c1228",
        "country": "South Korea",
        "row_global": 193,
        "col_global": 1228,
        "longitude": 127.125,
        "latitude": 35.375
      },
      "geometry": {
        "type": "Polygon",
        "coordinates": [
          [
            [
              127.0,
              35.25
            ],
            [
              127.25,
              35.25
            ],
            [
              127.25,
              35.5
            ],
            [
              127.0,
              35.5
            ],
            [
              127.0,
              35.25
            ]
          ]
        ]
      }
    },
    {
      "type": "Feature",
      "properties": {
        "cell_id": "r193c1229",
        "country": "South Korea",
        "row_global": 193,
        "col_global": 1229,
        "longitude": 127.375,
        "latitude": 35.375
      },
      "geometry": {
        "type": "Polygon",
        "coordinates": [
          [
            [
              127.25,
              35.25
            ],
            [
              127.5,
              35.25
            ],
            [
              127.5,
              35.5
            ],
            [
              127.25,
              35.5
            ],
            [
              127.25,
              35.25
            ]
          ]
        ]
      }
    },
    {
      "type": "Feature",
      "properties": {
        "cell_id": "r193c1230",
        "country": "South Korea",
        "row_global": 193,
        "col_global": 1230,
        "longitude": 127.625,
        "latitude": 35.375
      },
      "geometry": {
        "type": "Polygon",
        "coordinates": [
          [
            [
              127.5,
              35.25
            ],
            [
              127.75,
              35.25
            ],
            [
              127.75,
              35.5
            ],
            [
              127.5,
              35.5
            ],
            [
              127.5,
              35.25
            ]
          ]
        ]
      }
    },
    {
      "type": "Feature",
      "properties": {
        "cell_id": "r193c1231",
        "country": "South Korea",
        "row_global": 193,
        "col_global": 1231,
        "longitude": 127.875,
        "latitude": 35.375
      },
      "geometry": {
        "type": "Polygon",
        "coordinates": [
          [
            [
              127.75,
              35.25
            ],
            [
              128.0,
              35.25
            ],
            [
              128.0,
              35.5
            ],
            [
              127.75,
              35.5
            ],
            [
              127.75,
              35.25
            ]
          ]
        ]
      }
    },
    {
      "type": "Feature",
      "properties": {
        "cell_id": "r193c1232",
        "country": "South Korea",
        "row_global": 193,
        "col_global": 1232,
        "longitude": 128.125,
        "latitude": 35.375
      },
      "geometry": {
        "type": "Polygon",
        "coordinates": [
          [
            [
              128.0,
              35.25
            ],
            [
              128.25,
              35.25
            ],
            [
              128.25,
              35.5
            ],
            [
              128.0,
              35.5
            ],
            [
              128.0,
              35.25
            ]
          ]
        ]
      }
    },
    {
      "type": "Feature",
      "properties": {
        "cell_id": "r193c1233",
        "country": "South Korea",
        "row_global": 193,
        "col_global": 1233,
        "longitude": 128.375,
        "latitude": 35.375
      },
      "geometry": {
        "type": "Polygon",
        "coordinates": [
          [
            [
              128.25,
              35.25
            ],
            [
              128.5,
              35.25
            ],
            [
              128.5,
              35.5
            ],
            [
              128.25,
              35.5
            ],
            [
              128.25,
              35.25
            ]
          ]
        ]
      }
    },
    {
      "type": "Feature",
      "properties": {
        "cell_id": "r193c1234",
        "country": "South Korea",
        "row_global": 193,
        "col_global": 1234,
        "longitude": 128.625,
        "latitude": 35.375
      },
      "geometry": {
        "type": "Polygon",
        "coordinates": [
          [
            [
              128.5,
              35.25
            ],
            [
              128.75,
              35.25
            ],
            [
              128.75,
              35.5
            ],
            [
              128.5,
              35.5
            ],
            [
              128.5,
              35.25
            ]
          ]
        ]
      }
    },
    {
      "type": "Feature",
      "properties": {
        "cell_id": "r193c1235",
        "country": "South Korea",
        "row_global": 193,
        "col_global": 1235,
        "longitude": 128.875,
        "latitude": 35.375
      },
      "geometry": {
        "type": "Polygon",
        "coordinates": [
          [
            [
              128.75,
              35.25
            ],
            [
              129.0,
              35.25
            ],
            [
              129.0,
              35.5
            ],
            [
              128.75,
              35.5
            ],
            [
              128.75,
              35.25
            ]
          ]
        ]
      }
    },
    {
      "type": "Feature",
      "properties": {
        "cell_id": "r193c1236",
        "country": "South Korea",
        "row_global": 193,
        "col_global": 1236,
        "longitude": 129.125,
        "latitude": 35.375
      },
      "geometry": {
        "type": "Polygon",
        "coordinates": [
          [
            [
              129.0,
              35.25
            ],
            [
              129.25,
              35.25
            ],
            [
              129.25,
              35.5
            ],
            [
              129.0,
              35.5
            ],
            [
              129.0,
              35.25
            ]
          ]
        ]
      }
    },
    {
      "type": "Feature",
      "properties": {
        "cell_id": "r194c1224",
        "country": "South Korea",
        "row_global": 194,
        "col_global": 1224,
        "longitude": 126.125,
        "latitude": 35.125
      },
      "geometry": {
        "type": "Polygon",
        "coordinates": [
          [
            [
              126.0,
              35.0
            ],
            [
              126.25,
              35.0
            ],
            [
              126.25,
              35.25
            ],
            [
              126.0,
              35.25
            ],
            [
              126.0,
              35.0
            ]
          ]
        ]
      }
    },
    {
      "type": "Feature",
      "properties": {
        "cell_id": "r194c1226",
        "country": "South Korea",
        "row_global": 194,
        "col_global": 1226,
        "longitude": 126.625,
        "latitude": 35.125
      },
      "geometry": {
        "type": "Polygon",
        "coordinates": [
          [
            [
              126.5,
              35.0
            ],
            [
              126.75,
              35.0
            ],
            [
              126.75,
              35.25
            ],
            [
              126.5,
              35.25
            ],
            [
              126.5,
              35.0
            ]
          ]
        ]
      }
    },
    {
      "type": "Feature",
      "properties": {
        "cell_id": "r194c1227",
        "country": "South Korea",
        "row_global": 194,
        "col_global": 1227,
        "longitude": 126.875,
        "latitude": 35.125
      },
      "geometry": {
        "type": "Polygon",
        "coordinates": [
          [
            [
              126.75,
              35.0
            ],
            [
              127.0,
              35.0
            ],
            [
              127.0,
              35.25
            ],
            [
              126.75,
              35.25
            ],
            [
              126.75,
              35.0
            ]
          ]
        ]
      }
    },
    {
      "type": "Feature",
      "properties": {
        "cell_id": "r194c1228",
        "country": "South Korea",
        "row_global": 194,
        "col_global": 1228,
        "longitude": 127.125,
        "latitude": 35.125
      },
      "geometry": {
        "type": "Polygon",
        "coordinates": [
          [
            [
              127.0,
              35.0
            ],
            [
              127.25,
              35.0
            ],
            [
              127.25,
              35.25
            ],
            [
              127.0,
              35.25
            ],
            [
              127.0,
              35.0
            ]
          ]
        ]
      }
    },
    {
      "type": "Feature",
      "properties": {
        "cell_id": "r194c1229",
        "country": "South Korea",
        "row_global": 194,
        "col_global": 1229,
        "longitude": 127.375,
        "latitude": 35.125
      },
      "geometry": {
        "type": "Polygon",
        "coordinates": [
          [
            [
              127.25,
              35.0
            ],
            [
              127.5,
              35.0
            ],
            [
              127.5,
              35.25
            ],
            [
              127.25,
              35.25
            ],
            [
              127.25,
              35.0
            ]
          ]
        ]
      }
    },
    {
      "type": "Feature",
      "properties": {
        "cell_id": "r194c1230",
        "country": "South Korea",
        "row_global": 194,
        "col_global": 1230,
        "longitude": 127.625,
        "latitude": 35.125
      },
      "geometry": {
        "type": "Polygon",
        "coordinates": [
          [
            [
              127.5,
              35.0
            ],
            [
              127.75,
              35.0
            ],
            [
              127.75,
              35.25
            ],
            [
              127.5,
              35.25
            ],
            [
              127.5,
              35.0
            ]
          ]
        ]
      }
    },
    {
      "type": "Feature",
      "properties": {
        "cell_id": "r194c1231",
        "country": "South Korea",
        "row_global": 194,
        "col_global": 1231,
        "longitude": 127.875,
        "latitude": 35.125
      },
      "geometry": {
        "type": "Polygon",
        "coordinates": [
          [
            [
              127.75,
              35.0
            ],
            [
              128.0,
              35.0
            ],
            [
              128.0,
              35.25
            ],
            [
              127.75,
              35.25
            ],
            [
              127.75,
              35.0
            ]
          ]
        ]
      }
    },
    {
      "type": "Feature",
      "properties": {
        "cell_id": "r194c1232",
        "country": "South Korea",
        "row_global": 194,
        "col_global": 1232,
        "longitude": 128.125,
        "latitude": 35.125
      },
      "geometry": {
        "type": "Polygon",
        "coordinates": [
          [
            [
              128.0,
              35.0
            ],
            [
              128.25,
              35.0
            ],
            [
              128.25,
              35.25
            ],
            [
              128.0,
              35.25
            ],
            [
              128.0,
              35.0
            ]
          ]
        ]
      }
    },
    {
      "type": "Feature",
      "properties": {
        "cell_id": "r194c1233",
        "country": "South Korea",
        "row_global": 194,
        "col_global": 1233,
        "longitude": 128.375,
        "latitude": 35.125
      },
      "geometry": {
        "type": "Polygon",
        "coordinates": [
          [
            [
              128.25,
              35.0
            ],
            [
              128.5,
              35.0
            ],
            [
              128.5,
              35.25
            ],
            [
              128.25,
              35.25
            ],
            [
              128.25,
              35.0
            ]
          ]
        ]
      }
    },
    {
      "type": "Feature",
      "properties": {
        "cell_id": "r194c1235",
        "country": "South Korea",
        "row_global": 194,
        "col_global": 1235,
        "longitude": 128.875,
        "latitude": 35.125
      },
      "geometry": {
        "type": "Polygon",
        "coordinates": [
          [
            [
              128.75,
              35.0
            ],
            [
              129.0,
              35.0
            ],
            [
              129.0,
              35.25
            ],
            [
              128.75,
              35.25
            ],
            [
              128.75,
              35.0
            ]
          ]
        ]
      }
    },
    {
      "type": "Feature",
      "properties": {
        "cell_id": "r194c1236",
        "country": "South Korea",
        "row_global": 194,
        "col_global": 1236,
        "longitude": 129.125,
        "latitude": 35.125
      },
      "geometry": {
        "type": "Polygon",
        "coordinates": [
          [
            [
              129.0,
              35.0
            ],
            [
              129.25,
              35.0
            ],
            [
              129.25,
              35.25
            ],
            [
              129.0,
              35.25
            ],
            [
              129.0,
              35.0
            ]
          ]
        ]
      }
    },
    {
      "type": "Feature",
      "properties": {
        "cell_id": "r195c1224",
        "country": "South Korea",
        "row_global": 195,
        "col_global": 1224,
        "longitude": 126.125,
        "latitude": 34.875
      },
      "geometry": {
        "type": "Polygon",
        "coordinates": [
          [
            [
              126.0,
              34.75
            ],
            [
              126.25,
              34.75
            ],
            [
              126.25,
              35.0
            ],
            [
              126.0,
              35.0
            ],
            [
              126.0,
              34.75
            ]
          ]
        ]
      }
    },
    {
      "type": "Feature",
      "properties": {
        "cell_id": "r195c1226",
        "country": "South Korea",
        "row_global": 195,
        "col_global": 1226,
        "longitude": 126.625,
        "latitude": 34.875
      },
      "geometry": {
        "type": "Polygon",
        "coordinates": [
          [
            [
              126.5,
              34.75
            ],
            [
              126.75,
              34.75
            ],
            [
              126.75,
              35.0
            ],
            [
              126.5,
              35.0
            ],
            [
              126.5,
              34.75
            ]
          ]
        ]
      }
    },
    {
      "type": "Feature",
      "properties": {
        "cell_id": "r195c1227",
        "country": "South Korea",
        "row_global": 195,
        "col_global": 1227,
        "longitude": 126.875,
        "latitude": 34.875
      },
      "geometry": {
        "type": "Polygon",
        "coordinates": [
          [
            [
              126.75,
              34.75
            ],
            [
              127.0,
              34.75
            ],
            [
              127.0,
              35.0
            ],
            [
              126.75,
              35.0
            ],
            [
              126.75,
              34.75
            ]
          ]
        ]
      }
    },
    {
      "type": "Feature",
      "properties": {
        "cell_id": "r195c1228",
        "country": "South Korea",
        "row_global": 195,
        "col_global": 1228,
        "longitude": 127.125,
        "latitude": 34.875
      },
      "geometry": {
        "type": "Polygon",
        "coordinates": [
          [
            [
              127.0,
              34.75
            ],
            [
              127.25,
              34.75
            ],
            [
              127.25,
              35.0
            ],
            [
              127.0,
              35.0
            ],
            [
              127.0,
              34.75
            ]
          ]
        ]
      }
    },
    {
      "type": "Feature",
      "properties": {
        "cell_id": "r195c1229",
        "country": "South Korea",
        "row_global": 195,
        "col_global": 1229,
        "longitude": 127.375,
        "latitude": 34.875
      },
      "geometry": {
        "type": "Polygon",
        "coordinates": [
          [
            [
              127.25,
              34.75
            ],
            [
              127.5,
              34.75
            ],
            [
              127.5,
              35.0
            ],
            [
              127.25,
              35.0
            ],
            [
              127.25,
              34.75
            ]
          ]
        ]
      }
    },
    {
      "type": "Feature",
      "properties": {
        "cell_id": "r195c1231",
        "country": "South Korea",
        "row_global": 195,
        "col_global": 1231,
        "longitude": 127.875,
        "latitude": 34.875
      },
      "geometry": {
        "type": "Polygon",
        "coordinates": [
          [
            [
              127.75,
              34.75
            ],
            [
              128.0,
              34.75
            ],
            [
              128.0,
              35.0
            ],
            [
              127.75,
              35.0
            ],
            [
              127.75,
              34.75
            ]
          ]
        ]
      }
    },
    {
      "type": "Feature",
      "properties": {
        "cell_id": "r195c1233",
        "country": "South Korea",
        "row_global": 195,
        "col_global": 1233,
        "longitude": 128.375,
        "latitude": 34.875
      },
      "geometry": {
        "type": "Polygon",
        "coordinates": [
          [
            [
              128.25,
              34.75
            ],
            [
              128.5,
              34.75
            ],
            [
              128.5,
              35.0
            ],
            [
              128.25,
              35.0
            ],
            [
              128.25,
              34.75
            ]
          ]
        ]
      }
    },
    {
      "type": "Feature",
      "properties": {
        "cell_id": "r195c1234",
        "country": "South Korea",
        "row_global": 195,
        "col_global": 1234,
        "longitude": 128.625,
        "latitude": 34.875
      },
      "geometry": {
        "type": "Polygon",
        "coordinates": [
          [
            [
              128.5,
              34.75
            ],
            [
              128.75,
              34.75
            ],
            [
              128.75,
              35.0
            ],
            [
              128.5,
              35.0
            ],
            [
              128.5,
              34.75
            ]
          ]
        ]
      }
    },
    {
      "type": "Feature",
      "properties": {
        "cell_id": "r196c1226",
        "country": "South Korea",
        "row_global": 196,
        "col_global": 1226,
        "longitude": 126.625,
        "latitude": 34.625
      },
      "geometry": {
        "type": "Polygon",
        "coordinates": [
          [
            [
              126.5,
              34.5
            ],
            [
              126.75,
              34.5
            ],
            [
              126.75,
              34.75
            ],
            [
              126.5,
              34.75
            ],
            [
              126.5,
              34.5
            ]
          ]
        ]
      }
    },
    {
      "type": "Feature",
      "properties": {
        "cell_id": "r196c1227",
        "country": "South Korea",
        "row_global": 196,
        "col_global": 1227,
        "longitude": 126.875,
        "latitude": 34.625
      },
      "geometry": {
        "type": "Polygon",
        "coordinates": [
          [
            [
              126.75,
              34.5
            ],
            [
              127.0,
              34.5
            ],
            [
              127.0,
              34.75
            ],
            [
              126.75,
              34.75
            ],
            [
              126.75,
              34.5
            ]
          ]
        ]
      }
    },
    {
      "type": "Feature",
      "properties": {
        "cell_id": "r196c1229",
        "country": "South Korea",
        "row_global": 196,
        "col_global": 1229,
        "longitude": 127.375,
        "latitude": 34.625
      },
      "geometry": {
        "type": "Polygon",
        "coordinates": [
          [
            [
              127.25,
              34.5
            ],
            [
              127.5,
              34.5
            ],
            [
              127.5,
              34.75
            ],
            [
              127.25,
              34.75
            ],
            [
              127.25,
              34.5
            ]
          ]
        ]
      }
    },
    {
      "type": "Feature",
      "properties": {
        "cell_id": "r201c1225",
        "country": "South Korea",
        "row_global": 201,
        "col_global": 1225,
        "longitude": 126.375,
        "latitude": 33.375
      },
      "geometry": {
        "type": "Polygon",
        "coordinates": [
          [
            [
              126.25,
              33.25
            ],
            [
              126.5,
              33.25
            ],
            [
              126.5,
              33.5
            ],
            [
              126.25,
              33.5
            ],
            [
              126.25,
              33.25
            ]
          ]
        ]
      }
    },
    {
      "type": "Feature",
      "properties": {
        "cell_id": "r201c1226",
        "country": "South Korea",
        "row_global": 201,
        "col_global": 1226,
        "longitude": 126.625,
        "latitude": 33.375
      },
      "geometry": {
        "type": "Polygon",
        "coordinates": [
          [
            [
              126.5,
              33.25
            ],
            [
              126.75,
              33.25
            ],
            [
              126.75,
              33.5
            ],
            [
              126.5,
              33.5
            ],
            [
              126.5,
              33.25
            ]
          ]
        ]
      }
    },
    {
      "type": "Feature",
      "properties": {
        "cell_id": "r201c1227",
        "country": "South Korea",
        "row_global": 201,
        "col_global": 1227,
        "longitude": 126.875,
        "latitude": 33.375
      },
      "geometry": {
        "type": "Polygon",
        "coordinates": [
          [
            [
              126.75,
              33.25
            ],
            [
              127.0,
              33.25
            ],
            [
              127.0,
              33.5
            ],
            [
              126.75,
              33.5
            ],
            [
              126.75,
              33.25
            ]
          ]
        ]
      }
    }
  ]
}
