cell_id,year,ambient_population
r163c1239,1975,109388.78730946065
r163c1240,1975,45795.41832088561
r164c1239,1975,15483.047072459682
r164c1240,1975,30796.922569509643
r165c1237,1975,3226.9275517051947
r165c1238,1975,42172.42677948157
r165c1239,1975,33434.94400907752
r165c1240,1975,1368.9412037482925
r165c1241,1975,141409.3552186365
r165c1242,1975,14576.598319503682
r166c1236,1975,60852.12268192118
r166c1237,1975,13620.914060290226
r166c1238,1975,56157.84740794335
r166c1239,1975,1331.4433944928896
r166c1240,1975,8030.280510524884
r167c1232,1975,4678.532850212627
r167c1233,1975,13542.497435980795
r167c1234,1975,3535.683605468361
r167c1235,1975,4315.920176519168
r167c1236,1975,9435.785940106918
r167c1237,1975,719.6576281394152
r167c1238,1975,123859.9130816179
r167c1239,1975,646819.6829824883
r168c1226,1975,4218.969348457727
r168c1227,1975,20607.537949670164
r168c1233,1975,15328.221913393083
r168c1234,1975,1121.4573568302044
r168c1235,1975,2274.8379205316014
r168c1236,1975,21.83330774307251
r168c1237,1975,1046.554008433946
r168c1238,1975,241679.55782324754
r169c1226,1975,23701.18468394776
r169c1227,1975,5724.234944671392
r169c1228,1975,5153.3690357059395
r169c1229,1975,6426.6845096500765
r169c1230,1975,6256.94649404908
r169c1231,1975,9161.097596568618
r169c1232,1975,562848.5752367817
r169c1233,1975,14910.244312233639
r169c1234,1975,2768.0001844102553
r169c1235,1975,259.09622154630284
r169c1236,1975,1735.2347304400275
r169c1237,1975,31793.432935455665
r169c1238,1975,33966.588905217905
r170c1225,1975,140479.6365339664
r170c1226,1975,12438.255062754466
r170c1227,1975,982.851625706796
r170c1228,1975,1985.7616849541664
r170c1229,1975,493.02611481770873
r170c1230,1975,189.41186888422817
r170c1231,1975,3105.8821833990514
r170c1232,1975,4850.426596589328
r170c1233,1975,18409.621627099303
r170c1234,1975,6033.713630894199
r170c1235,1975,7866.333793905715
r170c1236,1975,406.5234301691802
r170c1237,1975,33031.54070931973
r170c1238,1975,4625.930466736565
r171c1223,1975,20793.982243509803
r171c1224,1975,2831.703832133621
r171c1225,1975,1008.5623597585394
r171c1226,1975,491843.51466213114
r171c1227,1975,1672.7844844880058
r171c1228,1975,11818.854316115612
r171c1229,1975,982.3808743103573
r171c1230,1975,1035.8444741467415
r171c1231,1975,2313.5176291950047
r171c1232,1975,30365.02718032144
r171c1233,1975,2078.5853951313143
r171c1234,1975,647.6061241729185
r171c1235,1975,55383.6208801282
r171c1236,1975,5321.05213426223
r171c1237,1975,106765.21279158734
r171c1238,1975,19554.199716033712
r172c1221,1975,8742.000659920006
r172c1222,1975,8974.067527479592
r172c1223,1975,5848.969520658255
r172c1224,1975,3185.9658073204405
r172c1225,1975,105393.8894969506
r172c1226,1975,20919.208363673093
r172c1227,1975,1093.1857471577823
r172c1228,1975,1369.8355417791754
r172c1229,1975,168.62772911600769
r172c1230,1975,4658.272174842429
r172c1231,1975,3982.6507889599047
r172c1232,1975,4213.010324177252
r172c1233,1975,602.5671485712277
r172c1234,1975,36750.402879282134
r172c1235,1975,23229.81601281499
r172c1236,1975,265315.71461856645
r173c1219,1975,28844.256791543048
r173c1220,1975,57368.85621707204
r173c1221,1975,689.4297568729768
r173c1222,1975,3202.9298710990693
r173c1223,1975,463.05363714694977
r173c1224,1975,1673.4187623686212
r173c1225,1975,8268.336638692137
r173c1226,1975,6434.386201143265
r173c1227,1975,942.9192834198475
r173c1228,1975,4818.66936717342
r173c1229,1975,739.7949216634327
r173c1230,1975,11204.091985832412
r173c1231,1975,1601.158715152861
r173c1232,1975,8217.015426009255
r173c1233,1975,36251.99447264422
r173c1234,1975,37902.133103414235
r174c1218,1975,38787.679071629645
r174c1219,1975,1816.8267910949594
r174c1220,1975,77029.8455654341
r174c1221,1975,1234.1875121852127
r174c1222,1975,9786.252383970737
r174c1223,1975,54128.18074230452
r174c1224,1975,146070.25786113788
r174c1225,1975,210532.64547898504
r174c1226,1975,2208.666411923493
r174c1227,1975,2895.316001312807
r174c1228,1975,83.27121336672788
r174c1229,1975,32271.432680326678
r174c1230,1975,41036.52981831641
r174c1231,1975,114851.44083236017
r174c1232,1975,203163.6686747638
r174c1233,1975,82103.53328528283
r175c1217,1975,64981.445119087984
r175c1218,1975,89864.60350206906
r175c1219,1975,45422.89945292739
r175c1220,1975,68644.23039686929
r175c1221,1975,75130.76210303848
r175c1222,1975,30558.76961138106
r175c1223,1975,35254.16526098969
r175c1224,1975,77411.54695683804
r175c1225,1975,123674.28952658101
r175c1226,1975,3273.078041466845
r175c1227,1975,1027.6420428878025
r175c1228,1975,541.7625528317346
r175c1229,1975,84263.69548371894
r175c1230,1975,1393396.0580487605
r176c1218,1975,3515.5067430385243
r176c1220,1975,149925.84024984867
r176c1221,1975,12241.100310452568
r176c1222,1975,354840.49324962264
r176c1223,1975,142947.9616395508
r176c1224,1975,79502.37896306222
r176c1225,1975,182238.28420184448
r176c1226,1975,17577.588475373585
r176c1227,1975,13303.796263107624
r176c1228,1975,31141.018354578235
r176c1229,1975,24776.331112274853
r177c1222,1975,128370.7906973953
r177c1223,1975,487886.11996238533
r177c1224,1975,400326.8464887831
r177c1225,1975,27722.15519261296
r177c1226,1975,8207.692787418435
r177c1227,1975,8674.922533459743
r177c1228,1975,152439.7115278059
r177c1229,1975,37283.373164894074
r178c1221,1975,32925.76519132571
r178c1222,1975,685337.040728459
r178c1223,1975,649706.6806664821
r178c1224,1975,21029.287718266583
r178c1225,1975,47889.24895907846
r178c1226,1975,28413.969609275624
r178c1227,1975,1626.057466859239
r178c1228,1975,565.3367248055141
r178c1229,1975,451747.9081867478
r178c1230,1975,19528.321153680605
r179c1221,1975,53589.734847770975
r179c1222,1975,631475.9329371515
r179c1223,1975,81858.53509337717
r179c1224,1975,5698.2043933913765
r179c1225,1975,38213.92117610083
r179c1226,1975,25910.443557757557
r179c1227,1975,6989.023466344879
r179c1228,1975,2308.7212067850296
r179c1229,1975,60316.700110622194
r179c1230,1975,1484.1453832635787
r179c1231,1975,20233.80913413712
r180c1221,1975,329017.01340077905
r180c1222,1975,356064.1535163786
r180c1223,1975,358715.6571141467
r180c1224,1975,4000.7574794963693
r180c1225,1975,1350.7266497509954
r180c1226,1975,13259.952043586914
r180c1227,1975,2585.587905705594
r180c1228,1975,1649.510751845474
r180c1229,1975,6324.146898180115
r180c1230,1975,5518.96399052134
r180c1231,1975,3189.2770547836435
r180c1232,1975,9855.928044826069
r181c1220,1975,95805.47669234785
r181c1221,1975,124859.1682533418
r181c1222,1975,109915.0336849846
r181c1223,1975,248937.66512920152
r181c1224,1975,49276.9014901862
r181c1225,1975,28580.1943312099
r181c1226,1975,11436.639549853226
r181c1227,1975,13721.60278297781
r181c1228,1975,4058.264722422332
r181c1229,1975,21058.027742242928
r181c1230,1975,7365.809629920108
r181c1231,1975,1061.5738251554944
r181c1232,1975,3982.439018031587
r182c1219,1975,20637.688842521027
r182c1220,1975,21194.99530770224
r182c1221,1975,23878.122341715243
r182c1222,1975,707897.5371197104
r182c1223,1975,57783.73970420649
r182c1224,1975,10164.997812171558
r182c1225,1975,20371.11269280868
r182c1226,1975,8924.832411758536
r182c1227,1975,2239.85381960226
r183c1220,1975,4372.218760231737
r183c1221,1975,88610.57524698853
r183c1222,1975,38718.91828709286
r183c1224,1975,32896.55529130668
r183c1226,1975,326515.6182707842
r181c1233,1975,15642.289510950986
r182c1228,1975,33710.902546806625
r182c1229,1975,32497.162831827576
r182c1230,1975,23661.577827962683
r182c1231,1975,12423.793994688938
r182c1232,1975,25055.161564593578
r182c1233,1975,2772.590900717336
r182c1234,1975,98724.37955289315
r183c1227,1975,39481.80414612513
r183c1228,1975,102306.08764610485
r183c1229,1975,10557.388798350914
r183c1230,1975,220914.15625786627
r183c1231,1975,37576.59068928082
r183c1232,1975,5560.4191514186
r183c1233,1975,3941.682520288945
r183c1234,1975,1524.663833781181
r184c1226,1975,491919.89533303364
r184c1227,1975,3974957.759541846
r184c1228,1975,5051417.03196214
r184c1229,1975,14936.501580320282
r184c1230,1975,4716.406779065156
r184c1231,1975,40998.5864498465
r184c1232,1975,7093.728477494178
r184c1233,1975,3388.690208967756
r184c1234,1975,5453.233898737502
r184c1235,1975,28718.31199749503
r185c1226,1975,1476575.909646282
r185c1227,1975,1960982.8631031436
r185c1228,1975,1072953.2687156687
r185c1229,1975,49379.24641363995
r185c1230,1975,23866.812911165518
r185c1231,1975,257560.64435618857
r185c1232,1975,10022.304047640548
r185c1233,1975,14118.566303271928
r185c1234,1975,11464.391959964323
r185c1235,1975,3201.78016495826
r185c1236,1975,127972.3289042196
r186c1227,1975,36159.63903466382
r186c1228,1975,111483.28294606181
r186c1229,1975,28180.632649565647
r186c1230,1975,27413.132012124406
r186c1231,1975,28022.591693891438
r186c1232,1975,110629.52695916947
r186c1233,1975,73444.74744278112
r186c1234,1975,6364.131489495153
r186c1235,1975,34776.31409503077
r186c1236,1975,26021.702080650997
r186c1237,1975,23879.482505623993
r187c1226,1975,36510.8086212936
r187c1228,1975,316438.764655845
r187c1229,1975,50460.55896591829
r187c1230,1975,74898.59887795895
r187c1231,1975,186203.629002571
r187c1232,1975,9714.11786936985
r187c1233,1975,17992.782034579304
r187c1234,1975,90770.26819446706
r187c1235,1975,12153.73355907184
r187c1236,1975,3844.232728787645
r187c1237,1975,16398.720013685004
r188c1225,1975,22029.567281392574
r188c1226,1975,78140.74006823837
r188c1227,1975,51719.63630452806
r188c1228,1975,11805.490128642328
r188c1229,1975,508848.050706087
r188c1230,1975,51648.65839915485
r188c1231,1975,5502.861260233611
r188c1232,1975,68129.91127537788
r188c1233,1975,34358.95883547573
r188c1234,1975,98369.45405181729
r188c1235,1975,21934.781605231594
r188c1236,1975,20951.11925590376
r188c1237,1975,20163.870386716142
r189c1226,1975,48747.410777033154
r189c1227,1975,51711.578002907845
r189c1228,1975,59766.418498200546
r189c1229,1975,1214464.0518711542
r189c1230,1975,58877.20369035049
r189c1231,1975,15212.685403211693
r189c1232,1975,72663.02100174915
r189c1233,1975,23179.08913699564
r189c1234,1975,40202.26113110305
r189c1235,1975,10126.835225623512
r189c1236,1975,12228.370242139143
r189c1237,1975,16095.202499726727
r190c1226,1975,40544.64995479625
r190c1227,1975,60956.91581394988
r190c1228,1975,114699.3055121843
r190c1229,1975,32730.814745668835
r190c1230,1975,28633.42655502224
r190c1231,1975,26071.730542766032
r190c1232,1975,84157.40209207
r190c1233,1975,420349.8756456327
r190c1234,1975,22531.340743775
r190c1235,1975,19674.450672174546
r190c1236,1975,12260.502453693927
r190c1237,1975,531577.0583219659
r191c1227,1975,365360.48146951484
r191c1228,1975,755402.3031131929
r191c1229,1975,13800.334762124003
r191c1230,1975,9008.137625091047
r191c1231,1975,8664.042541996447
r191c1232,1975,9942.430998810196
r191c1233,1975,199296.98110231335
r191c1234,1975,2532076.0802448555
r191c1235,1975,200174.29743777736
r191c1236,1975,158770.36954623324
r191c1237,1975,262235.9523340653
r192c1226,1975,53850.04322861495
r192c1227,1975,113723.09841805785
r192c1228,1975,16406.855491728336
r192c1229,1975,23447.91556633092
r192c1230,1975,28504.14638816947
r192c1231,1975,34174.92020541775
r192c1232,1975,19041.660557079074
r192c1233,1975,72952.19759140324
r192c1234,1975,30085.41959075359
r192c1235,1975,18068.084448270936
r192c1236,1975,19349.082640215373
r192c1237,1975,541800.1113791757
r193c1226,1975,62940.45894657811
r193c1227,1975,54182.56330415501
r193c1228,1975,44311.65632050403
r193c1229,1975,100062.1819218855
r193c1230,1975,7627.294661537973
r193c1231,1975,12011.74609571763
r193c1232,1975,14582.967408768824
r193c1233,1975,45329.75802764633
r193c1234,1975,146682.57612398945
r193c1235,1975,67203.30581959053
r193c1236,1975,236133.20018690283
r194c1224,1975,9377.288643273589
r194c1226,1975,70888.72510531527
r194c1227,1975,1196727.3214342385
r194c1228,1975,15195.175910948381
r194c1229,1975,27680.43489699706
r194c1230,1975,15678.68976347092
r194c1231,1975,23842.57029375362
r194c1232,1975,238038.01680106972
r194c1233,1975,23941.935122544095
r194c1235,1975,922090.089971391
r194c1236,1975,3404640.8973333333
r195c1224,1975,11775.526286409748
r195c1226,1975,71991.94670014318
r195c1227,1975,24666.399014762894
r195c1228,1975,28787.41328777509
r195c1229,1975,116948.77593919955
r195c1231,1975,122738.42942792011
r195c1233,1975,119057.56616156931
r195c1234,1975,185052.47226821742
r196c1226,1975,56861.2869867562
r196c1227,1975,63011.904444791515
r196c1229,1975,38994.572586323025
r201c1225,1975,85904.90122348108
r201c1226,1975,54456.133778195755
r201c1227,1975,23282.46640079447
r163c1239,1976,110057.96074998163
r163c1240,1976,46123.78750807703
r164c1239,1976,15979.72383268749
r164c1240,1976,30877.618209573815
r165c1237,1976,3452.506919119984
r165c1238,1976,42739.738467089104
r165c1239,1976,33934.303865688766
r165c1240,1976,1413.5647586226635
r165c1241,1976,141554.96409918473
r165c1242,1976,14866.940651873869
r166c1236,1976,60744.61957588518
r166c1237,1976,13954.067233545691
r166c1238,1976,55735.05871921729
r166c1239,1976,1425.9733068506148
r166c1240,1976,8583.74100332559
r167c1232,1976,4712.783151601862
r167c1233,1976,14711.458764976303
r167c1234,1976,3621.275538482674
r167c1235,1976,4465.082799649381
r167c1236,1976,9578.815049409986
r167c1237,1976,781.151815218924
r167c1238,1976,125325.7709506545
r167c1239,1976,647183.483941361
r168c1226,1976,4303.446168973148
r168c1227,1976,21213.957071367935
r168c1233,1976,16070.213272331599
r168c1234,1976,1156.6000101814084
r168c1235,1976,2447.962602807114
r168c1236,1976,22.362845338881016
r168c1237,1976,1076.536557430626
r168c1238,1976,246211.95355765778
r169c1226,1976,24330.642726126865
r169c1227,1976,6094.799682282843
r169c1228,1976,5307.2664180724905
r169c1229,1976,6961.846746602094
r169c1230,1976,6527.619812537905
r169c1231,1976,9336.398322497282
r169c1232,1976,561328.5668226762
r169c1233,1976,15502.170559270879
r169c1234,1976,2937.5605098288434
r169c1235,1976,266.6122731728589
r169c1236,1976,1750.609235000888
r169c1237,1976,32320.375960118636
r169c1238,1976,34771.30601731676
r170c1225,1976,141182.75671075212
r170c1226,1976,12979.2674195088
r170c1227,1976,1039.7686964592422
r170c1228,1976,2041.6011777315289
r170c1229,1976,501.9548695348203
r170c1230,1976,198.76075272238813
r170c1231,1976,3131.6599781289697
r170c1232,1976,4951.329674851339
r170c1233,1976,18387.797164101554
r170c1234,1976,6199.786781796254
r170c1235,1976,8564.17526180274
r170c1236,1976,432.3849192048158
r170c1237,1976,33296.62082648659
r170c1238,1976,4783.67579821936
r171c1223,1976,21023.690654047292
r171c1224,1976,2948.747839577305
r171c1225,1976,1019.1786003195479
r171c1226,1976,494657.01026807894
r171c1227,1976,1704.9364497784213
r171c1228,1976,11975.465704849254
r171c1229,1976,999.2501135245294
r171c1230,1976,1057.1568854691022
r171c1231,1976,2320.1105757951736
r171c1232,1976,31483.172663770543
r171c1233,1976,2093.192645689504
r171c1234,1976,661.0480097704567
r171c1235,1976,55856.31787784387
r171c1236,1976,5643.682151694478
r171c1237,1976,108364.484112776
r171c1238,1976,20378.84802498123
r172c1221,1976,8997.242993795868
r172c1222,1976,9300.849406233989
r172c1223,1976,6122.025540229864
r172c1224,1976,3230.9942437942195
r172c1225,1976,105721.55444127906
r172c1226,1976,21771.081469171186
r172c1227,1976,1098.095517813228
r172c1228,1976,1373.957417415455
r172c1229,1976,172.15214285533875
r172c1230,1976,4917.86809439539
r172c1231,1976,4096.748592955269
r172c1232,1976,4301.963442725352
r172c1233,1976,619.9375589136189
r172c1234,1976,37080.74575238362
r172c1235,1976,23934.348053022542
r172c1236,1976,266800.86943578976
r173c1219,1976,30303.520509202845
r173c1220,1976,58994.2356569556
r173c1221,1976,738.7347928046331
r173c1222,1976,3535.6045292921567
r173c1223,1976,468.7277420591563
r173c1224,1976,1703.8524719113375
r173c1225,1976,8588.782860786236
r173c1226,1976,6501.623556762002
r173c1227,1976,1020.1868348666467
r173c1228,1976,4897.891020942898
r173c1229,1976,768.186122198779
r173c1230,1976,11376.506497821716
r173c1231,1976,1625.7627660477626
r173c1232,1976,8434.046002568059
r173c1233,1976,37682.564787332885
r173c1234,1976,38354.55457260733
r174c1218,1976,41021.34462743523
r174c1219,1976,2015.7219580406916
r174c1220,1976,79406.4836805309
r174c1221,1976,1350.0844292870195
r174c1222,1976,10357.772074550743
r174c1223,1976,55377.380819739745
r174c1224,1976,147627.0371046987
r174c1225,1976,211525.2350121468
r174c1226,1976,2235.6191011383507
r174c1227,1976,3063.4834904260933
r174c1228,1976,84.49293741013983
r174c1229,1976,32962.36032164733
r174c1230,1976,42196.87641263811
r174c1231,1976,116483.39242137925
r174c1232,1976,209528.85523157567
r174c1233,1976,85155.2600985487
r175c1217,1976,67357.240432296
r175c1218,1976,93034.83081393757
r175c1219,1976,46863.11474217274
r175c1220,1976,70419.69549858649
r175c1221,1976,77065.74181778429
r175c1222,1976,32054.33164229303
r175c1223,1976,36619.360917008315
r175c1224,1976,80318.66750834385
r175c1225,1976,124822.37498388627
r175c1226,1976,3419.0682278303198
r175c1227,1976,1052.6282318662488
r175c1228,1976,560.4001046588863
r175c1229,1976,85623.40941317387
r175c1230,1976,1395445.9951882148
r176c1218,1976,3701.3995936658416
r176c1220,1976,153365.15083609667
r176c1221,1976,13089.493386333621
r176c1222,1976,361281.44362010196
r176c1223,1976,145945.22678665648
r176c1224,1976,82868.60766951404
r176c1225,1976,183866.97695457848
r176c1226,1976,18013.600028411976
r176c1227,1976,13676.868313019899
r176c1228,1976,31527.03293862901
r176c1229,1976,25314.608208556325
r177c1222,1976,130179.69794569064
r177c1223,1976,492980.9490486277
r177c1224,1976,405117.47687617503
r177c1225,1976,28270.162840795823
r177c1226,1976,8490.202394468486
r177c1227,1976,9224.433507837311
r177c1228,1976,155381.69253225002
r177c1229,1976,39271.05206008947
r178c1221,1976,33886.3672463972
r178c1222,1976,718382.271037342
r178c1223,1976,676790.0675568635
r178c1224,1976,22141.26524062166
r178c1225,1976,49565.70542104619
r178c1226,1976,28824.504744865382
r178c1227,1976,1691.5879194268628
r178c1228,1976,597.5533642886617
r178c1229,1976,469174.82069232233
r178c1230,1976,20656.72783207384
r179c1221,1976,56088.369236267514
r179c1222,1976,641110.763570555
r179c1223,1976,86405.95635716201
r179c1224,1976,6101.232251226124
r179c1225,1976,39513.94265126737
r179c1226,1976,26507.561439918063
r179c1227,1976,7286.047814466034
r179c1228,1976,2441.331849764458
r179c1229,1976,62615.86708469493
r179c1230,1976,1653.3613107222207
r179c1231,1976,21202.78265988722
r180c1221,1976,330837.10973234195
r180c1222,1976,362228.0397488897
r180c1223,1976,361974.9343893024
r180c1224,1976,4206.195848403607
r180c1225,1976,1422.6911080261793
r180c1226,1976,13884.433272613762
r180c1227,1976,2813.9683933110964
r180c1228,1976,1742.7601963365814
r180c1229,1976,6669.0324488771375
r180c1230,1976,5903.169403736409
r180c1231,1976,3416.279375220669
r180c1232,1976,10506.019029513758
r181c1220,1976,98262.03352077116
r181c1221,1976,127583.97380885422
r181c1222,1976,113208.51247768177
r181c1223,1976,253795.55045054082
r181c1224,1976,50250.35107614374
r181c1225,1976,29793.782854519945
r181c1226,1976,11994.342946147364
r181c1227,1976,14336.479349510624
r181c1228,1976,4214.976498078162
r181c1229,1976,21938.64813074349
r181c1230,1976,7598.879760667855
r181c1231,1976,1112.1564538309904
r181c1232,1976,4042.237787294774
r182c1219,1976,21525.077458618915
r182c1220,1976,21790.562782353
r182c1221,1976,24374.794422831426
r182c1222,1976,716255.0873449992
r182c1223,1976,59398.85938400781
r182c1224,1976,10463.408332517745
r182c1225,1976,21475.403257935675
r182c1226,1976,9227.963612252192
r182c1227,1976,2473.1494142875295
r183c1220,1976,4690.640832116745
r183c1221,1976,91693.75367223116
r183c1222,1976,40065.813051402845
r183c1224,1976,33807.96299974892
r183c1226,1976,329092.5867241469
r181c1233,1976,16111.634796582635
r182c1228,1976,35823.81876906442
r182c1229,1976,34296.9005923223
r182c1230,1976,24254.37325922453
r182c1231,1976,12858.708588367375
r182c1232,1976,25833.83358833296
r182c1233,1976,2894.9512049798745
r182c1234,1976,99507.62743634506
r183c1227,1976,45245.0946846361
r183c1228,1976,115868.60042812383
r183c1229,1976,12089.94250664625
r183c1230,1976,220737.8548746714
r183c1231,1976,38369.903781410285
r183c1232,1976,5856.576234662899
r183c1233,1976,4179.759875166231
r183c1234,1976,1577.4097331523799
r184c1226,1976,508194.16027789353
r184c1227,1976,4024104.0462283543
r184c1228,1976,5108909.668078683
r184c1229,1976,17340.70958920059
r184c1230,1976,5120.734928006768
r184c1231,1976,42010.43456875758
r184c1232,1976,7522.234213821005
r184c1233,1976,3553.9575772361322
r184c1234,1976,5685.78126294958
r184c1235,1976,29787.089531075802
r185c1226,1976,1508046.7859574787
r185c1227,1976,2039326.1785375495
r185c1228,1976,1121207.4635515662
r185c1229,1976,56161.72400871534
r185c1230,1976,27107.435706064887
r185c1231,1976,259875.3185955353
r185c1232,1976,10681.526729183222
r185c1233,1976,14726.359717210202
r185c1234,1976,11785.414482328815
r185c1235,1976,3375.4138306873147
r185c1236,1976,128800.28020164988
r186c1227,1976,42458.10840946183
r186c1228,1976,126591.03946607152
r186c1229,1976,32323.021923151166
r186c1230,1976,29983.050901015256
r186c1231,1976,29129.716259480538
r186c1232,1976,111940.80679393595
r186c1233,1976,74533.497345917
r186c1234,1976,6658.177562021388
r186c1235,1976,35210.68440074728
r186c1236,1976,26361.011764379782
r186c1237,1976,24316.332025510455
r187c1226,1976,38830.017716327384
r187c1228,1976,326019.0499597436
r187c1229,1976,53516.90612346084
r187c1230,1976,77495.72546662333
r187c1231,1976,187461.26091188542
r187c1232,1976,10057.069567341901
r187c1233,1976,18321.06206018943
r187c1234,1976,91302.08305581663
r187c1235,1976,12381.778852284617
r187c1236,1976,4069.368533762727
r187c1237,1976,16687.540949454982
r188c1225,1976,23115.043216681283
r188c1226,1976,80809.211214758
r188c1227,1976,53422.485792313135
r188c1228,1976,12666.938996741066
r188c1229,1976,511647.7582647298
r188c1230,1976,54092.775002815666
r188c1231,1976,5927.630941472715
r188c1232,1976,68937.26801563207
r188c1233,1976,35287.71207103066
r188c1234,1976,98785.50980366736
r188c1235,1976,22311.030255555386
r188c1236,1976,21630.835446138422
r188c1237,1976,20716.587814535753
r189c1226,1976,50363.43867808951
r189c1227,1976,53094.357350126236
r189c1228,1976,61616.92482852317
r189c1229,1976,1231797.872326018
r189c1230,1976,60275.42326246727
r189c1231,1976,16218.208240196014
r189c1232,1976,73666.60175585511
r189c1233,1976,24174.330113886892
r189c1234,1976,40849.42569574381
r189c1235,1976,10571.402416629884
r189c1236,1976,12715.508259820292
r189c1237,1976,16512.347813625598
r190c1226,1976,41987.617491246514
r190c1227,1976,63201.37294386972
r190c1228,1976,118286.02110331279
r190c1229,1976,33863.543229980496
r190c1230,1976,29705.70457761955
r190c1231,1976,26699.15322748891
r190c1232,1976,86010.42668767594
r190c1233,1976,421725.3678187219
r190c1234,1976,23406.63551766205
r190c1235,1976,20445.27430779401
r190c1236,1976,13126.616095106532
r190c1237,1976,528995.8788605686
r191c1227,1976,366610.0701735462
r191c1228,1976,755075.0423090324
r191c1229,1976,14369.505348921492
r191c1230,1976,9617.711835618871
r191c1231,1976,8988.300133623861
r191c1232,1976,10379.461016459365
r191c1233,1976,203048.26894599074
r191c1234,1976,2550107.5067490875
r191c1235,1976,203695.1887258784
r191c1236,1976,160624.08312147218
r191c1237,1976,263176.41715641983
r192c1226,1976,56018.05653661354
r192c1227,1976,116746.06456582593
r192c1228,1976,17423.03383005101
r192c1229,1976,24711.724235960774
r192c1230,1976,29438.77132354092
r192c1231,1976,35207.1279158641
r192c1232,1976,19710.01983574473
r192c1233,1976,75516.32287963959
r192c1234,1976,31231.61418262444
r192c1235,1976,18931.49042327008
r192c1236,1976,20617.373902446398
r192c1237,1976,552167.0353145555
r193c1226,1976,64741.68164842866
r193c1227,1976,55645.59706707495
r193c1228,1976,45558.00941035166
r193c1229,1976,101032.84283308401
r193c1230,1976,8090.406976043177
r193c1231,1976,12512.597192962849
r193c1232,1976,15112.512174646718
r193c1233,1976,47294.44324411745
r193c1234,1976,150858.23713169043
r193c1235,1976,70923.05167174747
r193c1236,1976,242028.9571983622
r194c1224,1976,9721.597118664668
r194c1226,1976,72797.9417283812
r194c1227,1976,1214819.7942371785
r194c1228,1976,15982.574352314832
r194c1229,1976,28286.904488484142
r194c1230,1976,16205.900019445022
r194c1231,1976,24557.35657990718
r194c1232,1976,240587.64292210515
r194c1233,1976,25346.638501104815
r194c1235,1976,932437.8638561533
r194c1236,1976,3416660.3032688485
r195c1224,1976,12208.508020494419
r195c1226,1976,73693.1625401621
r195c1227,1976,25536.76825751228
r195c1228,1976,29353.12684013862
r195c1229,1976,116812.77573782808
r195c1231,1976,122164.94021524307
r195c1233,1976,121083.11699934179
r195c1234,1976,187656.26820594212
r196c1226,1976,58017.032575836245
r196c1227,1976,64530.27642718356
r196c1229,1976,39679.39667169959
r201c1225,1976,88749.0290763252
r201c1226,1976,56638.82016684183
r201c1227,1976,24118.53122022696
r163c1239,1977,110618.29095708914
r163c1240,1977,46412.32581679793
r164c1239,1977,16447.12350333677
r164c1240,1977,30935.806112109698
r165c1237,1977,3668.4283050311824
r165c1238,1977,43261.19458305367
r165c1239,1977,34395.11275321495
r165c1240,1977,1455.7821429183214
r165c1241,1977,141580.92022620077
r165c1242,1977,15134.659268171017
r166c1236,1977,60601.63233026486
r166c1237,1977,14267.097211831153
r166c1238,1977,55290.48507058709
r166c1239,1977,1516.425776669362
r166c1240,1977,9112.609122963622
r167c1232,1977,4742.429171855736
r167c1233,1977,15831.37379189087
r167c1234,1977,3701.5442271260727
r167c1235,1977,4606.254564478577
r167c1236,1977,9710.892935294023
r167c1237,1977,840.0878935125419
r167c1238,1977,126661.89592494818
r167c1239,1977,647118.1251714356
r168c1226,1977,4382.088832248928
r168c1227,1977,21785.338908135927
r168c1233,1977,16776.544230447318
r168c1234,1977,1189.7818912961905
r168c1235,1977,2613.6455303825583
r168c1236,1977,22.86028130352497
r168c1237,1977,1104.8236223121667
r168c1238,1977,250434.26071630346
r169c1226,1977,24922.312397843103
r169c1227,1977,6447.304574566893
r169c1228,1977,5452.411491994325
r169c1229,1977,7475.325706884358
r169c1230,1977,6786.390613427386
r169c1231,1977,9500.287272256832
r169c1232,1977,559470.2899293437
r169c1233,1977,16063.779236946397
r169c1234,1977,3099.4593993126764
r169c1235,1977,273.6958632901311
r169c1236,1977,1764.3420416415101
r169c1237,1977,32808.88640962581
r169c1238,1977,35526.7298948675
r170c1225,1977,141781.81530033337
r170c1226,1977,13491.69059667443
r170c1227,1977,1093.8554197132223
r170c1228,1977,2094.107657694258
r170c1229,1977,510.2524844110012
r170c1230,1977,207.78925583325326
r170c1231,1977,3154.445063985884
r170c1232,1977,5045.492830498954
r170c1233,1977,18354.183146578936
r170c1234,1977,6356.109440807253
r170c1235,1977,9239.678162512866
r170c1236,1977,457.1036672202396
r170c1237,1977,33531.38918316283
r170c1238,1977,4933.067885653003
r171c1223,1977,21232.781884674197
r171c1224,1977,3059.0509574381276
r171c1225,1977,1028.817562913427
r171c1226,1977,497089.2249921764
r171c1227,1977,1734.8810153838979
r171c1228,1977,12119.326099146807
r171c1229,1977,1015.0640143127455
r171c1230,1977,1077.418798480643
r171c1231,1977,2324.903881393373
r171c1232,1977,32542.55032998642
r171c1233,1977,2105.990905765851
r171c1234,1977,673.8310389202088
r171c1235,1977,56284.679191904106
r171c1236,1977,5951.89532694497
r171c1237,1977,109840.49390921133
r171c1238,1977,21162.81068844287
r172c1221,1977,9243.988025326547
r172c1222,1977,9609.362422541988
r172c1223,1977,6380.88569800742
r172c1224,1977,3272.472060721663
r172c1225,1977,105978.61585777186
r172c1226,1977,22577.211726127935
r172c1227,1977,1102.2120188493282
r172c1228,1977,1377.1690642330796
r172c1229,1977,175.50456933490932
r172c1230,1977,5169.730561998939
r172c1231,1977,4204.248128951239
r172c1232,1977,4386.176976409386
r172c1233,1977,636.6085907530442
r172c1234,1977,37381.37705428049
r172c1235,1977,24611.298784970786
r172c1236,1977,268065.99720103707
r173c1219,1977,31745.53020033271
r173c1220,1977,60582.72076669282
r173c1221,1977,787.8448923846214
r173c1222,1977,3868.2555489261613
r173c1223,1977,473.92088006902486
r173c1224,1977,1732.1476949341156
r173c1225,1977,8891.804729968708
r173c1226,1977,6562.6458096513525
r173c1227,1977,1093.838436095044
r173c1228,1977,4972.579499835723
r173c1229,1977,795.5932595697542
r173c1230,1977,11538.590027171434
r173c1231,1977,1648.8910637579474
r173c1232,1977,8641.891776914268
r173c1233,1977,39064.21525192032
r173c1234,1977,38774.35038590277
r174c1218,1977,43239.20634106081
r174c1219,1977,2214.67645804507
r174c1220,1977,81735.31530754351
r174c1221,1977,1465.8620463849666
r174c1222,1977,10925.458295689674
r174c1223,1977,56589.48827138574
r174c1224,1977,149082.3958385344
r174c1225,1977,212363.20381663172
r174c1226,1977,2260.5752991583195
r174c1227,1977,3226.653402004391
r174c1228,1977,85.64230980343487
r174c1229,1977,33620.082204670056
r174c1230,1977,43309.995541111115
r174c1231,1977,118011.8459663462
r174c1232,1977,215649.21285170308
r174c1233,1977,88099.53488385197
r175c1217,1977,69690.76491951037
r175c1218,1977,96152.58972832594
r175c1219,1977,48275.46091363345
r175c1220,1977,72149.71257453677
r175c1221,1977,78950.9102664417
r175c1222,1977,33535.52126549784
r175c1223,1977,37948.856715033224
r175c1224,1977,83163.23376349821
r175c1225,1977,125894.65527733858
r175c1226,1977,3560.4140669394906
r175c1227,1977,1076.5737995176705
r175c1228,1977,578.355249134517
r175c1229,1977,86904.30709561745
r175c1230,1977,1396555.3884141715
r176c1218,1977,3885.7540149763536
r176c1220,1977,156701.55566770918
r176c1221,1977,13925.086205131855
r176c1222,1977,367452.95586945687
r176c1223,1977,148816.89198797775
r176c1224,1977,86126.12275096304
r176c1225,1977,185385.18072876788
r176c1226,1977,18432.558467299765
r176c1227,1977,14034.68471510828
r176c1228,1977,31885.9879678488
r176c1229,1977,25827.252324582012
r177c1222,1977,131895.84290504633
r177c1223,1977,497763.24391958205
r177c1224,1977,409637.7552784883
r177c1225,1977,28794.52146429986
r177c1226,1977,8762.954551694322
r177c1227,1977,9758.631590388493
r177c1228,1977,158207.4323799933
r177c1229,1977,41250.07198695423
r178c1221,1977,34811.7837683654
r178c1222,1977,751023.261088781
r178c1223,1977,703570.6931571632
r178c1224,1977,23237.262553501936
r178c1225,1977,51184.735461614124
r178c1226,1977,29214.485489301318
r178c1227,1977,1755.0281775191206
r178c1228,1977,629.8450950874837
r178c1229,1977,486311.25216791616
r178c1230,1977,21787.939061301462
r179c1221,1977,58492.93026315185
r179c1222,1977,650340.3102472834
r179c1223,1977,90944.76972666012
r179c1224,1977,6504.96167804405
r179c1225,1977,40781.3868429603
r179c1226,1977,27084.2985873715
r179c1227,1977,7577.3789183395775
r179c1228,1977,2574.241506097311
r179c1229,1977,64875.11698271832
r179c1230,1977,1826.2084782376844
r179c1231,1977,22166.46243452374
r180c1221,1977,332388.9125995848
r180c1222,1977,368125.70945145923
r180c1223,1977,364984.1464176382
r180c1224,1977,4407.897444913038
r180c1225,1977,1493.3322765486535
r180c1226,1977,14498.067699600766
r180c1227,1977,3045.960976638501
r180c1228,1977,1836.161948295942
r180c1229,1977,7013.984826010609
r180c1230,1977,6290.841816253279
r180c1231,1977,3645.4891576611144
r180c1232,1977,11160.825868600492
r181c1220,1977,100647.31004892793
r181c1221,1977,130218.27037448928
r181c1222,1977,116416.80370469525
r181c1223,1977,258463.34330356514
r181c1224,1977,51186.08513717221
r181c1225,1977,30981.347721754304
r181c1226,1977,12541.171953757634
r181c1227,1977,14945.515851291915
r181c1228,1977,4372.7990927246865
r181c1229,1977,22816.208659066902
r181c1230,1977,7830.443211362031
r181c1231,1977,1162.9029365565898
r181c1232,1977,4101.854968160305
r182c1219,1977,22395.31655764676
r182c1220,1977,22370.10008502001
r182c1221,1977,24854.280159129037
r182c1222,1977,724135.0332022733
r182c1223,1977,60970.295127779274
r182c1224,1977,10754.038419860672
r182c1225,1977,22560.504547217406
r182c1226,1977,9521.43748903385
r182c1227,1977,2713.0776329911546
r183c1220,1977,5004.776138536752
r183c1221,1977,94706.94107894199
r183c1222,1977,41382.126259855795
r183c1224,1977,34695.772853141694
r183c1226,1977,331423.6795579815
r181c1233,1977,16569.582522519948
r182c1228,1977,38005.14298506576
r182c1229,1977,36130.15586869236
r182c1230,1977,24833.282688317362
r182c1231,1977,13282.795165425163
r182c1232,1977,26593.481056124147
r182c1233,1977,3014.1720494374804
r182c1234,1977,100281.20333322548
r183c1227,1977,51268.68144970675
r183c1228,1977,129884.2324212178
r183c1229,1977,13690.720248536103
r183c1230,1977,220620.1231500848
r183c1231,1977,39145.38583909586
r183c1232,1977,6144.986584686266
r183c1233,1977,4411.541749682692
r183c1234,1977,1628.8447328644688
r184c1226,1977,524874.1227225711
r184c1227,1977,4072629.463900108
r184c1228,1977,5165424.092370715
r184c1229,1977,19879.527171110043
r184c1230,1977,5536.293165881809
r184c1231,1977,43000.39818532571
r184c1232,1977,7939.408860290754
r184c1233,1977,3714.93878026861
r184c1234,1977,5912.385640346149
r184c1235,1977,30829.02425881513
r185c1226,1977,1539425.4552616393
r185c1227,1977,2117262.30924261
r185c1228,1977,1169614.7681446779
r185c1229,1977,63201.05752374222
r185c1230,1977,30466.137443627184
r185c1231,1977,262162.1915036241
r185c1232,1977,11323.202623478142
r185c1233,1977,15318.603119680249
r185c1234,1977,12098.739911628523
r185c1235,1977,3544.4981840397704
r185c1236,1977,129621.04768201237
r186c1227,1977,49159.63067478771
r186c1228,1977,142245.60734129252
r186c1229,1977,36659.62380301262
r186c1230,1977,32615.80258997382
r186c1231,1977,30216.877745107675
r186c1232,1977,113253.39172296261
r186c1233,1977,75610.42610279296
r186c1234,1977,6944.880873081845
r186c1235,1977,35637.09745767827
r186c1236,1977,26693.207495101862
r186c1237,1977,24741.524909988977
r187c1226,1977,41131.50807007539
r187c1228,1977,335815.60986882984
r187c1229,1977,56543.47339747181
r187c1230,1977,80051.376494704
r187c1231,1977,188746.2563542017
r187c1232,1977,10394.046833097906
r187c1233,1977,18645.763451223727
r187c1234,1977,91818.89866030219
r187c1235,1977,12603.713962721102
r187c1236,1977,4288.570061215803
r187c1237,1977,16968.61107936228
r188c1225,1977,24195.73677616492
r188c1226,1977,83482.96755677897
r188c1227,1977,55130.02599316365
r188c1228,1977,13518.898063958515
r188c1229,1977,514539.9647016501
r188c1230,1977,56491.8978114252
r188c1231,1977,6342.722479072292
r188c1232,1977,69722.72974670325
r188c1233,1977,36191.762332237355
r188c1234,1977,99189.50247075979
r188c1235,1977,22677.175196572574
r188c1236,1977,22292.522778817005
r188c1237,1977,21254.607431734286
r189c1226,1977,51983.679959989706
r189c1227,1977,54487.847043536516
r189c1228,1977,63474.72887696102
r189c1229,1977,1248960.2488806488
r189c1230,1977,61657.31506671969
r189c1231,1977,17200.962875638383
r189c1232,1977,74643.09736561625
r189c1233,1977,25143.263498185013
r189c1234,1977,41479.181732273595
r189c1235,1977,11004.220980597514
r189c1236,1977,13189.758889277462
r189c1237,1977,16918.390029354094
r190c1226,1977,43431.619875559125
r190c1227,1977,65390.43596301158
r190c1228,1977,121848.06164709272
r190c1229,1977,34993.649708956524
r190c1230,1977,30762.433314947455
r190c1231,1977,27318.218140028024
r190c1232,1977,87814.18915302283
r190c1233,1977,423059.83580272144
r190c1234,1977,24258.803513108567
r190c1235,1977,21195.701769354622
r190c1236,1977,13969.930534032352
r190c1237,1977,526475.8198597089
r191c1227,1977,367821.1426194706
r191c1228,1977,754790.4771772256
r191c1229,1977,14915.294991698658
r191c1230,1977,10202.435813694377
r191c1231,1977,9306.133941547092
r191c1232,1977,10805.938893723678
r191c1233,1977,206744.1376139776
r191c1234,1977,2567451.511060105
r191c1235,1977,207122.46890603058
r191c1236,1977,162427.40770052816
r191c1237,1977,264089.13421191846
r192c1226,1977,58097.02317738814
r192c1227,1977,119646.3487175797
r192c1228,1977,18397.13623053349
r192c1229,1977,25923.320155878
r192c1230,1977,30349.814818466864
r192c1231,1977,36236.05843522419
r192c1232,1977,20374.304064570788
r192c1233,1977,78055.21453805658
r192c1234,1977,32359.380130779144
r192c1235,1977,19782.680409877175
r192c1236,1977,21891.71319686048
r192c1237,1977,562507.0630678128
r193c1226,1977,66465.40690136343
r193c1227,1977,57039.20542038356
r193c1228,1977,46750.33132666668
r193c1229,1977,101963.16293433748
r193c1230,1977,8536.603486571097
r193c1231,1977,13011.348744059811
r193c1232,1977,15640.046959693042
r193c1233,1977,49250.693110969194
r193c1234,1977,155021.58008159263
r193c1235,1977,74624.7523175459
r193c1236,1977,247865.7103604258
r194c1224,1977,10049.54986902116
r194c1226,1977,74634.12603975424
r194c1227,1977,1232741.0193345156
r194c1228,1977,16733.936616017356
r194c1229,1977,28863.497182458534
r194c1230,1977,16714.52666445295
r194c1231,1977,25268.145126215844
r194c1232,1977,243146.2929621149
r194c1233,1977,26744.367316944707
r194c1235,1977,942477.2480276438
r194c1236,1977,3427513.8227798506
r195c1224,1977,12620.923321004891
r195c1226,1977,75311.11096534615
r195c1227,1977,26365.700156481438
r195c1228,1977,29890.687599888624
r195c1229,1977,116671.69704110635
r195c1231,1977,121647.67321203959
r195c1233,1977,123108.03095624405
r195c1234,1977,190262.81083795917
r196c1226,1977,59115.44903873567
r196c1227,1977,65974.44928815364
r196c1229,1977,40329.7440050638
r201c1225,1977,91618.24775661141
r201c1226,1977,58844.551549823904
r201c1227,1977,24962.622735266697
r163c1239,1978,111135.46101782881
r163c1240,1978,46691.71540741568
r164c1239,1978,16895.49183497602
r164c1240,1978,30992.714638246507
r165c1237,1978,3877.16736763111
r165c1238,1978,43766.35876620557
r165c1239,1978,34841.17163387003
r165c1240,1978,1496.610774963046
r165c1241,1978,141585.59076811725
r165c1242,1978,15389.779060411747
r166c1236,1978,60464.49377897757
r166c1237,1978,14569.929250975569
r166c1238,1978,54861.872157669175
r166c1239,1978,1603.88050112564
r166c1240,1978,9623.397688416742
r167c1232,1978,4770.619502782281
r167c1233,1978,16913.50631351635
r167c1234,1978,3779.0645639336067
r167c1235,1978,4742.651607611228
r167c1236,1978,9838.74017682913
r167c1237,1978,897.0678574829562
r167c1238,1978,127955.77948382168
r167c1239,1978,647067.6123153676
r168c1226,1978,4456.933486440168
r168c1227,1978,22336.61285552587
r168c1233,1978,17458.93837301244
r168c1234,1978,1221.832983705343
r168c1235,1978,2773.7398945181835
r168c1236,1978,23.341513834893703
r168c1237,1978,1132.185539680851
r168c1238,1978,254520.14735135855
r169c1226,1978,25493.498197395325
r169c1227,1978,6786.618504760787
r169c1228,1978,5592.605909638338
r169c1229,1978,7971.948314860447
r169c1230,1978,7036.800841201597
r169c1231,1978,9658.004245137621
r169c1232,1978,557653.3807013907
r169c1233,1978,16606.313175741685
r169c1234,1978,3255.883682851698
r169c1235,1978,280.5377476900817
r169c1236,1978,1777.6497000698364
r169c1237,1978,33281.68854471154
r169c1238,1978,36257.56521554555
r170c1225,1978,142372.8735574198
r170c1226,1978,13985.389365928066
r170c1227,1978,1145.9296275140023
r170c1228,1978,2144.7733889222145
r170c1229,1978,518.2737413458526
r170c1230,1978,216.63509359396994
r170c1231,1978,3176.4169788993895
r170c1232,1978,5136.420943747315
r170c1233,1978,18321.407486067645
r170c1234,1978,6507.108142422512
r170c1235,1978,9898.980523600003
r170c1236,1978,481.0040396851871
r170c1237,1978,33758.956006877925
r170c1238,1978,5077.556485410792
r171c1223,1978,21433.95103674239
r171c1224,1978,3164.6593086359876
r171c1225,1978,1038.1891205740326
r171c1226,1978,499479.96109422867
r171c1227,1978,1763.8349763664546
r171c1228,1978,12258.841440106307
r171c1229,1978,1030.5183212973616
r171c1230,1978,1097.356597822101
r171c1231,1978,2329.500030450523
r171c1232,1978,33565.912074899046
r171c1233,1978,2118.4303265047783
r171c1234,1978,686.4094156650826
r171c1235,1978,56707.173141049
r171c1236,1978,6249.909207974999
r171c1237,1978,111269.25125789593
r171c1238,1978,21920.948372860246
r172c1221,1978,9486.983647006742
r172c1222,1978,9906.475390899119
r172c1223,1978,6630.239295788109
r172c1224,1978,3312.6728601633185
r172c1225,1978,106237.1417461173
r172c1226,1978,23354.033372921498
r172c1227,1978,1106.2868806794286
r172c1228,1978,1380.406679134816
r172c1229,1978,178.80328685697168
r172c1230,1978,5417.223675720659
r172c1231,1978,4308.079177784832
r172c1232,1978,4468.622349819967
r172c1233,1978,653.0055691275124
r172c1234,1978,37677.83200518481
r172c1235,1978,25277.08468563258
r172c1236,1978,269295.47614458145
r173c1219,1978,33188.52320337558
r173c1220,1978,62173.638709972445
r173c1221,1978,837.2209722286492
r173c1222,1978,4202.979356663331
r173c1223,1978,478.96116885729134
r173c1224,1978,1759.5170511150623
r173c1225,1978,9183.853990003305
r173c1226,1978,6621.980729836971
r173c1227,1978,1164.719230581075
r173c1228,1978,5046.102846775537
r173c1229,1978,822.5424359370205
r173c1230,1978,11698.167094994433
r173c1231,1978,1671.6617853874413
r173c1232,1978,8846.341576001956
r173c1233,1978,40422.74784917239
r173c1234,1978,39187.917182450394
r174c1218,1978,45467.26958038362
r174c1219,1978,2414.876356458357
r174c1220,1978,84069.13866206023
r174c1221,1978,1582.3339251409047
r174c1222,1978,11495.906831938251
r174c1223,1978,57801.778241947984
r174c1224,1978,150536.67789011044
r174c1225,1978,213191.42987389982
r174c1226,1978,2285.08129283078
r174c1227,1978,3387.0157572627068
r174c1228,1978,86.77725549498663
r174c1229,1978,34267.2422970276
r174c1230,1978,44404.840010017295
r174c1231,1978,119516.93673675638
r174c1232,1978,221668.42301201462
r174c1233,1978,90994.68874196656
r175c1217,1978,72025.6129096084
r175c1218,1978,99279.31141176446
r175c1219,1978,49691.05782119834
r175c1220,1978,73881.47492102424
r175c1221,1978,80837.924373893
r175c1222,1978,35023.05454042572
r175c1223,1978,39267.69593005336
r175c1224,1978,85999.25703180765
r175c1225,1978,126975.48199036393
r175c1226,1978,3699.5241001948016
r175c1227,1978,1100.1970254605308
r175c1228,1978,596.012055822933
r175c1229,1978,88165.27089469951
r175c1230,1978,1397686.563548783
r176c1218,1978,4070.947486827287
r176c1220,1978,160038.31174306583
r176c1221,1978,14756.63820079717
r176c1222,1978,373600.666665807
r176c1223,1978,151662.99279512913
r176c1224,1978,89333.1560216711
r176c1225,1978,186917.1065990364
r176c1226,1978,18846.867277050274
r176c1227,1978,14386.629877742042
r176c1228,1978,32239.57917696491
r176c1229,1978,26331.653633071135
r177c1222,1978,133607.72293011102
r177c1223,1978,502566.65624697285
r177c1224,1978,414162.3878770617
r177c1225,1978,29314.583123280296
r177c1226,1978,9031.86246313471
r177c1227,1978,10283.804212281466
r177c1228,1978,161022.41158719425
r177c1229,1978,43245.31648422538
r178c1221,1978,35725.46955089685
r178c1222,1978,783725.6589653044
r178c1223,1978,730489.9996619272
r178c1224,1978,24332.366567835496
r178c1225,1978,52780.87773506732
r178c1226,1978,29603.49938332266
r178c1227,1978,1817.5597952206783
r178c1228,1978,662.58097032113
r178c1229,1978,503467.07476643036
r178c1230,1978,22934.692257001938
r179c1221,1978,60842.72821642118
r179c1222,1978,659600.5787192055
r179c1223,1978,95529.81156578094
r179c1224,1978,6913.23465978961
r179c1225,1978,42042.80731475183
r179c1226,1978,27658.605749738002
r179c1227,1978,7867.857767161139
r179c1228,1978,2708.9574948208315
r179c1229,1978,67135.87243875038
r179c1230,1978,2003.5086061453737
r179c1231,1978,23138.397664994933
r180c1221,1978,333901.3276365391
r180c1222,1978,374003.4597065613
r180c1223,1978,367990.833761819
r180c1224,1978,4608.653607991405
r180c1225,1978,1563.5939365929357
r180c1226,1978,15110.03774859232
r180c1227,1978,3283.113410307628
r180c1228,1978,1930.7955921669763
r180c1229,1978,7363.165074706789
r180c1230,1978,6685.466812114106
r180c1231,1978,3878.9118422968572
r180c1232,1978,11826.63616638522
r181c1220,1978,103027.54445595693
r181c1221,1978,132848.27317009054
r181c1222,1978,119616.00959128555
r181c1223,1978,263113.3347691326
r181c1224,1978,52118.21113574831
r181c1225,1978,32162.79809591448
r181c1226,1978,13085.10741282132
r181c1227,1978,15557.996069962948
r181c1228,1978,4533.534908506975
r181c1229,1978,23702.005403423296
r181c1230,1978,8063.770405588086
r181c1231,1978,1214.2722002220953
r181c1232,1978,4162.49616994017
r182c1219,1978,23262.75952431273
r182c1220,1978,22948.272752083594
r182c1221,1978,25333.060531170475
r182c1222,1978,732024.4753292395
r182c1223,1978,62538.02988188075
r182c1224,1978,11043.925288097349
r182c1225,1978,23640.649729485194
r182c1226,1978,9811.44310850332
r182c1227,1978,2960.695122299472
r183c1220,1978,5317.696458291131
r183c1221,1978,97711.59202324183
r183c1222,1978,42694.71083041228
r183c1224,1978,35582.639332953906
r183c1226,1978,333735.04149208247
r181c1233,1978,17021.222391748426
r182c1228,1978,40263.45116620537
r182c1229,1978,38006.20407891387
r182c1230,1978,25405.73117122382
r182c1231,1978,13700.241360129541
r182c1232,1978,27342.319085381077
r182c1233,1978,3131.2471456369967
r182c1234,1978,101072.13756415533
r183c1227,1978,57559.342963029456
r183c1228,1978,144377.77747245366
r183c1229,1978,15361.579383055987
r183c1230,1978,220615.93654063976
r183c1231,1978,39914.482165922935
r183c1232,1978,6427.761761600267
r183c1233,1978,4638.590667356481
r183c1234,1978,1679.4812719752397
r184c1226,1978,542091.119531663
r184c1227,1978,4121652.178670769
r184c1228,1978,5222386.029889183
r184c1229,1978,22554.33879750562
r184c1230,1978,5964.344221307176
r184c1231,1978,43981.237154354945
r184c1232,1978,8348.064594257623
r184c1233,1978,3872.8850226514433
r184c1234,1978,6134.982664253984
r184c1235,1978,31853.94484558683
r185c1226,1978,1571137.8708936984
r185c1227,1978,2195411.6597714284
r185c1228,1978,1218505.1167505735
r185c1229,1978,70507.96793402992
r185c1230,1978,33948.29831792968
r185c1231,1978,264492.2081413878
r185c1232,1978,11951.430860805145
r185c1233,1978,15900.321173829885
r185c1234,1978,12408.04468855442
r185c1235,1978,3710.2563320869344
r185c1236,1978,130469.23090133419
r186c1227,1978,56265.036822444694
r186c1228,1978,158472.27253416664
r186c1229,1978,41195.044273914136
r186c1230,1978,35319.30242909902
r186c1231,1978,31293.701770435593
r186c1232,1978,114597.38008167355
r186c1233,1978,76696.4671575204
r186c1234,1978,7226.542145074781
r186c1235,1978,36065.43803042945
r186c1236,1978,27025.76418421338
r186c1237,1978,25162.22789651972
r187c1226,1978,43429.93532893345
r187c1228,1978,345909.7639645791
r187c1229,1978,59559.26583165306
r187c1230,1978,82590.35708829504
r187c1231,1978,190106.8338008276
r187c1232,1978,10728.222972355481
r187c1233,1978,18972.045658202052
r187c1234,1978,92345.7318155969
r187c1235,1978,12823.163325893944
r187c1236,1978,4503.25182398139
r187c1237,1978,17246.787975977164
r188c1225,1978,25279.47699498364
r188c1226,1978,86185.96029228732
r188c1227,1978,56857.905070995716
r188c1228,1978,14366.593745784656
r188c1229,1978,517654.69715545047
r188c1230,1978,58864.82285391531
r188c1231,1978,6750.500080088103
r188c1232,1978,70505.79080049363
r188c1233,1978,37081.85390445562
r188c1234,1978,99608.26313203108
r188c1235,1978,23039.695747884565
r188c1236,1978,22942.931875911177
r188c1237,1978,21784.24810799783
r189c1226,1978,53622.918994964915
r189c1227,1978,55906.659735314424
r189c1228,1978,65357.55903146992
r189c1229,1978,1266295.3267079932
r189c1230,1978,63040.70382622118
r189c1231,1978,18167.008374285993
r189c1232,1978,75613.55112558382
r189c1233,1978,26093.78364688454
r189c1234,1978,42103.330463461774
r189c1235,1978,11428.756941669191
r189c1236,1978,13655.22050217272
r189c1237,1978,17318.330604026833
r190c1226,1978,44889.31121012583
r190c1227,1978,67545.79293694801
r190c1228,1978,125421.04635517758
r190c1229,1978,36131.183089033555
r190c1230,1978,31813.525876871256
r190c1231,1978,27936.87836840347
r190c1232,1978,89594.28485943892
r190c1233,1978,424467.22687002784
r190c1234,1978,25095.354416370606
r190c1235,1978,21932.30426932394
r190c1236,1978,14795.21656186222
r190c1237,1978,524153.4088341659
r191c1227,1978,369090.9688127442
r191c1228,1978,754739.6969629333
r191c1229,1978,15443.173432284295
r191c1230,1978,10766.673721131254
r191c1231,1978,9620.447206718238
r191c1232,1978,11225.238947717786
r191c1233,1978,210440.9220578191
r191c1234,1978,2584819.9485142003
r191c1235,1978,210515.36280554236
r191c1236,1978,164225.72046587837
r191c1237,1978,265045.33514325984
r192c1226,1978,60108.106225281066
r192c1227,1978,122463.29128889488
r192c1228,1978,19336.834475296717
r192c1229,1978,27093.018879618947
r192c1230,1978,31246.96896738475
r192c1231,1978,37271.86933461329
r192c1232,1978,21040.331181468504
r192c1233,1978,80590.64781330648
r192c1234,1978,33478.28620380123
r192c1235,1978,20627.64683591073
r192c1236,1978,23178.083023709754
r192c1237,1978,572974.910671578
r193c1226,1978,68133.99551439346
r193c1227,1978,58382.543675318404
r193c1228,1978,47904.29639261671
r193c1229,1978,102882.08611019816
r193c1230,1978,8969.288524978005
r193c1231,1978,13511.734331396934
r193c1232,1978,16170.011681318872
r193c1233,1978,51212.68590109034
r193c1234,1978,159215.9012355678
r193c1235,1978,78330.38276282938
r193c1236,1978,253711.74904303157
r194c1224,1978,10364.780351828233
r194c1226,1978,76421.17376169874
r194c1227,1978,1250831.6860338703
r194c1228,1978,17455.88738379963
r194c1229,1978,29419.535966624488
r194c1230,1978,17210.15786585656
r194c1231,1978,25982.107049345992
r194c1232,1978,245779.2279421583
r194c1233,1978,28143.044384083172
r194c1235,1978,952468.3014327937
r194c1236,1978,3438155.7154048085
r195c1224,1978,13017.337098357813
r195c1226,1978,76870.46370941908
r195c1227,1978,27162.631567783745
r195c1228,1978,30409.568641266116
r195c1229,1978,116555.69500679443
r195c1231,1978,121214.65293529743
r195c1233,1978,125165.83642009752
r195c1234,1978,192923.57184409664
r196c1226,1978,60175.37864815674
r196c1227,1978,67366.11725039966
r196c1229,1978,40958.16783480732
r201c1225,1978,94537.32290020105
r201c1226,1978,61089.17399919521
r201c1227,1978,25821.478261971817
r163c1239,1979,111701.48771832263
r163c1240,1979,46985.95088418969
r164c1239,1979,17338.440797079093
r164c1240,1979,31061.426604303837
r165c1237,1979,4081.196821319037
r165c1238,1979,44275.40140105255
r165c1239,1979,35287.977072369016
r165c1240,1979,1536.7636401703498
r165c1241,1979,141629.20054939704
r165c1242,1979,15639.045649196254
r166c1236,1979,60358.68362374017
r166c1237,1979,14869.296779612223
r166c1238,1979,54471.16644770573
r166c1239,1979,1689.19626720947
r166c1240,1979,10121.258612956657
r167c1232,1979,4799.99547773769
r167c1233,1979,17967.191337863034
r167c1234,1979,3855.5818640973202
r167c1235,1979,4876.543609364902
r167c1236,1979,9966.737120252737
r167c1237,1979,952.5895182656234
r167c1238,1979,129263.58766904088
r167c1239,1979,647301.6527885562
r168c1226,1979,4533.577471015653
r168c1227,1979,22880.34313145848
r168c1233,1979,18126.30142370235
r168c1234,1979,1253.332067027279
r168c1235,1979,2929.7403591408156
r168c1236,1979,23.817324355244637
r168c1237,1979,1159.1538505479584
r168c1238,1979,258584.62117663096
r169c1226,1979,26057.44846747607
r169c1227,1979,7116.563961207867
r169c1228,1979,5730.485563790981
r169c1229,1979,8457.268470477935
r169c1230,1979,7285.676201509367
r169c1231,1979,9818.206776543657
r169c1232,1979,556129.2184090671
r169c1233,1979,17137.86016639591
r169c1234,1979,3408.522588154352
r169c1235,1979,287.26974498007223
r169c1236,1979,1791.302429264594
r169c1237,1979,33753.686804369056
r169c1238,1979,36980.51814915286
r170c1225,1979,143017.84214557786
r170c1226,1979,14467.603561478272
r170c1227,1979,1196.6205876091678
r170c1228,1979,2194.6310150772333
r170c1229,1979,526.2531699799001
r170c1230,1979,225.39957179222256
r170c1231,1979,3198.9531177431345
r170c1232,1979,5226.45604924507
r170c1233,1979,18297.084457218065
r170c1234,1979,6655.823268568143
r170c1235,1979,10547.179282841887
r170c1236,1979,504.3385044833572
r170c1237,1979,33993.89237064555
r170c1238,1979,5219.572545742292
r171c1223,1979,21643.156099634492
r171c1224,1979,3268.0748348782204
r171c1225,1979,1047.7461494261436
r171c1226,1979,502040.5204772837
r171c1227,1979,1792.608106128046
r171c1228,1979,12399.448756794398
r171c1229,1979,1046.0687786188632
r171c1230,1979,1117.4505520369603
r171c1231,1979,2334.885287899524
r171c1232,1979,34569.45291328408
r171c1233,1979,2131.4207189392228
r171c1234,1979,699.0836471086368
r171c1235,1979,57148.02824569712
r171c1236,1979,6540.9771893854595
r171c1237,1979,112700.25666689572
r171c1238,1979,22664.048648510096
r172c1221,1979,9735.874698989337
r172c1222,1979,10197.529101054366
r172c1223,1979,6873.566109029576
r172c1224,1979,3353.0735824628787
r172c1225,1979,106541.30113882125
r172c1226,1979,24113.48856685894
r172c1227,1979,1110.784295823425
r172c1228,1979,1384.243619080633
r172c1229,1979,182.12660064268857
r172c1230,1979,5662.868606141583
r172c1231,1979,4410.263373110414
r172c1232,1979,4551.272059541039
r172c1233,1979,669.418673596648
r172c1234,1979,37986.224080885404
r172c1235,1979,25942.968150874032
r172c1236,1979,270604.1659337826
r173c1219,1979,34652.09726393811
r173c1220,1979,63793.85038776366
r173c1221,1979,887.2215298831865
r173c1222,1979,4541.575439764377
r173c1223,1979,484.0597370993346
r173c1224,1979,1786.763615571116
r173c1225,1979,9469.585028850403
r173c1226,1979,6682.515301428735
r173c1227,1979,1233.5236230213195
r173c1228,1979,5120.651868636034
r173c1229,1979,849.4052603440249
r173c1230,1979,11860.306220723583
r173c1231,1979,1694.7991740901973
r173c1232,1979,9051.30946872603
r173c1233,1979,41776.45830662087
r173c1234,1979,39612.116985262976
r174c1218,1979,47725.67086237209
r174c1219,1979,2617.356459879678
r174c1220,1979,86443.91364829078
r174c1221,1979,1700.178028751574
r174c1222,1979,12074.038574932
r174c1223,1979,59038.96952203336
r174c1224,1979,152053.33402454917
r174c1225,1979,214099.50121781626
r174c1226,1979,2310.1276087660344
r174c1227,1979,3546.233817514032
r174c1228,1979,87.93515049238671
r174c1229,1979,34918.86305083341
r174c1230,1979,45501.12215299996
r174c1231,1979,121050.32551701322
r174c1232,1979,227685.43023187452
r174c1233,1979,93881.74994354084
r175c1217,1979,74394.89102003767
r175c1218,1979,102457.46590446802
r175c1219,1979,51131.15887473587
r175c1220,1979,75646.57927882248
r175c1221,1979,82761.35438226932
r175c1222,1979,36531.9194655979
r175c1223,1979,40593.56855587754
r175c1224,1979,88864.57223752272
r175c1225,1979,128117.76131630286
r175c1226,1979,3838.146131355525
r175c1227,1979,1123.9787693301837
r175c1228,1979,613.6379876789399
r175c1229,1979,89444.5566590035
r175c1230,1979,1399427.7268058104
r176c1218,1979,4258.722349622729
r176c1220,1979,163443.85385331934
r176c1221,1979,15590.973674728897
r176c1222,1979,379884.8113821555
r176c1223,1979,154549.69312971216
r176c1224,1979,92531.61885133006
r176c1225,1979,188540.53706168794
r176c1226,1979,19264.865845712025
r176c1227,1979,14739.08802397841
r176c1228,1979,32601.691791643538
r176c1229,1979,26839.361554743777
r177c1222,1979,135372.1112245463
r177c1223,1979,507601.6323930897
r177c1224,1979,418865.88775396656
r177c1225,1979,29843.082296553563
r177c1226,1979,9301.058109255608
r177c1227,1979,10804.77762347469
r177c1228,1979,163895.7163709174
r177c1229,1979,45274.995837740615
r178c1221,1979,36643.47968984759
r178c1222,1979,816825.607375318
r178c1223,1979,757859.6130365881
r178c1224,1979,25437.761514770522
r178c1225,1979,54378.321415084334
r178c1226,1979,30004.127877468378
r178c1227,1979,1880.026216052911
r178c1228,1979,696.0332349822254
r178c1229,1979,520859.2210061677
r178c1230,1979,24106.409815562012
r179c1221,1979,63166.474137858386
r179c1222,1979,669172.6864079342
r179c1223,1979,100201.56620266323
r179c1224,1979,7329.038151568551
r179c1225,1979,43316.56630172106
r179c1226,1979,28242.409259130407
r179c1227,1979,8160.928359797766
r179c1228,1979,2846.593609154177
r179c1229,1979,69427.0933917425
r179c1230,1979,2185.9877496675426
r179c1231,1979,24128.32690671971
r180c1221,1979,335516.9743118393
r180c1222,1979,380021.3986122488
r180c1223,1979,371150.82825189165
r180c1224,1979,4810.5131736342155
r180c1225,1979,1634.1733781066232
r180c1226,1979,15726.977497882497
r180c1227,1979,3526.6823926369275
r180c1228,1979,2027.456726657676
r180c1229,1979,7719.622097039402
r180c1230,1979,7089.714798974058
r180c1231,1979,4118.091218554244
r180c1232,1979,12508.214559212758
r181c1220,1979,105447.12671715699
r181c1221,1979,135530.93177288436
r181c1222,1979,122857.95116203788
r181c1223,1979,267858.4728861101
r181c1224,1979,53069.10865238869
r181c1225,1979,33352.31559808977
r181c1226,1979,13631.957935473187
r181c1227,1979,16180.538279561719
r181c1228,1979,4693.727643417374
r181c1229,1979,24587.531038268273
r181c1230,1979,8291.167241875604
r181c1231,1979,1265.1241551488
r181c1232,1979,4216.671739694291
r182c1219,1979,24137.64369434232
r182c1220,1979,23535.000105845975
r182c1221,1979,25821.982116447834
r182c1222,1979,740232.9421915953
r182c1223,1979,64129.088069519625
r182c1224,1979,11337.850973051116
r182c1225,1979,24726.38501034522
r182c1226,1979,10102.256011766642
r182c1227,1979,3214.2827343738495
r183c1220,1979,5631.816534983314
r183c1221,1979,100750.29326943043
r183c1222,1979,44022.17507398818
r183c1224,1979,36482.8813740888
r183c1226,1979,336160.8527889084
r181c1233,1979,17432.311181803765
r182c1228,1979,42512.96150620056
r182c1229,1979,39845.51549829949
r182c1230,1979,25920.569379858363
r182c1231,1979,14083.505207379734
r182c1232,1979,28025.349612639493
r182c1233,1979,3239.889729017466
r182c1234,1979,101676.39095862076
r183c1227,1979,63985.42203032021
r183c1228,1979,159028.02079803534
r183c1229,1979,17067.43933879682
r183c1230,1979,220278.23071185075
r183c1231,1979,40596.78608548901
r183c1232,1979,6692.012176963806
r183c1233,1979,4851.613515914657
r183c1234,1979,1725.9428654324104
r184c1226,1979,558721.7081466983
r184c1227,1979,4162846.06147122
r184c1228,1979,5269260.582456559
r184c1229,1979,25312.08179977547
r184c1230,1979,6392.057860903011
r184c1231,1979,44864.32799169133
r184c1232,1979,8731.476563906046
r184c1233,1979,4020.0254556771397
r184c1234,1979,6341.252196103153
r184c1235,1979,32797.83444327624
r185c1226,1979,1599993.7559909814
r185c1227,1979,2269298.413462478
r185c1228,1979,1265373.7824191889
r185c1229,1979,77923.98114454647
r185c1230,1979,37477.8685830054
r185c1231,1979,266331.3062681013
r185c1232,1979,12542.283377040409
r185c1233,1979,16439.585168281956
r185c1234,1979,12688.359189111748
r185c1235,1979,3865.249052423329
r185c1236,1979,131081.38209103706
r186c1227,1979,63638.91621955098
r186c1228,1979,174916.22854987005
r186c1229,1979,45834.772824385946
r186c1230,1979,38017.757631768
r186c1231,1979,32297.15908034582
r186c1232,1979,115740.37695067027
r186c1233,1979,77636.58622873676
r186c1234,1979,7488.645093021834
r186c1235,1979,36422.94716673164
r186c1236,1979,27304.208805409788
r186c1237,1979,25527.788835937754
r187c1226,1979,45637.86639635635
r187c1228,1979,355583.929561975
r187c1229,1979,62443.69929301757
r187c1230,1979,84946.12608246157
r187c1231,1979,191156.9484027553
r187c1232,1979,11037.920321359376
r187c1233,1979,19261.476528042615
r187c1234,1979,92696.69623898742
r187c1235,1979,13014.284293348217
r187c1236,1979,4704.3097405242315
r187c1237,1979,17487.31719775628
r188c1225,1979,26315.067709405645
r188c1226,1979,88742.46148144429
r188c1227,1979,58490.12717463625
r188c1228,1979,15181.32812580383
r188c1229,1979,519940.32106667984
r188c1230,1979,61093.18925493236
r188c1231,1979,7137.424388564422
r188c1232,1979,71144.44943945948
r188c1233,1979,37883.20210125428
r188c1234,1979,99841.31622272643
r188c1235,1979,23352.166524032986
r188c1236,1979,23535.771427370713
r188c1237,1979,22261.57507413859
r189c1226,1979,55171.771572699654
r189c1227,1979,57236.40592967493
r189c1228,1979,67131.97842319639
r189c1229,1979,1281242.791147445
r189c1230,1979,64298.123830566794
r189c1231,1979,19079.79279892124
r189c1232,1979,76425.64869493541
r189c1233,1979,26973.198425605282
r189c1234,1979,42637.04036282927
r189c1235,1979,11821.930103288421
r189c1236,1979,14084.325324220812
r189c1237,1979,17677.24629454794
r190c1226,1979,46269.2620703587
r190c1227,1979,69532.41514038589
r190c1228,1979,128750.49972271528
r190c1229,1979,37202.4994654672
r190c1230,1979,32795.03042089899
r190c1231,1979,28498.6918649587
r190c1232,1979,91170.11619469643
r190c1233,1979,425093.32399493374
r190c1234,1979,25865.626242749826
r190c1235,1979,22610.80608122469
r190c1236,1979,15572.53813104422
r190c1237,1979,520974.66135731176
r191c1227,1979,369675.1868922997
r191c1228,1979,753396.6068034659
r191c1229,1979,15922.708903604516
r191c1230,1979,11289.478549102587
r191c1231,1979,9911.83651048148
r191c1232,1979,11614.659682265523
r191c1233,1979,213711.40401964606
r191c1234,1979,2597017.793407228
r191c1235,1979,213449.60129522928
r191c1236,1979,165688.2653394498
r191c1237,1979,265511.6150411294
r192c1226,1979,61932.796042697104
r192c1227,1979,124953.51767847869
r192c1228,1979,20204.44413924255
r192c1229,1979,28167.79951123648
r192c1230,1979,32067.595096597266
r192c1231,1979,38238.587670708264
r192c1232,1979,21665.19651274917
r192c1233,1979,82957.85021297136
r192c1234,1979,34520.3036728362
r192c1235,1979,21424.376905280045
r192c1236,1979,24428.139836623086
r192c1237,1979,582407.8859143198
r193c1226,1979,69612.36282021292
r193c1227,1979,59559.97548280172
r193c1228,1979,48924.91055497888
r193c1229,1979,103583.12983570836
r193c1230,1979,9370.844039274443
r193c1231,1979,13986.110079952949
r193c1232,1979,16669.380067714323
r193c1233,1979,53075.59066601572
r193c1234,1979,163116.8523207657
r193c1235,1979,81879.02488553569
r193c1236,1979,259050.65878405643
r194c1224,1979,10646.882726133392
r194c1226,1979,78006.59859167521
r194c1227,1979,1266562.2421687124
r194c1228,1979,18114.29678228639
r194c1229,1979,29896.59324514203
r194c1230,1979,17658.529286695033
r194c1231,1979,26646.375489594964
r194c1232,1979,247988.90192533075
r194c1233,1979,29484.799115796588
r194c1235,1979,960490.3964869418
r194c1236,1979,3441698.314911341
r195c1224,1979,13372.121958960659
r195c1226,1979,78218.71420437722
r195c1227,1979,27874.04193669882
r195c1228,1979,30849.292824340344
r195c1229,1979,116229.81594353286
r195c1231,1979,120618.80952851342
r195c1233,1979,127002.56515679263
r195c1234,1979,195247.5157503542
r196c1226,1979,61077.19756969389
r196c1227,1979,68571.66850293422
r196c1229,1979,41483.10653518477
r201c1225,1979,97312.2142007889
r201c1226,1979,63246.70813395856
r201c1227,1979,26641.9967909307
r163c1239,1980,112281.05195250997
r163c1240,1980,47306.5190554868
r164c1239,1980,17774.23802091013
r164c1240,1980,31154.307256333275
r165c1237,1980,4281.970549715812
r165c1238,1980,44805.59475857835
r165c1239,1980,35750.912764639674
r165c1240,1980,1576.9792244457926
r165c1241,1980,141768.81583269485
r165c1242,1980,15888.947410792593
r166c1236,1980,60306.48816724543
r166c1237,1980,15172.048592181063
r166c1238,1980,54138.54384861625
r166c1239,1980,1773.3206135337766
r166c1240,1980,10611.85343419595
r167c1232,1980,4831.5151419920985
r167c1233,1980,19002.935225473688
r167c1234,1980,3932.869760145057
r167c1235,1980,5010.2918442617665
r167c1236,1980,10099.23451504639
r167c1237,1980,1007.2117291167233
r167c1238,1980,130640.58316864862
r167c1239,1980,648076.1225772391
r168c1226,1980,4607.158114037638
r168c1227,1980,23423.94932884847
r168c1233,1980,18787.607914698347
r168c1234,1980,1284.877009291976
r168c1235,1980,3083.3090760359287
r168c1236,1980,24.29866835474968
r168c1237,1980,1186.274484368162
r168c1238,1980,262743.01721275685
r169c1226,1980,26624.257526702248
r169c1227,1980,7441.257912114263
r169c1228,1980,5868.764075271673
r169c1229,1980,8933.552165343437
r169c1230,1980,7529.58565574475
r169c1231,1980,9976.677021910256
r169c1232,1980,555074.3717834813
r169c1233,1980,17666.919831283267
r169c1234,1980,3559.21751686618
r169c1235,1980,294.02731176351796
r169c1236,1980,1806.0512476874624
r169c1237,1980,34239.74359044895
r169c1238,1980,37712.55094795802
r170c1225,1980,143770.4058408818
r170c1226,1980,14945.919304292758
r170c1227,1980,1246.6006244512166
r170c1228,1980,2244.73441933468
r170c1229,1980,534.4253471232951
r170c1230,1980,234.19288753252476
r170c1231,1980,3223.3935016691685
r170c1232,1980,5317.95860436512
r170c1233,1980,18288.385720943777
r170c1234,1980,6805.369367886335
r170c1235,1980,11190.147760869764
r170c1236,1980,527.382931479052
r170c1237,1980,34250.371667883315
r170c1238,1980,5361.642336437407
r171c1223,1980,21856.664439730932
r171c1224,1980,3369.4371260947073
r171c1225,1980,1057.932580587443
r171c1226,1980,504975.2378638942
r171c1227,1980,1822.0116114423847
r171c1228,1980,12546.515986464567
r171c1229,1980,1062.1719010325478
r171c1230,1980,1138.1882686627591
r171c1231,1980,2342.002166084945
r171c1232,1980,35570.097400971325
r171c1233,1980,2145.8444497988276
r171c1234,1980,712.1590319601819
r171c1235,1980,57630.90688298008
r171c1236,1980,6828.63868653619
r171c1237,1980,114182.65362569038
r171c1238,1980,23403.498538813594
r172c1221,1980,9984.84325157045
r172c1222,1980,10487.010277463287
r172c1223,1980,7114.529318518937
r172c1224,1980,3395.13577131274
r172c1225,1980,106933.46232274779
r172c1226,1980,24868.036804371328
r172c1227,1980,1116.1515586301684
r172c1228,1980,1389.2297509089112
r172c1229,1980,185.5540898712352
r172c1230,1980,5909.4548185606545
r172c1231,1980,4512.876661114307
r172c1232,1980,4636.128351264338
r172c1233,1980,686.1495374765576
r172c1234,1980,38322.31398822214
r172c1235,1980,26620.703885276114
r172c1236,1980,272102.94277304667
r173c1219,1980,36142.159473176376
r173c1220,1980,65470.74650951837
r173c1221,1980,938.2693167956655
r173c1222,1980,4886.312367359607
r173c1223,1980,489.4245427586138
r173c1224,1980,1814.6900147555507
r173c1225,1980,9753.83894156387
r173c1226,1980,6747.079461321235
r173c1227,1980,1301.0127025097609
r173c1228,1980,5198.422972669745
r173c1229,1980,876.5776048392167
r173c1230,1980,12030.071495366858
r173c1231,1980,1719.0268145876664
r173c1232,1980,9260.836903498594
r173c1233,1980,43144.8874878196
r173c1234,1980,40063.60813783197
r174c1218,1980,50035.38422790325
r174c1219,1980,2823.4344062046384
r174c1220,1980,88897.62827589587
r174c1221,1980,1820.232634657468
r174c1222,1980,12665.475535396361
r174c1223,1980,60326.51364343285
r174c1224,1980,153694.98987130943
r174c1225,1980,215173.79394607295
r174c1226,1980,2336.6926416220763
r174c1227,1980,3706.135974369943
r174c1228,1980,89.15328061005475
r174c1229,1980,35590.23266870774
r174c1230,1980,46619.303031637086
r174c1231,1980,122663.4342853809
r174c1232,1980,233803.77188903294
r174c1233,1980,96804.2935016297
r175c1217,1980,76826.7874669133
r175c1218,1980,105732.54512667215
r175c1219,1980,52618.28028274963
r175c1220,1980,77477.86818008924
r175c1221,1980,84757.12317106446
r175c1222,1980,38078.818349549976
r175c1223,1980,41945.38039085394
r175c1224,1980,91799.70911171213
r175c1225,1980,129373.53442688071
r175c1226,1980,3978.156605096782
r175c1227,1980,1148.413532304457
r175c1228,1980,631.515157146624
r175c1229,1980,90780.47796580574
r175c1230,1980,1402338.5716570322
r176c1218,1980,4451.040909892125
r176c1220,1980,166988.6210392044
r176c1221,1980,16435.91687800785
r176c1222,1980,386467.4637311255
r176c1223,1980,157544.35172360885
r176c1224,1980,95766.31408752411
r176c1225,1980,190331.8929949316
r176c1226,1980,19695.127718953234
r176c1227,1980,15098.68073561427
r176c1228,1980,32986.0643189166
r176c1229,1980,27362.14287123419
r177c1222,1980,137245.69373042026
r177c1223,1980,513075.9380975484
r177c1224,1980,423921.36327792896
r177c1225,1980,30392.940560968607
r177c1226,1980,9574.886674424224
r177c1227,1980,11326.975510051285
r177c1228,1980,166897.50617049675
r177c1229,1980,47359.7434453639
r178c1221,1980,37582.497063308576
r178c1222,1980,850696.3912217885
r178c1223,1980,786020.1304661584
r178c1224,1980,26565.832359587668
r178c1225,1980,56002.53582246738
r178c1226,1980,30428.950150226097
r178c1227,1980,1943.3264005503672
r178c1228,1980,730.5157760552186
r178c1229,1980,538721.9440576319
r178c1230,1980,25313.977662534075
r179c1221,1980,65495.1087218458
r179c1222,1980,679338.6252821622
r179c1223,1980,105006.15759440907
r179c1224,1980,7755.892202280488
r179c1225,1980,44622.15208213703
r179c1226,1980,28847.964204251977
r179c1227,1980,8460.336022863434
r179c1228,1980,2988.4352714426886
r179c1229,1980,71780.00279632867
r179c1230,1980,2374.6422144045146
r179c1231,1980,25147.123925104737
r180c1221,1980,337373.4861415097
r180c1222,1980,386341.0627031304
r180c1223,1980,374616.8939416209
r180c1224,1980,5015.749240748891
r180c1225,1980,1705.847293486614
r180c1226,1980,16356.189077296236
r180c1227,1980,3778.2689997256057
r180c1228,1980,2127.0606997615055
r180c1229,1980,8086.8397364318735
r180c1230,1980,7506.794692759804
r180c1231,1980,4364.891761051433
r180c1232,1980,13211.218492587
r181c1220,1980,107952.08596925059
r181c1221,1980,138324.6095716573
r181c1222,1980,126197.05224382994
r181c1223,1980,272813.53310539597
r181c1224,1980,54061.53839926901
r181c1225,1980,34565.29164107482
r181c1226,1980,14188.125553792775
r181c1227,1980,16820.446138966916
r181c1228,1980,4862.875799492214
r181c1229,1980,25509.675016427023
r181c1230,1980,8531.854167677644
r181c1231,1980,1318.3333779084066
r181c1232,1980,4279.1218038220895
r182c1219,1980,25031.10601312167
r182c1220,1980,24140.642411760284
r182c1221,1980,26332.122267996274
r182c1222,1980,749067.1407772922
r182c1223,1980,65771.6875001922
r182c1224,1980,11640.828215180256
r182c1225,1980,25829.48628246216
r182c1226,1980,10398.405173203599
r182c1227,1980,3478.901355333862
r183c1220,1980,5949.940509056689
r183c1221,1980,103868.38314951636
r183c1222,1980,45384.328363157794
r183c1224,1980,37413.87800136805
r183c1226,1980,338850.4494856529
r181c1233,1980,17869.445230765963
r182c1228,1980,44911.21687837358
r182c1229,1980,41797.15731664376
r182c1230,1980,26476.813008117027
r182c1231,1980,14486.3938759632
r182c1232,1980,28749.638795294522
r182c1233,1980,3352.479737090527
r182c1234,1980,102482.2463631887
r183c1227,1980,70774.98692595534
r183c1228,1980,174410.3474090224
r183c1229,1980,18869.18799937793
r183c1230,1980,220447.06789361892
r183c1231,1980,41347.364756912284
r183c1232,1980,6963.311990377615
r183c1233,1980,5069.152869444658
r183c1234,1980,1774.8235370749217
r184c1226,1980,576868.3580075477
r184c1227,1980,4212098.315132348
r184c1228,1980,5326172.94569277
r184c1229,1980,28241.582780413155
r184c1230,1980,6842.989763783458
r184c1231,1980,45820.97996394899
r184c1232,1980,9123.016054245272
r184c1233,1980,4171.721965975856
r184c1234,1980,6555.4243188531955
r184c1235,1980,33786.00393004085
r185c1226,1980,1632080.2258749628
r185c1227,1980,2347530.2503346438
r185c1228,1980,1314999.5934435497
r185c1229,1980,85729.49981815508
r185c1230,1980,41189.94978108246
r185c1231,1980,268696.3663542744
r185c1232,1980,13143.699590088741
r185c1233,1980,16999.211342333
r185c1234,1980,12988.154660972301
r185c1235,1980,4024.247942411901
r185c1236,1980,131958.06122916812
r186c1227,1980,71501.74400803128
r186c1228,1980,192208.20985485436
r186c1229,1980,50741.9075285531
r186c1230,1980,40851.40047089546
r186c1231,1980,33350.4769920197
r186c1232,1980,117123.27074718455
r186c1233,1980,78726.93351358693
r186c1234,1980,7759.794506505806
r186c1235,1980,36848.72401250569
r186c1236,1980,27632.85771140787
r186c1237,1980,25935.77179333487
r187c1226,1980,47929.08913506886
r187c1228,1980,366176.1186459606
r187c1229,1980,65434.103101819186
r187c1230,1980,87442.68649110186
r187c1231,1980,192624.53321353087
r187c1232,1980,11365.202731003668
r187c1233,1980,19587.442372032747
r187c1234,1980,93226.33375637693
r187c1235,1980,13226.789280322291
r187c1236,1980,4909.65399462098
r187c1237,1980,17757.005196134403
r188c1225,1980,27402.536051170613
r188c1226,1980,91489.0837530261
r188c1227,1980,60248.513746955075
r188c1228,1980,16021.080698225647
r188c1229,1980,523376.5493873275
r188c1230,1980,63410.168511035175
r188c1231,1980,7530.73417066189
r188c1232,1980,71910.65073180612
r188c1233,1980,38740.40406975792
r188c1234,1980,100270.596075988
r188c1235,1980,23703.80256489898
r188c1236,1980,24160.83327716461
r188c1237,1980,22771.556105213993
r189c1226,1980,56839.48086711153
r189c1227,1980,58693.94930748985
r189c1228,1980,69052.52857621526
r189c1229,1980,1298689.6034463514
r189c1230,1980,65674.66734497431
r189c1231,1980,20012.067485956264
r189c1232,1980,77371.46597385392
r189c1233,1980,27884.323348456837
r189c1234,1980,43243.21995813742
r189c1235,1980,12228.799344685234
r189c1236,1980,14530.772999741834
r189c1237,1980,18062.616419620783
r190c1226,1980,47747.04846604923
r190c1227,1980,71616.55909959426
r190c1228,1980,132326.1224115584
r190c1229,1980,38348.75413693255
r190c1230,1980,33832.163474488174
r190c1231,1980,29112.329845973996
r190c1232,1980,92889.84206220941
r190c1233,1980,426564.44701149315
r190c1234,1980,26668.2430548182
r190c1235,1980,23317.42068497296
r190c1236,1980,16361.132580373469
r190c1237,1980,518934.49817951693
r191c1227,1980,370986.7392582219
r191c1228,1980,753637.8852299283
r191c1229,1980,16415.278186413052
r191c1230,1980,11814.55222920108
r191c1231,1980,10218.103805252238
r191c1232,1980,12018.437749800234
r191c1233,1980,217368.95034034306
r191c1234,1980,2613985.1205410026
r191c1235,1980,216740.56095287387
r191c1236,1980,167448.38230275066
r191c1237,1980,266503.7312831698
r192c1226,1980,63809.77947992481
r192c1227,1980,127597.2334673477
r192c1228,1980,21078.143320006777
r192c1229,1980,29256.499309427276
r192c1230,1980,32934.37328485008
r192c1231,1980,39281.34919824659
r192c1232,1980,22331.09801863874
r192c1233,1980,85471.17964097462
r192c1234,1980,35616.62667913811
r192c1235,1980,22254.16406863137
r192c1236,1980,25733.41067579517
r192c1237,1980,593022.7515328078
r193c1226,1980,71168.30557832397
r193c1227,1980,60800.76930690707
r193c1228,1980,50000.37623615976
r193c1229,1980,104462.96524225784
r193c1230,1980,9777.402855979093
r193c1231,1980,14487.435126820179
r193c1232,1980,17201.340490458166
r193c1233,1980,55040.316533112724
r193c1234,1980,167343.78072734494
r193c1235,1980,85579.91762264985
r193c1236,1980,264866.7277529436
r194c1224,1980,10936.931789457585
r194c1226,1980,79689.63684624215
r194c1227,1980,1284762.9048251011
r194c1228,1980,18779.20691217087
r194c1229,1980,30409.64599860277
r194c1230,1980,18127.418796695987
r194c1231,1980,27362.176983750884
r194c1232,1980,250720.78406524408
r194c1233,1980,30880.922614138235
r194c1235,1980,970212.9874322324
r194c1236,1980,3451339.4338445663
r195c1224,1980,13736.8670403454
r195c1226,1980,79656.79273456067
r195c1227,1980,28607.435814818527
r195c1228,1980,31328.440482572267
r195c1229,1980,116138.55534653761
r195c1231,1980,120318.97817177413
r195c1233,1980,129101.68871306162
r195c1234,1980,197978.42820249783
r196c1226,1980,62055.71351925841
r196c1227,1980,69854.94475537691
r196c1229,1980,42063.93935124399
r201c1225,1980,100310.90907410838
r201c1226,1980,65555.67669605777
r201c1227,1980,27524.81447797328
r163c1239,1981,112770.20549094939
r163c1240,1981,47715.53401965747
r164c1239,1981,18373.758607831147
r164c1240,1981,31218.253872397265
r165c1237,1981,4602.320181075046
r165c1238,1981,45274.709373562655
r165c1239,1981,36299.63505164735
r165c1240,1981,1648.983178084062
r165c1241,1981,141797.39686611563
r165c1242,1981,16175.788143564321
r166c1236,1981,60139.84086131592
r166c1237,1981,15519.606958798942
r166c1238,1981,53733.91142247461
r166c1239,1981,1875.0659293306014
r166c1240,1981,11266.212855854785
r167c1232,1981,4833.283950032007
r167c1233,1981,20771.288458389296
r167c1234,1981,4117.929253557193
r167c1235,1981,5267.180312670165
r167c1236,1981,10298.530493486627
r167c1237,1981,1061.0879935864214
r167c1238,1981,131992.24027439643
r167c1239,1981,646966.0966916111
r168c1226,1981,4670.976757246004
r168c1227,1981,24070.83803661584
r168c1233,1981,19612.866648930714
r168c1234,1981,1307.8355512001935
r168c1235,1981,3425.425584730945
r168c1236,1981,24.699925139546394
r168c1237,1981,1215.2038514723756
r168c1238,1981,267311.0130452409
r169c1226,1981,27268.91802871323
r169c1227,1981,7793.598782921676
r169c1228,1981,5995.913899330277
r169c1229,1981,9650.605218244196
r169c1230,1981,7898.879087994447
r169c1231,1981,10143.556221183831
r169c1232,1981,551177.6635123298
r169c1233,1981,18542.961323476084
r169c1234,1981,3721.9371656505214
r169c1235,1981,302.66446111330436
r169c1236,1981,1812.0031477945545
r169c1237,1981,34781.29647217134
r169c1238,1981,38632.645288236774
r170c1225,1981,144438.46821112168
r170c1226,1981,15717.077114062871
r170c1227,1981,1346.6116330391783
r170c1228,1981,2286.4982347413898
r170c1229,1981,539.8984314613044
r170c1230,1981,274.06785115692765
r170c1231,1981,3225.727286901325
r170c1232,1981,5374.466568265447
r170c1233,1981,18197.190464847703
r170c1234,1981,7014.410208951682
r170c1235,1981,12095.784520512769
r170c1236,1981,582.9031416382768
r170c1237,1981,34609.93439574408
r170c1238,1981,5543.093258289153
r171c1223,1981,22055.75228314181
r171c1224,1981,3516.3661582675404
r171c1225,1981,1072.6771985615733
r171c1226,1981,507476.06998656964
r171c1227,1981,1842.057716520684
r171c1228,1981,12684.758089412659
r171c1229,1981,1077.9194259633884
r171c1230,1981,1154.2124495573196
r171c1231,1981,2334.1323488615453
r171c1232,1981,37031.01058054178
r171c1233,1981,2166.1589600395905
r171c1234,1981,722.5701209767722
r171c1235,1981,58027.574881069624
r171c1236,1981,7249.896272553962
r171c1237,1981,116104.52891861992
r171c1238,1981,24355.8613573884
r172c1221,1981,10276.257231084914
r172c1222,1981,10882.954119319435
r172c1223,1981,7414.501271566376
r172c1224,1981,3445.8908267129923
r172c1225,1981,107119.2384473156
r172c1226,1981,25577.14969769437
r172c1227,1981,1115.5666929264553
r172c1228,1981,1387.0168652590364
r172c1229,1981,188.16884109470993
r172c1230,1981,6231.165141853888
r172c1231,1981,4645.46256490505
r172c1232,1981,4804.3002222431105
r172c1233,1981,700.4947078054898
r172c1234,1981,38570.31989965445
r172c1235,1981,27407.453890673172
r172c1236,1981,273206.4676571615
r173c1219,1981,37793.16746082415
r173c1220,1981,67154.45773845428
r173c1221,1981,987.684897408072
r173c1222,1981,5251.968779871042
r173c1223,1981,506.82800051011145
r173c1224,1981,1832.3404303990524
r173c1225,1981,10071.941240256183
r173c1226,1981,6796.962406992912
r173c1227,1981,1376.001963317584
r173c1228,1981,5293.008069090582
r173c1229,1981,910.2394028907404
r173c1230,1981,12192.936105744804
r173c1231,1981,1761.8528443131258
r173c1232,1981,9576.436194689164
r173c1233,1981,44694.96570696057
r173c1234,1981,40609.84675242304
r174c1218,1981,52644.61118275277
r174c1219,1981,3095.73019622804
r174c1220,1981,91241.71483470066
r174c1221,1981,1983.25490187748
r174c1222,1981,13293.061895695893
r174c1223,1981,61541.80366533407
r174c1224,1981,155049.3943617213
r174c1225,1981,216238.9352389997
r174c1226,1981,2350.2339549788276
r174c1227,1981,3963.630496364277
r174c1228,1981,90.10151111744847
r174c1229,1981,36373.544757778734
r174c1230,1981,47925.542231153835
r174c1231,1981,124236.22731183234
r174c1232,1981,240317.908084567
r174c1233,1981,100475.7686145154
r175c1217,1981,79621.83790178121
r175c1218,1981,109260.20651156091
r175c1219,1981,54326.92200295837
r175c1220,1981,79618.18479123304
r175c1221,1981,86708.31061573574
r175c1222,1981,39929.62821603602
r175c1223,1981,43448.32470884309
r175c1224,1981,95142.57143150136
r175c1225,1981,130346.05699676355
r175c1226,1981,4134.767507920903
r175c1227,1981,1167.374826809647
r175c1228,1981,647.4462788453435
r175c1229,1981,92310.57495145344
r175c1230,1981,1401978.840605943
r176c1218,1981,4667.5090893612305
r176c1220,1981,170481.48583011376
r176c1221,1981,17425.14360109148
r176c1222,1981,392672.7284809657
r176c1223,1981,160709.99844470472
r176c1224,1981,99856.66816965061
r176c1225,1981,191953.1419198635
r176c1226,1981,20124.317858262588
r176c1227,1981,15479.135982850312
r176c1228,1981,33450.895153361365
r176c1229,1981,28034.96519244771
r177c1222,1981,139556.7002860262
r177c1223,1981,517453.1050524995
r177c1224,1981,428175.75588287367
r177c1225,1981,30976.251810550813
r177c1226,1981,9839.493856314779
r177c1227,1981,12002.014046063294
r177c1228,1981,170009.28866479525
r177c1229,1981,49794.376396348125
r178c1221,1981,38943.099288248355
r178c1222,1981,884614.4667927009
r178c1223,1981,813993.1832140277
r178c1224,1981,27821.626704116632
r178c1225,1981,57660.252206723424
r178c1226,1981,30727.585138092756
r178c1227,1981,2013.7776712086709
r178c1228,1981,774.7673637698076
r178c1229,1981,555583.1216038197
r178c1230,1981,26621.25388738729
r179c1221,1981,68439.02250692497
r179c1222,1981,689228.7656134908
r179c1223,1981,110057.39307604637
r179c1224,1981,8269.205395086134
r179c1225,1981,45997.121149620725
r179c1226,1981,29403.226024810934
r179c1227,1981,8797.04091915624
r179c1228,1981,3129.6693068547866
r179c1229,1981,74097.7488954521
r179c1230,1981,2631.011599403995
r179c1231,1981,26189.305103151128
r180c1221,1981,339021.1924988559
r180c1222,1981,392479.1642379126
r180c1223,1981,377393.2848888429
r180c1224,1981,5229.895554694841
r180c1225,1981,1815.7352184134863
r180c1226,1981,17265.560550234433
r180c1227,1981,4089.5764508697584
r180c1228,1981,2224.727327049362
r180c1229,1981,8570.041064811776
r180c1230,1981,8001.886784526591
r180c1231,1981,4655.454262402876
r180c1232,1981,13983.124188486974
r181c1220,1981,110449.69173134706
r181c1221,1981,141263.16635314195
r181c1222,1981,130252.01514838226
r181c1223,1981,277855.54165800905
r181c1224,1981,55080.272414342355
r181c1225,1981,35880.14369274109
r181c1226,1981,14881.638673414147
r181c1227,1981,17473.761776716226
r181c1228,1981,5049.575446188768
r181c1229,1981,26544.41453983356
r181c1230,1981,8822.569556063849
r181c1231,1981,1371.388551495447
r181c1232,1981,4357.808095561671
r182c1219,1981,26260.557802710664
r182c1220,1981,24851.421849906546
r182c1221,1981,27031.079002269118
r182c1222,1981,754581.0327799448
r182c1223,1981,67328.31754351385
r182c1224,1981,11981.473018863513
r182c1225,1981,27078.395645745903
r182c1226,1981,10747.351584697395
r182c1227,1981,3811.2923605187516
r183c1220,1981,6457.7509101338055
r183c1221,1981,107224.65828883977
r183c1222,1981,46973.863208006296
r183c1224,1981,38654.44940561339
r183c1226,1981,341446.1988469341
r181c1233,1981,18401.885000463706
r182c1228,1981,47534.3934352017
r182c1229,1981,44172.96047356438
r182c1230,1981,27280.189480251098
r182c1231,1981,15044.448047788064
r182c1232,1981,29785.646326316153
r182c1233,1981,3539.067452035423
r182c1234,1981,103042.46623731942
r183c1227,1981,78501.47364574154
r183c1228,1981,190894.7322436113
r183c1229,1981,20927.108161809825
r183c1230,1981,219912.26801795306
r183c1231,1981,42234.280947014915
r183c1232,1981,7395.3744056942005
r183c1233,1981,5430.052419402132
r183c1234,1981,1863.5428290233367
r184c1226,1981,598319.6182427139
r184c1227,1981,4267345.9595733
r184c1228,1981,5389111.671283519
r184c1229,1981,31619.45273919539
r184c1230,1981,7482.2006451430425
r184c1231,1981,47140.81810462823
r184c1232,1981,9817.30471438473
r184c1233,1981,4433.73512588455
r184c1234,1981,6877.937780875356
r184c1235,1981,35060.309642609405
r185c1226,1981,1663919.8655401345
r185c1227,1981,2423734.667442762
r185c1228,1981,1365234.7317048104
r185c1229,1981,94347.58525529728
r185c1230,1981,45435.88972772656
r185c1231,1981,271048.16470737394
r185c1232,1981,14130.320736185757
r185c1233,1981,17762.242583196912
r185c1234,1981,13415.824728450205
r185c1235,1981,4239.400311630026
r185c1236,1981,132489.42736860257
r186c1227,1981,81302.2558676206
r186c1228,1981,211095.51378965817
r186c1229,1981,56489.37056475294
r186c1230,1981,44367.50037818654
r186c1231,1981,34921.66293499964
r186c1232,1981,118569.73751943008
r186c1233,1981,79835.79420500084
r186c1234,1981,8131.437694450326
r186c1235,1981,37236.78774902291
r186c1236,1981,27952.403303226994
r186c1237,1981,26402.928431175835
r187c1226,1981,51143.54251080852
r187c1228,1981,375839.8898846966
r187c1229,1981,69244.8854566336
r187c1230,1981,90667.63900028661
r187c1231,1981,193901.15161310998
r187c1232,1981,11751.082295677686
r187c1233,1981,19896.27291506164
r187c1234,1981,93904.55001140597
r187c1235,1981,13513.549793454593
r187c1236,1981,5222.121788709208
r187c1237,1981,18066.16462715541
r188c1225,1981,28932.057468246614
r188c1226,1981,94975.16292531855
r188c1227,1981,62173.83577672118
r188c1228,1981,17182.570825282543
r188c1229,1981,525071.4336409853
r188c1230,1981,66500.91752519758
r188c1231,1981,8083.022873428501
r188c1232,1981,72820.83476924199
r188c1233,1981,39874.64062462088
r188c1234,1981,100745.79733630926
r188c1235,1981,24159.235477540475
r188c1236,1981,24963.74985040528
r188c1237,1981,23433.239042817404
r189c1226,1981,58705.287579441545
r189c1227,1981,60195.79326013195
r189c1228,1981,71273.74204988388
r189c1229,1981,1317873.9626435947
r189c1230,1981,67300.19217063283
r189c1231,1981,21277.294515555026
r189c1232,1981,78506.57224344258
r189c1233,1981,29005.409400607317
r189c1234,1981,43918.0184140302
r189c1235,1981,12794.665133464247
r189c1236,1981,15145.272959293798
r189c1237,1981,18543.09058996906
r190c1226,1981,49260.0224908076
r190c1227,1981,74363.37157924191
r190c1228,1981,136316.1363990585
r190c1229,1981,39670.53888703762
r190c1230,1981,35123.77321008973
r190c1231,1981,29780.298443259955
r190c1232,1981,94995.94992625232
r190c1233,1981,427589.05374904984
r190c1234,1981,27695.204656632686
r190c1235,1981,24287.01817855899
r190c1236,1981,17458.19386336522
r190c1237,1981,515245.4543845603
r191c1227,1981,372405.17139748513
r191c1228,1981,752490.9078072368
r191c1229,1981,17115.76333949683
r191c1230,1981,12509.97344320668
r191c1231,1981,10649.979403988065
r191c1232,1981,12626.009192865764
r191c1233,1981,221985.91675318053
r191c1234,1981,2632926.2585976347
r191c1235,1981,220969.17449895784
r191c1236,1981,169417.1840980813
r191c1237,1981,267080.47512320534
r192c1226,1981,66303.4690266218
r192c1227,1981,130920.9728089984
r192c1228,1981,22312.169942639164
r192c1229,1981,30873.52998237103
r192c1230,1981,34071.20629907402
r192c1231,1981,40598.234645268036
r192c1232,1981,23188.992582385545
r192c1233,1981,88644.76056719803
r192c1234,1981,37229.72681709958
r192c1235,1981,23402.79251084942
r192c1236,1981,27449.864847815898
r192c1237,1981,604297.6816584679
r193c1226,1981,73303.42610361466
r193c1227,1981,62565.34054495231
r193c1228,1981,51510.727759095884
r193c1229,1981,105616.56601288641
r193c1230,1981,10310.809696773094
r193c1231,1981,15150.921461851234
r193c1232,1981,17913.573273872957
r193c1233,1981,57625.966695699346
r193c1234,1981,172373.57267687225
r193c1235,1981,90522.11602708128
r193c1236,1981,271763.4887086141
r194c1224,1981,11346.6777782226
r194c1226,1981,82050.39130672727
r194c1227,1981,1304690.1870720913
r194c1228,1981,19765.224235115853
r194c1229,1981,31238.804084830204
r194c1230,1981,18873.910861709337
r194c1231,1981,28364.53555501399
r194c1232,1981,253449.54531625303
r194c1233,1981,32774.76730504011
r194c1235,1981,982216.5317384861
r194c1236,1981,3463526.5022466313
r195c1224,1981,14195.50490001226
r195c1226,1981,81712.88282780508
r195c1227,1981,29608.452439614397
r195c1228,1981,32012.23053149364
r195c1229,1981,116005.78639337701
r195c1231,1981,119632.74925635595
r195c1233,1981,131148.19723604174
r195c1234,1981,200478.7892100087
r196c1226,1981,63371.3850094619
r196c1227,1981,71392.11079083217
r196c1229,1981,42773.27996842732
r201c1225,1981,103516.83175347594
r201c1226,1981,68265.23126574271
r201c1227,1981,28516.216841623977
r163c1239,1982,113389.94410811857
r163c1240,1982,48117.018969197175
r164c1239,1982,18967.246901654536
r164c1240,1982,31272.058965686698
r165c1237,1982,4911.536622337627
r165c1238,1982,45719.80678746324
r165c1239,1982,36818.34984417439
r165c1240,1982,1717.8500328036907
r165c1241,1982,141762.24894342752
r165c1242,1982,16444.92033475006
r166c1236,1982,59966.2744334577
r166c1237,1982,15850.089191505795
r166c1238,1982,53330.609592504734
r166c1239,1982,1972.501630024922
r166c1240,1982,11892.399649157574
r167c1232,1982,4835.82281626392
r167c1233,1982,22459.87925645338
r167c1234,1982,4294.109487090318
r167c1235,1982,5512.093850523365
r167c1236,1982,10487.673345711142
r167c1237,1982,1112.6646080224775
r167c1238,1982,133258.98147973724
r167c1239,1982,645730.6618284149
r168c1226,1982,4747.086753671573
r168c1227,1982,24694.51535859184
r168c1233,1982,20399.05925543486
r168c1234,1982,1329.4744229877697
r168c1235,1982,3752.2790315106563
r168c1236,1982,25.07971393316984
r168c1237,1982,1242.731653919323
r168c1238,1982,271638.213374788
r169c1226,1982,27886.94164864104
r169c1227,1982,8129.065619798377
r169c1228,1982,6116.097540804368
r169c1229,1982,10342.829306489737
r169c1230,1982,8268.888715142526
r169c1231,1982,10322.23879539708
r169c1232,1982,547378.6582472298
r169c1233,1982,19377.229748752867
r169c1234,1982,3876.82179159113
r169c1235,1982,310.85696299385063
r169c1236,1982,1817.263172718678
r169c1237,1982,35293.50380131672
r169c1238,1982,39508.16731594932
r170c1225,1982,145065.0536074776
r170c1226,1982,16451.51180914024
r170c1227,1982,1441.9677679689785
r170c1228,1982,2326.0496544819325
r170c1229,1982,545.0176873058081
r170c1230,1982,312.9715540492907
r170c1231,1982,3227.0805075503886
r170c1232,1982,5427.136583259117
r170c1233,1982,18104.835596904086
r170c1234,1982,7212.790223060176
r170c1235,1982,12968.966357999052
r170c1236,1982,636.1854303005316
r170c1237,1982,34947.038049156035
r170c1238,1982,5716.290412747531
r171c1223,1982,22273.20822790581
r171c1224,1982,3659.4132978880107
r171c1225,1982,1086.5993750410628
r171c1226,1982,509786.69988936424
r171c1227,1982,1860.9258859087367
r171c1228,1982,12814.879941232386
r171c1229,1982,1093.0300773067509
r171c1230,1982,1169.6111527169287
r171c1231,1982,2325.953419275582
r171c1232,1982,38420.59092425501
r171c1233,1982,2185.3553188759406
r171c1234,1982,732.5812321025878
r171c1235,1982,58401.80666336204
r171c1236,1982,7653.443378904287
r171c1237,1982,117924.15488918666
r171c1238,1982,25266.12708521123
r172c1221,1982,10585.628455172351
r172c1222,1982,11261.27492578225
r172c1223,1982,7699.985666943714
r172c1224,1982,3493.853258338483
r172c1225,1982,107280.0705803182
r172c1226,1982,26250.76132787075
r172c1227,1982,1114.8340447247028
r172c1228,1982,1384.6874965969473
r172c1229,1982,190.68157022632658
r172c1230,1982,6544.207978937527
r172c1231,1982,4771.2236304079925
r172c1232,1982,4966.506876316933
r172c1233,1982,714.3580362768314
r172c1234,1982,38803.78487512002
r172c1235,1982,28170.361747109437
r172c1236,1982,274199.3419110466
r173c1219,1982,39452.525451517504
r173c1220,1982,68818.53953211229
r173c1221,1982,1036.7912569851342
r173c1222,1982,5615.964969789453
r173c1223,1982,523.3789945784956
r173c1224,1982,1848.9209347738392
r173c1225,1982,10374.336186165307
r173c1226,1982,6843.569463975728
r173c1227,1982,1447.704785960668
r173c1228,1982,5384.257788006618
r173c1229,1982,942.942672158082
r173c1230,1982,12349.335112528814
r173c1231,1982,1803.3176986364101
r173c1232,1982,9882.804247327267
r173c1233,1982,46200.25343883589
r173c1234,1982,41134.466913610115
r174c1218,1982,55239.889255366565
r174c1219,1982,3367.0315449724903
r174c1220,1982,93557.71187037737
r174c1221,1982,2145.642500763072
r174c1222,1982,13916.494622799582
r174c1223,1982,62738.22462464473
r174c1224,1982,156361.76384820126
r174c1225,1982,217223.23616461712
r174c1226,1982,2363.064635880043
r174c1227,1982,4213.755309112312
r174c1228,1982,91.01234050171139
r174c1229,1982,37130.98679867231
r174c1230,1982,49191.62825425067
r174c1231,1982,125745.05893504412
r174c1232,1982,246631.49519328808
r174c1233,1982,104042.41876487105
r175c1217,1982,82399.08362387943
r175c1218,1982,112754.07669862646
r175c1219,1982,56018.771143173
r175c1220,1982,81733.97026875123
r175c1221,1982,88632.86392303449
r175c1222,1982,41767.968056815
r175c1223,1982,44920.04707982927
r175c1224,1982,98429.29690558497
r175c1225,1982,131296.188726664
r175c1226,1982,4286.975474590117
r175c1227,1982,1185.736721313131
r175c1228,1982,662.8729179599669
r175c1229,1982,93785.1476276379
r175c1230,1982,1401298.024150068
r176c1218,1982,4882.519628563316
r176c1220,1982,173922.05743491987
r176c1221,1982,18399.98646210297
r176c1222,1982,398738.11206843413
r176c1223,1982,163790.44566523616
r176c1224,1982,103831.65242087388
r176c1225,1982,193535.68588053866
r176c1226,1982,20541.784340409075
r176c1227,1982,15847.539350074212
r176c1228,1982,33897.589585472226
r176c1229,1982,28686.319019531755
r177c1222,1982,141806.55187216765
r177c1223,1982,521725.7383155966
r177c1224,1982,432325.09925138426
r177c1225,1982,31543.881868142467
r177c1226,1982,10096.772229374152
r177c1227,1982,12659.392170922794
r177c1228,1982,173054.14106653794
r177c1229,1982,52224.98888107235
r178c1221,1982,40265.540450599015
r178c1222,1982,918286.7926610686
r178c1223,1982,841848.0457012963
r178c1224,1982,29065.08939575366
r178c1225,1982,59272.060728272816
r178c1226,1982,31019.021792899202
r178c1227,1982,2082.2963766689904
r178c1228,1982,819.3758977946552
r178c1229,1982,572282.1901476935
r178c1230,1982,27934.539415521576
r179c1221,1982,71281.01565343165
r179c1222,1982,698948.0659301893
r179c1223,1982,115120.30340866021
r179c1224,1982,8783.845420288053
r179c1225,1982,47347.725391681786
r179c1226,1982,29946.57942238942
r179c1227,1982,9128.848816090756
r179c1228,1982,3271.2662339078884
r179c1229,1982,76395.77851418205
r179c1230,1982,2891.483330910921
r179c1231,1982,27230.669598154724
r180c1221,1982,340529.310679614
r180c1222,1982,398470.75094151904
r180c1223,1982,380068.0591139149
r180c1224,1982,5440.767426982615
r180c1225,1982,1923.998390280099
r180c1226,1982,18162.873698289157
r180c1227,1982,4404.860009706445
r180c1228,1982,2322.576607484239
r180c1229,1982,9056.897271465441
r180c1230,1982,8501.603182975854
r180c1231,1982,4948.776867660108
r180c1232,1982,14760.538061886587
r181c1220,1982,112902.61454029492
r181c1221,1982,144148.5020720595
r181c1222,1982,134238.7894364623
r181c1223,1982,282787.46931180154
r181c1224,1982,56076.95037726573
r181c1225,1982,37172.96684527901
r181c1226,1982,15564.272014963213
r181c1227,1982,18124.697989866403
r181c1228,1982,5238.603062821406
r181c1229,1982,27578.942900875205
r181c1230,1982,9112.60139796516
r181c1231,1982,1424.886842906592
r181c1232,1982,4438.051079167806
r182c1219,1982,27469.627665841206
r182c1220,1982,25549.862675387314
r182c1221,1982,27717.753607974977
r182c1222,1982,759966.9651130487
r182c1223,1982,68857.19182910498
r182c1224,1982,12316.180212405785
r182c1225,1982,28306.338204311818
r182c1226,1982,11087.966363470281
r182c1227,1982,4151.359576975936
r183c1220,1982,6957.39463440188
r183c1221,1982,110523.25361070767
r183c1222,1982,48536.299515373845
r183c1224,1982,39875.89386587394
r183c1226,1982,343929.3152511591
r181c1233,1982,18922.51675236412
r182c1228,1982,50245.479072507005
r182c1229,1982,46591.13005916639
r182c1230,1982,28065.52029150087
r182c1231,1982,15588.068854737818
r182c1232,1982,30795.75895427118
r182c1233,1982,3720.106267321543
r182c1234,1982,103630.8392193858
r183c1227,1982,86524.27106026
r183c1228,1982,207875.69336563416
r183c1229,1982,23063.84223203512
r183c1230,1982,219539.53051062307
r183c1231,1982,43107.14363439496
r183c1232,1982,7814.199946163329
r183c1233,1982,5779.532942164942
r183c1234,1982,1949.7113736795209
r184c1226,1982,620372.7151151818
r184c1227,1982,4322889.4019110985
r184c1228,1982,5452154.099186345
r184c1229,1982,35142.50095130809
r184c1230,1982,8133.026785155424
r184c1231,1982,48434.295290350936
r184c1232,1982,10489.320830127188
r184c1233,1982,4687.69642044887
r184c1234,1982,7191.228898256452
r184c1235,1982,36301.99970198276
r185c1226,1982,1695992.1445727
r185c1227,1982,2500041.848281357
r185c1228,1982,1415936.4597639958
r185c1229,1982,103256.86317710418
r185c1230,1982,49831.35814848158
r185c1231,1982,273447.3497748022
r185c1232,1982,15085.37837341295
r185c1233,1982,18504.177118921092
r185c1234,1982,13833.348368211055
r185c1235,1982,4448.231172599616
r185c1236,1982,133064.3488685656
r186c1227,1982,91584.44046091614
r186c1228,1982,230595.94652555062
r186c1229,1982,62454.37254019347
r186c1230,1982,47962.158416496175
r186c1231,1982,36459.882872012946
r186c1232,1982,120048.9679161552
r186c1233,1982,80952.67049152608
r186c1234,1982,8492.932904124427
r186c1235,1982,37627.8276636659
r186c1236,1982,28271.970171160414
r186c1237,1982,26861.857492178133
r187c1226,1982,54310.89944123421
r187c1228,1982,385898.69755100494
r187c1229,1982,73010.0601622346
r187c1230,1982,93841.90179151748
r187c1231,1982,195272.55611003566
r187c1232,1982,12131.178396313386
r187c1233,1982,20207.352979521307
r187c1234,1982,94586.93869872419
r187c1235,1982,13794.638522773377
r187c1236,1982,5525.711270622346
r187c1237,1982,18370.202119235586
r188c1225,1982,30445.39730008581
r188c1226,1982,98463.70025104252
r188c1227,1982,64113.68587807293
r188c1228,1982,18323.175335250755
r188c1229,1982,527088.6088536151
r188c1230,1982,69528.26255482908
r188c1231,1982,8620.513533125164
r188c1232,1982,73721.5511946653
r188c1233,1982,40982.58878756985
r188c1234,1982,101233.8454418648
r188c1235,1982,24606.426240166038
r188c1236,1982,25747.130615205235
r188c1237,1982,24079.634677368533
r189c1226,1982,60583.07730016619
r189c1227,1982,61724.81896232869
r189c1228,1982,73510.69220690338
r189c1229,1982,1337164.0370866912
r189c1230,1982,68916.26984469139
r189c1231,1982,22510.255009183682
r189c1232,1982,79626.35538819058
r189c1233,1982,30097.5568950461
r189c1234,1982,44582.9107271205
r189c1235,1982,13345.400250806864
r189c1236,1982,15743.696925378244
r189c1237,1982,19012.897677279034
r190c1226,1982,50784.22046080279
r190c1227,1982,77040.67746972317
r190c1228,1982,140297.48385612282
r190c1229,1982,40994.82661830842
r190c1230,1982,36395.664538141056
r190c1231,1982,30444.55725682355
r190c1232,1982,97059.37085218063
r190c1233,1982,428701.08786840807
r190c1234,1982,28696.021519640457
r190c1235,1982,25231.36078228823
r190c1236,1982,18523.834778344768
r190c1237,1982,511825.0220970857
r191c1227,1982,373879.40661202813
r191c1228,1982,751663.3037855539
r191c1229,1982,17786.115784185517
r191c1230,1982,13174.477538948075
r191c1231,1982,11073.418227688655
r191c1232,1982,13218.73742625555
r191c1233,1982,226583.14738693487
r191c1234,1982,2651734.2129011173
r191c1235,1982,225121.7338476104
r191c1236,1982,171368.80374071456
r191c1237,1982,267713.9241789486
r192c1226,1982,68691.70756640499
r192c1227,1982,134118.87932210602
r192c1228,1982,23490.381092824588
r192c1229,1982,32417.98762275057
r192c1230,1982,35182.12043963473
r192c1231,1982,41916.37370989729
r192c1232,1982,24044.056449246313
r192c1233,1982,91798.30898248694
r192c1234,1982,38817.28796484352
r192c1235,1982,24535.410452676388
r192c1236,1982,29176.9051221871
r192c1237,1982,615673.8737826496
r193c1226,1982,75349.08508411245
r193c1227,1982,64249.19428998085
r193c1228,1982,52957.281133748766
r193c1229,1982,106743.21956575513
r193c1230,1982,10823.602234180415
r193c1231,1982,15812.65080937757
r193c1232,1982,18624.662853423994
r193c1233,1982,60204.13108866419
r193c1234,1982,177415.94844731482
r193c1235,1982,95441.16895722781
r193c1236,1982,278643.2131717818
r194c1224,1982,11736.790906194707
r194c1226,1982,84330.41259917113
r194c1227,1982,1324719.190545668
r194c1228,1982,20704.394416340983
r194c1229,1982,32029.63998340026
r194c1230,1982,19594.93926188891
r194c1231,1982,29364.323235191318
r194c1232,1982,256257.1617959993
r194c1233,1982,34658.88084067467
r194c1235,1982,994087.0991373283
r194c1236,1982,3475253.5371956043
r195c1224,1982,14632.421283800968
r195c1226,1982,83674.66617596561
r195c1227,1982,30561.826480569463
r195c1228,1982,32665.479252799312
r195c1229,1982,115899.71765554967
r195c1231,1982,119054.15495988549
r195c1233,1982,133227.30424378073
r195c1234,1982,203037.102482932
r196c1226,1982,64628.59442154268
r196c1227,1982,72860.52234992482
r196c1229,1982,43452.56329454911
r201c1225,1982,106771.12128329465
r201c1226,1982,71012.38645624519
r201c1227,1982,29521.98034536346
r163c1239,1983,114053.45279982346
r163c1240,1983,48531.809300696186
r164c1239,1983,19548.98491016193
r164c1240,1983,31339.94350685763
r165c1237,1983,5212.293840552871
r165c1238,1983,46173.32808525964
r165c1239,1983,37336.81259852087
r165c1240,1983,1785.0637115473992
r165c1241,1983,141775.09859738685
r165c1242,1983,16708.75341988435
r166c1236,1983,59829.62979365243
r166c1237,1983,16176.533887355568
r166c1238,1983,52969.27311824198
r166c1239,1983,2067.3706163291195
r166c1240,1983,12501.042160281915
r167c1232,1983,4840.652112720572
r167c1233,1983,24090.59504648401
r167c1234,1983,4465.211543107851
r167c1235,1983,5749.938220293483
r167c1236,1983,10675.227083252259
r167c1237,1983,1162.9174726511626
r167c1238,1983,134547.19921007796
r167c1239,1983,644869.6149353819
r168c1226,1983,4824.353647890479
r168c1227,1983,25308.005006712454
r168c1233,1983,21163.340929582017
r168c1234,1983,1350.8843973966204
r168c1235,1983,4067.6427852939996
r168c1236,1983,25.458361953496933
r168c1237,1983,1269.8836312877509
r168c1238,1983,275945.2177445328
r169c1226,1983,28496.716513034466
r169c1227,1983,8455.001274464652
r169c1228,1983,6234.386616486725
r169c1229,1983,11014.228133206327
r169c1230,1983,8631.46534708416
r169c1231,1983,10502.386132162452
r169c1232,1983,544008.7872320985
r169c1233,1983,20186.981016381556
r169c1234,1983,4027.292147430515
r169c1235,1983,318.8680565493948
r169c1236,1983,1823.2565235511638
r169c1237,1983,35804.920679089555
r169c1238,1983,40371.727942076504
r170c1225,1983,145754.42831529301
r170c1226,1983,17164.267363580464
r170c1227,1983,1534.089910202415
r170c1228,1983,2365.3035779017955
r170c1229,1983,550.2190795764327
r170c1230,1983,351.1810953589156
r170c1231,1983,3229.9671823978424
r170c1232,1983,5480.328184806307
r170c1233,1983,18025.163722682013
r170c1234,1983,7406.637633519247
r170c1235,1983,13821.334185404477
r170c1236,1983,687.8386129804612
r170c1237,1983,35289.593922204054
r170c1238,1983,5886.05138707167
r171c1223,1983,22498.665598321833
r171c1224,1983,3798.488570885706
r171c1225,1983,1100.5786626602064
r171c1226,1983,512305.8365937533
r171c1227,1983,1880.1060443586284
r171c1228,1983,12947.142037629841
r171c1229,1983,1108.3695396544522
r171c1230,1983,1185.309566488537
r171c1231,1983,2319.2534375675023
r171c1232,1983,39772.359503739135
r171c1233,1983,2205.159610502522
r171c1234,1983,742.7721861610189
r171c1235,1983,58799.4876110882
r171c1236,1983,8046.096842693223
r171c1237,1983,119737.17273961741
r171c1238,1983,26155.899183151992
r172c1221,1983,10899.35309212979
r172c1222,1983,11630.4093682006
r172c1223,1983,7977.831594811752
r172c1224,1983,3541.8615965408217
r172c1225,1983,107498.79139557356
r172c1226,1983,26911.23243264643
r172c1227,1983,1114.806456219405
r172c1228,1983,1383.296127114445
r172c1229,1983,193.24311495758593
r172c1230,1983,6853.948456771128
r172c1231,1983,4894.200242848161
r172c1232,1983,5126.830784737636
r172c1233,1983,728.3081807977574
r172c1234,1983,39053.182697442986
r172c1235,1983,28932.02609427046
r172c1236,1983,275296.924251357
r173c1219,1983,41129.087333331896
r173c1220,1983,70515.59956020124
r173c1221,1983,1086.3933378554807
r173c1222,1983,5982.646935993499
r173c1223,1983,539.5336505714804
r173c1224,1983,1865.904627229339
r173c1225,1983,10669.980377844684
r173c1226,1983,6892.304539643228
r173c1227,1983,1517.449437133639
r173c1228,1983,5476.447765324627
r173c1229,1983,975.4496162716773
r173c1230,1983,12509.032383653655
r173c1231,1983,1844.8620799632672
r173c1232,1983,10187.900053366659
r173c1233,1983,47698.01624174311
r173c1234,1983,41669.99411701739
r174c1218,1983,57861.47785220125
r174c1219,1983,3639.9385985677545
r174c1220,1983,95918.52099074793
r174c1221,1983,2309.053744865289
r174c1222,1983,14546.58243829135
r174c1223,1983,63964.70796577027
r174c1224,1983,157753.47602542292
r174c1225,1983,218296.57350317232
r174c1226,1983,2377.0216016990444
r174c1227,1983,4460.229430080994
r174c1228,1983,91.95712447557324
r174c1229,1983,37892.14610323389
r174c1230,1983,50456.97013804272
r174c1231,1983,127289.28059131662
r174c1232,1983,252942.0865186645
r174c1233,1983,107588.30717305148
r175c1217,1983,85211.46913306667
r175c1218,1983,116301.92645900667
r175c1219,1983,57737.44088189356
r175c1220,1983,83888.90038985525
r175c1221,1983,90599.88028341137
r175c1222,1983,43626.28359994798
r175c1223,1983,46396.80052659349
r175c1224,1983,101738.4589889246
r175c1225,1983,132324.884150527
r175c1226,1983,4438.341326217874
r175c1227,1983,1204.4310179939018
r175c1228,1983,678.3247979663622
r175c1229,1983,95278.57759061364
r175c1230,1983,1401389.2705491958
r176c1218,1983,5099.865216345787
r176c1220,1983,177445.96670976776
r176c1221,1983,19375.375637539317
r176c1222,1983,404975.56065644254
r176c1223,1983,166915.76121008702
r176c1224,1983,107778.13813221685
r176c1225,1983,195228.74797693407
r176c1226,1983,20963.910766480414
r176c1227,1983,16216.555191175594
r176c1228,1983,34352.96157202109
r176c1229,1983,29339.116543528507
r177c1222,1983,144106.9503939818
r177c1223,1983,526296.1166762676
r177c1224,1983,436704.06870083703
r177c1225,1983,32120.827423242627
r177c1226,1983,10354.888963700982
r177c1227,1983,13309.512386899256
r177c1228,1983,176167.72411934548
r177c1229,1983,54691.55473901683
r178c1221,1983,41583.02656579444
r178c1222,1983,952423.978437111
r178c1223,1983,870233.9948601804
r178c1224,1983,30319.682119731726
r178c1225,1983,60886.11585348628
r178c1226,1983,31327.247879870403
r178c1227,1983,2150.5967671474114
r178c1228,1983,864.9488224057644
r178c1229,1983,589264.3241955581
r178c1230,1983,29274.85704403267
r179c1221,1983,74080.47593311872
r179c1222,1983,709042.2694088661
r179c1223,1983,120282.82571803327
r179c1224,1983,9306.578213112323
r179c1225,1983,48711.310980092174
r179c1226,1983,30501.518049509454
r179c1227,1983,9462.961022472611
r179c1228,1983,3415.705253527306
r179c1229,1983,78733.42113020485
r179c1230,1983,3158.056750635209
r179c1231,1983,28292.049658062868
r180c1221,1983,342166.01533367776
r180c1222,1983,404628.24881498
r180c1223,1983,382937.5863948687
r180c1224,1983,5652.675662703065
r180c1225,1983,2032.177633018397
r180c1226,1983,19062.536343466494
r180c1227,1983,4727.280866361283
r180c1228,1983,2422.3725674264315
r180c1229,1983,9554.137730179667
r180c1230,1983,9012.200134472838
r180c1231,1983,5248.4975587871495
r180c1232,1983,15554.450342444072
r181c1220,1983,115399.50867718447
r181c1221,1983,147093.57429773142
r181c1222,1983,138263.51706863183
r181c1223,1983,287831.08954439336
r181c1224,1983,57095.558126911434
r181c1225,1983,38473.18947325076
r181c1226,1983,16248.40762188688
r181c1227,1983,18787.210963249738
r181c1228,1983,5430.817932709764
r181c1229,1983,28623.474199607663
r181c1230,1983,9402.436399499613
r181c1231,1983,1478.9308990736483
r181c1232,1983,4517.887880821429
r182c1219,1983,28680.45932653967
r182c1220,1983,26256.16196820901
r182c1221,1983,28413.990220613214
r182c1222,1983,765811.2551250282
r182c1223,1983,70412.40549419812
r182c1224,1983,12654.683921862721
r182c1225,1983,29536.031626041342
r182c1226,1983,11428.977307361205
r182c1227,1983,4499.625273909807
r183c1220,1983,7454.661499597456
r183c1221,1983,113851.79428057591
r183c1222,1983,50110.22434950174
r183c1224,1983,41108.95191678691
r183c1226,1983,346562.4068010357
r181c1233,1983,19421.25921839856
r182c1228,1983,53012.27636281811
r182c1229,1983,49023.91966786785
r182c1230,1983,28817.894662122017
r182c1231,1983,16109.316520343991
r182c1232,1983,31764.087473341304
r182c1233,1983,3893.864516344426
r182c1234,1983,104184.95760099102
r183c1227,1983,94782.96324147224
r183c1228,1983,225217.7279585044
r183c1229,1983,25263.293374295386
r183c1230,1983,219189.4893681917
r183c1231,1983,43941.99144504723
r183c1232,1983,8216.27395030361
r183c1233,1983,6115.121203620602
r183c1234,1983,2032.3939018033252
r184c1226,1983,642645.9858714737
r184c1227,1983,4376201.7152855005
r184c1228,1983,5512125.933368107
r184c1229,1983,38785.076631578624
r184c1230,1983,8790.601634130844
r184c1231,1983,49675.35767779009
r184c1232,1983,11134.695757404714
r184c1233,1983,4931.5060108895295
r184c1234,1983,7491.833747477754
r184c1235,1983,37492.50641498224
r185c1226,1983,1727309.6006883846
r185c1227,1983,2575029.960604885
r185c1228,1983,1466282.2835008884
r185c1229,1983,112388.0307994411
r185c1230,1983,54342.5066701036
r185c1231,1983,275731.5068939191
r185c1232,1983,16002.553426511235
r185c1233,1983,19215.897558599405
r185c1234,1983,14233.47311541547
r185c1235,1983,4648.645657296151
r185c1236,1983,133602.11780936946
r186c1227,1983,102276.82049492311
r186c1228,1983,250556.4037525858
r186c1229,1983,68593.4072003325
r186c1230,1983,51606.22260586572
r186c1231,1983,37947.16946053229
r186c1232,1983,121489.0443070737
r186c1233,1983,82030.18081077354
r186c1234,1983,8840.13812162249
r186c1235,1983,37999.72775454169
r186c1236,1983,28575.12679793014
r186c1237,1983,27297.46758514223
r187c1226,1983,57408.449372547395
r187c1228,1983,396102.1532129416
r187c1229,1983,76694.00221313775
r187c1230,1983,96916.44603262172
r187c1231,1983,196618.0867019567
r187c1232,1983,12498.941349569424
r187c1233,1983,20508.69216693997
r187c1234,1983,95218.05877189981
r187c1235,1983,14062.323748336827
r187c1236,1983,5817.697740220338
r187c1237,1983,18658.684532752603
r188c1225,1983,31928.416772033335
r188c1226,1983,101901.4209303534
r188c1227,1983,66031.59352694177
r188c1228,1983,19435.831622502705
r188c1229,1983,529096.3048736545
r188c1230,1983,72458.28381788124
r188c1231,1983,9139.449815021864
r188c1232,1983,74570.31324088109
r188c1233,1983,42041.810189149524
r188c1234,1983,101674.92908764991
r188c1235,1983,25031.47752552658
r188c1236,1983,26497.049121106797
r188c1237,1983,24697.55034469044
r189c1226,1983,62438.628710884244
r189c1227,1983,63244.09738782553
r189c1228,1983,75721.66964802372
r189c1229,1983,1355779.9927422607
r189c1230,1983,70484.30287933529
r189c1231,1983,23700.35294124168
r189c1232,1983,80685.21627560824
r189c1233,1983,31144.83069938535
r189c1234,1983,45212.43385173258
r189c1235,1983,13874.06847061282
r189c1236,1983,16317.762259741332
r189c1237,1983,19461.54187434386
r190c1226,1983,52290.76113818884
r190c1227,1983,79610.58214593393
r190c1228,1983,144191.30103779107
r190c1229,1983,42298.27666864656
r190c1230,1983,37629.514835796275
r190c1231,1983,31087.971045188904
r190c1232,1983,99025.91996899343
r190c1233,1983,429645.4023017856
r190c1234,1983,29655.41733500765
r190c1235,1983,26137.145527242625
r190c1236,1983,19549.014986810485
r190c1237,1983,508359.32912653306
r191c1227,1983,375185.3761330228
r191c1228,1983,750687.3822573969
r191c1229,1983,18418.400197121715
r191c1230,1983,13802.902829348748
r191c1231,1983,11482.64406545589
r191c1232,1983,13789.766748189606
r191c1233,1983,231027.53736657643
r191c1234,1983,2668869.6855674195
r191c1235,1983,229071.09402293686
r191c1236,1983,173204.18886004516
r191c1237,1983,268244.62800177967
r192c1226,1983,70942.94128820296
r192c1227,1983,137122.6939426348
r192c1228,1983,24603.627621090167
r192c1229,1983,33876.876117859254
r192c1230,1983,36248.88142244951
r192c1231,1983,43211.713435714075
r192c1232,1983,24882.686906552888
r192c1233,1983,94878.99154639167
r192c1234,1983,40358.22243348426
r192c1235,1983,25638.81328797723
r192c1236,1983,30897.37063285426
r192c1237,1983,626791.6782201666
r193c1226,1983,77268.21508644655
r193c1227,1983,65820.66263998549
r193c1228,1983,54314.01505191623
r193c1229,1983,107782.36277754686
r193c1230,1983,11311.164372530995
r193c1231,1983,16463.714827045806
r193c1232,1983,19324.048058356457
r193c1233,1983,62740.95195387743
r193c1234,1983,182368.56164088586
r193c1235,1983,100284.23799089777
r193c1236,1983,285343.1109100951
r194c1224,1983,12101.833799356877
r194c1226,1983,86486.02788698392
r194c1227,1983,1344078.4744223133
r194c1228,1983,21588.041485701408
r194c1229,1983,32766.162130451652
r194c1230,1983,20280.995642579364
r194c1231,1983,30344.925602000272
r194c1232,1983,258991.3013953669
r194c1233,1983,36514.1740378295
r194c1235,1983,1005246.0184168564
r194c1236,1983,3484510.80768197
r195c1224,1983,15040.629124567327
r195c1226,1983,85499.92764049703
r195c1227,1983,31453.13620931573
r195c1228,1983,33271.231961401834
r195c1229,1983,115749.98846943594
r195c1231,1983,118505.49775058299
r195c1233,1983,135260.43602344563
r195c1234,1983,205533.01006858033
r196c1226,1983,65793.64857044375
r196c1227,1983,74222.4102597516
r196c1229,1983,44078.43776529409
r201c1225,1983,110010.67630934017
r201c1226,1983,73755.20314308637
r201c1227,1983,30524.66275852893
r163c1239,1984,114674.2489915585
r163c1240,1984,48951.69808529216
r164c1239,1984,20110.39043162663
r164c1240,1984,31422.07256779737
r165c1237,1984,5504.6635927872285
r165c1238,1984,46634.48465232288
r165c1239,1984,37856.97258935489
r165c1240,1984,1850.8698534641005
r165c1241,1984,141837.74957662236
r165c1242,1984,16967.350696376394
r166c1236,1984,59728.21992131148
r166c1237,1984,16500.150651182306
r166c1238,1984,52648.73029285375
r166c1239,1984,2160.018131678463
r166c1240,1984,13094.389629594169
r167c1232,1984,4846.706389156811
r167c1233,1984,25670.067205875166
r167c1234,1984,4631.935407143393
r167c1235,1984,5981.664708840423
r167c1236,1984,10861.890112057723
r167c1237,1984,1212.0296575623984
r167c1238,1984,135861.83340416057
r167c1239,1984,644381.3935684707
r168c1226,1984,4895.211763509049
r168c1227,1984,25909.492598555975
r168c1233,1984,21908.42191506772
r168c1234,1984,1372.154840131367
r168c1235,1984,4372.797530182995
r168c1236,1984,25.837288044393063
r168c1237,1984,1296.760225795878
r168c1238,1984,280248.1329563401
r169c1226,1984,29097.90376263469
r169c1227,1984,8772.854670891538
r169c1228,1984,6351.271308412416
r169c1229,1984,11663.946391011674
r169c1230,1984,8979.395473824923
r169c1231,1984,10674.433705845186
r169c1232,1984,541013.1810999335
r169c1233,1984,20975.525239584396
r169c1234,1984,4173.964113541999
r169c1235,1984,326.7307569135638
r169c1236,1984,1830.0090480771134
r169c1237,1984,36317.466952302355
r169c1238,1984,41226.52088118932
r170c1225,1984,146503.5060684573
r170c1226,1984,17858.52252679329
r170c1227,1984,1623.3943053337946
r170c1228,1984,2404.423808136955
r170c1229,1984,555.5234032999724
r170c1230,1984,388.78890563640743
r170c1231,1984,3234.405760921538
r170c1232,1984,5534.267763539754
r170c1233,1984,17957.891668742122
r170c1234,1984,7596.74954777956
r170c1235,1984,14655.68294640823
r170c1236,1984,738.049642717557
r170c1237,1984,35638.915027938834
r170c1238,1984,6052.999233000566
r171c1223,1984,22717.912854989747
r171c1224,1984,3932.5548822922574
r171c1225,1984,1114.6712895809728
r171c1226,1984,515041.1108350068
r171c1227,1984,1899.6723637649388
r171c1228,1984,13082.055970336474
r171c1229,1984,1123.9796512463404
r171c1230,1984,1201.3501970026898
r171c1231,1984,2314.010266210884
r171c1232,1984,41091.85596913073
r171c1233,1984,2225.6338921889237
r171c1234,1984,753.1704061292112
r171c1235,1984,59221.839854947226
r171c1236,1984,8429.284741494146
r171c1237,1984,121550.37189212986
r171c1238,1984,27028.432086993445
r172c1221,1984,11207.009971038695
r172c1222,1984,11991.270656880677
r172c1223,1984,8249.267810609192
r172c1224,1984,3590.1109798135567
r172c1225,1984,107775.55945518755
r172c1226,1984,27561.42075853509
r172c1227,1984,1115.474901176989
r172c1228,1984,1382.8251456636935
r172c1229,1984,195.86040811706334
r172c1230,1984,7161.1490384283
r172c1231,1984,5014.89897928739
r172c1232,1984,5285.740912689404
r172c1233,1984,742.3812981709875
r172c1234,1984,39319.287473835706
r172c1235,1984,29694.366953325243
r172c1236,1984,276503.7036701391
r173c1219,1984,42814.10313293475
r173c1220,1984,72248.11356680193
r173c1221,1984,1136.5706846585826
r173c1222,1984,6352.5865948964865
r173c1223,1984,555.3628125842661
r173c1224,1984,1883.3556502819938
r173c1225,1984,10960.163842097903
r173c1226,1984,6943.339336641133
r173c1227,1984,1585.5304254827693
r173c1228,1984,5569.820090503603
r173c1229,1984,1007.8409037336706
r173c1230,1984,12672.462379116072
r173c1231,1984,1886.5920649324892
r173c1232,1984,10492.485964366382
r173c1233,1984,49191.985174308305
r173c1234,1984,42217.88371014861
r174c1218,1984,60512.25768398099
r174c1219,1984,3914.87228736861
r174c1220,1984,98328.24422478925
r174c1221,1984,2473.7415758050906
r174c1222,1984,15184.34137510212
r174c1223,1984,65223.48502062589
r174c1224,1984,159227.00229736738
r174c1225,1984,219462.18740537198
r174c1226,1984,2392.133633376534
r174c1227,1984,4703.846060795118
r174c1228,1984,92.93815853108067
r174c1229,1984,38658.985942415726
r174c1230,1984,51724.76923217089
r174c1231,1984,128873.12515329728
r174c1232,1984,259265.66067655594
r174c1233,1984,111122.2401555876
r175c1217,1984,88055.81565730236
r175c1218,1984,119909.7228484288
r175c1219,1984,59485.830701251514
r175c1220,1984,86086.69458324974
r175c1221,1984,92612.85379687695
r175c1222,1984,45507.576107693414
r175c1223,1984,47882.21032307077
r175c1224,1984,105077.3435402996
r175c1225,1984,133433.1378770352
r175c1226,1984,4589.317699153822
r175c1227,1984,1223.4998265472989
r175c1228,1984,693.8413398455353
r175c1229,1984,96794.8189369635
r175c1230,1984,1402259.697872648
r176c1218,1984,5319.896917352891
r176c1220,1984,181059.5808541318
r176c1221,1984,20353.44787584335
r176c1222,1984,411397.724061787
r176c1223,1984,170093.7445845809
r176c1224,1984,111708.08872250175
r176c1225,1984,197034.43536347002
r176c1226,1984,21391.786732443983
r176c1227,1984,16587.124530715326
r176c1228,1984,34818.24379055686
r176c1229,1984,29995.025379425075
r177c1222,1984,146463.21240120434
r177c1223,1984,531169.951661
r177c1224,1984,441319.50428795663
r177c1225,1984,32708.504982652677
r177c1226,1984,10614.560796900998
r177c1227,1984,13953.952869927589
r177c1228,1984,179356.41733611378
r177c1229,1984,57197.50165450115
r178c1221,1984,42899.434050600335
r178c1222,1984,987078.944533885
r178c1223,1984,899192.9351071075
r178c1224,1984,31588.2039658814
r178c1225,1984,62506.96604869357
r178c1226,1984,31652.721538581092
r178c1227,1984,2218.8768477712265
r178c1228,1984,911.5323632019846
r178c1229,1984,606557.911488012
r178c1230,1984,30643.738950199797
r179c1221,1984,76845.63863796614
r179c1222,1984,719531.1501494416
r179c1223,1984,125551.89096279035
r179c1224,1984,9838.184483889465
r179c1225,1984,50090.63889051485
r179c1226,1984,31069.188408484388
r179c1227,1984,9800.02239106789
r179c1228,1984,3563.162207483004
r179c1229,1984,81114.48603406183
r179c1230,1984,3430.9270942250087
r179c1231,1984,29374.868409147486
r180c1221,1984,343937.93048078084
r180c1222,1984,410964.7900310561
r180c1223,1984,386008.1863799033
r180c1224,1984,5866.0421997093445
r180c1225,1984,2140.4896109912834
r180c1226,1984,19966.274334995884
r180c1227,1984,5057.112342473463
r180c1228,1984,2524.2392549809397
r180c1229,1984,10062.277115471144
r180c1230,1984,9534.173474694979
r180c1231,1984,5554.905963373823
r180c1232,1984,16365.694780176667
r181c1220,1984,117945.38952699624
r181c1221,1984,150104.19967709426
r181c1222,1984,142334.48733672017
r181c1223,1984,292996.83388590475
r181c1224,1984,58138.201230586455
r181c1225,1984,39783.43921620787
r181c1226,1984,16935.421300780607
r181c1227,1984,19462.263504367886
r181c1228,1984,5622.530336921583
r181c1229,1984,29664.83519118907
r181c1230,1984,9683.789601763958
r181c1231,1984,1532.3175408122167
r181c1232,1984,4590.598228739866
r182c1219,1984,29895.73588051462
r182c1220,1984,26971.797437837333
r182c1221,1984,29121.222219967483
r182c1222,1984,772121.0890941375
r182c1223,1984,71997.0951648732
r182c1224,1984,12997.691960632326
r182c1225,1984,30770.126592824687
r182c1226,1984,11771.054200586414
r182c1227,1984,4852.159777339494
r183c1220,1984,7950.693106057042
r183c1221,1984,117217.33685809375
r183c1222,1984,51699.008659894294
r183c1224,1984,42354.76076152211
r183c1226,1984,349339.0090626346
r181c1233,1984,19864.82889905162
r182c1228,1984,55734.65932879404
r182c1229,1984,51381.069717846935
r182c1230,1984,29487.92693607148
r182c1231,1984,16580.60345535467
r182c1232,1984,32636.22446337276
r182c1233,1984,4053.682873024585
r182c1234,1984,104525.86988812382
r183c1227,1984,103084.32056082838
r183c1228,1984,242477.20730902252
r183c1229,1984,27473.97071973553
r183c1230,1984,218483.39254219554
r183c1231,1984,44663.46073037078
r183c1232,1984,8587.551468974865
r183c1233,1984,6426.370799752037
r183c1234,1984,2108.113059652686
r184c1226,1984,663973.0109755635
r184c1227,1984,4419749.936613932
r184c1228,1984,5559571.801159156
r184c1229,1984,42466.321290202104
r184c1230,1984,9438.070412724734
r184c1231,1984,50778.7414561138
r184c1232,1984,11734.414673418487
r184c1233,1984,5156.734389176192
r184c1234,1984,7766.933243438674
r184c1235,1984,38567.61844708202
r185c1226,1984,1754872.4314799462
r185c1227,1984,2644175.8081858056
r185c1228,1984,1513657.9141290283
r185c1229,1984,121516.46465437314
r185c1230,1984,58860.07120578355
r185c1231,1984,277426.75737578014
r185c1232,1984,16854.51624829737
r185c1233,1984,19864.512828784664
r185c1234,1984,14591.812408448044
r185c1235,1984,4832.692231089914
r185c1236,1984,133873.22416977028
r186c1227,1984,113158.78163255585
r186c1228,1984,270478.8098061943
r186c1229,1984,74766.25284532155
r186c1230,1984,55200.909430963846
r186c1231,1984,39318.266232337184
r186c1232,1984,122679.37296857237
r186c1233,1984,82926.83637929294
r186c1234,1984,9157.902124176755
r186c1235,1984,38287.23457188929
r186c1236,1984,28812.90445002136
r186c1237,1984,27663.04465624025
r187c1226,1984,60338.11643467845
r187c1228,1984,405730.9079155995
r187c1229,1984,80162.96722961053
r187c1230,1984,99724.21476438812
r187c1231,1984,197596.4152461526
r187c1232,1984,12832.73135125524
r187c1233,1984,20764.69086320448
r187c1234,1984,95635.39664944581
r187c1235,1984,14292.440707415632
r187c1236,1984,6087.913626158561
r187c1237,1984,18899.611078262005
r188c1225,1984,33326.09197237272
r188c1226,1984,105110.13075640476
r188c1227,1984,67811.47270061246
r188c1228,1984,20487.656099744614
r188c1229,1984,530175.1333235239
r188c1230,1984,75166.39391920979
r188c1231,1984,9624.093462825153
r188c1232,1984,75239.51915430163
r188c1233,1984,42979.81704765828
r188c1234,1984,101895.73597659735
r188c1235,1984,25391.423479397665
r188c1236,1984,27167.741814465815
r188c1237,1984,25244.40690000116
r189c1226,1984,64162.2558325416
r189c1227,1984,64641.809317580715
r189c1228,1984,77773.61078274474
r189c1229,1984,1371383.5119796912
r189c1230,1984,71882.42597405618
r189c1231,1984,24806.55235379745
r189c1232,1984,81544.9616657639
r189c1233,1984,32093.28366990976
r189c1234,1984,45729.11213466383
r189c1235,1984,14356.57968019506
r189c1236,1984,16839.180621009953
r189c1237,1984,19855.50675442481
r190c1226,1984,53687.75680807617
r190c1227,1984,81937.807459881
r190c1228,1984,147746.04443646202
r190c1229,1984,43506.34945590256
r190c1230,1984,38760.8741935176
r190c1231,1984,31656.85539369058
r190c1232,1984,100725.39104725907
r190c1233,1984,429690.49741372233
r190c1234,1984,30522.057185027214
r190c1235,1984,26959.074314244972
r190c1236,1984,20499.527261115763
r190c1237,1984,503987.162862128
r191c1227,1984,375681.79985313304
r191c1228,1984,748274.7306074298
r191c1229,1984,18981.973870610753
r191c1230,1984,14372.4701222804
r191c1231,1984,11857.757357536902
r191c1232,1984,14315.032601373252
r191c1233,1984,234916.21004990325
r191c1234,1984,2679793.5062712394
r191c1235,1984,232423.88798549387
r191c1236,1984,174627.07898574104
r191c1237,1984,268215.93560907274
r192c1226,1984,72938.8747123947
r192c1227,1984,139701.77564704214
r192c1228,1984,25611.37553248516
r192c1229,1984,35194.274311005625
r192c1230,1984,37209.41284711851
r192c1231,1984,44408.069761633364
r192c1232,1984,25660.932539294135
r192c1233,1984,97718.76753928131
r192c1234,1984,41781.56934381343
r192c1235,1984,26667.669915553208
r192c1236,1984,32554.095328653137
r192c1237,1984,636562.1663696384
r193c1226,1984,78931.36720160423
r193c1227,1984,67169.64400558938
r193c1228,1984,55489.946342721116
r193c1229,1984,108550.96474846407
r193c1230,1984,11754.573001982686
r193c1231,1984,17074.788882403573
r193c1232,1984,19977.43209491251
r193c1233,1984,65124.57118975876
r193c1234,1984,186910.86218947428
r193c1235,1984,104871.03783297587
r193c1236,1984,291362.90434386476
r194c1224,1984,12421.65791687627
r194c1226,1984,88370.3947628652
r194c1227,1984,1360448.3177293094
r194c1228,1984,22380.368633025682
r194c1229,1984,33393.51557007992
r194c1230,1984,20897.695218989695
r194c1231,1984,31252.856983455422
r194c1232,1984,261204.8806354436
r194c1233,1984,38274.82944296252
r194c1235,1984,1013968.7758401278
r194c1236,1984,3485417.4428641447
r195c1224,1984,15395.03251984052
r195c1226,1984,87045.41252788022
r195c1227,1984,32229.946408733227
r195c1228,1984,33773.61767353105
r195c1229,1984,115359.50972015268
r195c1231,1984,117781.14038172169
r195c1233,1984,137012.95178031476
r195c1234,1984,207611.091485924
r196c1226,1984,66756.02336584993
r196c1227,1984,75353.14764636557
r196c1229,1984,44576.67114150807
r201c1225,1984,113039.91887035256
r201c1226,1984,76360.9328946698
r201c1227,1984,31469.701409819907
r163c1239,1985,115360.54339392245
r163c1240,1985,49387.64808694962
r164c1239,1985,20666.13399789478
r164c1240,1985,31517.72358609372
r165c1237,1985,5790.620415222152
r165c1238,1985,47105.87965353342
r165c1239,1985,38379.21446813982
r165c1240,1985,1915.426036109236
r165c1241,1985,141946.50544926117
r165c1242,1985,17221.35236982259
r166c1236,1985,59661.14082740138
r166c1237,1985,16821.43969952968
r166c1238,1985,52365.93502863139
r166c1239,1985,2250.682262703777
r166c1240,1985,13674.027600610403
r167c1232,1985,4855.217481763748
r167c1233,1985,27203.412240559162
r167c1234,1985,4794.749572972252
r167c1235,1985,6207.922897856339
r167c1236,1985,11047.901276228626
r167c1237,1985,1260.1249004828944
r167c1238,1985,137202.37346478243
r167c1239,1985,644240.4978119731
r168c1226,1985,4969.207725191119
r168c1227,1985,26505.495267570946
r168c1233,1985,22636.84037535683
r168c1234,1985,1393.3163125540696
r168c1235,1985,4668.753521652878
r168c1236,1985,26.21683679521084
r168c1237,1985,1323.405707344851
r168c1238,1985,284551.3631625112
r169c1226,1985,29695.02651904303
r169c1227,1985,9083.614376269281
r169c1228,1985,6466.964698246545
r169c1229,1985,12297.898958487705
r169c1230,1985,9323.64735094526
r169c1231,1985,10850.646545880281
r169c1232,1985,538412.7327442534
r169c1233,1985,21745.11266228799
r169c1234,1985,4317.2459477111115
r169c1235,1985,334.46310909855015
r169c1236,1985,1837.4762067149081
r169c1237,1985,36831.55879586036
r169c1238,1985,42073.955538674956
r170c1225,1985,147314.533382721
r170c1226,1985,18536.497783248862
r170c1227,1985,1710.1981208036416
r170c1228,1985,2443.470060802996
r170c1229,1985,560.9290891606361
r170c1230,1985,425.86812019813806
r170c1231,1985,3240.2927746623755
r170c1232,1985,5588.956238288929
r170c1233,1985,17902.09107674786
r170c1234,1985,7783.572367366403
r170c1235,1985,15474.057463956793
r170c1236,1985,786.9635445286501
r170c1237,1985,35994.88224718967
r170c1238,1985,6217.4831340514875
r171c1223,1985,22948.653094958427
r171c1224,1985,4064.1173054299034
r171c1225,1985,1128.8871708825814
r171c1226,1985,517980.495699634
r171c1227,1985,1919.6222267976507
r171c1228,1985,13219.604484064987
r171c1229,1985,1139.8578698698102
r171c1230,1985,1217.7282224545693
r171c1231,1985,2310.117477014661
r171c1232,1985,42382.62176532082
r171c1233,1985,2246.7531160581275
r171c1234,1985,763.7736530276015
r171c1235,1985,59667.79299601699
r171c1236,1985,8804.010167607643
r171c1237,1985,123365.47920598557
r171c1238,1985,27885.720431795493
r172c1221,1985,11522.44602669391
r172c1222,1985,12345.746736617586
r172c1223,1985,8515.103310536593
r172c1224,1985,3638.645953873238
r172c1225,1985,108106.55804241015
r172c1226,1985,28202.89922202478
r172c1227,1985,1116.7901941407472
r172c1228,1985,1383.207798000425
r172c1229,1985,198.5326601183042
r172c1230,1985,7466.265044648113
r172c1231,1985,5133.596982839075
r172c1232,1985,5443.478848904324
r172c1233,1985,756.5838206701675
r172c1234,1985,39601.35582102052
r172c1235,1985,30458.093127226737
r172c1236,1985,277813.5030327027
r173c1219,1985,44522.84973173206
r173c1220,1985,74016.88944805221
r173c1221,1985,1187.3590770190326
r173c1222,1985,6726.1105594534865
r173c1223,1985,570.9101710598916
r173c1224,1985,1901.2627784809865
r173c1225,1985,11245.651383288772
r173c1226,1985,6996.573942571878
r173c1227,1985,1652.156791934663
r173c1228,1985,5664.395483663773
r173c1229,1985,1040.1553288984605
r173c1230,1985,12839.560894176879
r173c1231,1985,1928.5374857301879
r173c1232,1985,10796.892013623175
r173c1233,1985,50683.85648955875
r173c1234,1985,42777.9298434661
r174c1218,1985,63195.768410147524
r174c1219,1985,4192.102007913159
r174c1220,1985,100787.21286431611
r174c1221,1985,2639.8633126730724
r174c1222,1985,15830.202637132159
r174c1223,1985,66514.29055139009
r174c1224,1985,160778.82674777397
r174c1225,1985,220714.93885743796
r174c1226,1985,2408.3395041430986
r174c1227,1985,4945.162290355111
r174c1228,1985,93.9541546784113
r174c1229,1985,39431.91823168456
r174c1230,1985,52996.1241119783
r174c1231,1985,130495.76298609834
r174c1232,1985,265607.647820843
r174c1233,1985,114648.41023810544
r175c1217,1985,90942.4746617467
r175c1218,1985,123578.8267354347
r175c1219,1985,61264.55727595454
r175c1220,1985,88327.76732052694
r175c1221,1985,94671.72979552367
r175c1222,1985,47413.09505512038
r175c1223,1985,49377.90786272733
r175c1224,1985,108448.95878489035
r175c1225,1985,134617.04848722165
r175c1226,1985,4740.153797247862
r175c1227,1985,1242.9377798019743
r175c1228,1985,709.4338979486413
r175c1229,1985,98333.98917806779
r175c1230,1985,1403863.2665577473
r176c1218,1985,5542.760917376554
r176c1220,1985,184762.33117890434
r176c1221,1985,21335.47605091109
r176c1222,1985,418001.4240739461
r176c1223,1985,173325.409993973
r176c1224,1985,115628.43584984519
r176c1225,1985,198947.57291085162
r176c1226,1985,21825.638676691346
r176c1227,1985,16959.518234600237
r176c1228,1985,35293.29675674169
r176c1229,1985,30654.50307072681
r177c1222,1985,148874.92263622885
r177c1223,1985,536333.3077242932
r177c1224,1985,446161.7522303304
r177c1225,1985,33307.03292637426
r177c1226,1985,10876.061232046133
r177c1227,1985,14593.68983432819
r177c1228,1985,182619.65971602488
r177c1229,1985,59744.119541542335
r178c1221,1985,44216.76718978915
r178c1222,1985,1022266.9667429408
r178c1223,1985,928732.8779227225
r178c1224,1985,32872.1370577952
r178c1225,1985,64136.524596740295
r178c1226,1985,31994.722283234663
r178c1227,1985,2287.2382332513
r178c1228,1985,959.1407038261675
r178c1229,1985,624168.1061476355
r178c1230,1985,32041.611289111264
r179c1221,1985,79581.32860228726
r179c1222,1985,730406.971128929
r179c1223,1985,130929.78025346294
r179c1224,1985,10379.073329706283
r179c1225,1985,51486.49564510582
r179c1226,1985,31649.53162425235
r179c1227,1985,10140.289906955853
r179c1228,1985,3713.682689583769
r179c1229,1985,83539.68574249592
r179c1230,1985,3710.182026361908
r179c1231,1985,30479.457513999194
r180c1221,1985,345838.3207051209
r180c1222,1985,417477.6096355505
r180c1223,1985,389271.48957834474
r180c1224,1985,6081.054363891885
r180c1225,1985,2249.062856807465
r180c1226,1985,20875.010006101576
r180c1227,1985,5394.459199860356
r180c1228,1985,2628.208114114915
r180c1229,1985,10581.474920436676
r180c1230,1985,10067.687705423208
r180c1231,1985,5868.098486325514
r180c1232,1985,17194.525625539416
r181c1220,1985,120540.68115753173
r181c1221,1985,153180.37999228263
r181c1222,1985,146454.3437418118
r181c1223,1985,298283.7894366092
r181c1224,1985,59204.73219072006
r181c1225,1985,41104.75947373085
r181c1226,1985,17626.00487713651
r181c1227,1985,20150.084888739722
r181c1228,1985,5813.443589539188
r181c1229,1985,30701.613871313457
r181c1230,1985,9955.72088277634
r181c1231,1985,1584.9311328242761
r181c1232,1985,4655.562399094979
r182c1219,1985,31116.896633300694
r182c1220,1985,27697.177488324665
r182c1221,1985,29839.737563633153
r182c1222,1985,778875.0341697582
r182c1223,1985,73611.5878411986
r182c1224,1985,13345.397113567109
r182c1225,1985,32010.006621815148
r182c1226,1985,12114.40185922309
r182c1227,1985,5207.177637711583
r183c1220,1985,8446.276329264238
r183c1221,1985,120622.25305961225
r183c1222,1985,53303.94289685245
r183c1224,1985,43613.61689821406
r183c1226,1985,352246.04091226426
r181c1233,1985,20248.888392705627
r182c1228,1985,58385.714050461844
r182c1229,1985,53640.67343909182
r182c1230,1985,30069.14008264761
r182c1231,1985,16997.97356000175
r182c1232,1985,33404.567072476435
r182c1233,1985,4198.445842714318
r182c1234,1985,104637.38491481464
r183c1227,1985,111353.00895516768
r183c1228,1985,259500.16101804085
r183c1229,1985,29675.81469335089
r183c1230,1985,217390.07148599377
r183c1231,1985,45262.718454952235
r183c1232,1985,8925.560543701864
r183c1233,1985,6711.320835886758
r183c1234,1985,2176.3133232016
r184c1226,1985,684119.1381594553
r184c1227,1985,4452729.965278728
r184c1228,1985,5593539.3619079925
r184c1229,1985,46152.52190310569
r184c1230,1985,10069.990435958798
r184c1231,1985,51733.33369822624
r184c1232,1985,12284.792625456808
r184c1233,1985,5361.889655205794
r184c1234,1985,8014.4935484017615
r184c1235,1985,39518.20411579102
r185c1226,1985,1778297.8040534197
r185c1227,1985,2706754.0426840344
r185c1228,1985,1557581.3557626389
r185c1229,1985,130560.09614504613
r185c1230,1985,63343.31659153193
r185c1231,1985,278487.0530373512
r185c1232,1985,17636.005296679978
r185c1233,1985,20445.004145892166
r185c1234,1985,14905.072320557416
r185c1235,1985,4999.062570937105
r185c1236,1985,133857.4802469199
r186c1227,1985,124129.49859734935
r186c1228,1985,290184.55049456854
r186c1229,1985,80917.36209976574
r186c1230,1985,58715.12963561453
r186c1231,1985,40562.538360426835
r186c1232,1985,123596.25473185339
r186c1233,1985,83626.97361139275
r186c1234,1985,9443.82451520066
r186c1235,1985,38483.862488914594
r186c1236,1985,28980.442262456898
r186c1237,1985,27953.51888909378
r187c1226,1985,63080.604330992544
r187c1228,1985,414654.6707668115
r187c1229,1985,83390.80833802083
r187c1230,1985,102240.22461757547
r187c1231,1985,198172.2383471329
r187c1232,1985,13129.359159334803
r187c1233,1985,20971.11804696332
r187c1234,1985,95824.79623348692
r187c1235,1985,14482.140241164834
r187c1236,1985,6334.39236416468
r187c1237,1985,19089.491623776554
r188c1225,1985,34628.176397238414
r188c1226,1985,108059.75002340991
r188c1227,1985,69434.45880711204
r188c1228,1985,21472.170547947706
r188c1229,1985,530235.0659189322
r188c1230,1985,77631.93009308787
r188c1231,1985,10071.303386507665
r188c1232,1985,75716.54351405585
r188c1233,1985,43786.965200269166
r188c1234,1985,101882.16066057258
r188c1235,1985,25681.41611887441
r188c1236,1985,27752.77293212106
r188c1237,1985,25714.557651168805
r189c1226,1985,65736.03572836239
r189c1227,1985,65900.52983587993
r189c1228,1985,79644.89313995244
r189c1229,1985,1383712.9238819582
r189c1230,1985,73094.52979068703
r189c1231,1985,25821.08356264204
r189c1232,1985,82191.32339655436
r189c1233,1985,32934.63046475815
r189c1234,1985,46124.78938895659
r189c1235,1985,14788.972876733267
r189c1236,1985,17303.500812992228
r189c1237,1985,20190.509621761114
r190c1226,1985,54960.35726274563
r190c1227,1985,84003.59757220601
r190c1228,1985,150923.98088648258
r190c1229,1985,44606.619950492626
r190c1230,1985,39780.17299533681
r190c1231,1985,32144.351117474216
r190c1232,1985,102137.3934937009
r190c1233,1985,428780.76673495467
r190c1234,1985,31288.212299501047
r190c1235,1985,27690.076937648802
r190c1236,1985,21368.572069280002
r190c1237,1985,498662.65572032455
r191c1227,1985,375316.4536733343
r191c1228,1985,744328.3629706268
r191c1229,1985,19473.08441851465
r191c1230,1985,14879.999726548273
r191c1231,1985,12195.56433676591
r191c1232,1985,14790.309400242579
r191c1233,1985,238196.11874017096
r191c1234,1985,2684128.0494317412
r191c1235,1985,235135.3701028257
r191c1236,1985,175608.73459856346
r191c1237,1985,267593.3867285464
r192c1226,1985,74665.44349853988
r192c1227,1985,141831.7574000615
r192c1228,1985,26508.051887090034
r192c1229,1985,36362.66368435072
r192c1230,1985,38055.14691885054
r192c1231,1985,45492.90003106334
r192c1232,1985,26371.175366212563
r192c1233,1985,100288.76159048316
r192c1234,1985,43074.794702219675
r192c1235,1985,27613.303360886253
r192c1236,1985,34132.49410999436
r192c1237,1985,644846.8803220256
r193c1226,1985,80324.56862902993
r193c1227,1985,68284.70748535468
r193c1228,1985,56475.24324269791
r193c1229,1985,109032.87816054875
r193c1230,1985,12151.060317887708
r193c1231,1985,17640.236507326004
r193c1232,1985,20578.552128591626
r193c1233,1985,67333.20590300535
r193c1234,1985,190992.7158937661
r193c1235,1985,109162.45919920741
r193c1236,1985,296629.8431099909
r194c1224,1985,12693.995676422206
r194c1226,1985,89965.9828815492
r194c1227,1985,1373564.3667566099
r194c1228,1985,23076.662014143596
r194c1229,1985,33906.13589360699
r194c1230,1985,21440.321001186494
r194c1231,1985,32079.078983354353
r194c1232,1985,262850.10894429946
r194c1233,1985,39926.10668446832
r194c1235,1985,1020082.5057846019
r194c1236,1985,3477575.758640613
r195c1224,1985,15692.917081508567
r195c1226,1985,88296.82197064091
r195c1227,1985,32886.49421668676
r195c1228,1985,34167.3108983661
r195c1229,1985,114714.9149930307
r195c1231,1985,116864.73026863023
r195c1233,1985,138456.59880505115
r195c1234,1985,209231.64576996767
r196c1226,1985,67505.26268122013
r196c1227,1985,76240.83102382491
r196c1229,1985,44940.61241509219
r201c1225,1985,115825.17320891553
r201c1226,1985,78803.25109411901
r201c1227,1985,32347.071048384165
r163c1239,1986,116069.24769572784
r163c1240,1986,49842.53793911073
r164c1239,1986,21283.279087703126
r164c1240,1986,31590.388454156142
r165c1237,1986,6040.134969090793
r165c1238,1986,47510.633504610305
r165c1239,1986,38863.56897994395
r165c1240,1986,1998.317034375822
r165c1241,1986,142090.59731953303
r165c1242,1986,17533.043266375505
r166c1236,1986,59564.04403731029
r166c1237,1986,17190.14323594215
r166c1238,1986,52055.81102191425
r166c1239,1986,2367.8777414307106
r166c1240,1986,14297.448905165864
r167c1232,1986,4856.227868206368
r167c1233,1986,29016.898059353654
r167c1234,1986,4917.193387370401
r167c1235,1986,6504.733207598676
r167c1236,1986,11344.299815288292
r167c1237,1986,1308.1953720179733
r167c1238,1986,138570.3205776437
r167c1239,1986,643769.4570606686
r168c1226,1986,5067.535882014047
r168c1227,1986,27201.173985222315
r168c1233,1986,23229.526748397155
r168c1234,1986,1409.7677396068952
r168c1235,1986,4986.5627347614245
r168c1236,1986,26.531685368623585
r168c1237,1986,1357.3707156512119
r168c1238,1986,289017.158932287
r169c1226,1986,30286.82177430937
r169c1227,1986,9380.543553877156
r169c1228,1986,6813.728640414669
r169c1229,1986,12819.938730065409
r169c1230,1986,9681.831493939157
r169c1231,1986,11082.017977635249
r169c1232,1986,535219.4677667937
r169c1233,1986,22569.08147697942
r169c1234,1986,4475.209327128179
r169c1235,1986,342.66730317447116
r169c1236,1986,1843.7965046048128
r169c1237,1986,37489.98055292718
r169c1238,1986,42951.10054629106
r170c1225,1986,148089.6442357985
r170c1226,1986,19237.589171397965
r170c1227,1986,1839.0137692833355
r170c1228,1986,2473.8129082368687
r170c1229,1986,564.2492335289717
r170c1230,1986,446.01870689634234
r170c1231,1986,3239.885952152312
r170c1232,1986,5633.674797778678
r170c1233,1986,17846.42978744198
r170c1234,1986,7966.553718142211
r170c1235,1986,16371.396893945137
r170c1236,1986,840.1320314269806
r170c1237,1986,36405.79115977116
r170c1238,1986,6364.855179066621
r171c1223,1986,23229.670146421835
r171c1224,1986,4211.866283305585
r171c1225,1986,1177.1046666943266
r171c1226,1986,520862.74936441524
r171c1227,1986,1945.218917020162
r171c1228,1986,13366.205980121871
r171c1229,1986,1152.3311690973446
r171c1230,1986,1235.525235760075
r171c1231,1986,2299.0356942377985
r171c1232,1986,43878.99887071323
r171c1233,1986,2258.389885114477
r171c1234,1986,773.6382621305529
r171c1235,1986,60042.236343898614
r171c1236,1986,9233.456397838356
r171c1237,1986,125260.58442127718
r171c1238,1986,28891.648817240195
r172c1221,1986,11892.913998354414
r172c1222,1986,12688.993436540368
r172c1223,1986,8797.220091256351
r172c1224,1986,3667.396661412796
r172c1225,1986,108364.71372435888
r172c1226,1986,29048.23920242715
r172c1227,1986,1114.883443268016
r172c1228,1986,1379.5180670544505
r172c1229,1986,201.05845242924988
r172c1230,1986,7757.683090987835
r172c1231,1986,5205.1102297929865
r172c1232,1986,5584.022430547307
r172c1233,1986,770.4322602406035
r172c1234,1986,39881.47915049606
r172c1235,1986,31291.388958469015
r172c1236,1986,279259.6037287909
r173c1219,1986,46532.64059616001
r173c1220,1986,75811.8882371572
r173c1221,1986,1245.0161628622707
r173c1222,1986,7146.197750402285
r173c1223,1986,578.2419100105762
r173c1224,1986,1939.6247600811917
r173c1225,1986,11566.486481190923
r173c1226,1986,7070.699759744108
r173c1227,1986,1723.1176669653578
r173c1228,1986,5770.1570522683105
r173c1229,1986,1067.7058221165967
r173c1230,1986,13105.639938418932
r173c1231,1986,1956.957689386272
r173c1232,1986,11106.85470499698
r173c1233,1986,52407.33304762526
r173c1234,1986,43397.64853472437
r174c1218,1986,65977.05298021645
r174c1219,1986,4529.323643066297
r174c1220,1986,103445.2905309011
r174c1221,1986,2866.7016634190236
r174c1222,1986,16566.575161290988
r174c1223,1986,67811.77967766358
r174c1224,1986,162355.86376538218
r174c1225,1986,222043.19224584854
r174c1226,1986,2418.697618228647
r174c1227,1986,5180.739173894755
r174c1228,1986,94.72880271737904
r174c1229,1986,40374.46032894411
r174c1230,1986,54367.439306907094
r174c1231,1986,132431.21766377654
r174c1232,1986,271903.6283226825
r174c1233,1986,118242.29303117594
r175c1217,1986,93999.78105179491
r175c1218,1986,127339.05947207459
r175c1219,1986,63245.67445643008
r175c1220,1986,90661.48560400018
r175c1221,1986,96825.48656196952
r175c1222,1986,49415.69237782194
r175c1223,1986,50911.397335569476
r175c1224,1986,111805.83063484496
r175c1225,1986,135521.23546908863
r175c1226,1986,4936.899217838329
r175c1227,1986,1259.7986308688444
r175c1228,1986,723.7078479575066
r175c1229,1986,100096.0584765941
r175c1230,1986,1404484.0304511362
r176c1218,1986,5787.38646581029
r176c1220,1986,188504.62055660842
r176c1221,1986,22561.967955758453
r176c1222,1986,424729.9452025215
r176c1223,1986,176789.2513807499
r176c1224,1986,119783.49744650554
r176c1225,1986,200785.5234852007
r176c1226,1986,22313.48965809941
r176c1227,1986,17417.32849711197
r176c1228,1986,35793.19544618169
r176c1229,1986,31364.184208025268
r177c1222,1986,151711.37604104145
r177c1223,1986,541087.5941724466
r177c1224,1986,450752.7949114378
r177c1225,1986,33858.91887663095
r177c1226,1986,11169.949946642619
r177c1227,1986,15328.538140653618
r177c1228,1986,185960.8757607323
r177c1229,1986,62629.68886971083
r178c1221,1986,45795.51812583141
r178c1222,1986,1057696.5084893922
r178c1223,1986,958511.6010610466
r178c1224,1986,34344.040039809704
r178c1225,1986,65782.43193266532
r178c1226,1986,32404.3828732997
r178c1227,1986,2371.749528849374
r178c1228,1986,1000.5788526362355
r178c1229,1986,641216.2799025393
r178c1230,1986,33517.133230028696
r179c1221,1986,82649.29689762906
r179c1222,1986,741596.3895848931
r179c1223,1986,136567.6779163715
r179c1224,1986,10953.09949796765
r179c1225,1986,52877.24716792979
r179c1226,1986,32359.027495215018
r179c1227,1986,10478.257996498733
r179c1228,1986,3906.9812088109993
r179c1229,1986,85983.56724368723
r179c1230,1986,4040.7973632198928
r179c1231,1986,31586.93321252172
r180c1221,1986,347893.90854425076
r180c1222,1986,424221.10102754855
r180c1223,1986,392311.9498402454
r180c1224,1986,6289.015676942919
r180c1225,1986,2424.6149053290414
r180c1226,1986,21844.99996965148
r180c1227,1986,5736.201307041523
r180c1228,1986,2731.9804048704777
r180c1229,1986,11130.969154757046
r180c1230,1986,10658.110211049916
r180c1231,1986,6184.083560596715
r180c1232,1986,18053.01711552606
r181c1220,1986,123488.5606835013
r181c1221,1986,156181.66725959332
r181c1222,1986,150896.5446965022
r181c1223,1986,303665.44556946907
r181c1224,1986,60276.31809012392
r181c1225,1986,42605.650707256056
r181c1226,1986,18388.860013925358
r181c1227,1986,20858.060319721146
r181c1228,1986,6054.869860951361
r181c1229,1986,31913.690638347485
r181c1230,1986,10212.108187478685
r181c1231,1986,1645.286453995072
r181c1232,1986,4715.153585236652
r182c1219,1986,32362.155147729107
r182c1220,1986,28475.527374469373
r182c1221,1986,30546.0821816764
r182c1222,1986,784172.617364462
r182c1223,1986,75314.18301294453
r182c1224,1986,13810.038264293533
r182c1225,1986,33266.14497968829
r182c1226,1986,12485.014179228083
r182c1227,1986,5667.843231851717
r183c1220,1986,9014.123224607798
r183c1221,1986,124191.02766554014
r183c1222,1986,55168.4887418094
r183c1224,1986,45186.15567580887
r183c1226,1986,355303.9893593009
r181c1233,1986,20638.128499494265
r182c1228,1986,61377.51858794672
r182c1229,1986,56276.64508345701
r182c1230,1986,30778.101955059145
r182c1231,1986,17721.77344880366
r182c1232,1986,34282.59128511179
r182c1233,1986,4354.128768062876
r182c1234,1986,104439.65510578771
r183c1227,1986,120364.9097439519
r183c1228,1986,277345.12888937496
r183c1229,1986,32212.393309635587
r183c1230,1986,215663.0303389065
r183c1231,1986,46081.516617191555
r183c1232,1986,9369.047218466754
r183c1233,1986,7030.710224350894
r183c1234,1986,2274.66938599611
r184c1226,1986,706028.7594767823
r184c1227,1986,4486822.969854897
r184c1228,1986,5626893.412877865
r184c1229,1986,50391.359095008935
r184c1230,1986,10836.415126458513
r184c1231,1986,52862.75945001486
r184c1232,1986,13078.18855740433
r184c1233,1986,5642.102732187872
r184c1234,1986,8313.732182453356
r184c1235,1986,40530.90244237021
r185c1226,1986,1799979.1894286436
r185c1227,1986,2765085.6885238863
r185c1228,1986,1601798.886604819
r185c1229,1986,139959.4289076566
r185c1230,1986,68355.87451998495
r185c1231,1986,279614.40655438136
r185c1232,1986,18651.743668639
r185c1233,1986,21205.712168932994
r185c1234,1986,15276.71093408393
r185c1235,1986,5204.961143555001
r185c1236,1986,133407.97152778052
r186c1227,1986,136607.71667180734
r186c1228,1986,310658.2783941872
r186c1229,1986,87773.6874886089
r186c1230,1986,62720.887222488076
r186c1231,1986,42150.19825839186
r186c1232,1986,124486.71238730973
r186c1233,1986,84162.19975810431
r186c1234,1986,9767.285431696851
r186c1235,1986,38608.73687354299
r186c1236,1986,29037.173312187348
r186c1237,1986,28239.057436624324
r187c1226,1986,66481.35100877017
r187c1228,1986,421943.46018419036
r187c1229,1986,87086.11915923485
r187c1230,1986,105333.7020150737
r187c1231,1986,198510.8511896334
r187c1232,1986,13449.671883264858
r187c1233,1986,21188.05330444363
r187c1234,1986,96037.54882754125
r187c1235,1986,14710.628400412528
r187c1236,1986,6599.27921655002
r187c1237,1986,19297.843592131267
r188c1225,1986,36416.16626026226
r188c1226,1986,111427.77315740494
r188c1227,1986,71199.58986103369
r188c1228,1986,22611.11677562439
r188c1229,1986,528994.1806960641
r188c1230,1986,80243.99127197877
r188c1231,1986,10558.399396377432
r188c1232,1986,76247.84141672718
r188c1233,1986,44830.08891822347
r188c1234,1986,101833.98675811932
r188c1235,1986,25988.38770385883
r188c1236,1986,28448.55238712043
r188c1237,1986,26200.41949225213
r189c1226,1986,67382.38611172972
r189c1227,1986,67088.49721767094
r189c1228,1986,81671.7121749503
r189c1229,1986,1396314.2583122414
r189c1230,1986,74424.25757026272
r189c1231,1986,26988.82446293346
r189c1232,1986,83026.53711502525
r189c1233,1986,33960.98913893783
r189c1234,1986,46605.51416575345
r189c1235,1986,15297.511866898116
r189c1236,1986,17900.123926658616
r189c1237,1986,20537.98054266194
r190c1226,1986,56226.66979213618
r190c1227,1986,86327.70782824335
r190c1228,1986,154208.97751478906
r190c1229,1986,45707.09500377046
r190c1230,1986,40982.095821808056
r190c1231,1986,32714.963748436654
r190c1232,1986,103685.28870251015
r190c1233,1986,426981.8546537475
r190c1234,1986,32221.287813078936
r190c1235,1986,28613.898215413967
r190c1236,1986,22449.564139406422
r190c1237,1986,492246.34532097244
r191c1227,1986,374755.2622850621
r191c1228,1986,739055.3477844214
r191c1229,1986,20020.776806945927
r191c1230,1986,15511.256180509621
r191c1231,1986,12576.09227657753
r191c1232,1986,15392.376281362467
r191c1233,1986,241884.44428105679
r191c1234,1986,2688117.8358454816
r191c1235,1986,238029.36489888057
r191c1236,1986,176750.12252198448
r191c1237,1986,266610.30942471063
r192c1226,1986,76585.87337646639
r192c1227,1986,144211.63417456183
r192c1228,1986,27528.0924731537
r192c1229,1986,37787.60766062295
r192c1230,1986,39115.45239303185
r192c1231,1986,46657.13817925239
r192c1232,1986,27205.73996775329
r192c1233,1986,103287.57096319635
r192c1234,1986,44597.15659063046
r192c1235,1986,28900.022199942985
r192c1236,1986,36025.42224354958
r192c1237,1986,653088.1486474716
r193c1226,1986,81957.69395298537
r193c1227,1986,69747.04448085694
r193c1228,1986,57702.28900255439
r193c1229,1986,109645.76719077119
r193c1230,1986,12632.866971856147
r193c1231,1986,18280.01865108852
r193c1232,1986,21320.20996929666
r193c1233,1986,69934.87910929318
r193c1234,1986,195513.74476769677
r193c1235,1986,114021.9510933935
r193c1236,1986,302371.1645031597
r194c1224,1986,13037.218409117491
r194c1226,1986,91912.94662214475
r194c1227,1986,1386952.3351457422
r194c1228,1986,23938.766099652843
r194c1229,1986,34614.81058424747
r194c1230,1986,22059.55636300586
r194c1231,1986,33011.352511181314
r194c1232,1986,264439.7368338301
r194c1233,1986,41889.55539070414
r194c1235,1986,1026266.953909464
r194c1236,1986,3469691.267207816
r195c1224,1986,16057.216792493984
r195c1226,1986,89823.06885859183
r195c1227,1986,33662.93503745677
r195c1228,1986,34607.03292067012
r195c1229,1986,113955.51219982801
r195c1231,1986,115714.40158170182
r195c1233,1986,139821.28210292975
r195c1234,1986,210651.537043264
r196c1226,1986,68319.1922009023
r196c1227,1986,77160.48149356522
r196c1229,1986,45372.01441105075
r201c1225,1986,118681.7212508886
r201c1226,1986,81477.44798423625
r201c1227,1986,33386.454620584365
r163c1239,1987,116916.0119085887
r163c1240,1987,50314.63794513086
r164c1239,1987,21899.33164519968
r164c1240,1987,31671.952941871066
r165c1237,1987,6284.391285469482
r165c1238,1987,47922.235645924186
r165c1239,1987,39343.993648494215
r165c1240,1987,2078.8804352028415
r165c1241,1987,142252.53644880926
r165c1242,1987,17834.879639081148
r166c1236,1987,59493.261970574335
r166c1237,1987,17551.464022878117
r166c1238,1987,51775.46404242912
r166c1239,1987,2481.6295683962153
r166c1240,1987,14902.544958448776
r167c1232,1987,4860.255808041038
r167c1233,1987,30765.62281198297
r167c1234,1987,5036.2777124908225
r167c1235,1987,6791.672551535963
r167c1236,1987,11633.886794337777
r167c1237,1987,1354.9727324753526
r167c1238,1987,139937.37679746086
r167c1239,1987,643543.7254758975
r168c1226,1987,5176.0739854786525
r168c1227,1987,27887.447241338577
r168c1233,1987,23806.44113183526
r168c1234,1987,1426.0243362447395
r168c1235,1987,5292.993379741199
r168c1236,1987,26.8444293634966
r168c1237,1987,1390.575478835108
r168c1238,1987,293422.1667392953
r169c1226,1987,30872.80374458592
r169c1227,1987,9669.29072620906
r169c1228,1987,7148.5439824314935
r169c1229,1987,13331.687232239714
r169c1230,1987,10043.97741322184
r169c1231,1987,11324.717786487388
r169c1232,1987,532399.0809733398
r169c1233,1987,23366.839822741433
r169c1234,1987,4628.198877254771
r169c1235,1987,350.6509176837171
r169c1236,1987,1850.5390962042352
r169c1237,1987,38137.62532679088
r169c1238,1987,43811.410463593
r170c1225,1987,148907.30211389216
r170c1226,1987,19918.062358658608
r170c1227,1987,1963.284415727547
r170c1228,1987,2503.995871178806
r170c1229,1987,567.6505209542811
r170c1230,1987,465.89197865035385
r170c1231,1987,3240.6054341048
r170c1232,1987,5678.480731903251
r170c1233,1987,17799.173108817024
r170c1234,1987,8144.741864006966
r170c1235,1987,17246.20374483194
r170c1236,1987,891.655279104616
r170c1237,1987,36814.583492951766
r170c1238,1987,6509.097051313867
r171c1223,1987,23533.073334205343
r171c1224,1987,4357.35654117306
r171c1225,1987,1223.8390005794517
r171c1226,1987,523857.3961275708
r171c1227,1987,1970.6175347086628
r171c1228,1987,13512.665866346653
r171c1229,1987,1164.966039902936
r171c1230,1987,1253.4045480222312
r171c1231,1987,2289.1977445073426
r171c1232,1987,45328.76642818156
r171c1233,1987,2270.567479677322
r171c1234,1987,783.5814742594957
r171c1235,1987,60431.03942701641
r171c1236,1987,9650.481167385191
r171c1237,1987,127130.8194308407
r171c1238,1987,29871.05464555913
r172c1221,1987,12279.652240012325
r172c1222,1987,13024.592217244008
r172c1223,1987,9071.511510059336
r172c1224,1987,3696.5864682810784
r172c1225,1987,108660.47785623251
r172c1226,1987,29871.330971644882
r172c1227,1987,1113.5536616202444
r172c1228,1987,1376.5982527118176
r172c1229,1987,203.60547495540231
r172c1230,1987,8045.751680017047
r172c1231,1987,5275.460802185608
r172c1232,1987,5723.333357130807
r172c1233,1987,784.2738161466723
r172c1234,1987,40170.48714168512
r172c1235,1987,32118.675022746334
r172c1236,1987,280753.81649862725
r173c1219,1987,48567.121357368975
r173c1220,1987,77630.04514223768
r173c1221,1987,1302.9643809971053
r173c1222,1987,7567.730305213796
r173c1223,1987,585.5263128913939
r173c1224,1987,1977.2544123211655
r173c1225,1987,11879.119282222142
r173c1226,1987,7144.893446516246
r173c1227,1987,1792.0743071034624
r173c1228,1987,5875.823833018932
r173c1229,1987,1095.0699337799979
r173c1230,1987,13370.95649365644
r173c1231,1987,1985.503382216887
r173c1232,1987,11414.384155264797
r173c1233,1987,54113.80775442127
r173c1234,1987,44020.37267501432
r174c1218,1987,68776.1353986596
r174c1219,1987,4867.246601787062
r174c1220,1987,106133.54215569638
r174c1221,1987,3093.9462646016673
r174c1222,1987,17306.90785351772
r174c1223,1987,69130.29632709346
r174c1224,1987,163982.355331927
r174c1225,1987,223415.31249356363
r174c1226,1987,2429.9321154055806
r174c1227,1987,5413.046078174196
r174c1228,1987,95.52672570745014
r174c1229,1987,41312.0547922914
r174c1230,1987,55729.93123922568
r174c1231,1987,134374.90571780616
r174c1232,1987,278167.3788116124
r174c1233,1987,121804.04978502344
r175c1217,1987,97090.55367479294
r175c1218,1987,131135.06469525737
r175c1219,1987,65244.241013257866
r175c1220,1987,93021.63618570185
r175c1221,1987,99008.42331186832
r175c1222,1987,51430.64603540345
r175c1223,1987,52444.211566992286
r175c1224,1987,115174.04778597003
r175c1225,1987,136486.70280561945
r175c1226,1987,5131.3027551350915
r175c1227,1987,1276.8633992644318
r175c1228,1987,737.9485745902064
r175c1229,1987,101858.01992847284
r175c1230,1987,1405613.2628019056
r176c1218,1987,6033.430940861092
r176c1220,1987,192304.98492700708
r176c1221,1987,23784.69928137589
r176c1222,1987,431562.0636604281
r176c1223,1987,180269.73236381472
r176c1224,1987,123898.99683246462
r176c1225,1987,202700.22399296335
r176c1226,1987,22801.90206275235
r176c1227,1987,17871.921050603472
r176c1228,1987,36295.810198965024
r176c1229,1987,32070.497966165734
r177c1222,1987,154565.60423254588
r177c1223,1987,546054.2562303322
r177c1224,1987,455503.1640494546
r177c1225,1987,34416.99586586326
r177c1226,1987,11462.73817060516
r177c1227,1987,16053.553450948079
r177c1228,1987,189346.82772932298
r177c1229,1987,65546.77566244995
r178c1221,1987,47359.35732111069
r178c1222,1987,1093480.3361649164
r178c1223,1987,988728.6788893029
r178c1224,1987,35823.76485080238
r178c1225,1987,67424.4180320697
r178c1226,1987,32823.5040397994
r178c1227,1987,2455.44397667201
r178c1228,1987,1042.6645113279385
r178c1229,1987,658479.1387756157
r178c1230,1987,35015.825978258086
r179c1221,1987,85663.3309386599
r179c1222,1987,753047.6937230565
r179c1223,1987,142297.01743300597
r179c1224,1987,11534.838236809488
r179c1225,1987,54273.7306634001
r179c1226,1987,33073.74707499423
r179c1227,1987,10817.100680069441
r179c1228,1987,4103.416172648981
r179c1229,1987,88459.4633265002
r179c1230,1987,4377.3288961671715
r179c1231,1987,32710.457206022926
r180c1221,1987,350011.1408900752
r180c1222,1987,431064.55715829815
r180c1223,1987,395489.85284996725
r180c1224,1987,6497.515316834892
r180c1225,1987,2598.927902931501
r180c1226,1987,22814.295913798167
r180c1227,1987,6083.73622325691
r180c1228,1987,2837.304008608691
r180c1229,1987,11689.374383235403
r180c1230,1987,11258.37935546634
r180c1231,1987,6505.2382806172045
r180c1232,1987,18925.29230747463
r181c1220,1987,126457.9849368607
r181c1221,1987,159222.50878649973
r181c1222,1987,155351.8516819104
r181c1223,1987,309113.13376972947
r181c1224,1987,61360.963617043664
r181c1225,1987,44105.86943035849
r181c1226,1987,19149.891996482656
r181c1227,1987,21575.41824853303
r181c1228,1987,6300.984709022945
r181c1229,1987,33134.718983735474
r181c1230,1987,10472.324380816885
r181c1231,1987,1706.3072361625477
r181c1232,1987,4776.359934931802
r182c1219,1987,33605.059006678624
r182c1220,1987,29257.176664894196
r182c1221,1987,31258.142634784588
r182c1222,1987,789834.1812282961
r182c1223,1987,77031.57047992678
r182c1224,1987,14274.885515252074
r182c1225,1987,34519.72564201839
r182c1226,1987,12853.823803343323
r182c1227,1987,6135.475579286869
r183c1220,1987,9577.573888364428
r183c1221,1987,127771.24450092224
r183c1222,1987,57033.39166045404
r183c1224,1987,46759.384371047636
r183c1226,1987,358444.8534779134
r181c1233,1987,21012.816897369477
r182c1228,1987,64432.49213223917
r182c1229,1987,58924.82388070112
r182c1230,1987,31458.51973591787
r182c1231,1987,18412.310157900374
r182c1232,1987,35124.10470595325
r182c1233,1987,4502.8200144797265
r182c1234,1987,104283.83386637244
r183c1227,1987,129560.65680212021
r183c1228,1987,295478.95098539145
r183c1229,1987,34803.93228661408
r183c1230,1987,214131.9975469576
r183c1231,1987,46870.50509221726
r183c1232,1987,9791.705592259623
r183c1233,1987,7335.184604014074
r183c1234,1987,2368.465292078052
r184c1226,1987,728262.4637268751
r184c1227,1987,4520856.479364758
r184c1228,1987,5660006.5485827755
r184c1229,1987,54728.66807352285
r184c1230,1987,11604.613427169472
r184c1231,1987,53950.59994001934
r184c1232,1987,13833.21657320579
r184c1233,1987,5909.072238422169
r184c1234,1987,8599.515400844395
r184c1235,1987,41501.78728806461
r185c1226,1987,1821700.7714561503
r185c1227,1987,2823175.0391281275
r185c1228,1987,1646168.8309073518
r185c1229,1987,149522.71363829292
r185c1230,1987,73467.97811502736
r185c1231,1987,280774.8914148804
r185c1232,1987,19618.93511192704
r185c1233,1987,21932.2358643604
r185c1234,1987,15633.125694014865
r185c1235,1987,5401.446544160651
r185c1236,1987,133022.4946954925
r186c1227,1987,149398.43335347576
r186c1228,1987,331477.9516954367
r186c1229,1987,94762.19218597465
r186c1230,1987,66757.20929934943
r186c1231,1987,43680.526406491554
r186c1232,1987,125400.70509437585
r186c1233,1987,84707.77707812432
r186c1234,1987,10076.932868608958
r186c1235,1987,38738.566513529135
r186c1236,1987,29098.303200891674
r186c1237,1987,28514.45038477199
r187c1226,1987,69787.36611131925
r187c1228,1987,429583.42511593533
r187c1229,1987,90692.12499231406
r187c1230,1987,108332.79053553019
r187c1231,1987,198943.15109516695
r187c1232,1987,13761.027318001336
r187c1233,1987,21404.663003735288
r187c1234,1987,96251.61600321552
r187c1235,1987,14930.224855202321
r187c1236,1987,6852.639724963123
r187c1237,1987,19498.773325482336
r188c1225,1987,38156.077413223065
r188c1226,1987,114755.82573214435
r188c1227,1987,72958.8952416347
r188c1228,1987,23716.66419677385
r188c1229,1987,528110.9501620294
r188c1230,1987,82771.514362273
r188c1231,1987,11026.244626556969
r188c1232,1987,76763.41815284021
r188c1233,1987,45830.017322037005
r188c1234,1987,101799.91437428498
r188c1235,1987,26284.13856650178
r188c1236,1987,29115.35048152863
r188c1237,1987,26666.781919455203
r189c1226,1987,69024.45350921786
r189c1227,1987,68295.18828816022
r189c1228,1987,83691.26196619918
r189c1229,1987,1408899.1552602556
r189c1230,1987,75730.05296313472
r189c1231,1987,28110.55915911268
r189c1232,1987,83832.70742832472
r189c1233,1987,34943.66418333247
r189c1234,1987,47069.35552494001
r189c1235,1987,15784.228330584945
r189c1236,1987,18471.139262504294
r189c1237,1987,20871.715820008627
r190c1226,1987,57494.10256244757
r190c1227,1987,88560.45114278157
r190c1228,1987,157455.5795701114
r190c1229,1987,46801.673924927854
r190c1230,1987,42149.20857442303
r190c1231,1987,33274.093722671794
r190c1232,1987,105173.73302547316
r190c1233,1987,425316.19408724294
r190c1234,1987,33114.85117010143
r190c1235,1987,29498.17247592393
r190c1236,1987,23482.995467253328
r190c1237,1987,486185.21729231474
r191c1227,1987,374254.9196641892
r191c1228,1987,734168.3064226416
r191c1229,1987,20534.852244425645
r191c1230,1987,16103.912038213393
r191c1231,1987,12944.463110390685
r191c1232,1987,15970.162389734867
r191c1233,1987,245503.99650336246
r191c1234,1987,2691960.619859424
r191c1235,1987,240818.33852977544
r191c1236,1987,177859.12470677053
r191c1237,1987,265703.9288939987
r192c1226,1987,78388.81708235684
r192c1227,1987,146449.20886052193
r192c1228,1987,28484.851995846453
r192c1229,1987,39124.106762224306
r192c1230,1987,40133.73349395419
r192c1231,1987,47809.4612985922
r192c1232,1987,28026.87060752719
r192c1233,1987,106227.17712795192
r192c1234,1987,46074.29535200188
r192c1235,1987,30149.67223184729
r192c1236,1987,37907.39575220228
r192c1237,1987,661353.0604000388
r193c1226,1987,83486.56170144065
r193c1227,1987,71107.68294789552
r193c1228,1987,58850.49432285583
r193c1229,1987,110222.35302101997
r193c1230,1987,13088.721327007092
r193c1231,1987,18910.15650710411
r193c1232,1987,22050.742380462118
r193c1233,1987,72495.48233614398
r193c1234,1987,199994.53486284765
r193c1235,1987,118797.74462245592
r193c1236,1987,308025.76535004884
r194c1224,1987,13356.599760626044
r194c1226,1987,93756.94700091495
r194c1227,1987,1400312.687792736
r194c1228,1987,24743.58691779193
r194c1229,1987,35273.25820941219
r194c1230,1987,22646.992160315778
r194c1231,1987,33929.897426170275
r194c1232,1987,266097.5574346677
r194c1233,1987,43817.42739298458
r194c1235,1987,1032244.5989752065
r194c1236,1987,3461454.8126806724
r195c1224,1987,16395.922608626403
r195c1226,1987,91239.15816605101
r195c1227,1987,34384.89984058672
r195c1228,1987,35013.883407141635
r195c1229,1987,113230.30008729092
r195c1231,1987,114678.13170809817
r195c1233,1987,141207.81879660737
r195c1234,1987,212121.58894964677
r196c1226,1987,69071.72264598629
r196c1227,1987,78010.76173434264
r196c1229,1987,45769.682647045374
r201c1225,1987,121555.69246789512
r201c1226,1987,84151.96921057563
r201c1227,1987,34426.89152194128
r163c1239,1988,117786.19804782492
r163c1240,1988,50799.90467854525
r164c1239,1988,22503.936802125114
r164c1240,1988,31768.92578280195
r165c1237,1988,6523.824808782296
r165c1238,1988,48347.69317028907
r165c1239,1988,39830.154026342745
r165c1240,1988,2157.8096258199507
r165c1241,1988,142463.56926535413
r165c1242,1988,18130.3027432838
r166c1236,1988,59458.59439488322
r166c1237,1988,17910.199765831483
r166c1238,1988,51534.59766253825
r166c1239,1988,2592.823117442391
r166c1240,1988,15494.409501594939
r167c1232,1988,4866.589509043101
r167c1233,1988,32462.564571907278
r167c1234,1988,5153.487265556422
r167c1235,1988,7071.215267853446
r167c1236,1988,11920.0073968596
r167c1237,1988,1400.8897584692847
r167c1238,1988,141336.7912266124
r167c1239,1988,643694.6865865123
r168c1226,1988,5283.6235412007045
r168c1227,1988,28565.42692904657
r168c1233,1988,24373.980664156803
r168c1234,1988,1442.4397170604298
r168c1235,1988,5590.299357857025
r168c1236,1988,27.161613467149436
r168c1237,1988,1423.415231853274
r168c1238,1988,297841.18347654643
r169c1226,1988,31456.659137202732
r169c1227,1988,9952.955992363393
r169c1228,1988,7474.152032432993
r169c1229,1988,13831.943941782305
r169c1230,1988,10399.365168355005
r169c1231,1988,11565.343645252635
r169c1232,1988,529982.4760710213
r169c1233,1988,24146.21479673754
r169c1234,1988,4777.745481352391
r169c1235,1988,358.5161490187925
r169c1236,1988,1858.1062727341903
r169c1237,1988,38784.46315882193
r169c1238,1988,44666.7233128151
r170c1225,1988,149791.73358392247
r170c1226,1988,20584.66228673234
r170c1227,1988,2083.914422324804
r170c1228,1988,2534.634939538315
r170c1229,1988,571.2602872606367
r170c1230,1988,485.62594345677644
r170c1231,1988,3243.1163047477603
r170c1232,1988,5724.70592370907
r170c1233,1988,17763.777805404556
r170c1234,1988,8320.481490932405
r170c1235,1988,18104.636294102722
r170c1236,1988,941.8866131163586
r170c1237,1988,37230.16853116119
r170c1238,1988,6652.021802025683
r171c1223,1988,23840.46457708306
r171c1224,1988,4499.449056855233
r171c1225,1988,1269.5252472488028
r171c1226,1988,527079.4010695725
r171c1227,1988,1996.3097119678687
r171c1228,1988,13662.239836425839
r171c1229,1988,1178.0283957930828
r171c1230,1988,1271.6640468899982
r171c1231,1988,2281.033786609769
r171c1232,1988,46746.73500008958
r171c1233,1988,2283.7801475720253
r171c1234,1988,793.7870433195494
r171c1235,1988,60847.61890131728
r171c1236,1988,10058.443653891562
r171c1237,1988,129008.46500413367
r171c1238,1988,30833.30707415612
r172c1221,1988,12668.265543775899
r172c1222,1988,13355.405116485023
r172c1223,1988,9340.90016111804
r172c1224,1988,3727.0603519562414
r172c1225,1988,109016.33276815432
r172c1226,1988,30681.462173884738
r172c1227,1988,1113.0130078606308
r172c1228,1988,1374.705238295719
r172c1229,1988,206.22139771841466
r172c1230,1988,8332.7337719046
r172c1231,1988,5345.995982168732
r172c1232,1988,5862.892203498737
r172c1233,1988,798.3001993669599
r172c1234,1988,40477.358914800294
r172c1235,1988,32948.32244841076
r172c1236,1988,282358.56431049143
r173c1219,1988,50620.489647020644
r173c1220,1988,79489.13243941122
r173c1221,1988,1361.5505784301854
r173c1222,1988,7992.831093046705
r173c1223,1988,592.9083694294095
r173c1224,1988,2014.6959765792112
r173c1225,1988,12187.181931747771
r173c1226,1988,7220.8627381064
r173c1227,1988,1859.6539446346974
r173c1228,1988,5982.8360109746745
r173c1229,1988,1122.5313590673838
r173c1230,1988,13638.83734160387
r173c1231,1988,2014.6468439780174
r173c1232,1988,11722.4821897308
r173c1233,1988,55818.00854967269
r173c1234,1988,44656.55315534024
r174c1218,1988,71608.87095919621
r174c1219,1988,5207.32587684172
r174c1220,1988,108877.55737338719
r174c1221,1988,3322.538333949578
r174c1222,1988,18055.769726706283
r174c1223,1988,70485.94235826237
r174c1224,1988,165694.45096121368
r174c1225,1988,224880.71971631455
r174c1226,1988,2442.5498584290344
r174c1227,1988,5643.835763892956
r174c1228,1988,96.36913621724382
r174c1229,1988,42255.21540875964
r174c1230,1988,57097.978839427604
r174c1231,1988,136358.81514700345
r174c1232,1988,284469.59590637946
r174c1233,1988,125366.27386043126
r175c1217,1988,100225.19568992918
r175c1218,1988,134999.0851494783
r175c1219,1988,67276.44091983141
r175c1220,1988,95430.65509467549
r175c1221,1988,101243.98859411044
r175c1222,1988,53471.29194083001
r175c1223,1988,53990.31398036998
r175c1224,1988,118583.41128149949
r175c1225,1988,137541.60453387778
r175c1226,1988,5324.941332080514
r175c1227,1988,1294.4250514213031
r175c1228,1988,752.3388643279325
r175c1229,1988,103644.69882940502
r175c1230,1988,1407547.2014669734
r176c1218,1988,6282.471257429053
r176c1220,1988,196208.39054047348
r176c1221,1988,25010.83428366199
r176c1222,1988,438597.9697489473
r176c1223,1988,183811.2354019913
r176c1224,1988,128011.11718595572
r176c1225,1988,204735.0743802296
r176c1226,1988,23296.652205863167
r176c1227,1988,18327.942103306385
r176c1228,1988,36809.73720571377
r176c1229,1988,32781.5636938287
r177c1222,1988,157475.2599719575
r177c1223,1988,551349.5804402726
r177c1224,1988,460511.85151474515
r177c1225,1988,34989.39650951824
r177c1226,1988,11757.486533347515
r177c1227,1988,16773.550580251762
r177c1228,1988,192821.93257796747
r177c1229,1988,68511.98667539419
r178c1221,1988,48922.08350008448
r178c1222,1988,1129886.9856024254
r178c1223,1988,1019621.4157750041
r178c1224,1988,37321.41919001768
r178c1225,1988,69080.20965828883
r178c1226,1988,33259.45176624393
r178c1227,1988,2539.0434334787046
r178c1228,1988,1085.651043540327
r178c1229,1988,676114.8317212831
r178c1230,1988,36546.23480816484
r179c1221,1988,88648.6964399792
r179c1222,1988,764933.4549472356
r179c1223,1988,148152.9319020845
r179c1224,1988,12127.355331217595
r179c1225,1988,55689.51839290436
r179c1226,1988,33801.71987455126
r179c1227,1988,11159.60649829153
r179c1228,1988,4303.99390334652
r179c1229,1988,90988.6571820363
r179c1230,1988,4720.879730155711
r179c1231,1988,33857.94818999246
r180c1221,1988,352268.7598960925
r180c1222,1988,438108.49842444505
r180c1223,1988,398891.3879096889
r180c1224,1988,6708.241949846822
r180c1225,1988,2772.8489704604754
r180c1226,1988,23789.19804733521
r180c1227,1988,6438.56887120245
r180c1228,1988,2944.867636831989
r180c1229,1988,12259.556854212766
r180c1230,1988,11871.270304827818
r180c1231,1988,6833.159989766146
r180c1232,1988,19815.983875931426
r181c1220,1988,129480.08064488944
r181c1221,1988,162340.4495357971
r181c1222,1988,159860.18224794668
r181c1223,1988,314699.6417572149
r181c1224,1988,62473.12348196853
r181c1225,1988,45617.123773384
r181c1226,1988,19914.38485905575
r181c1227,1988,22307.410018082242
r181c1228,1988,6552.774993690468
r181c1229,1988,34371.46849608914
r181c1230,1988,10737.735169314588
r181c1231,1988,1768.2636822576947
r181c1232,1988,4839.393626131908
r182c1219,1988,34854.949403691775
r182c1220,1988,30049.549610775626
r182c1221,1988,31983.56124929746
r182c1222,1988,796023.7627898445
r182c1223,1988,78782.48666681862
r182c1224,1988,14743.743328249757
r182c1225,1988,35780.22913758852
r182c1226,1988,13224.089082114431
r182c1227,1988,6610.727612825512
r183c1220,1988,10139.78373366132
r183c1221,1988,131395.72113501464
r183c1222,1988,58913.9293734036
r183c1224,1988,48345.60311241066
r183c1226,1988,361746.46337098686
r181c1233,1988,21374.746351461727
r182c1228,1988,67549.7746327251
r182c1229,1988,61587.75720697507
r182c1230,1988,32113.707868710113
r182c1231,1988,19073.067716399073
r182c1232,1988,35933.24056928226
r182c1233,1988,4645.264968011697
r182c1234,1988,104168.17648327633
r183c1227,1988,138937.1599592038
r183c1228,1988,313901.6756037094
r183c1229,1988,37449.29808201572
r183c1230,1988,212783.8445031566
r183c1231,1988,47633.43587502684
r183c1232,1988,10195.68109788345
r183c1233,1988,7626.287015517286
r183c1234,1988,2458.1753928999087
r184c1226,1988,750826.6319168026
r184c1227,1988,4554936.726957856
r184c1228,1988,5693020.8192117745
r184c1229,1988,59162.01044670281
r184c1230,1988,12375.37566411047
r184c1231,1988,55001.90206930189
r184c1232,1988,14553.741545728475
r184c1233,1988,6164.155746320714
r184c1234,1988,8873.276352845387
r184c1235,1988,42435.61821072247
r185c1226,1988,1843511.6934327306
r185c1227,1988,2881137.697053653
r185c1228,1988,1690743.8721094658
r185c1229,1988,159249.00709713387
r185c1230,1988,78678.13088789268
r185c1231,1988,281971.41047905537
r185c1232,1988,20542.513584176522
r185c1233,1988,22628.2179929641
r185c1234,1988,15976.060735869474
r185c1235,1988,5589.5086149744475
r185c1236,1988,132697.83748922037
r186c1227,1988,162492.61611069596
r186c1228,1988,352642.4332278874
r186c1229,1988,101881.15255953715
r186c1230,1988,70827.00343037471
r186c1231,1988,45160.40669062991
r186c1232,1988,126338.98804480118
r186c1233,1988,85264.72303078476
r186c1234,1988,10374.269136587705
r186c1235,1988,38873.673881475006
r186c1236,1988,29164.04525186659
r186c1237,1988,28781.146058445305
r187c1226,1988,73014.48969805223
r187c1228,1988,437551.6536080808
r187c1229,1988,94221.99549740655
r187c1230,1988,111250.03031608691
r187c1231,1988,199464.72817719393
r187c1232,1988,14064.55623978236
r187c1233,1988,21621.321137208928
r187c1234,1988,96468.75172025948
r187c1235,1988,15141.88600908377
r187c1236,1988,7095.473065789123
r187c1237,1988,19693.21400944551
r188c1225,1988,39856.06759588385
r188c1226,1988,118054.28072528905
r188c1227,1988,74716.31882159247
r188c1228,1988,24794.311015727384
r188c1229,1988,527562.5607982794
r188c1230,1988,85225.35708696317
r188c1231,1988,11476.902546794357
r188c1232,1988,77265.93976871906
r188c1233,1988,46790.88297155697
r188c1234,1988,101780.84125621933
r188c1235,1988,26570.01898411342
r188c1236,1988,29755.908344663872
r188c1237,1988,27115.625267863106
r189c1226,1988,70665.80282116767
r189c1227,1988,69521.02286473868
r189c1228,1988,85708.1328455915
r189c1229,1988,1421503.3267156065
r189c1230,1988,77016.3498747792
r189c1231,1988,29191.06585335745
r189c1232,1988,84613.64316941265
r189c1233,1988,35886.6153229611
r189c1234,1988,47518.48975493771
r189c1235,1988,16251.068206123275
r189c1236,1988,19018.829125148262
r189c1237,1988,21193.15080766651
r190c1226,1988,58764.96915796849
r190c1227,1988,90713.42002132593
r190c1228,1988,160671.95622169576
r190c1229,1988,47892.2508538753
r190c1230,1988,43286.845498915034
r190c1231,1988,33823.75158221366
r190c1232,1988,106609.26758323499
r190c1233,1988,423781.9426609914
r190c1234,1988,33972.511590137925
r190c1235,1988,30346.4430608086
r190c1236,1988,24472.896760216725
r190c1237,1988,480461.9019683774
r191c1227,1988,373815.5336569278
r191c1228,1988,729641.9187721532
r191c1229,1988,21018.85567662966
r191c1230,1988,16661.918878667926
r191c1231,1988,13302.05032873666
r191c1232,1988,16525.828374910365
r191c1233,1988,249062.2829841537
r191c1234,1988,2695720.604643908
r191c1235,1988,243514.7796304624
r191c1236,1988,178941.60146341383
r191c1237,1988,264873.5868546242
r192c1226,1988,80086.76941165188
r192c1227,1988,148560.43258240758
r192c1228,1988,29384.8426009478
r192c1229,1988,40381.25173809318
r192c1230,1988,41114.83842813943
r192c1231,1988,48952.23547823166
r192c1232,1988,28836.442593823132
r192c1233,1988,109113.55992916663
r192c1234,1988,47510.630786469585
r192c1235,1988,31365.897890645036
r192c1236,1988,39780.458022486135
r192c1237,1988,669658.6958274554
r193c1226,1988,84922.19296228638
r193c1227,1988,72376.7453450701
r193c1228,1988,59928.075580132754
r193c1229,1988,110767.71998179033
r193c1230,1988,13521.32551554019
r193c1231,1988,19531.99975352954
r193c1232,1988,22771.712872031254
r193c1233,1988,75020.53315862978
r193c1234,1988,204444.1788751979
r193c1235,1988,123500.25690349854
r193c1236,1988,313604.63610170333
r194c1224,1988,13654.434721901225
r194c1226,1988,95508.21786080493
r194c1227,1988,1413682.6904104452
r194c1228,1988,25496.53003961253
r194c1229,1988,35886.410538383876
r194c1230,1988,23205.862710442998
r194c1231,1988,34836.82643423202
r194c1232,1988,267825.4570090958
r194c1233,1988,45713.95940926496
r194c1235,1988,1038044.4313751817
r194c1236,1988,3452951.166060579
r195c1224,1988,16711.526213926194
r195c1226,1988,92556.095741636
r195c1227,1988,35057.68500573749
r195c1228,1988,35391.25274159412
r195c1229,1988,112537.79116611482
r195c1231,1988,113747.93252206955
r195c1233,1988,142618.4120778485
r195c1234,1988,213643.65713417446
r196c1226,1988,69769.23587009657
r196c1227,1988,78798.88255485782
r196c1229,1988,46137.230305070916
r201c1225,1988,124450.33198860797
r201c1226,1988,86830.43263224878
r201c1227,1988,35469.7542813208
r163c1239,1989,118638.8742009795
r163c1240,1989,51302.1317228516
r164c1239,1989,23096.077421956328
r164c1240,1989,31888.015505232037
r165c1237,1989,6759.787494010748
r165c1238,1989,48796.126263190534
r165c1239,1989,40332.05687853954
r165c1240,1989,2235.8463592129715
r165c1241,1989,142755.1004234778
r165c1242,1989,18421.17822136788
r166c1236,1989,59470.97738978872
r166c1237,1989,18271.380858024844
r166c1238,1989,51342.86269544991
r166c1239,1989,2702.411244359231
r166c1240,1989,16078.494196262642
r167c1232,1989,4875.451497745555
r167c1233,1989,34121.59250821369
r167c1234,1989,5270.374022834317
r167c1235,1989,7345.987293222831
r167c1236,1989,12206.189372621893
r167c1237,1989,1446.407594089652
r167c1238,1989,142802.83625124756
r167c1239,1989,644354.8555812753
r168c1226,1989,5385.242312260897
r168c1227,1989,29239.974767548858
r168c1233,1989,24939.191266531987
r168c1234,1989,1459.3781923347683
r168c1235,1989,5880.890840821187
r168c1236,1989,27.49000691436231
r168c1237,1989,1456.3061925175548
r168c1238,1989,302352.00728525047
r169c1226,1989,32044.56416090172
r169c1227,1989,10234.790748080239
r169c1228,1989,7793.4678103816395
r169c1229,1989,14322.372767278322
r169c1230,1989,10743.988728349179
r169c1231,1989,11798.582816692951
r169c1232,1989,528035.3325116365
r169c1233,1989,24915.461151143933
r169c1234,1989,4925.462569330603
r169c1235,1989,366.3697296250392
r169c1236,1989,1866.9075049150224
r169c1237,1989,39440.89505620601
r169c1238,1989,45529.43575153627
r170c1225,1989,150771.84770893876
r170c1226,1989,21244.481030449344
r170c1227,1989,2201.865987107859
r170c1228,1989,2566.3671052865684
r170c1229,1989,575.2089364528656
r170c1230,1989,505.3737592799589
r170c1231,1989,3248.0906925834715
r170c1232,1989,5773.715525215162
r170c1233,1989,17743.71572408964
r170c1234,1989,8496.219262905419
r170c1235,1989,18953.403371689477
r170c1236,1989,991.2094164658374
r170c1237,1989,37661.752509063095
r170c1238,1989,6795.534441412685
r171c1223,1989,24145.34233585451
r171c1224,1989,4638.477082015731
r171c1225,1989,1314.621812638348
r171c1226,1989,530646.7581354238
r171c1227,1989,2022.804334513697
r171c1228,1989,13818.289529308779
r171c1229,1989,1191.795536588987
r171c1230,1989,1290.6164580240625
r171c1231,1989,2274.97420732677
r171c1232,1989,48148.4960031778
r171c1233,1989,2298.534989978278
r171c1234,1989,804.4471069769934
r171c1235,1989,61305.76170960385
r171c1236,1989,10460.951700768028
r171c1237,1989,130927.08145037817
r171c1238,1989,31788.372830037166
r172c1221,1989,13053.506993602028
r172c1222,1989,13685.060205251006
r172c1223,1989,9608.452384367936
r172c1224,1989,3759.6880427185297
r172c1225,1989,109455.25739105072
r172c1226,1989,31488.361785801993
r172c1227,1989,1113.4768989868462
r172c1228,1989,1374.099462551996
r172c1229,1989,208.95604987442493
r172c1230,1989,8621.113602151952
r172c1231,1989,5418.107467210789
r172c1232,1989,6004.289048825796
r172c1233,1989,812.7143127317304
r172c1234,1989,40811.34120202521
r172c1235,1989,33789.3527232407
r172c1236,1989,284137.664264609
r173c1219,1989,52697.81944421601
r173c1220,1989,81408.9611074721
r173c1221,1989,1421.1715205730322
r173c1222,1989,8423.983112566071
r173c1223,1989,600.5380660220981
r173c1224,1989,2052.5158347451074
r173c1225,1989,12494.475665860324
r173c1226,1989,7300.370240841061
r173c1227,1989,1926.5199945692775
r173c1228,1989,6092.719209660477
r173c1229,1989,1150.3954385434076
r173c1230,1989,13912.822167946844
r173c1231,1989,2044.884088358093
r173c1232,1989,12034.391994737745
r173c1233,1989,57535.98907511814
r173c1234,1989,45317.159147944396
r174c1218,1989,74494.61938431545
r174c1219,1989,5551.302928054099
r174c1220,1989,111705.31472667734
r174c1221,1989,3553.611441113332
r174c1222,1989,18818.368031826416
r174c1223,1989,71896.01733724798
r174c1224,1989,167529.9222609367
r174c1225,1989,226490.16913972254
r174c1226,1989,2457.0728985582173
r174c1227,1989,5875.014679045684
r174c1228,1989,97.27801273837457
r174c1229,1989,43215.20105225965
r174c1230,1989,58487.03697880969
r174c1231,1989,138416.54535146413
r174c1232,1989,290885.9527513199
r174c1233,1989,128964.33712573393
r175c1217,1989,103422.26931123523
r175c1218,1989,138966.69951977194
r175c1219,1989,69360.213238277
r175c1220,1989,97913.07093384095
r175c1221,1989,103557.586280464
r175c1222,1989,55552.70811768296
r175c1223,1989,55564.8623020264
r175c1224,1989,122066.47379739831
r175c1225,1989,138715.33011475985
r175c1226,1989,5519.5235981105325
r175c1227,1989,1312.7920364944412
r175c1228,1989,767.072986132396
r175c1229,1989,105482.3516821046
r175c1230,1989,1410584.8808314798
r176c1218,1989,6536.297050174363
r176c1220,1989,200263.24175480218
r176c1221,1989,26248.493487780645
r176c1222,1989,445943.9653011544
r176c1223,1989,187460.96279321576
r176c1224,1989,132158.9032300246
r176c1225,1989,206935.56270907907
r176c1226,1989,23803.898412168808
r176c1227,1989,18790.39600765685
r176c1228,1989,37343.990217832856
r176c1229,1989,33506.06234001733
r177c1222,1989,160480.34549471195
r177c1223,1989,557095.3781778415
r177c1224,1989,465882.78946613614
r177c1225,1989,35584.73364243617
r177c1226,1989,12057.473148122059
r177c1227,1989,17493.896634115998
r177c1228,1989,196433.6127503384
r177c1229,1989,71544.55354193682
r178c1221,1989,50498.58601609933
r178c1222,1989,1167216.872767319
r178c1223,1989,1051454.6872965924
r178c1224,1989,38848.29208509834
r178c1225,1989,70768.77237184672
r178c1226,1989,33719.99191515703
r178c1227,1989,2623.327782066616
r178c1228,1989,1129.8306601472198
r178c1229,1989,694296.9771968806
r178c1230,1989,38118.29136131384
r179c1221,1989,91632.79251449669
r179c1222,1989,777436.8035785074
r179c1223,1989,154175.7966125528
r179c1224,1989,12734.232777686138
r179c1225,1989,57139.35760248589
r179c1226,1989,34551.58686942
r179c1227,1989,11508.847674120894
r179c1228,1989,4509.903293623293
r179c1229,1989,93594.65988338398
r179c1230,1989,5072.870921604095
r179c1231,1989,35038.35058772564
r180c1221,1989,354747.370305032
r180c1222,1989,445459.5047018024
r180c1223,1989,402606.00746907777
r180c1224,1989,6923.057969528156
r180c1225,1989,2947.3625218440834
r180c1226,1989,24776.80273077829
r180c1227,1989,6802.529587793681
r180c1228,1989,3055.456579841805
r180c1229,1989,12844.902119327944
r180c1230,1989,12500.118892081424
r180c1231,1989,7169.745328961861
r180c1232,1989,20730.535219003737
r181c1220,1989,132588.48969023
r181c1221,1989,165575.73203284357
r181c1222,1989,164465.12803546112
r181c1223,1989,320502.555925273
r181c1224,1989,63628.205852645726
r181c1225,1989,47152.35178464579
r181c1226,1989,20688.23972526971
r181c1227,1989,23059.936342999063
r181c1228,1989,6811.837868553964
r181c1229,1989,35633.130123534575
r181c1230,1989,11010.790184988538
r181c1231,1989,1831.6006687224158
r181c1232,1989,4905.18363134864
r182c1219,1989,36122.14352058475
r182c1220,1989,30860.717408623073
r182c1221,1989,32730.587382791324
r182c1222,1989,802912.392533732
r182c1223,1989,80587.14213833978
r182c1224,1989,15220.79032843403
r182c1225,1989,37058.13240502238
r182c1226,1989,13599.375316488744
r182c1227,1989,7095.046944785176
r183c1220,1989,10704.328140100819
r183c1221,1989,135100.2078907155
r183c1222,1989,60826.86978096081
r183c1224,1989,49958.496951530455
r183c1226,1989,365290.66285070137
r181c1233,1989,21729.15140578936
r182c1228,1989,70740.68167670205
r182c1229,1989,64278.636831667856
r182c1230,1989,32752.103435930025
r182c1231,1989,19710.45364839755
r182c1232,1989,36719.830772218564
r182c1233,1989,4782.929172122782
r182c1234,1989,104108.52944991231
r183c1227,1989,148517.27713817748
r183c1228,1989,332670.4257135383
r183c1229,1989,40154.41773207903
r183c1230,1989,211642.2704700085
r183c1231,1989,48381.74979733248
r183c1232,1989,10584.660082698454
r183c1233,1989,7906.717926706676
r183c1234,1989,2544.648962386771
r184c1226,1989,773858.0053897742
r184c1227,1989,4589926.502978941
r184c1228,1989,5727020.354887709
r184c1229,1989,63700.245579062095
r184c1230,1989,13151.655874114593
r184c1231,1989,56030.54543557904
r184c1232,1989,15245.765321975676
r184c1233,1989,6409.637778302216
r184c1234,1989,9137.82316295706
r184c1235,1989,43343.89537162789
r185c1226,1989,1865768.535663805
r185c1227,1989,2939571.103926823
r185c1228,1989,1735863.9407862672
r185c1229,1989,169166.53531521783
r185c1230,1989,83999.47503564015
r185c1231,1989,283253.9233450567
r185c1232,1989,21430.47037353776
r185c1233,1989,23300.80861454831
r185c1234,1989,16309.800790845105
r185c1235,1989,5770.996601150161
r185c1236,1989,132453.2741648089
r186c1227,1989,175912.77724767764
r186c1228,1989,374214.9695690177
r186c1229,1989,109147.85779510361
r186c1230,1989,74945.64548368342
r186c1231,1989,46603.7558454369
r186c1232,1989,127323.59368094002
r186c1233,1989,85848.31889976427
r186c1234,1989,10662.419755062976
r186c1235,1989,39020.87204018531
r186c1236,1989,29239.472216788487
r186c1237,1989,29045.292033256155
r187c1226,1989,76189.04589272686
r187c1228,1989,445904.5028887102
r187c1229,1989,97703.73459947392
r187c1230,1989,114115.66055257508
r187c1231,1989,200105.24790872174
r187c1232,1989,14363.68029550348
r187c1233,1989,21842.03780674023
r187c1234,1989,96706.6531678188
r187c1235,1989,15349.045597177792
r187c1236,1989,7329.918866478372
r187c1237,1989,19885.33334291323
r188c1225,1989,41530.08188331543
r188c1226,1989,121352.4776229033
r188c1227,1989,76488.15518690056
r188c1228,1989,25853.09058853823
r188c1229,1989,527417.2988415499
r188c1230,1989,87629.82610206881
r188c1231,1989,11914.212515874124
r188c1232,1989,77770.79588687138
r188c1233,1989,47724.429453254634
r188c1234,1989,101794.52410404795
r188c1235,1989,26851.73840890094
r188c1236,1989,30377.80339306024
r188c1237,1989,27553.35656975563
r189c1226,1989,72321.70168567187
r189c1227,1989,70778.34170967551
r189c1228,1989,87741.07157022442
r189c1229,1989,1434398.7175257865
r189c1230,1989,78300.20951689001
r189c1231,1989,30239.69573189709
r189c1232,1989,85387.0526756954
r189c1233,1989,36799.6102763909
r189c1234,1989,47962.89810082205
r189c1235,1989,16702.601906778174
r189c1236,1989,19548.54733611925
r189c1237,1989,21507.184486875212
r190c1226,1989,60051.39739030743
r190c1227,1989,92812.34347261481
r190c1228,1989,163892.97859789006
r190c1229,1989,48988.78498562227
r190c1230,1989,44407.087429289866
r190c1231,1989,34371.481264512855
r190c1232,1989,108015.87894607177
r190c1233,1989,422447.65875514026
r190c1234,1989,34803.38216717863
r190c1235,1989,31167.15807124017
r190c1236,1989,25427.21034142957
r190c1237,1989,475139.4116872527
r191c1227,1989,373499.59842300246
r191c1228,1989,725574.9970643647
r191c1229,1989,21479.51175030492
r191c1230,1989,17191.646714059247
r191c1231,1989,13652.37764037947
r191c1232,1989,17064.206042153775
r191c1233,1989,252608.4826064825
r191c1234,1989,2699905.3177020974
r191c1235,1989,246171.13887000244
r191c1236,1989,180032.8908936299
r191c1237,1989,264162.60865252774
r192c1226,1989,81704.43600658586
r192c1227,1989,150584.57622474417
r192c1228,1989,30238.878156768274
r192c1229,1989,41574.03172447312
r192c1230,1989,42070.125661719314
r192c1231,1989,50096.029964103436
r192c1232,1989,29641.148967175443
r192c1233,1989,111971.01701259185
r192c1234,1989,48918.40940238992
r192c1235,1989,32557.50277910748
r192c1236,1989,41653.56718528952
r192c1237,1989,678134.0040903471
r193c1226,1989,86288.76998972795
r193c1227,1989,73575.52198729043
r193c1228,1989,60952.5019936022
r193c1229,1989,111304.96432228335
r193c1230,1989,13935.40772131172
r193c1231,1989,20150.17191995336
r193c1232,1989,23488.50219049574
r193c1233,1989,77528.12525946442
r193c1234,1989,208906.02587505197
r193c1235,1989,128160.61120348252
r193c1236,1989,319171.34406904754
r194c1224,1989,13935.095058252453
r194c1226,1989,97192.17441330757
r194c1227,1989,1427334.5597119613
r194c1228,1989,26206.794228060986
r194c1229,1989,36464.74931545471
r194c1230,1989,23743.029960265554
r194c1231,1989,35740.065254200585
r194c1232,1989,269670.1740291622
r194c1233,1989,47591.05423669402
r194c1235,1989,1043866.9301298816
r194c1236,1989,3444829.3027233253
r195c1224,1989,17009.08737277076
r195c1226,1989,93799.34214302024
r195c1227,1989,35691.96874655121
r195c1228,1989,35748.125724796446
r195c1229,1989,111895.3027814705
r195c1231,1989,112935.57121606774
r195c1233,1989,144079.15227232556
r195c1234,1989,215255.3759328074
r196c1226,1989,70429.1693608075
r196c1227,1989,79544.53930821944
r196c1229,1989,46485.6308833822
r201c1225,1989,127390.01267854167
r201c1226,1989,89531.21140412055
r201c1227,1989,36522.44175034212
r163c1239,1990,119523.5283832581
r163c1240,1990,51827.80871998172
r164c1239,1990,23683.66792984288
r164c1240,1990,32029.444174658038
r165c1237,1990,6993.681697236477
r165c1238,1990,49270.078807461665
r165c1239,1990,40851.3210232211
r165c1240,1990,2313.28449912087
r165c1241,1990,143128.13682923638
r165c1242,1990,18715.756071433287
r166c1236,1990,59530.59735746083
r166c1237,1990,18636.283898975296
r166c1238,1990,51198.94966121686
r166c1239,1990,2810.8106799670445
r166c1240,1990,16657.033031306324
r167c1232,1990,4887.415908799791
r167c1233,1990,35749.782261182416
r167c1234,1990,5387.403238062327
r167c1235,1990,7617.131647149268
r167c1236,1990,12493.46760678525
r167c1237,1990,1491.6959538246122
r167c1238,1990,144339.98352093395
r167c1239,1990,645520.2408530472
r168c1226,1990,5485.352933396773
r168c1227,1990,29915.971179939228
r168c1233,1990,25504.54058565431
r168c1234,1990,1476.8992120249013
r168c1235,1990,6166.007818478401
r168c1236,1990,27.830658607184887
r168c1237,1990,1489.3667597124463
r168c1238,1990,306969.81360780785
r169c1226,1990,32640.13350420937
r169c1227,1990,10515.949440840632
r169c1228,1990,8107.839127965314
r169c1229,1990,14806.737967783878
r169c1230,1990,11083.565791528861
r169c1231,1990,12030.54453450457
r169c1232,1990,526565.321022333
r169c1233,1990,25677.75455883432
r169c1234,1990,5071.958342554786
r169c1235,1990,374.24278532354276
r169c1236,1990,1876.9592289442526
r169c1237,1990,40109.17637658035
r169c1238,1990,46402.57769562614
r170c1225,1990,151851.97452627434
r170c1226,1990,21900.272300682467
r170c1227,1990,2317.6618086335634
r170c1228,1990,2599.295283300802
r170c1229,1990,579.5062229502946
r170c1230,1990,525.191064867191
r170c1231,1990,3255.5136177688837
r170c1232,1990,5825.6636035427455
r170c1233,1990,17738.692467945646
r170c1234,1990,8672.647527828813
r170c1235,1990,19795.51673720908
r170c1236,1990,1039.8136201885986
r170c1237,1990,38110.69703430593
r170c1238,1990,6940.14710570803
r171c1223,1990,24456.343023633224
r171c1224,1990,4775.919601469112
r171c1225,1990,1359.3195225288177
r171c1226,1990,534566.41905653
r171c1227,1990,2050.1896489850956
r171c1228,1990,13981.298440427327
r171c1229,1990,1206.2985454599427
r171c1230,1990,1310.3096055013366
r171c1231,1990,2270.965571768582
r171c1232,1990,49539.805340818304
r171c1233,1990,2314.858057038628
r171c1234,1990,815.5880842013285
r171c1235,1990,61806.442452069925
r171c1236,1990,10859.530463198313
r171c1237,1990,132893.09853188257
r171c1238,1990,32739.7985133578
r172c1221,1990,13442.117063329384
r172c1222,1990,14015.240708571795
r172c1223,1990,9875.26577804494
r172c1224,1990,3794.55399795282
r172c1225,1990,109977.26414044871
r172c1226,1990,32295.29171870562
r172c1227,1990,1114.9262986332178
r172c1228,1990,1374.7517538052052
r172c1229,1990,211.8161926874891
r172c1230,1990,8911.689753528455
r172c1231,1990,5492.057429321534
r172c1232,1990,6147.908225540415
r172c1233,1990,827.5535632071396
r172c1234,1990,41173.166970960316
r172c1235,1990,34644.03088101931
r172c1236,1990,286095.2649666127
r173c1219,1990,54809.91143903818
r173c1220,1990,83393.78695424939
r173c1221,1990,1481.95807888231
r173c1222,1990,8862.141738801589
r173c1223,1990,608.4404776319861
r173c1224,1990,2090.85593022989
r173c1225,1990,12802.233253093085
r173c1226,1990,7383.657405909151
r173c1227,1990,1992.9455282279891
r173c1228,1990,6205.759158983158
r173c1229,1990,1178.7369940740293
r173c1230,1990,14193.63138416809
r173c1231,1990,2076.291491746877
r173c1232,1990,12350.956541327294
r173c1233,1990,59272.44646495493
r173c1234,1990,46003.85549822958
r174c1218,1990,77440.39936541067
r174c1219,1990,5899.949151187141
r174c1220,1990,114622.7484079637
r174c1221,1990,3787.6848057626653
r174c1222,1990,19596.3727202902
r174c1223,1990,73363.3804422136
r174c1224,1990,169492.01123965735
r174c1225,1990,228247.03423621244
r174c1226,1990,2473.510831788617
r174c1227,1990,6107.338668020596
r174c1228,1990,98.2551491378519
r174c1229,1990,44194.56864427934
r174c1230,1990,59900.830065636146
r174c1231,1990,140553.2998240129
r174c1232,1990,297433.52900906844
r174c1233,1990,132608.026102725
r175c1217,1990,106693.09225166406
r175c1218,1990,143046.3467444182
r175c1219,1990,71500.00938650093
r175c1220,1990,100474.09496257633
r175c1221,1990,105953.99771153253
r175c1222,1990,57679.42752949734
r175c1223,1990,57172.01854677139
r175c1224,1990,125631.75847668368
r175c1225,1990,140008.65344520836
r175c1226,1990,5715.669653786346
r175c1227,1990,1332.0039354228797
r175c1228,1990,782.1895512614838
r175c1229,1990,107375.73610275684
r175c1230,1990,1414726.632037656
r176c1218,1990,6795.462472325931
r176c1220,1990,204477.80386318683
r176c1221,1990,27500.891690782744
r176c1222,1990,453615.74279594235
r176c1223,1990,191228.1555822249
r176c1224,1990,136355.1690762531
r176c1225,1990,209304.6422970479
r176c1226,1990,24324.99250653541
r176c1227,1990,19260.527084175366
r176c1228,1990,37899.911929981245
r176c1229,1990,34245.91860872563
r177c1222,1990,163588.3161730753
r177c1223,1990,563298.8899817528
r177c1224,1990,471624.28615298966
r177c1225,1990,36204.379488019236
r177c1226,1990,12363.55550017909
r177c1227,1990,18216.607482729363
r177c1228,1990,200189.6167388038
r177c1229,1990,74650.45089346934
r178c1221,1990,52093.7268066471
r178c1222,1990,1205545.4850793052
r178c1223,1990,1084290.1513363589
r178c1224,1990,40408.261441645176
r178c1225,1990,72494.84175934209
r178c1226,1990,34205.99635538307
r178c1227,1990,2708.5572928589168
r178c1228,1990,1175.2846623466405
r178c1229,1990,713062.7497646281
r178c1230,1990,39734.86991912214
r179c1221,1990,94624.88191036208
r179c1222,1990,790583.0252861057
r179c1223,1990,160377.1580425731
r179c1224,1990,13356.734479828627
r179c1225,1990,58626.666340956464
r179c1226,1990,35325.06784981282
r179c1227,1990,11865.648829461621
r179c1228,1990,4721.513358106566
r179c1229,1990,96282.70906677822
r179c1230,1990,5433.892526298124
r179c1231,1990,36253.922173966654
r180c1221,1990,357453.1740365671
r180c1222,1990,453133.5953595515
r180c1223,1990,406639.7744098854
r180c1224,1990,7142.476267848111
r180c1225,1990,3122.922835159141
r180c1226,1990,25779.50334638238
r180c1227,1990,7176.252366678753
r180c1228,1990,3169.278878996715
r180c1229,1990,13446.459549833322
r180c1230,1990,13146.032185731437
r180c1231,1990,7515.5942932315065
r180c1232,1990,21670.595904846705
r181c1220,1990,135790.42108030638
r181c1221,1990,168935.28016393943
r181c1222,1990,169177.87045814292
r181c1223,1990,326534.61954813683
r181c1224,1990,64828.74971880386
r181c1225,1990,48715.32447235605
r181c1226,1990,21473.389914433104
r181c1227,1990,23834.474640321656
r181c1228,1990,7078.177264921442
r181c1229,1990,36920.70662739304
r181c1230,1990,11291.024115785116
r181c1231,1990,1896.301576180544
r181c1232,1990,4973.0875366844675
r182c1219,1990,37409.95535973031
r182c1220,1990,31692.638746808596
r182c1221,1990,33500.935042326004
r182c1222,1990,810505.3907886887
r182c1223,1990,82449.63861715762
r182c1224,1990,15707.229266083123
r182c1225,1990,38356.72340822461
r182c1226,1990,13980.565765072106
r182c1227,1990,7588.140528994282
r183c1220,1990,11272.796215627797
r183c1221,1990,138893.77648476145
r183c1222,1990,62777.0836585647
r183c1224,1990,51601.83344911604
r183c1226,1990,369081.4354058938
r181c1233,1990,22073.504204392906
r182c1228,1990,73992.77266894154
r182c1229,1990,66988.62901962666
r182c1230,1990,33370.4175740925
r182c1231,1990,20323.75729212681
r182c1232,1990,37480.54355584755
r182c1233,1990,4915.555012658683
r182c1234,1990,104083.98003403516
r183c1227,1990,158275.25367605034
r183c1228,1990,351731.63896490546
r183c1229,1990,42912.15162005952
r183c1230,1990,210656.8876737766
r183c1231,1990,49109.61460654951
r183c1232,1990,10958.494537429833
r183c1233,1990,8176.316029533857
r183c1234,1990,2627.815157591522
r184c1226,1990,797227.1456398522
r184c1227,1990,4625062.848415218
r184c1228,1990,5761056.0431464575
r184c1229,1990,68331.66870716076
r184c1230,1990,13931.960242418672
r184c1231,1990,57030.39265367131
r184c1232,1990,15909.734501678082
r184c1233,1990,6645.478427524857
r184c1234,1990,9392.67120090535
r184c1235,1990,44222.5838755515
r185c1226,1990,1888169.4849890026
r185c1227,1990,2998040.4342560726
r185c1228,1990,1781265.1767549154
r185c1229,1990,179247.4882647122
r185c1230,1990,89417.59261976749
r185c1231,1990,284572.11460423534
r185c1232,1990,22283.00858058617
r185c1233,1990,23948.762263978668
r185c1234,1990,16632.78762522153
r185c1235,1990,5945.676556191006
r185c1236,1990,132261.35477676516
r186c1227,1990,189625.22931036068
r186c1228,1990,396134.6025019151
r186c1229,1990,116543.89053769062
r186c1230,1990,79103.19929260177
r186c1231,1990,48007.755949472936
r186c1232,1990,128331.71678797045
r186c1233,1990,86443.5168494091
r186c1234,1990,10940.678349408166
r186c1235,1990,39173.15907624584
r186c1236,1990,29319.291199772993
r186c1237,1990,29302.682933737542
r187c1226,1990,79309.49687477351
r187c1228,1990,454546.75776189147
r187c1229,1990,101130.51582454219
r187c1230,1990,116919.15506165822
r187c1231,1990,200824.1814092908
r187c1232,1990,14656.72362468634
r187c1233,1990,22063.13253236919
r187c1234,1990,96948.61534685979
r187c1235,1990,15549.678980125465
r187c1236,1990,7555.51166280432
r187c1237,1990,20072.225895917036
r188c1225,1990,43176.919928713825
r188c1226,1990,124636.68128992771
r188c1227,1990,78263.77665990566
r188c1228,1990,26892.557496016427
r188c1229,1990,527558.9866858341
r188c1230,1990,89977.86515096214
r188c1231,1990,12337.735029066065
r188c1232,1990,78265.71205215577
r188c1233,1990,48625.43256998874
r188c1234,1990,101822.50207801737
r188c1235,1990,27125.45632499321
r188c1236,1990,30977.812597107113
r188c1237,1990,27976.58483649814
r189c1226,1990,73981.97701967196
r189c1227,1990,72054.85688499473
r189c1228,1990,89777.93422739918
r189c1229,1990,1447349.6596346244
r189c1230,1990,79570.92883715242
r189c1231,1990,31254.975739930855
r189c1232,1990,86140.27351024063
r189c1233,1990,37679.335675530376
r189c1234,1990,48395.50303220773
r189c1235,1990,17137.462861358865
r189c1236,1990,20058.699136498286
r189c1237,1990,21811.067918891727
r190c1226,1990,61344.44373162569
r190c1227,1990,94849.51240377946
r190c1228,1990,167095.79518129033
r190c1229,1990,50084.09722201708
r190c1230,1990,45506.05225547604
r190c1231,1990,34912.62694300386
r190c1232,1990,109379.13555322903
r190c1233,1990,421231.58274368907
r190c1234,1990,35604.20441870077
r190c1235,1990,31957.686480138007
r190c1236,1990,26344.843459044117
r190c1237,1990,470111.6481070464
r191c1227,1990,373237.0396112427
r191c1228,1990,721810.3304592391
r191c1229,1990,21915.71316201212
r191c1230,1990,17693.135435576576
r191c1231,1990,13994.119455231223
r191c1232,1990,17584.075411870228
r191c1233,1990,256102.79399847687
r191c1234,1990,2704059.33685057
r191c1235,1990,248752.33388684367
r191c1236,1990,181104.29331460793
r191c1237,1990,263520.3253352406
r192c1226,1990,83236.78595011559
r192c1227,1990,152506.52333373667
r192c1228,1990,31046.65565380845
r192c1229,1990,42702.14373890888
r192c1230,1990,42995.875891179865
r192c1231,1990,51233.85508671085
r192c1232,1990,30437.29830532753
r192c1233,1990,114784.6611222255
r192c1234,1990,50292.64624977757
r192c1235,1990,33721.85585980167
r192c1236,1990,43521.44934843557
r192c1237,1990,686668.8794598555
r193c1226,1990,87579.19213068318
r193c1227,1990,74698.58351104523
r193c1228,1990,61919.12307428905
r193c1229,1990,111817.36118419781
r193c1230,1990,14330.61677367227
r193c1231,1990,20762.258732195456
r193c1232,1990,24198.28633110742
r193c1233,1990,80009.29356247163
r193c1234,1990,213350.155171118
r193c1235,1990,132765.28136891488
r193c1236,1990,324677.31795751036
r194c1224,1990,14197.873850564172
r194c1226,1990,98799.34114360478
r194c1227,1990,1441035.551580566
r194c1228,1990,26873.982106445816
r194c1229,1990,37005.519835842686
r194c1230,1990,24256.800670441364
r194c1231,1990,36635.004002334834
r194c1232,1990,271583.25082715234
r194c1233,1990,49444.05679838818
r194c1235,1990,1049541.5635054593
r194c1236,1990,3436504.014228095
r195c1224,1990,17287.48227505592
r195c1226,1990,94960.3951022523
r195c1227,1990,36285.45000187383
r195c1228,1990,36080.5844006745
r195c1229,1990,111280.37260986495
r195c1231,1990,112213.30730927031
r195c1233,1990,145565.34353165614
r195c1234,1990,216918.41641591623
r196c1226,1990,71043.5535677829
r196c1227,1990,80238.7331257575
r196c1229,1990,46809.118934679034
r201c1225,1990,130354.72499721053
r201c1226,1990,92241.59855613818
r201c1227,1990,37579.66557811372
r163c1239,1991,120251.8974657006
r163c1240,1991,52391.55787759993
r164c1239,1991,23825.88821788184
r164c1240,1991,32394.61443454628
r165c1237,1991,7074.971990579449
r165c1238,1991,49696.54654633661
r165c1239,1991,41181.68245005818
r165c1240,1991,2337.577835890866
r165c1241,1991,143843.053962546
r165c1242,1991,18500.777348581163
r166c1236,1991,59984.33347669782
r166c1237,1991,18805.239488704217
r166c1238,1991,51594.87430841006
r166c1239,1991,2912.950873037835
r166c1240,1991,17146.11030882712
r167c1232,1991,4930.9162077305655
r167c1233,1991,38309.816348440756
r167c1234,1991,5444.825451271768
r167c1235,1991,7980.549747051477
r167c1236,1991,12624.332186738975
r167c1237,1991,1505.6210637860145
r167c1238,1991,145461.59143785175
r167c1239,1991,650101.7703710881
r168c1226,1991,5483.344053522798
r168c1227,1991,30774.029043502767
r168c1233,1991,25809.50652242902
r168c1234,1991,1480.942890353311
r168c1235,1991,6215.566611836749
r168c1236,1991,28.048461876809597
r168c1237,1991,1526.6051840659231
r168c1238,1991,309570.34797856817
r169c1226,1991,32859.94011156085
r169c1227,1991,10666.500400785357
r169c1228,1991,8184.393311681334
r169c1229,1991,14925.606219554626
r169c1230,1991,11156.956679532692
r169c1231,1991,12013.280038052073
r169c1232,1991,528058.0272617069
r169c1233,1991,25743.374191852166
r169c1234,1991,5084.308835294127
r169c1235,1991,376.05502942546315
r169c1236,1991,1899.3484635832992
r169c1237,1991,40559.88561485741
r169c1238,1991,46880.92824242081
r170c1225,1991,153421.15160429795
r170c1226,1991,22135.505408117213
r170c1227,1991,2361.27512524342
r170c1228,1991,2632.9651317428797
r170c1229,1991,583.6143444981426
r170c1230,1991,528.4417656389996
r170c1231,1991,3279.6634267847985
r170c1232,1991,5843.248927682404
r170c1233,1991,17799.73014289864
r170c1234,1991,8683.432897858322
r170c1235,1991,19981.379673651005
r170c1236,1991,1073.172113111682
r170c1237,1991,38541.12399684996
r170c1238,1991,7019.320312709031
r171c1223,1991,24604.419753929913
r171c1224,1991,4822.923405054147
r171c1225,1991,1367.5724911511527
r171c1226,1991,539597.8097973458
r171c1227,1991,2081.0748225283464
r171c1228,1991,14032.381212874938
r171c1229,1991,1225.2917387698503
r171c1230,1991,1331.2034455757332
r171c1231,1991,2280.847643189132
r171c1232,1991,49707.83437133194
r171c1233,1991,2329.842585623426
r171c1234,1991,822.844050815329
r171c1235,1991,62394.572750686384
r171c1236,1991,10986.35808874257
r171c1237,1991,134049.0977890623
r171c1238,1991,33195.65007572361
r172c1221,1991,13545.342418871569
r172c1222,1991,14155.994312632984
r172c1223,1991,10170.406288900731
r172c1224,1991,3815.8402191983496
r172c1225,1991,110771.89933324687
r172c1226,1991,32731.771815925214
r172c1227,1991,1119.9066083934158
r172c1228,1991,1379.8049702327698
r172c1229,1991,214.83671583980322
r172c1230,1991,9027.721422881965
r172c1231,1991,5530.820604356817
r172c1232,1991,6186.81126359906
r172c1233,1991,836.7411101087781
r172c1234,1991,41506.61120219667
r172c1235,1991,34995.99802876681
r172c1236,1991,288380.56209334696
r173c1219,1991,56423.543577902296
r173c1220,1991,85047.38036582955
r173c1221,1991,1515.5221631705908
r173c1222,1991,9125.005817378058
r173c1223,1991,610.9938411563635
r173c1224,1991,2098.1342101620403
r173c1225,1991,12997.443402963756
r173c1226,1991,7421.848461783025
r173c1227,1991,2015.5566904377777
r173c1228,1991,6274.237160422777
r173c1229,1991,1198.5035793516565
r173c1230,1991,14319.161604047236
r173c1231,1991,2096.5003647281296
r173c1232,1991,12517.486991183196
r173c1233,1991,59950.60207827113
r173c1234,1991,46419.80077366995
r174c1218,1991,79801.22825813833
r174c1219,1991,6127.615936631346
r174c1220,1991,116525.25450654136
r174c1221,1991,3869.220295508582
r174c1222,1991,20310.91562174354
r174c1223,1991,74784.59720530566
r174c1224,1991,171654.70374413463
r174c1225,1991,230093.60240688515
r174c1226,1991,2483.824448593706
r174c1227,1991,6148.396908428578
r174c1228,1991,99.40613734986422
r174c1229,1991,44600.62659014122
r174c1230,1991,60481.86989311805
r174c1231,1991,141763.43860184285
r174c1232,1991,299929.3477231099
r174c1233,1991,134495.52795221226
r175c1217,1991,110044.66463277656
r175c1218,1991,147212.1536738542
r175c1219,1991,73460.63698481138
r175c1220,1991,101965.85009936354
r175c1221,1991,107785.95493614618
r175c1222,1991,59189.3822202297
r175c1223,1991,58370.2969580739
r175c1224,1991,128603.46682714926
r175c1225,1991,141119.52531983436
r175c1226,1991,5814.120853038885
r175c1227,1991,1341.714669372806
r175c1228,1991,791.6283524643995
r175c1229,1991,109342.37886628025
r175c1230,1991,1429040.970120538
r176c1218,1991,7043.91135922215
r176c1220,1991,208817.9401632902
r176c1221,1991,28026.59933213277
r176c1222,1991,462352.58474879625
r176c1223,1991,194120.41104434174
r176c1224,1991,139089.15072674362
r176c1225,1991,212663.45488522173
r176c1226,1991,24593.74911955303
r176c1227,1991,19616.728347790973
r176c1228,1991,38475.36724493416
r176c1229,1991,34841.9070864548
r177c1222,1991,165548.15695577214
r177c1223,1991,572294.5129724059
r177c1224,1991,480433.22615482274
r177c1225,1991,36553.78205074025
r177c1226,1991,12447.596558239642
r177c1227,1991,18902.55230323373
r177c1228,1991,207463.75431664387
r177c1229,1991,77723.62690936161
r178c1221,1991,52996.82319955685
r178c1222,1991,1240432.1236294347
r178c1223,1991,1117946.827414853
r178c1224,1991,41009.913453868445
r178c1225,1991,73175.28747359155
r178c1226,1991,34409.87386904508
r178c1227,1991,2733.036889262552
r178c1228,1991,1230.3983424981482
r178c1229,1991,734874.6154617171
r178c1230,1991,41114.27318840177
r179c1221,1991,96645.15132903216
r179c1222,1991,814399.8865961661
r179c1223,1991,165825.41605790047
r179c1224,1991,13732.684765730595
r179c1225,1991,59416.261221709705
r179c1226,1991,35727.561097625716
r179c1227,1991,12070.554653342775
r179c1228,1991,4844.206339211937
r179c1229,1991,99120.03655698331
r179c1230,1991,5674.80131119364
r179c1231,1991,37486.66134022758
r180c1221,1991,359339.9113640945
r180c1222,1991,463229.9121577594
r180c1223,1991,412752.74281175254
r180c1224,1991,7256.223552896452
r180c1225,1991,3194.574432271558
r180c1226,1991,26182.54262159982
r180c1227,1991,7356.910452016801
r180c1228,1991,3254.1789580506183
r180c1229,1991,14094.294495843873
r180c1230,1991,13669.346021204845
r180c1231,1991,7717.344081554986
r180c1232,1991,22455.704387155343
r181c1220,1991,138550.7278281886
r181c1221,1991,172434.73747868818
r181c1222,1991,173414.9409116416
r181c1223,1991,332488.9876283595
r181c1224,1991,65632.05732825928
r181c1225,1991,49355.17714564089
r181c1226,1991,21715.493933367674
r181c1227,1991,24419.8732428832
r181c1228,1991,7178.59643961891
r181c1229,1991,37613.39450329718
r181c1230,1991,11442.861380824384
r181c1231,1991,1909.4846041309966
r181c1232,1991,5043.6154063442555
r182c1219,1991,38319.256223284225
r182c1220,1991,32394.76746055044
r182c1221,1991,34076.8163381527
r182c1222,1991,825064.2986775282
r182c1223,1991,84375.8692249452
r182c1224,1991,15986.76959194033
r182c1225,1991,38980.13891684891
r182c1226,1991,14097.29829889972
r182c1227,1991,7710.58754212525
r183c1220,1991,11574.960041628094
r183c1221,1991,142373.61780627855
r183c1222,1991,64082.69425299618
r183c1224,1991,52372.73027692898
r183c1226,1991,373519.0259914747
r181c1233,1991,22139.569684849062
r182c1228,1991,74325.32881985282
r182c1229,1991,67112.0912185487
r182c1230,1991,33010.59138246791
r182c1231,1991,20550.58774518244
r182c1232,1991,37534.58605383414
r182c1233,1991,4962.058338275022
r182c1234,1991,105963.438802845
r183c1227,1991,164210.11984072597
r183c1228,1991,367832.83830171166
r183c1229,1991,43482.66439661161
r183c1230,1991,211395.29204202408
r183c1231,1991,50572.2497432052
r183c1232,1991,10948.002523480724
r183c1233,1991,8247.61301815621
r183c1234,1991,2675.741481480729
r184c1226,1991,829739.6976308175
r184c1227,1991,4676455.718798999
r184c1228,1991,5797405.156855356
r184c1229,1991,72019.43249816874
r184c1230,1991,14052.9173649742
r184c1231,1991,57258.77156940374
r184c1232,1991,16085.64344118327
r184c1233,1991,6938.057275703712
r184c1234,1991,9889.398628156958
r184c1235,1991,45035.22774465055
r185c1226,1991,1907104.6120590824
r185c1227,1991,3041757.761347225
r185c1228,1991,1833956.1633249004
r185c1229,1991,186993.29031959374
r185c1230,1991,91486.3308743042
r185c1231,1991,289020.29780999164
r185c1232,1991,22594.696082151204
r185c1233,1991,24003.450228030528
r185c1234,1991,16627.67081296818
r185c1235,1991,6068.821286205155
r185c1236,1991,132944.19655339827
r186c1227,1991,205627.17331112453
r186c1228,1991,426927.3984703219
r186c1229,1991,121334.61659213806
r186c1230,1991,81646.69036159063
r186c1231,1991,48321.91496942631
r186c1232,1991,128214.11849297857
r186c1233,1991,85614.08035306158
r186c1234,1991,10813.384635616729
r186c1235,1991,39112.70530405128
r186c1236,1991,28944.668703290645
r186c1237,1991,29103.994766752043
r187c1226,1991,86386.84864300655
r187c1228,1991,472261.7184405224
r187c1229,1991,106024.8531606792
r187c1230,1991,118915.57048523548
r187c1231,1991,201363.99047839292
r187c1232,1991,14391.069023124772
r187c1233,1991,21695.429629236278
r187c1234,1991,96862.53051703463
r187c1235,1991,15414.98115125661
r187c1236,1991,7468.889680859173
r187c1237,1991,19835.77248169152
r188c1225,1991,43673.02359672508
r188c1226,1991,124983.11485556555
r188c1227,1991,78228.29536444056
r188c1228,1991,27076.85130246247
r188c1229,1991,534187.1660010678
r188c1230,1991,93917.46109018697
r188c1231,1991,12287.740278315818
r188c1232,1991,77768.14808596039
r188c1233,1991,48155.16342765543
r188c1234,1991,102032.45096840574
r188c1235,1991,26977.71534457095
r188c1236,1991,30613.54793884841
r188c1237,1991,27707.023401365048
r189c1226,1991,74229.252605112
r189c1227,1991,71770.83866274914
r189c1228,1991,90380.44969388447
r189c1229,1991,1459981.6005650521
r189c1230,1991,79316.14662497478
r189c1231,1991,31046.30552644598
r189c1232,1991,85645.34341117642
r189c1233,1991,37272.317918912755
r189c1234,1991,47677.80480681088
r189c1235,1991,16835.728058596782
r189c1236,1991,19893.792076323163
r189c1237,1991,21686.67227507149
r190c1226,1991,61292.91151995488
r190c1227,1991,94574.2971202623
r190c1228,1991,167749.35256127876
r190c1229,1991,49912.84022393827
r190c1230,1991,45317.14699928911
r190c1231,1991,34461.55450239613
r190c1232,1991,111077.15297513703
r190c1233,1991,427333.3323124235
r190c1234,1991,35759.149880095174
r190c1235,1991,31670.413352579242
r190c1236,1991,26533.82845377056
r190c1237,1991,469859.6061311066
r191c1227,1991,373673.0545105657
r191c1228,1991,730075.3556448305
r191c1229,1991,21506.901700744696
r191c1230,1991,17464.08299401479
r191c1231,1991,13891.103283393515
r191c1232,1991,17479.508968269252
r191c1233,1991,265197.1939750045
r191c1234,1991,2705334.32991415
r191c1235,1991,254128.42304185242
r191c1236,1991,180781.98371970392
r191c1237,1991,263628.63603132206
r192c1226,1991,82120.44934532451
r192c1227,1991,151948.15980626713
r192c1228,1991,30381.569683922236
r192c1229,1991,42103.70980591585
r192c1230,1991,42881.882654958026
r192c1231,1991,51459.55152356771
r192c1232,1991,30380.921590255064
r192c1233,1991,115350.21733106
r192c1234,1991,50357.62382987073
r192c1235,1991,33698.20685617447
r192c1236,1991,46065.02568893817
r192c1237,1991,695244.4137516436
r193c1226,1991,87443.145062374
r193c1227,1991,74526.3114488684
r193c1228,1991,61335.18609889227
r193c1229,1991,111118.0560077627
r193c1230,1991,14347.417113557714
r193c1231,1991,21060.86540570655
r193c1232,1991,24174.806980249374
r193c1233,1991,82839.47543753589
r193c1234,1991,216953.21030514463
r193c1235,1991,141026.3213282576
r193c1236,1991,339960.8842347248
r194c1224,1991,14083.412096205811
r194c1226,1991,98438.95601587545
r194c1227,1991,1456499.5792444288
r194c1228,1991,26796.935614529677
r194c1229,1991,36712.14418358159
r194c1230,1991,23969.621497011954
r194c1231,1991,37059.07104028038
r194c1232,1991,272003.99040208606
r194c1233,1991,50084.01853925594
r194c1235,1991,1076997.7458394435
r194c1236,1991,3417053.782252067
r195c1224,1991,16921.076379905197
r195c1226,1991,94645.78779847363
r195c1227,1991,36148.33704454214
r195c1228,1991,35868.406775171374
r195c1229,1991,110474.22198780614
r195c1231,1991,112535.49926285302
r195c1233,1991,148467.99388872302
r195c1234,1991,216943.61883876627
r196c1226,1991,70579.93169687636
r196c1227,1991,79707.47905322962
r196c1229,1991,46337.425600114075
r201c1225,1991,133054.59001344696
r201c1226,1991,96601.69461771825
r201c1227,1991,38388.76949972302
r163c1239,1992,120900.41911062093
r163c1240,1992,52957.166708376084
r164c1239,1992,23964.37996069488
r164c1240,1992,32768.70539991135
r165c1237,1992,7156.978394984524
r165c1238,1992,50132.170716661
r165c1239,1992,41521.984515273434
r165c1240,1992,2362.5175849833176
r165c1241,1992,144579.73017907352
r165c1242,1992,18296.755078338145
r166c1236,1992,60450.6167066633
r166c1237,1992,18978.959128590217
r166c1238,1992,52003.029864586744
r166c1239,1992,3016.772842386643
r166c1240,1992,17642.590304543126
r167c1232,1992,4974.576572103098
r167c1233,1992,40883.23667951091
r167c1234,1992,5503.550263583802
r167c1235,1992,8346.421857366047
r167c1236,1992,12758.611572316702
r167c1237,1992,1519.9325422912655
r167c1238,1992,146617.7489502584
r167c1239,1992,654832.3505299684
r168c1226,1992,5473.352627878265
r168c1227,1992,31635.896273722552
r168c1233,1992,26120.27208346375
r168c1234,1992,1485.3181429321276
r168c1235,1992,6266.584652259438
r168c1236,1992,28.272945802658796
r168c1237,1992,1564.522582151653
r168c1238,1992,312247.06181200215
r169c1226,1992,33084.585714654124
r169c1227,1992,10819.975904878229
r169c1228,1992,8262.886324693869
r169c1229,1992,15043.686157925691
r169c1230,1992,11222.388744080725
r169c1231,1992,11987.055016882701
r169c1232,1992,529624.1300894334
r169c1233,1992,25814.749026464586
r169c1234,1992,5097.7948236804095
r169c1235,1992,377.9530313772313
r169c1236,1992,1922.285049772438
r169c1237,1992,41021.94219979452
r169c1238,1992,47371.86564778552
r170c1225,1992,155025.00758122845
r170c1226,1992,22376.652664088673
r170c1227,1992,2405.5564840120137
r170c1228,1992,2667.3498883359134
r170c1229,1992,587.8649755194783
r170c1230,1992,531.8206515433267
r170c1231,1992,3304.577382810414
r170c1232,1992,5862.145896019276
r170c1233,1992,17864.7778996376
r170c1234,1992,8696.137386281043
r170c1235,1992,20172.88929235399
r170c1236,1992,1107.0971205643725
r170c1237,1992,38982.36030604223
r170c1238,1992,7100.471879951239
r171c1223,1992,24740.585429125767
r171c1224,1992,4869.586868466338
r171c1225,1992,1376.1782438216255
r171c1226,1992,544771.9564779061
r171c1227,1992,2112.5336124671876
r171c1228,1992,14087.016334835711
r171c1229,1992,1244.7296198120669
r171c1230,1992,1352.5672870686462
r171c1231,1992,2291.2476180531085
r171c1232,1992,49887.056825734304
r171c1233,1992,2345.39128527762
r171c1234,1992,830.3198781209067
r171c1235,1992,62999.84704212869
r171c1236,1992,11116.318313845712
r171c1237,1992,135238.45623568672
r171c1238,1992,33661.8694613805
r172c1221,1992,13643.178708179981
r172c1222,1992,14299.944284260455
r172c1223,1992,10468.63948619484
r172c1224,1992,3838.1072671304296
r172c1225,1992,111595.36188789946
r172c1226,1992,33177.17503096262
r172c1227,1992,1125.1722582690418
r172c1228,1992,1385.2074604723603
r172c1229,1992,217.9287070762366
r172c1230,1992,9146.624026383422
r172c1231,1992,5570.868584660937
r172c1232,1992,6227.218582745138
r172c1233,1992,846.1748053722667
r172c1234,1992,41850.739274390115
r172c1235,1992,35357.85718826986
r172c1236,1992,290735.1642922178
r173c1219,1992,58056.79025373616
r173c1220,1992,86735.74809820468
r173c1221,1992,1549.817306517459
r173c1222,1992,9393.963864644615
r173c1223,1992,613.7025299817324
r173c1224,1992,2105.9429240337627
r173c1225,1992,13196.240742110605
r173c1226,1992,7461.940791874193
r173c1227,1992,2038.7225935448034
r173c1228,1992,6344.555845999601
r173c1229,1992,1218.7052430086933
r173c1230,1992,14448.50873091445
r173c1231,1992,2117.2908840623045
r173c1232,1992,12688.06311918959
r173c1233,1992,60646.642866025955
r173c1234,1992,46848.23191369645
r174c1218,1992,82215.11808115424
r174c1219,1992,6360.65737821529
r174c1220,1992,118466.1311722822
r174c1221,1992,3952.512824662631
r174c1222,1992,21042.21913970541
r174c1223,1992,76235.70726703269
r174c1224,1992,173873.44828492342
r174c1225,1992,232000.74379307128
r174c1226,1992,2494.798779029151
r174c1227,1992,6191.27074503415
r174c1228,1992,100.58795474089555
r174c1229,1992,45018.76102839875
r174c1230,1992,61079.66601629373
r174c1231,1992,143010.95718194632
r174c1232,1992,302503.447417938
r174c1233,1992,136427.7256508176
r175c1217,1992,113440.28161990727
r175c1218,1992,151472.7910179375
r175c1219,1992,75465.47727273147
r175c1220,1992,103486.6292296695
r175c1221,1992,109655.30204583907
r175c1222,1992,60733.12509997685
r175c1223,1992,59593.78104352987
r175c1224,1992,131639.86686360498
r175c1225,1992,142273.56679443474
r175c1226,1992,5914.8254159455455
r175c1227,1992,1351.7784682301549
r175c1228,1992,801.3093639720743
r175c1229,1992,111350.75459841659
r175c1230,1992,1443758.5252789506
r176c1218,1992,7298.189765627321
r176c1220,1992,213251.3186606214
r176c1221,1992,28563.53102682913
r176c1222,1992,471279.6141527146
r176c1223,1992,197084.32251948502
r176c1224,1992,141880.44757450037
r176c1225,1992,216102.510254248
r176c1226,1992,24870.685261816103
r176c1227,1992,19980.45878685417
r176c1228,1992,39064.05187373781
r176c1229,1992,35450.81015540513
r177c1222,1992,167564.54835096138
r177c1223,1992,581505.6855692555
r177c1224,1992,489434.42844108085
r177c1225,1992,36914.92623059266
r177c1226,1992,12535.315557527978
r177c1227,1992,19599.97435785422
r177c1228,1992,214870.66972204312
r177c1229,1992,80876.41462745189
r178c1221,1992,53920.51130136814
r178c1222,1992,1275846.3683680526
r178c1223,1992,1152189.5056144642
r178c1224,1992,41627.2484773101
r178c1225,1992,73879.0592191037
r178c1226,1992,34623.617785814815
r178c1227,1992,2758.373221866096
r178c1228,1992,1287.11630967558
r178c1229,1992,757103.3062814238
r178c1230,1992,42524.60946911509
r179c1221,1992,98674.99022740111
r179c1222,1992,838981.500813527
r179c1223,1992,171380.60241002904
r179c1224,1992,14116.953248256978
r179c1225,1992,60225.29166304102
r179c1226,1992,36140.436313537735
r179c1227,1992,12279.896366751545
r179c1228,1992,4968.637703877805
r179c1229,1992,102008.5765288876
r179c1230,1992,5922.397210282952
r179c1231,1992,38746.41030898504
r180c1221,1992,361346.00868788885
r180c1222,1992,473549.56587737193
r180c1223,1992,419011.6924969159
r180c1224,1992,7372.680256411322
r180c1225,1992,3267.7893134402293
r180c1226,1992,26595.07368559114
r180c1227,1992,7539.9880261349435
r180c1228,1992,3340.365499678046
r180c1229,1992,14761.106961881149
r180c1230,1992,14206.04072432041
r180c1231,1992,7922.164137559629
r180c1232,1992,23259.225877294324
r181c1220,1992,141372.8317788032
r181c1221,1992,176012.68610443518
r181c1222,1992,177746.16829988058
r181c1223,1992,338579.253597543
r181c1224,1992,66455.57312439366
r181c1225,1992,50010.863398676345
r181c1226,1992,21963.86213279287
r181c1227,1992,25013.22509481201
r181c1228,1992,7283.884758775654
r181c1229,1992,38331.38166833861
r181c1230,1992,11605.880813054933
r181c1231,1992,1924.5985235724252
r181c1232,1992,5117.4819822579
r182c1219,1992,39249.24579025648
r182c1220,1992,33112.74425393242
r182c1221,1992,34665.3564349683
r182c1222,1992,839944.8834531569
r182c1223,1992,86345.8101145157
r182c1224,1992,16272.513726524134
r182c1225,1992,39618.208157214925
r182c1226,1992,14217.587013041908
r182c1227,1992,7839.017001875948
r183c1220,1992,11884.051135871965
r183c1221,1992,145932.82679765878
r183c1222,1992,65417.60003211233
r183c1224,1992,53160.777839984265
r183c1226,1992,378065.88635156106
r181c1233,1992,22217.613501140895
r182c1228,1992,74753.41413706311
r182c1229,1992,67313.60429905087
r182c1230,1992,32692.0885215673
r182c1231,1992,20780.064664294823
r182c1232,1992,37611.90349391797
r182c1233,1992,5009.623874836033
r182c1234,1992,107820.20578401547
r183c1227,1992,170311.71731499507
r183c1228,1992,384280.97585809266
r183c1229,1992,44106.792859445864
r183c1230,1992,212261.28190375888
r183c1231,1992,51995.09968594464
r183c1232,1992,10945.643266457759
r183c1233,1992,8320.982478283948
r183c1234,1992,2723.0709032453865
r184c1226,1992,862561.7731751803
r184c1227,1992,4729472.180599088
r184c1228,1992,5835927.44593006
r184c1229,1992,75770.06326401515
r184c1230,1992,14189.54811503871
r184c1231,1992,57516.27852376843
r184c1232,1992,16263.707839026434
r184c1233,1992,7220.472648861196
r184c1234,1992,10367.55985467738
r184c1235,1992,45837.517797576314
r185c1226,1992,1927151.2228576017
r185c1227,1992,3087707.025326404
r185c1228,1992,1887853.9773595417
r185c1229,1992,194919.61933867642
r185c1230,1992,93659.66409207885
r185c1231,1992,293444.285889341
r185c1232,1992,22906.104599340535
r185c1233,1992,24071.99231412961
r185c1234,1992,16634.352164683056
r185c1235,1992,6189.872761777315
r185c1236,1992,133684.32070198376
r186c1227,1992,221756.86508341582
r186c1228,1992,458008.41035089846
r186c1229,1992,126222.61920621552
r186c1230,1992,84226.0510179663
r186c1231,1992,48666.48847822232
r186c1232,1992,128242.8240021618
r186c1233,1992,84915.3581672604
r186c1234,1992,10700.787725648774
r186c1235,1992,39082.33984894291
r186c1236,1992,28608.206394631095
r186c1237,1992,28931.80354936674
r187c1226,1992,93200.04564088062
r187c1228,1992,489960.04274691676
r187c1229,1992,110801.31818307213
r187c1230,1992,120918.0780983331
r187c1231,1992,202091.39174520245
r187c1232,1992,14156.034649051986
r187c1233,1992,21371.728452739124
r187c1234,1992,96832.606913201
r187c1235,1992,15295.28618407612
r187c1236,1992,7390.60752407669
r187c1237,1992,19621.7887709141
r188c1225,1992,44213.390286573995
r188c1226,1992,125518.14430008543
r188c1227,1992,78325.41550497332
r188c1228,1992,27294.251664263338
r188c1229,1992,540989.9397343888
r188c1230,1992,97714.41606621485
r188c1231,1992,12251.939953903768
r188c1232,1992,77337.29057257806
r188c1233,1992,47734.24257442785
r188c1234,1992,102286.48941484197
r188c1235,1992,26851.820012748278
r188c1236,1992,30283.928687487038
r188c1237,1992,27465.804537781525
r189c1226,1992,74586.14242545632
r189c1227,1992,71622.98451919289
r189c1228,1992,91098.68598051192
r189c1229,1992,1473225.9710641287
r189c1230,1992,79164.29783936516
r189c1231,1992,30877.212125396305
r189c1232,1992,85221.23136595645
r189c1233,1992,36905.65278469841
r189c1234,1992,47021.601934129314
r189c1235,1992,16558.12954881197
r189c1236,1992,19747.79942049155
r189c1237,1992,21580.12012000395
r190c1226,1992,61346.12762405323
r190c1227,1992,94409.84771583474
r190c1228,1992,168603.5932651732
r190c1229,1992,49826.609444447924
r190c1230,1992,45195.531327035686
r190c1231,1992,34075.33480749042
r190c1232,1992,112750.20232805611
r190c1233,1992,433357.9555086571
r190c1234,1992,35925.463198858415
r190c1235,1992,31414.491992515395
r190c1236,1992,26727.542710721667
r190c1237,1992,469871.69440381194
r191c1227,1992,374257.9021959927
r191c1228,1992,738108.646661562
r191c1229,1992,21137.25071392732
r191c1230,1992,17259.681455548456
r191c1231,1992,13805.301663134484
r191c1232,1992,17390.48571979205
r191c1233,1992,274074.2496075132
r191c1234,1992,2707707.755344004
r191c1235,1992,259371.22346463602
r191c1236,1992,180572.59447518786
r191c1237,1992,263872.6261413707
r192c1226,1992,81122.26072058624
r192c1227,1992,151502.17017813202
r192c1228,1992,29777.962198897287
r192c1229,1992,41567.68936483481
r192c1230,1992,42809.03654855062
r192c1231,1992,51730.40768843065
r192c1232,1992,30358.589241641603
r192c1233,1992,115976.02592401426
r192c1234,1992,50456.76026027325
r192c1235,1992,33704.65841380009
r192c1236,1992,48577.467666070814
r192c1237,1992,704139.2813237777
r193c1226,1992,87360.56210337975
r193c1227,1992,74387.58494044602
r193c1228,1992,60817.230726676076
r193c1229,1992,110516.63409940827
r193c1230,1992,14371.386310615218
r193c1231,1992,21368.28883170575
r193c1232,1992,24178.61260373066
r193c1233,1992,85626.74060341134
r193c1234,1992,220622.38991159396
r193c1235,1992,149052.93860533126
r193c1236,1992,354838.97186295106
r194c1224,1992,13979.220426373799
r194c1226,1992,98137.78876162406
r194c1227,1992,1472471.597300999
r194c1228,1992,26731.723082100565
r194c1229,1992,36445.24969725411
r194c1230,1992,23710.97320485844
r194c1231,1992,37501.93540484941
r194c1232,1992,272699.6284297906
r194c1233,1992,50748.23451489193
r194c1235,1992,1103856.9274089911
r194c1236,1992,3398935.0806042706
r195c1224,1992,16580.30459014974
r195c1226,1992,94373.79259151305
r195c1227,1992,36028.48382036167
r195c1228,1992,35677.776875698786
r195c1229,1992,109743.30511399386
r195c1231,1992,112921.0521142557
r195c1233,1992,151395.41595543997
r195c1234,1992,217202.61937633037
r196c1226,1992,70161.38912999086
r196c1227,1992,79227.5799319158
r196c1229,1992,45905.0464525684
r201c1225,1992,135832.21059040562
r201c1226,1992,100990.9118221738
r201c1227,1992,39219.964005042006
r163c1239,1993,121541.60652448575
r163c1240,1993,53539.24636773902
r164c1239,1993,24109.224962858756
r164c1240,1993,33156.81058361086
r165c1237,1993,7241.483148571091
r165c1238,1993,50586.29609895285
r165c1239,1993,41878.4105102011
r165c1240,1993,2388.4593564268184
r165c1241,1993,145359.5228666988
r165c1242,1993,18106.257343631238
r166c1236,1993,60939.35851611247
r166c1237,1993,19160.283679977478
r166c1238,1993,52431.14580999894
r166c1239,1993,3122.788970960354
r166c1240,1993,18149.435970611965
r167c1232,1993,5019.80273912605
r167c1233,1993,43477.929003646954
r167c1234,1993,5564.407782082881
r167c1235,1993,8716.229586390502
r167c1236,1993,12898.229656011496
r167c1237,1993,1534.858235292407
r167c1238,1993,147830.25265104178
r167c1239,1993,659808.9889779147
r168c1226,1993,5461.2807799592265
r168c1227,1993,32509.823427431496
r168c1233,1993,26441.08303014523
r168c1234,1993,1490.2398240319362
r168c1235,1993,6319.994380195841
r168c1236,1993,28.50831473991275
r168c1237,1993,1603.3719952827103
r168c1238,1993,315046.54921152594
r169c1226,1993,33321.013443318436
r169c1227,1993,10978.044018007815
r169c1228,1993,8344.556858552907
r169c1229,1993,15165.766745920158
r169c1230,1993,11287.473393456608
r169c1231,1993,11960.442639836048
r169c1232,1993,531366.3215226299
r169c1233,1993,25895.608953867482
r169c1234,1993,5113.152328308774
r169c1235,1993,379.9920564556823
r169c1236,1993,1946.060926093921
r169c1237,1993,41501.55561971088
r169c1238,1993,47882.526293392795
r170c1225,1993,156690.41475718393
r170c1226,1993,22627.09655198481
r170c1227,1993,2450.885738908806
r170c1228,1993,2702.8576876502484
r170c1229,1993,592.3451361432672
r170c1230,1993,535.4061695607379
r170c1231,1993,3330.745614591986
r170c1232,1993,5883.203618230393
r170c1233,1993,17936.429455351998
r170c1234,1993,8712.008382376283
r170c1235,1993,20373.07427005126
r170c1236,1993,1141.7733636653088
r170c1237,1993,39440.308418695044
r170c1238,1993,7184.67755751796
r171c1223,1993,24878.384207391253
r171c1224,1993,4917.641605010898
r171c1225,1993,1385.3393036153386
r171c1226,1993,550170.5913125544
r171c1227,1993,2144.8930363690297
r171c1228,1993,14147.247294506782
r171c1229,1993,1264.8053416072446
r171c1230,1993,1374.6114032326193
r171c1231,1993,2302.499775826931
r171c1232,1993,50084.7146967146
r171c1233,1993,2361.8504544558946
r171c1234,1993,838.1398802641779
r171c1235,1993,63631.73075466341
r171c1236,1993,11251.097606816478
r171c1237,1993,136481.3774846239
r171c1238,1993,34143.621378267206
r172c1221,1993,13744.73546775205
r172c1222,1993,14449.65519662385
r172c1223,1993,10771.711946725736
r172c1224,1993,3861.9184499843373
r172c1225,1993,112464.18650907466
r172c1226,1993,33636.5941044903
r172c1227,1993,1130.8872315138578
r172c1228,1993,1391.1601971164346
r172c1229,1993,221.1257428470999
r172c1230,1993,9269.797766106632
r172c1231,1993,5613.026048653602
r172c1232,1993,6270.049063482501
r172c1233,1993,855.9828938253224
r172c1234,1993,42211.78899677158
r172c1235,1993,35734.93910826632
r172c1236,1993,293202.3449380258
r173c1219,1993,59726.835469520505
r173c1220,1993,88472.95181762456
r173c1221,1993,1585.0933654783112
r173c1222,1993,9670.583666419858
r173c1223,1993,616.6558855772018
r173c1224,1993,2114.587229005927
r173c1225,1993,13400.670104176234
r173c1226,1993,7505.026769885793
r173c1227,1993,2062.752381538293
r173c1228,1993,6417.6762110468
r173c1229,1993,1239.5322616612136
r173c1230,1993,14583.835062354503
r173c1231,1993,2138.981550994992
r173c1232,1993,12864.632283656092
r173c1233,1993,61369.77555559222
r173c1234,1993,47296.1677206917
r174c1218,1993,84696.67869777694
r174c1219,1993,6600.179229024162
r174c1220,1993,120463.88577101924
r174c1221,1993,4038.196105357062
r174c1222,1993,21793.906997229173
r174c1223,1993,77728.79679147105
r174c1224,1993,176174.83943162396
r174c1225,1993,234003.00114692375
r174c1226,1993,2506.7962151231245
r174c1227,1993,6236.87014857798
r174c1228,1993,101.81588284876061
r174c1229,1993,45455.72252531097
r174c1230,1993,61703.40313973637
r174c1231,1993,144317.23169443785
r174c1232,1993,305200.9878121903
r174c1233,1993,138425.6395604658
r175c1217,1993,116905.23991915847
r175c1218,1993,155853.47003238968
r175c1219,1993,77526.9891911992
r175c1220,1993,105052.4488322018
r175c1221,1993,111579.23350749437
r175c1222,1993,62320.62192685187
r175c1223,1993,60852.00314224997
r175c1224,1993,134762.29940327068
r175c1225,1993,143491.8484092087
r175c1226,1993,6018.710445123643
r175c1227,1993,1362.3955384585934
r175c1228,1993,811.3546380080063
r175c1229,1993,113418.38523955381
r175c1230,1993,1459096.9057215825
r176c1218,1993,7559.555091355187
r176c1220,1993,217812.0748989632
r176c1221,1993,29116.210119823452
r176c1222,1993,480471.53162026044
r176c1223,1993,200150.40537934535
r176c1224,1993,144751.6611333442
r176c1225,1993,219655.44794776192
r176c1226,1993,25159.55766920891
r176c1227,1993,20354.86542415899
r176c1228,1993,39672.014732483265
r176c1229,1993,36078.180989660636
r177c1222,1993,169662.9463141334
r177c1223,1993,591022.8855425052
r177c1224,1993,498705.25799828884
r177c1225,1993,37293.339555914434
r177c1226,1993,12628.556050021738
r177c1227,1993,20312.251817458953
r177c1228,1993,222447.22712181121
r177c1229,1993,84123.09008869727
r178c1221,1993,54873.2477940543
r178c1222,1993,1312001.8267664756
r178c1223,1993,1187212.5655141545
r178c1224,1993,42266.695689016575
r178c1225,1993,74617.20030250588
r178c1226,1993,34852.29198802169
r178c1227,1993,2784.9777151898757
r178c1228,1993,1345.6720876777983
r178c1229,1993,779875.6719210282
r178c1230,1993,43973.15740218466
r179c1221,1993,100730.90078184244
r179c1222,1993,864466.5146376947
r179c1223,1993,177071.93597141543
r179c1224,1993,14511.876143691825
r179c1225,1993,61063.00326154879
r179c1226,1993,36569.17717086928
r179c1227,1993,12495.59811778823
r179c1228,1993,5095.619818055104
r179c1229,1993,104965.3203845162
r179c1230,1993,6177.742124799199
r179c1231,1993,40039.77631032094
r180c1221,1993,363523.377678292
r180c1222,1993,484168.7583666117
r180c1223,1993,425481.5066046034
r180c1224,1993,7492.993490350371
r180c1225,1993,3343.095093237784
r180c1226,1993,27021.228655628627
r180c1227,1993,7726.712433922627
r180c1228,1993,3428.3869835053806
r180c1229,1993,15449.590224995678
r180c1230,1993,14758.609345059023
r180c1231,1993,8131.355749813146
r180c1232,1993,24085.17075672138
r181c1220,1993,144279.2557375671
r181c1221,1993,179697.22575673048
r181c1222,1993,182200.57442863035
r181c1223,1993,344858.762924269
r181c1224,1993,67309.43847939117
r181c1225,1993,50690.046393559795
r181c1226,1993,22221.82543713233
r181c1227,1993,25618.58985950509
r181c1228,1993,7392.340945925136
r181c1229,1993,39069.10623441217
r181c1230,1993,11775.38057917072
r181c1231,1993,1940.9539527821685
r181c1232,1993,5190.622283289203
r182c1219,1993,40206.31004620739
r182c1220,1993,33851.896080492865
r182c1221,1993,35271.98377898808
r182c1222,1993,855279.2451606591
r182c1223,1993,88373.44177980663
r182c1224,1993,16567.018602790056
r182c1225,1993,40277.10805764601
r182c1226,1993,14343.553648250532
r182c1227,1993,7969.679786397588
r183c1220,1993,12202.028218847101
r183c1221,1993,149595.23968162847
r183c1222,1993,66792.2498122566
r183c1224,1993,53972.788353452925
r183c1226,1993,382762.0881329183
r181c1233,1993,22284.10298176315
r182c1228,1993,75191.94095313709
r182c1229,1993,67517.65876552055
r182c1230,1993,32378.070357564684
r182c1231,1993,20990.97604354581
r182c1232,1993,37672.37789593416
r182c1233,1993,5053.09820827341
r182c1234,1993,109547.61664224771
r183c1227,1993,176398.27462338895
r183c1228,1993,400674.06992466917
r183c1229,1993,44734.55406291726
r183c1230,1993,213028.8314365368
r183c1231,1993,53329.41788421092
r183c1232,1993,10939.614982873685
r183c1233,1993,8387.83600097433
r183c1234,1993,2767.1117524135193
r184c1226,1993,894826.1294993473
r184c1227,1993,4779225.718202466
r184c1228,1993,5870535.243628977
r184c1229,1993,79505.84528411216
r184c1230,1993,14326.084704109911
r184c1231,1993,57742.166092631014
r184c1232,1993,16427.317987230002
r184c1233,1993,7486.387950426633
r184c1234,1993,10818.42707379507
r184c1235,1993,46584.17396786896
r185c1226,1993,1946285.5333062215
r185c1227,1993,3132582.573596306
r185c1228,1993,1940988.3710170253
r185c1229,1993,202821.30917193444
r185c1230,1993,95834.03410523283
r185c1231,1993,297550.2634160882
r185c1232,1993,23194.14980177691
r185c1233,1993,24128.809558998837
r185c1234,1993,16634.94839572727
r185c1235,1993,6302.78131135946
r185c1236,1993,134341.5069213
r186c1227,1993,237802.5280146409
r186c1228,1993,488933.4517922322
r186c1229,1993,131076.53087534558
r186c1230,1993,86755.52511200409
r186c1231,1993,48989.6583937936
r186c1232,1993,128272.92322869053
r186c1233,1993,84247.25546844325
r186c1234,1993,10590.662591558255
r186c1235,1993,39039.82754654164
r186c1236,1993,28277.526854556243
r186c1237,1993,28754.482305802616
r187c1226,1993,99697.00375187646
r187c1228,1993,507177.452672715
r187c1229,1993,115366.65383823156
r187c1230,1993,122806.13098441772
r187c1231,1993,202783.21866313677
r187c1232,1993,13933.898615932247
r187c1233,1993,21065.46534586019
r187c1234,1993,96755.82921253076
r187c1235,1993,15173.808428454804
r187c1236,1993,7312.463031565085
r187c1237,1993,19408.471058780553
r188c1225,1993,44749.027464660496
r188c1226,1993,126093.67120995841
r188c1227,1993,78460.58541135023
r188c1228,1993,27513.628141715424
r188c1229,1993,547410.0777913665
r188c1230,1993,101289.3633397251
r188c1231,1993,12216.480772795348
r188c1232,1993,76889.02202122433
r188c1233,1993,47310.07245738334
r188c1234,1993,102477.07595781006
r188c1235,1993,26718.678580962453
r188c1236,1993,29955.305768899263
r188c1237,1993,27222.66852520108
r189c1226,1993,74964.99404120665
r189c1227,1993,71522.69838987791
r189c1228,1993,91828.17604593135
r189c1229,1993,1485544.5632887254
r189c1230,1993,79024.36671132752
r189c1231,1993,30712.27921799408
r189c1232,1993,84775.46742508077
r189c1233,1993,36538.49033442948
r189c1234,1993,46374.00294434191
r189c1235,1993,16285.834264860718
r189c1236,1993,19599.0874126645
r189c1237,1993,21468.00685829892
r190c1226,1993,61429.94569224734
r190c1227,1993,94248.46404968336
r190c1228,1993,169466.76767897495
r190c1229,1993,49765.3262261733
r190c1230,1993,45088.660379750276
r190c1231,1993,33712.2943254033
r190c1232,1993,114285.87338541531
r190c1233,1993,438871.9454096084
r190c1234,1993,36065.7185454797
r190c1235,1993,31155.401589342644
r190c1236,1993,26898.454656498412
r190c1237,1993,469648.73933122866
r191c1227,1993,374597.6492919085
r191c1228,1993,745189.6997935075
r191c1229,1993,20781.208613961357
r191c1230,1993,17059.854716165617
r191c1231,1993,13721.062309028193
r191c1232,1993,17298.032650878507
r191c1233,1993,282467.4880819862
r191c1234,1993,2708342.872492838
r191c1235,1993,264228.55615811946
r191c1236,1993,180283.3373796825
r191c1237,1993,263973.0290401838
r192c1226,1993,80147.60992176225
r192c1227,1993,151003.49015190938
r192c1228,1993,29199.15969387259
r192c1229,1993,41045.4024204448
r192c1230,1993,42729.98258624099
r192c1231,1993,51990.117891128575
r192c1232,1993,30336.397820953043
r192c1233,1993,116537.9584035514
r192c1234,1993,50536.006301090165
r192c1235,1993,33704.36483109219
r192c1236,1993,51013.03762721242
r192c1237,1993,712619.5843162169
r193c1226,1993,87236.3225623142
r193c1227,1993,74203.30383654249
r193c1228,1993,60296.615084895726
r193c1229,1993,109890.83318034587
r193c1230,1993,14387.28499931975
r193c1231,1993,21662.359409468605
r193c1232,1993,24182.702437128897
r193c1233,1993,88290.90877129453
r193c1234,1993,224131.55161118862
r193c1235,1993,156723.23509302115
r193c1236,1993,368995.1813538917
r194c1224,1993,13870.191189497982
r194c1226,1993,97790.0865989723
r194c1227,1993,1487424.7618629555
r194c1228,1993,26650.07006462283
r194c1229,1993,36165.47304778435
r194c1230,1993,23454.172668160183
r194c1231,1993,37924.26445614646
r194c1232,1993,273369.26859381725
r194c1233,1993,51383.68668212948
r194c1235,1993,1129040.4207081827
r194c1236,1993,3378588.747022569
r195c1224,1993,16246.159955002064
r195c1226,1993,94044.57858680656
r195c1227,1993,35887.6982345526
r195c1228,1993,35470.5141731668
r195c1229,1993,108969.45603341662
r195c1231,1993,113251.53115390506
r195c1233,1993,154194.70613626202
r195c1234,1993,217454.11452183855
r196c1226,1993,69712.62348680875
r196c1227,1993,78713.96612367326
r196c1229,1993,45461.91838627557
r201c1225,1993,138545.8882376998
r201c1226,1993,105307.56891680749
r201c1227,1993,40032.38164358462
r163c1239,1994,121870.99388687122
r163c1240,1994,53914.09573014575
r164c1239,1994,24175.74718435791
r164c1240,1994,33400.32932329647
r165c1237,1994,7297.197472759204
r165c1238,1994,50825.62605636203
r165c1239,1994,42050.35378712595
r165c1240,1994,2403.940297041384
r165c1241,1994,145488.0235109282
r165c1242,1994,17852.807103907806
r166c1236,1994,61163.24375062078
r166c1237,1994,19257.36345345466
r166c1238,1994,52628.13375437896
r166c1239,1994,3215.744616233237
r166c1240,1994,18578.447912151198
r167c1232,1994,5045.621344519438
r167c1233,1994,45877.432740337485
r167c1234,1994,5600.693328847028
r167c1235,1994,9047.13171262104
r167c1236,1994,12981.289988743707
r167c1237,1994,1543.0388889214792
r167c1238,1994,148391.1355446461
r167c1239,1994,661873.4441801219
r168c1226,1994,5446.281247949244
r168c1227,1994,33252.63484418501
r168c1233,1994,26646.242267217316
r168c1234,1994,1488.5979272726704
r168c1235,1994,6345.5229441354195
r168c1236,1994,28.618037063628435
r168c1237,1994,1635.3790730740218
r168c1238,1994,316459.2306825373
r169c1226,1994,33419.78732230469
r169c1227,1994,11087.883727580309
r169c1228,1994,8389.394178345
r169c1229,1994,15231.46214774143
r169c1230,1994,11327.292753293126
r169c1231,1994,11909.630044296242
r169c1232,1994,530875.5056439561
r169c1233,1994,25862.421554274817
r169c1234,1994,5105.991867164303
r169c1235,1994,380.35627842966244
r169c1236,1994,1961.3272745216302
r169c1237,1994,41799.45432577266
r169c1238,1994,48183.158695782215
r170c1225,1994,157682.5430673275
r170c1226,1994,22778.237476653343
r170c1227,1994,2485.4342615976125
r170c1228,1994,2726.4959953799844
r170c1229,1994,594.219319684431
r170c1230,1994,536.6371940569952
r170c1231,1994,3342.221072304994
r170c1232,1994,5878.346916416316
r170c1233,1994,17929.06311319235
r170c1234,1994,8689.527816832066
r170c1235,1994,20484.245238653402
r170c1236,1994,1171.6385537010344
r170c1237,1994,39725.585743249976
r170c1238,1994,7237.435350398227
r171c1223,1994,24947.604635688305
r171c1224,1994,4948.227935025235
r171c1225,1994,1388.428908230043
r171c1226,1994,553155.6437547177
r171c1227,1994,2167.8275680423585
r171c1228,1994,14145.52092243636
r171c1229,1994,1279.425894969614
r171c1230,1994,1390.7131578467092
r171c1231,1994,2303.6053412929177
r171c1232,1994,50061.73074391075
r171c1233,1994,2367.9197367632496
r171c1234,1994,842.2866939427331
r171c1235,1994,63985.08337625859
r171c1236,1994,11336.65557243209
r171c1237,1994,137123.78461652296
r171c1238,1994,34476.63891728512
r172c1221,1994,13817.809243124226
r172c1222,1994,14537.726406082256
r172c1223,1994,11027.262315541659
r172c1224,1994,3868.806533602472
r172c1225,1994,112839.95058351899
r172c1226,1994,33948.27552381381
r172c1227,1994,1131.6483264062554
r172c1228,1994,1391.0202747546136
r172c1229,1994,223.36376433633268
r172c1230,1994,9352.676146701328
r172c1231,1994,5630.425987382642
r172c1232,1994,6285.30665911633
r172c1233,1994,862.0557798878966
r172c1234,1994,42387.5523812561
r172c1235,1994,35955.799230979916
r172c1236,1994,294377.71034037403
r173c1219,1994,61183.24039896369
r173c1220,1994,89832.88624737306
r173c1221,1994,1613.6776611657046
r173c1222,1994,9907.826497688427
r173c1223,1994,616.9081646427512
r173c1224,1994,2113.9712676054196
r173c1225,1994,13546.212419972402
r173c1226,1994,7515.229662796482
r173c1227,1994,2077.7414452631465
r173c1228,1994,6462.788533839598
r173c1229,1994,1255.0092848068214
r173c1230,1994,14655.240692070614
r173c1231,1994,2151.3134441515394
r173c1232,1994,12985.32406881241
r173c1233,1994,61825.290513244436
r173c1234,1994,47536.88576717499
r174c1218,1994,86837.79948998337
r174c1219,1994,6813.890008090911
r174c1220,1994,121937.94302270302
r174c1221,1994,4106.738651639377
r174c1222,1994,22459.497047018325
r174c1223,1994,78888.49553958981
r174c1224,1994,177712.02262988573
r174c1225,1994,234979.38701719078
r174c1226,1994,2507.8413834977896
r174c1227,1994,6255.339966113909
r174c1228,1994,102.60086676203737
r174c1229,1994,45693.58672360233
r174c1230,1994,62057.14921533157
r174c1231,1994,144990.67278456758
r174c1232,1994,306559.6399689997
r174c1233,1994,139823.1748349165
r175c1217,1994,119911.69997501257
r175c1218,1994,159596.39941404603
r175c1219,1994,79268.65625886558
r175c1220,1994,106157.66212671531
r175c1221,1994,113019.72160680042
r175c1222,1994,63649.46584224912
r175c1223,1994,61850.774511928816
r175c1224,1994,137317.99752535156
r175c1225,1994,144086.8955930313
r175c1226,1994,6096.7527100002935
r175c1227,1994,1367.0429588884626
r175c1228,1994,817.8661175691066
r175c1229,1994,114997.92528739205
r175c1230,1994,1468056.0600280934
r176c1218,1994,7791.070110459414
r176c1220,1994,221446.9478797648
r176c1221,1994,29544.052389696837
r176c1222,1994,487608.1771778763
r176c1223,1994,202354.87556380968
r176c1224,1994,147003.45006226288
r176c1225,1994,222263.89499832824
r176c1226,1994,25339.55882542044
r176c1227,1994,20641.70552293374
r176c1228,1994,40108.226715031386
r176c1229,1994,36550.02145485462
r177c1222,1994,171028.15116834565
r177c1223,1994,597998.5253091982
r177c1224,1994,505838.5097945251
r177c1225,1994,37510.12815748278
r177c1226,1994,12666.863361195454
r177c1227,1994,20940.10479138011
r177c1228,1994,229106.982922639
r177c1229,1994,87051.386438815
r178c1221,1994,55590.403829115196
r178c1222,1994,1342524.4731592743
r178c1223,1994,1217239.0425061437
r178c1224,1994,42724.74668801501
r178c1225,1994,75031.84549386684
r178c1226,1994,34929.156970553544
r178c1227,1994,2799.496991327931
r178c1228,1994,1399.44630609284
r178c1229,1994,799396.9755045066
r178c1230,1994,45245.33956035436
r179c1221,1994,102326.78037891483
r179c1222,1994,886644.7831294874
r179c1223,1994,182035.934228361
r179c1224,1994,14846.940023907868
r179c1225,1994,61635.727281666965
r179c1226,1994,36838.1795988585
r179c1227,1994,12657.40349726184
r179c1228,1994,5200.439218893384
r179c1229,1994,107479.92646927657
r179c1230,1994,6410.497889012012
r179c1231,1994,41171.47187295463
r180c1221,1994,364132.86206249404
r180c1222,1994,492744.4264295043
r180c1223,1994,430113.6151222386
r180c1224,1994,7581.062815742385
r180c1225,1994,3404.3061079199115
r180c1226,1994,27330.851706039924
r180c1227,1994,7879.631026422113
r180c1228,1994,3501.6063241836264
r180c1229,1994,16083.688166660473
r180c1230,1994,15254.78756216222
r180c1231,1994,8305.457942272566
r180c1232,1994,24815.889658185923
r181c1220,1994,146572.72928867585
r181c1221,1994,182619.68038870223
r181c1222,1994,185894.75250029785
r181c1223,1994,349663.32792913663
r181c1224,1994,67870.19794169912
r181c1225,1994,51149.003465868234
r181c1226,1994,22382.68442419482
r181c1227,1994,26111.839835087623
r181c1228,1994,7477.249794935964
r181c1229,1994,39674.68268858437
r181c1230,1994,11915.199449949929
r181c1231,1994,1952.1281206981892
r181c1232,1994,5254.7854310669145
r182c1219,1994,40995.602029272246
r182c1220,1994,34448.41459019654
r182c1221,1994,35726.61709153947
r182c1222,1994,866940.9350881069
r182c1223,1994,90030.76811025845
r182c1224,1994,16790.363014742805
r182c1225,1994,40762.74483242554
r182c1226,1994,14406.476040301559
r182c1227,1994,8080.219774725614
r183c1220,1994,12469.657321188903
r183c1221,1994,152635.5190767418
r183c1222,1994,67883.74373509524
r183c1224,1994,54553.78525052533
r183c1226,1994,385833.5711558248
r181c1233,1994,22323.859397503125
r182c1228,1994,75584.13479450866
r182c1229,1994,67674.65841352839
r182c1230,1994,32045.623753922224
r182c1231,1994,21169.33441835367
r182c1232,1994,37690.23997290535
r182c1233,1994,5089.098957581655
r182c1234,1994,111073.98604798599
r183c1227,1994,182333.43917058167
r183c1228,1994,416702.17715008446
r183c1229,1994,45331.45032776266
r183c1230,1994,213551.46200455708
r183c1231,1994,54541.33890292606
r183c1232,1994,10922.38526791799
r183c1233,1994,8442.54781352749
r183c1234,1994,2806.0541526414577
r184c1226,1994,925882.5403043035
r184c1227,1994,4822471.227252424
r184c1228,1994,5897267.285622272
r184c1229,1994,83165.23323798522
r184c1230,1994,14451.88873960135
r184c1231,1994,57897.117384113284
r184c1232,1994,16565.524436203443
r184c1233,1994,7731.213580306247
r184c1234,1994,11235.507387106316
r184c1235,1994,47244.738077782866
r185c1226,1994,1963160.6239604417
r185c1227,1994,3174127.318714215
r185c1228,1994,1991934.0536456539
r185c1229,1994,210541.5022740237
r185c1230,1994,97935.46373381496
r185c1231,1994,301142.0134806627
r185c1232,1994,23443.491423170002
r185c1233,1994,24157.43518011552
r185c1234,1994,16618.026448855533
r185c1235,1994,6403.450747559856
r185c1236,1994,134824.78804107418
r186c1227,1994,253579.64446145072
r186c1228,1994,519323.33005966607
r186c1229,1994,135796.97675817081
r186c1230,1994,89172.8687949055
r186c1231,1994,49257.34897543205
r186c1232,1994,128210.28158296278
r186c1233,1994,83546.1971489302
r186c1234,1994,10475.394852398655
r186c1235,1994,38958.25741643656
r186c1236,1994,27932.636276097473
r186c1237,1994,28552.273237691712
r187c1226,1994,105832.01781828588
r187c1228,1994,523571.79313290346
r187c1229,1994,119651.41756719761
r187c1230,1994,124498.4589928751
r187c1231,1994,203293.40379847752
r187c1232,1994,13713.548655250452
r187c1233,1994,20759.93678476972
r187c1234,1994,96566.86772326358
r187c1235,1994,15040.134410456554
r187c1236,1994,7229.407759266239
r187c1237,1994,19182.410779463677
r188c1225,1994,45246.582861892224
r188c1226,1994,126610.6798561262
r188c1227,1994,78570.99141470887
r188c1228,1994,27714.0307174017
r188c1229,1994,553075.4883324965
r188c1230,1994,104585.14286242462
r188c1231,1994,12172.486012922494
r188c1232,1994,76370.81351734346
r188c1233,1994,46850.116043953654
r188c1234,1994,102535.43586661194
r188c1235,1994,26560.078536856796
r188c1236,1994,29606.985651187755
r188c1237,1994,26958.894501232222
r189c1226,1994,75307.13816109551
r189c1227,1994,71411.51560732664
r189c1228,1994,92498.52440589642
r189c1229,1994,1495923.8259285034
r189c1230,1994,78837.44594095716
r189c1231,1994,30528.961759908343
r189c1232,1994,84250.20584285558
r189c1233,1994,36145.64067171357
r189c1234,1994,45702.758317926346
r189c1235,1994,16007.447724555132
r189c1236,1994,19434.218149516073
r189c1237,1994,21335.69144135444
r190c1226,1994,61495.16116241407
r190c1227,1994,94020.67409333537
r190c1228,1994,170211.49123550026
r190c1229,1994,49689.5466316513
r190c1230,1994,44962.45035647954
r190c1231,1994,33345.96015701039
r190c1232,1994,115609.4165776585
r190c1233,1994,443587.97663255554
r190c1234,1994,36155.82397050254
r190c1235,1994,30871.746364685518
r190c1236,1994,27028.697616079997
r190c1237,1994,468873.86613011244
r191c1227,1994,374441.5934845402
r191c1228,1994,750851.4911648955
r191c1229,1994,20423.01025932121
r191c1230,1994,16852.10854084011
r191c1231,1994,13628.479630523318
r191c1232,1994,17190.260263255892
r191c1233,1994,290186.0517062142
r191c1234,1994,2705442.598552921
r191c1235,1994,268529.7672179623
r191c1236,1994,179792.26024552016
r191c1237,1994,263752.086121107
r192c1226,1994,79137.67313968304
r192c1227,1994,150347.91300347808
r192c1228,1994,28622.624039884256
r192c1229,1994,40506.60919722648
r192c1230,1994,42614.43247470197
r192c1231,1994,52201.66562845593
r192c1232,1994,30292.462578444123
r192c1233,1994,116955.04648032885
r192c1234,1994,50560.596226074995
r192c1235,1994,33673.635790826804
r192c1236,1994,53335.95535542333
r192c1237,1994,720193.1603404332
r193c1226,1994,87009.94865679227
r193c1227,1994,73923.80958386598
r193c1228,1994,59730.52679084654
r193c1229,1994,109163.91947101924
r193c1230,1994,14385.37636128951
r193c1231,1994,21928.107017579983
r193c1232,1994,24169.574229811886
r193c1233,1994,90774.53964166896
r193c1234,1994,227326.94489655626
r193c1235,1994,163942.42060599482
r193c1236,1994,382195.1349710411
r194c1224,1994,13747.012680411824
r194c1226,1994,97329.476753174
r194c1227,1994,1500346.4981942857
r194c1228,1994,26534.3009090024
r194c1229,1994,35848.54418073082
r194c1230,1994,23182.740015531228
r194c1231,1994,38299.73440684014
r194c1232,1994,273816.57977801515
r194c1233,1994,51954.7137364965
r194c1235,1994,1151800.8482171986
r194c1236,1994,3353832.309831922
r195c1224,1994,15907.306759087027
r195c1226,1994,93595.86208874549
r195c1227,1994,35702.181329161336
r195c1228,1994,35222.95475307878
r195c1229,1994,108079.69066255652
r195c1231,1994,113450.71352078379
r195c1233,1994,156761.0286990861
r195c1234,1994,217541.24533980567
r196c1226,1994,69187.04017731351
r196c1227,1994,78114.01290240411
r196c1229,1994,44977.34305748849
r201c1225,1994,141096.89358525237
r201c1226,1994,109473.78720762067
r201c1227,1994,40797.45903839245
r163c1239,1995,122077.69679878425
r163c1240,1995,54213.041907972045
r164c1239,1995,24214.24360802959
r164c1240,1995,33591.76724362524
r165c1237,1995,7342.410320729346
r165c1238,1995,50987.62226805962
r165c1239,1995,42156.13440654375
r165c1240,1995,2415.664947785999
r165c1241,1995,145379.67094389445
r165c1242,1995,17584.480613577238
r166c1236,1995,61292.04475451412
r166c1237,1995,19324.19275743285
r166c1238,1995,52742.26627203804
r166c1239,1995,3303.855950709554
r166c1240,1995,18978.273366361987
r167c1232,1995,5064.353575917064
r167c1233,1995,48187.99408971888
r167c1234,1995,5628.02779472276
r167c1235,1995,9361.549673377753
r167c1236,1995,13044.006179826192
r167c1237,1995,1548.796743712388
r167c1238,1995,148718.4128228372
r167c1239,1995,662894.7603747972
r168c1226,1995,5429.673628759983
r168c1227,1995,33943.24403138792
r168c1233,1995,26808.959902085608
r168c1234,1995,1484.6607742152378
r168c1235,1995,6361.029298375484
r168c1236,1995,28.682710494846106
r168c1237,1995,1664.8813396492644
r168c1238,1995,317374.3083011944
r169c1226,1995,33469.568695822294
r169c1227,1995,11180.029867433012
r169c1228,1995,8420.894591055581
r169c1229,1995,15276.492080552121
r169c1230,1995,11357.0949668874
r169c1231,1995,11849.994636720074
r169c1232,1995,529600.1165495937
r169c1233,1995,25789.391915012668
r169c1234,1995,5090.969848223819
r169c1235,1995,380.12820447139876
r169c1236,1995,1973.5271423120125
r169c1237,1995,42031.9275140246
r169c1238,1995,48408.258479757475
r170c1225,1995,158431.70794975405
r170c1226,1995,22893.568261856515
r170c1227,1995,2515.9449162772253
r170c1228,1995,2745.807827366516
r170c1229,1995,595.1651598867029
r170c1230,1995,537.0336512988433
r170c1231,1995,3348.43055395782
r170c1232,1995,5864.4143634327775
r170c1233,1995,17893.960170685004
r170c1234,1995,8653.744838751853
r170c1235,1995,20563.753078943046
r170c1236,1995,1199.7279436304107
r170c1237,1995,39948.68955595502
r170c1238,1995,7278.868136818843
r171c1223,1995,24990.937874078612
r171c1224,1995,4972.399486117803
r171c1225,1995,1389.3799679451129
r171c1226,1995,555276.0215952812
r171c1227,1995,2187.2922631835163
r171c1228,1995,14122.246702065771
r171c1229,1995,1292.0934647948645
r171c1230,1995,1404.677490291288
r171c1231,1995,2301.1318841017783
r171c1232,1995,49961.31810794955
r171c1233,1995,2370.2991238703216
r171c1234,1995,845.1229939656332
r171c1235,1995,64238.99127851341
r171c1236,1995,11404.481990076605
r171c1237,1995,137550.6589560305
r171c1238,1995,34755.92836446603
r172c1221,1995,13881.270257208009
r172c1222,1995,14603.621992146194
r172c1223,1995,11264.158666388012
r172c1224,1995,3869.7481139000065
r172c1225,1995,113041.01174714678
r172c1226,1995,34205.961595041925
r172c1227,1995,1130.6790711469948
r172c1228,1995,1388.7611350063235
r172c1229,1995,225.25750041101128
r172c1230,1995,9421.11143655655
r172c1231,1995,5638.969022264624
r172c1232,1995,6290.784308809823
r172c1233,1995,866.7926152096659
r172c1234,1995,42497.27106801479
r172c1235,1995,36120.84075622281
r172c1236,1995,295089.86233612674
r173c1219,1995,62563.790358290826
r173c1220,1995,91057.25526828418
r173c1221,1995,1639.88233120429
r173c1222,1995,10131.520614313757
r173c1223,1995,616.2183456420898
r173c1224,1995,2110.1376806231106
r173c1225,1995,13670.056338383602
r173c1226,1995,7513.9043415263295
r173c1227,1995,2089.468803408457
r173c1228,1995,6497.883312026196
r173c1229,1995,1268.5601651812374
r173c1230,1995,14703.841862652669
r173c1231,1995,2160.303061132973
r173c1232,1995,13085.973859196612
r173c1233,1995,62185.04222457923
r173c1234,1995,47703.65984858291
r174c1218,1995,88861.84657309401
r174c1219,1995,7019.023387320267
r174c1220,1995,123221.33658130739
r174c1221,1995,4169.158696805817
r174c1222,1995,23096.200763249646
r174c1223,1995,79928.1032528201
r174c1224,1995,178976.60799296503
r174c1225,1995,235590.86105368988
r174c1226,1995,2505.0837777221577
r174c1227,1995,6264.34630802357
r174c1228,1995,103.22778434705162
r174c1229,1995,45860.39300494549
r174c1230,1995,62314.477844098525
r174c1231,1995,145438.4073331152
r174c1232,1995,307440.8830959286
r174c1233,1995,141005.1819068485
r175c1217,1995,122751.36420456955
r175c1218,1995,163118.45948465564
r175c1219,1995,80898.76574443822
r175c1220,1995,107094.06999922925
r175c1221,1995,114284.66492780892
r175c1222,1995,64887.63218702615
r175c1223,1995,62756.399856863514
r175c1224,1995,139672.62665153565
r175c1225,1995,144463.8957930027
r175c1226,1995,6165.555613819514
r175c1227,1995,1369.5764461286258
r175c1228,1995,823.1121659460824
r175c1229,1995,116401.42984732347
r175c1230,1995,1474736.002945033
r176c1218,1995,8012.574449250842
r176c1220,1995,224750.71199790866
r176c1221,1995,29927.006404085878
r176c1222,1995,494008.24501446343
r176c1223,1995,204252.76432109223
r176c1224,1995,149032.36473491273
r176c1225,1995,224535.57502491266
r176c1226,1995,25481.175511179033
r176c1227,1995,20896.95750899558
r176c1228,1995,40482.71513195691
r176c1229,1995,36965.82633147413
r177c1222,1995,172134.36747609108
r177c1223,1995,604068.1052740348
r177c1224,1995,512205.015545528
r177c1225,1995,37670.1416819428
r177c1226,1995,12686.002050712736
r177c1227,1995,21536.826928574497
r177c1228,1995,235435.14711505573
r177c1229,1995,89879.38846780393
r178c1221,1995,56223.31392453087
r178c1222,1995,1370934.932712589
r178c1223,1995,1245435.4599094223
r178c1224,1995,43118.65282432018
r178c1225,1995,75332.91914912676
r178c1226,1995,34953.128415833424
r178c1227,1995,2809.773336737603
r178c1228,1995,1451.8738481684863
r178c1229,1995,817747.937684679
r178c1230,1995,46457.15242269399
r179c1221,1995,103739.25136944171
r179c1222,1995,907814.2771829003
r179c1223,1995,186741.02779061027
r179c1224,1995,15161.0636740579
r179c1225,1995,62113.560916987815
r179c1226,1995,37049.868783883154
r179c1227,1995,12799.786384105755
r179c1228,1995,5296.8667740985165
r179c1229,1995,109833.31661977324
r179c1230,1995,6636.543100786309
r179c1231,1995,42247.323058119975
r180c1221,1995,364206.8391037994
r180c1222,1995,500594.85489238333
r180c1223,1995,434088.40847164876
r180c1224,1995,7657.626316530379
r180c1225,1995,3460.5100057418076
r180c1226,1995,27598.790781454827
r180c1227,1995,8019.671631429945
r180c1228,1995,3569.267918245553
r180c1229,1995,16702.708516230137
r180c1230,1995,15732.971930270774
r180c1231,1995,8466.392983741705
r180c1232,1995,25514.654116614256
r181c1220,1995,148648.07176804062
r181c1221,1995,185271.2923621671
r181c1222,1995,189321.26572399202
r181c1223,1995,353941.7579355861
r181c1224,1995,68325.88169124913
r181c1225,1995,51529.061715725606
r181c1226,1995,22508.698963524985
r181c1227,1995,26562.465348890335
r181c1228,1995,7554.1432746865885
r181c1229,1995,40234.787990842946
r181c1230,1995,12046.536893396184
r181c1231,1995,1961.879529059606
r181c1232,1995,5315.750781407389
r182c1219,1995,41726.008930181655
r182c1220,1995,34994.493437862766
r182c1221,1995,36126.58087018117
r182c1222,1995,877285.0728124813
r182c1223,1995,91557.71045463416
r182c1224,1995,16988.18533806594
r182c1225,1995,41186.5023838645
r182c1226,1995,14446.84904696824
r182c1227,1995,8184.333625607668
r183c1220,1995,12719.771304508871
r183c1221,1995,155458.01774978658
r183c1222,1995,68874.63394918152
r183c1224,1995,55051.084956489896
r183c1226,1995,388322.1761273308
r181c1233,1995,22353.121149410115
r182c1228,1995,75979.8575988008
r182c1229,1995,67830.57175897936
r182c1230,1995,31717.537602461118
r182c1231,1995,21330.7267274822
r182c1232,1995,37692.84044114178
r182c1233,1995,5121.363952465507
r182c1234,1995,112481.8857385477
r183c1227,1995,188230.5586037524
r183c1228,1995,432621.9394383926
r183c1229,1995,45926.51797721442
r183c1230,1995,213983.16136880108
r183c1231,1995,55672.02681093992
r183c1232,1995,10901.850182121976
r183c1233,1995,8491.312144032752
r183c1234,1995,2841.984625005271
r184c1226,1995,956342.7862926445
r184c1227,1995,4862697.354176703
r184c1228,1995,5920436.355730345
r184c1229,1995,86798.9986768769
r184c1230,1995,14576.603674478985
r184c1231,1995,58023.225093532994
r184c1232,1995,16690.522467550723
r184c1233,1995,7960.882281557392
r184c1234,1995,11627.504469349238
r184c1235,1995,47854.34667294334
r185c1226,1995,1979173.5561831926
r185c1227,1995,3214511.8239663225
r185c1228,1995,2042007.0402410438
r185c1229,1995,218210.23650113965
r185c1230,1995,100025.89249041115
r185c1231,1995,304442.42031835805
r185c1232,1995,23671.459882630446
r185c1233,1995,24175.42228929621
r185c1234,1995,16595.612010658107
r185c1235,1995,6496.658378999222
r185c1236,1995,135232.56087030208
r186c1227,1995,269238.52551382524
r186c1228,1995,549487.7476270766
r186c1229,1995,140469.8525588711
r186c1230,1995,91538.22020783604
r186c1231,1995,49504.60798940541
r186c1232,1995,128142.43167729338
r186c1233,1995,82868.17239857468
r186c1234,1995,10362.337091900798
r186c1235,1995,38865.780371316854
r186c1236,1995,27593.447797952424
r186c1237,1995,28345.958186779804
r187c1226,1995,111695.86809754641
r187c1228,1995,539512.5707403802
r187c1229,1995,123747.2305488776
r187c1230,1995,126086.5342945565
r187c1231,1995,203762.70784323156
r187c1232,1995,13503.722880209893
r187c1233,1995,20468.44348216035
r187c1234,1995,96336.7516077828
r187c1235,1995,14905.23873072501
r187c1236,1995,7146.700995442988
r187c1237,1995,18957.558057204173
r188c1225,1995,45736.11236413736
r188c1226,1995,127149.66759441212
r188c1227,1995,78705.72102653733
r188c1228,1995,27913.578184349866
r188c1229,1995,558385.3868613263
r188c1230,1995,107685.75421535969
r188c1231,1995,12128.369999075994
r188c1232,1995,75838.51043314803
r188c1233,1995,46388.52207353346
r188c1234,1995,102537.20726153182
r188c1235,1995,26395.465931825798
r188c1236,1995,29260.499775005228
r188c1237,1995,26694.133410994473
r189c1226,1995,75660.597329419
r189c1227,1995,71333.17946222328
r189c1228,1995,93169.78173524163
r189c1229,1995,1505444.4538021376
r189c1230,1995,78656.67013479807
r189c1231,1995,30348.220116838682
r189c1232,1995,83707.09109187423
r189c1233,1995,35753.418168455384
r189c1234,1995,45040.99225287887
r189c1235,1995,15734.535249130891
r189c1236,1995,19267.379171505356
r189c1237,1995,21198.790656466543
r190c1226,1995,61580.183329839114
r190c1227,1995,93790.61746991947
r190c1228,1995,170950.80248167057
r190c1229,1995,49630.736300155004
r190c1230,1995,44846.75154434733
r190c1231,1995,32997.83599270217
r190c1232,1995,116807.10650800006
r190c1233,1995,447837.0504755054
r190c1234,1995,36222.51033701617
r190c1235,1995,30586.04495293694
r190c1236,1995,27138.30729181663
r190c1237,1995,467892.07133293943
r191c1227,1995,374067.038809609
r191c1228,1995,755674.0201319404
r191c1229,1995,20076.37879725633
r191c1230,1995,16648.108863512985
r191c1231,1995,13537.049321092109
r191c1232,1995,17079.66765891269
r191c1233,1995,297438.3356321825
r191c1234,1995,2701024.553282452
r191c1235,1995,272476.42569221684
r191c1236,1995,179231.49067063612
r191c1237,1995,263404.0481628038
r192c1226,1995,78147.14556966552
r192c1227,1995,149644.40898318175
r192c1228,1995,28067.29149030832
r192c1229,1995,39979.21805638013
r192c1230,1995,42492.472218542025
r192c1231,1995,52401.463196642915
r192c1232,1995,30247.779204598548
r192c1233,1995,117310.90617167213
r192c1234,1995,50567.034477976114
r192c1235,1995,33636.36181246372
r192c1236,1995,55582.48819862061
r192c1237,1995,727372.6528290706
r193c1226,1995,86744.26341571484
r193c1227,1995,73604.0765607566
r193c1228,1995,59161.418233562865
r193c1229,1995,108414.40528604841
r193c1230,1995,14376.209524836728
r193c1231,1995,22181.10555275451
r193c1232,1995,24155.91187859977
r193c1233,1995,93144.28122538049
r193c1234,1995,230370.71580019372
r193c1235,1995,170835.16957648736
r193c1236,1995,394722.98828247923
r194c1224,1995,13619.916289478524
r194c1226,1995,96827.5651115943
r194c1227,1995,1512320.9309230943
r194c1228,1995,26404.289681744358
r194c1229,1995,35521.149857926415
r194c1230,1995,22913.304093517472
r194c1231,1995,38655.513546909206
r194c1232,1995,274231.51140522
r194c1233,1995,52498.1233125523
r194c1235,1995,1172982.3286339655
r194c1236,1995,3327237.997176827
r195c1224,1995,15575.30949526466
r195c1226,1995,93097.84862115666
r195c1227,1995,35498.692792618516
r195c1228,1995,34961.40892827354
r195c1229,1995,107154.55890783414
r195c1231,1995,113601.80781310517
r195c1233,1995,159206.7683437724
r195c1234,1995,217614.5001603928
r196c1226,1995,68636.26447103186
r196c1227,1995,77485.99712812834
r196c1229,1995,44484.681168092415
r201c1225,1995,143581.98912524534
r201c1226,1995,113560.49069408623
r201c1227,1995,41543.12250970546
r163c1239,1996,121962.74175244753
r163c1240,1996,54425.86930469324
r164c1239,1996,24239.09642687343
r164c1240,1996,33722.267500859874
r165c1237,1996,7361.912253842975
r165c1238,1996,51047.215450266674
r165c1239,1996,42184.62555006749
r165c1240,1996,2422.1847339357273
r165c1241,1996,144890.60890684486
r165c1242,1996,17251.53715064514
r166c1236,1996,61295.52583471705
r166c1237,1996,19351.552207274155
r166c1238,1996,52760.16616783041
r166c1239,1996,3385.794529579597
r166c1240,1996,19394.608434532045
r167c1232,1996,5078.815727861751
r167c1233,1996,50904.86464662437
r167c1234,1996,5673.497252887599
r167c1235,1996,9735.885777304224
r167c1236,1996,13082.183859305496
r167c1237,1996,1551.34133854622
r167c1238,1996,148766.46657529724
r167c1239,1996,662615.3570344629
r168c1226,1996,5407.196231954802
r168c1227,1996,34565.07162107252
r168c1233,1996,26956.73852350204
r168c1234,1996,1482.0712938357801
r168c1235,1996,6379.301623505745
r168c1236,1996,28.691976154223084
r168c1237,1996,1692.0773731845925
r168c1238,1996,317762.8917486062
r169c1226,1996,33465.14468167447
r169c1227,1996,11278.723887573928
r169c1228,1996,8426.434906319912
r169c1229,1996,15286.21743866303
r169c1230,1996,11414.184813478885
r169c1231,1996,11750.834514540224
r169c1232,1996,526766.0688338873
r169c1233,1996,25638.462740961448
r169c1234,1996,5072.071478662625
r169c1235,1996,378.70011336461596
r169c1236,1996,1981.3196314809225
r169c1237,1996,42192.52983596102
r169c1238,1996,48547.17002148127
r170c1225,1996,158863.2934838511
r170c1226,1996,22994.23410475561
r170c1227,1996,2558.1556797172802
r170c1228,1996,2776.032478524372
r170c1229,1996,594.1236720010638
r170c1230,1996,536.1037492742762
r170c1231,1996,3348.597693665419
r170c1232,1996,5832.6733376255515
r170c1233,1996,17812.983923946234
r170c1234,1996,8591.90365993604
r170c1235,1996,20595.115762716083
r170c1236,1996,1231.1052504678312
r170c1237,1996,40117.21756015101
r170c1238,1996,7323.029492682949
r171c1223,1996,24975.571717793
r171c1224,1996,4985.33263662004
r171c1225,1996,1386.807895524011
r171c1226,1996,556374.4403896206
r171c1227,1996,2237.554337895647
r171c1228,1996,14064.380896767529
r171c1229,1996,1305.769135887351
r171c1230,1996,1415.1133613408379
r171c1231,1996,2291.356801658869
r171c1232,1996,49709.074375955475
r171c1233,1996,2366.1109640287123
r171c1234,1996,845.918021876365
r171c1235,1996,64363.19038039966
r171c1236,1996,11450.383567142791
r171c1237,1996,137717.07086015455
r171c1238,1996,34990.000940891216
r172c1221,1996,13898.284940638248
r172c1222,1996,14654.376257198626
r172c1223,1996,11505.72067432215
r172c1224,1996,3868.571303936901
r172c1225,1996,113022.09804407605
r172c1226,1996,34411.64852973701
r172c1227,1996,1126.5561657194048
r172c1228,1996,1382.8989295531064
r172c1229,1996,226.54704120010138
r172c1230,1996,9468.28362682128
r172c1231,1996,5629.468749280513
r172c1232,1996,6278.592069210477
r172c1233,1996,869.2927212574318
r172c1234,1996,42544.449066774585
r172c1235,1996,36205.81642803973
r172c1236,1996,295235.0258124571
r173c1219,1996,63985.7627591379
r173c1220,1996,92176.34134040748
r173c1221,1996,1663.011056383889
r173c1222,1996,10331.378393169083
r173c1223,1996,614.0548936724663
r173c1224,1996,2100.9292547276245
r173c1225,1996,13827.168316484218
r173c1226,1996,7506.103363092989
r173c1227,1996,2096.1793405376084
r173c1228,1996,6522.46636246563
r173c1229,1996,1284.492306181847
r173c1230,1996,14729.840371404904
r173c1231,1996,2164.0512625147717
r173c1232,1996,13191.991304974736
r173c1233,1996,62423.89298181041
r173c1234,1996,47775.002766374964
r174c1218,1996,90775.80771582357
r174c1219,1996,7271.61003905079
r174c1220,1996,124253.87961616657
r174c1221,1996,4220.995276033009
r174c1222,1996,23730.88915972044
r174c1223,1996,80797.38065157017
r174c1224,1996,179837.2464522555
r174c1225,1996,235706.65401413705
r174c1226,1996,2496.130984376495
r174c1227,1996,6257.468309905351
r174c1228,1996,103.57142621725433
r174c1229,1996,45943.04424300554
r174c1230,1996,62438.22222126878
r174c1231,1996,145596.1712428876
r174c1232,1996,307696.470478188
r174c1233,1996,142032.41642635764
r175c1217,1996,125495.35865309634
r175c1218,1996,166347.93572379602
r175c1219,1996,82414.70785291717
r175c1220,1996,107748.67039096344
r175c1221,1996,115275.1342496004
r175c1222,1996,66046.73059390648
r175c1223,1996,63533.91664260201
r175c1224,1996,141802.43663851023
r175c1225,1996,144489.06164889797
r175c1226,1996,6223.1761954088
r175c1227,1996,1368.5116315452456
r175c1228,1996,826.3886701655008
r175c1229,1996,117594.1857546893
r175c1230,1996,1478190.5603275036
r176c1218,1996,8356.22338994011
r176c1220,1996,227700.59881233855
r176c1221,1996,30253.66007414241
r176c1222,1996,499770.68966921227
r176c1223,1996,205770.78891628783
r176c1224,1996,150832.46184497004
r176c1225,1996,226421.97286304267
r176c1226,1996,25575.399382985077
r176c1227,1996,21111.208746977514
r176c1228,1996,40844.184030687145
r176c1229,1996,37333.20983902215
r177c1222,1996,173071.56950862604
r177c1223,1996,608923.5660972879
r177c1224,1996,517563.92387292744
r177c1225,1996,37765.90371219803
r177c1226,1996,12675.386300569178
r177c1227,1996,22192.12078476673
r177c1228,1996,241685.09104356705
r177c1229,1996,92672.57900177801
r178c1221,1996,56809.03033933707
r178c1222,1996,1396114.4459595247
r178c1223,1996,1271224.0667610574
r178c1224,1996,43444.915527809986
r178c1225,1996,75470.32615878223
r178c1226,1996,34892.138460659415
r178c1227,1996,2812.6816721089185
r178c1228,1996,1501.6198174941628
r178c1229,1996,834257.0875212639
r178c1230,1996,47603.42238759964
r179c1221,1996,105289.74048268411
r179c1222,1996,928333.2616962024
r179c1223,1996,191121.42837934385
r179c1224,1996,15475.871316767392
r179c1225,1996,62503.823469743074
r179c1226,1996,37175.54462485806
r179c1227,1996,12937.467524174755
r179c1228,1996,5378.986355954029
r179c1229,1996,111976.16321945087
r179c1230,1996,6871.296625212424
r179c1231,1996,43265.03704469465
r180c1221,1996,363474.49820647744
r180c1222,1996,507523.77669232467
r180c1223,1996,437290.2674312984
r180c1224,1996,7729.20904404763
r180c1225,1996,3512.4131167370024
r180c1226,1996,27813.166445814488
r180c1227,1996,8137.689680866406
r180c1228,1996,3634.1153241984584
r180c1229,1996,17389.24649699615
r180c1230,1996,16385.82635621445
r180c1231,1996,8619.954280004355
r180c1232,1996,26270.009736963708
r181c1220,1996,150441.43122364904
r181c1221,1996,187598.93515205994
r181c1222,1996,192949.00644331874
r181c1223,1996,357475.2341742229
r181c1224,1996,68661.56951608528
r181c1225,1996,51826.61255940826
r181c1226,1996,22593.40658437837
r181c1227,1996,26947.586942375783
r181c1228,1996,7634.835135450312
r181c1229,1996,40767.87843379617
r181c1230,1996,12165.299730154058
r181c1231,1996,1963.695415176651
r181c1232,1996,5455.364320621636
r182c1219,1996,42438.38679768319
r182c1220,1996,35490.617872265095
r182c1221,1996,36434.688627356096
r182c1222,1996,885553.7277954428
r182c1223,1996,93033.05323349714
r182c1224,1996,17148.816165823675
r182c1225,1996,41553.945196545006
r182c1226,1996,14468.992068720047
r182c1227,1996,8292.400070622225
r183c1220,1996,12960.474705423901
r183c1221,1996,157931.9426235275
r183c1222,1996,69730.86805158875
r183c1224,1996,55426.982704359005
r183c1226,1996,390280.4482806814
r181c1233,1996,22292.643286473667
r182c1228,1996,75990.4225091959
r182c1229,1996,67825.63221093368
r182c1230,1996,31316.904892759572
r182c1231,1996,21618.214289395084
r182c1232,1996,37552.78243468784
r182c1233,1996,5171.066373312287
r182c1234,1996,113715.03762965353
r183c1227,1996,193581.71444796294
r183c1228,1996,446972.1134108726
r183c1229,1996,46312.213343674906
r183c1230,1996,213796.2093439203
r183c1231,1996,56970.33112938843
r183c1232,1996,10899.855224933892
r183c1233,1996,8552.67784692455
r183c1234,1996,2907.903611970021
r184c1226,1996,988269.5330876553
r184c1227,1996,4901752.752020401
r184c1228,1996,5936356.750409037
r184c1229,1996,90441.3036213549
r184c1230,1996,14749.217923200984
r184c1231,1996,58037.89745010082
r184c1232,1996,16911.372579518928
r184c1233,1996,8424.967499866065
r184c1234,1996,12216.193994847958
r184c1235,1996,48467.83890576087
r185c1226,1996,1991234.6566547852
r185c1227,1996,3245880.8127617477
r185c1228,1996,2095802.7850409725
r185c1229,1996,225369.5625707661
r185c1230,1996,102062.68308248321
r185c1231,1996,307881.4208085169
r185c1232,1996,24095.57470222966
r185c1233,1996,24142.715362930223
r185c1234,1996,16526.662990624303
r185c1235,1996,6629.572912498011
r185c1236,1996,135383.0784598584
r186c1227,1996,287897.2508140887
r186c1228,1996,583546.6083136551
r186c1229,1996,145499.3159335274
r186c1230,1996,94460.9438897936
r186c1231,1996,49658.13279313729
r186c1232,1996,127197.40687717659
r186c1233,1996,81659.87157414727
r186c1234,1996,10209.135669281648
r186c1235,1996,38580.70669263246
r186c1236,1996,27092.994355005078
r186c1237,1996,28022.940248270712
r187c1226,1996,118287.65069268027
r187c1228,1996,555264.7410119643
r187c1229,1996,128371.42703463575
r187c1230,1996,127984.81976747463
r187c1231,1996,203778.3387002861
r187c1232,1996,13223.155282232938
r187c1233,1996,20134.493003692354
r187c1234,1996,95843.50479292884
r187c1235,1996,14714.415601674144
r187c1236,1996,7039.218278692404
r187c1237,1996,18641.739057205632
r188c1225,1996,46414.36913372922
r188c1226,1996,127402.00527455856
r188c1227,1996,78565.73396016801
r188c1228,1996,28192.02519962536
r188c1229,1996,563251.891906742
r188c1230,1996,111762.86655167042
r188c1231,1996,12096.476462697297
r188c1232,1996,75191.20907517633
r188c1233,1996,45864.947644421125
r188c1234,1996,102692.30373981036
r188c1235,1996,26121.65911705493
r188c1236,1996,28824.78289032689
r188c1237,1996,26315.9757362061
r189c1226,1996,75889.20688614968
r189c1227,1996,71048.64939308078
r189c1228,1996,94004.13643334148
r189c1229,1996,1514098.13611537
r189c1230,1996,78234.57182648884
r189c1231,1996,30116.727998050505
r189c1232,1996,82940.87126281213
r189c1233,1996,35290.872422195505
r189c1234,1996,44181.948691215235
r189c1235,1996,15400.215586798839
r189c1236,1996,19086.77516789786
r189c1237,1996,20990.98697065625
r190c1226,1996,61346.9523574439
r190c1227,1996,93561.0399928571
r190c1228,1996,171468.0109526889
r190c1229,1996,49437.31714487501
r190c1230,1996,44557.63434417084
r190c1231,1996,32487.93172030025
r190c1232,1996,118116.25313790856
r190c1233,1996,451331.0543552687
r190c1234,1996,36271.009262451844
r190c1235,1996,30238.573015791477
r190c1236,1996,27201.313038292363
r190c1237,1996,469252.0254665172
r191c1227,1996,372881.5297807068
r191c1228,1996,760124.3395182572
r191c1229,1996,19705.821981501846
r191c1230,1996,16512.619249103096
r191c1231,1996,13436.527732841208
r191c1232,1996,16990.269411929326
r191c1233,1996,304990.6590998621
r191c1234,1996,2693671.311552187
r191c1235,1996,276377.3148542776
r191c1236,1996,177948.65638238424
r191c1237,1996,262670.03446894855
r192c1226,1996,77053.56237490456
r192c1227,1996,149031.7498342529
r192c1228,1996,27501.504965157717
r192c1229,1996,39482.60901163157
r192c1230,1996,42395.62510229243
r192c1231,1996,52458.869486436844
r192c1232,1996,30226.750367074008
r192c1233,1996,117633.6418704144
r192c1234,1996,50631.97770585191
r192c1235,1996,33587.51394878523
r192c1236,1996,58360.71428374546
r192c1237,1996,733899.6724184031
r193c1226,1996,86936.9529595695
r193c1227,1996,73371.10871480186
r193c1228,1996,58678.04469631429
r193c1229,1996,107966.01482374892
r193c1230,1996,14501.455948617273
r193c1231,1996,22576.617625952
r193c1232,1996,24154.210210379148
r193c1233,1996,95616.32452200053
r193c1234,1996,233746.67759337876
r193c1235,1996,178541.15476190936
r193c1236,1996,410185.3049337934
r194c1224,1996,13443.018732699556
r194c1226,1996,96383.22991431171
r194c1227,1996,1523973.9667016913
r194c1228,1996,26359.94397222754
r194c1229,1996,35261.00370651125
r194c1230,1996,22623.69580249255
r194c1231,1996,39124.518984318805
r194c1232,1996,273925.30914819986
r194c1233,1996,52989.68436104416
r194c1235,1996,1201456.9276199755
r194c1236,1996,3293683.785108705
r195c1224,1996,15171.702185847453
r195c1226,1996,92784.77248235
r195c1227,1996,35363.619653202375
r195c1228,1996,34656.84802679828
r195c1229,1996,105986.48730965663
r195c1231,1996,113262.78195379653
r195c1233,1996,161734.12061445013
r195c1234,1996,216735.97428620746
r196c1226,1996,68041.43379343042
r196c1227,1996,76730.82503245784
r196c1229,1996,43929.422770148725
r201c1225,1996,146103.0640764184
r201c1226,1996,118298.6076703909
r201c1227,1996,42400.553104148574
r163c1239,1997,121515.33589752197
r163c1240,1997,54425.911113131995
r164c1239,1997,24182.26154825599
r164c1240,1997,33707.25451872821
r165c1237,1997,7351.94913012058
r165c1238,1997,50893.320018876504
r165c1239,1997,42031.49634174189
r165c1240,1997,2418.2567512579653
r165c1241,1997,143781.0392969363
r165c1242,1997,16866.819712483026
r166c1236,1997,61038.49507942344
r166c1237,1997,19295.49320891832
r166c1238,1997,52551.04061680755
r166c1239,1997,3452.583117264981
r166c1240,1997,19722.6325791421
r167c1232,1997,5073.337227063475
r167c1233,1997,53350.89740853812
r167c1234,1997,5693.700272154249
r167c1235,1997,10061.193732809857
r167c1236,1997,13063.826866196747
r167c1237,1997,1547.1960845426784
r167c1238,1997,148174.40194016235
r167c1239,1997,659488.3746327963
r168c1226,1997,5379.132352698016
r168c1227,1997,35038.392315011675
r168c1233,1997,26986.69748380167
r168c1234,1997,1473.1581055056815
r168c1235,1997,6369.795643137797
r168c1236,1997,28.577785428613424
r168c1237,1997,1711.801009234556
r168c1238,1997,316782.1356677167
r169c1226,1997,33324.74081152292
r169c1227,1997,11327.490116836503
r169c1228,1997,8395.634652939774
r169c1229,1997,15238.563644049507
r169c1230,1997,11441.10785617473
r169c1231,1997,11626.065085826505
r169c1232,1997,521808.52199354547
r169c1233,1997,25380.16820290007
r169c1234,1997,5031.723418293192
r169c1235,1997,375.67083491367447
r169c1236,1997,1980.5353820329788
r169c1237,1997,42170.52742429658
r169c1238,1997,48476.30467380223
r170c1225,1997,158620.2586555117
r170c1226,1997,22994.88340574366
r170c1227,1997,2588.6926690360347
r170c1228,1997,2793.8637632913888
r170c1229,1997,590.553186211735
r170c1230,1997,532.8911423841491
r170c1231,1997,3334.3619776433334
r170c1232,1997,5776.45737603561
r170c1233,1997,17656.95613039212
r170c1234,1997,8494.297745093703
r170c1235,1997,20538.344442038964
r170c1236,1997,1256.962522913826
r170c1237,1997,40112.00872387449
r170c1238,1997,7335.38046678872
r171c1223,1997,24887.111950150418
r171c1224,1997,4980.048377710191
r171c1225,1997,1378.3560839587567
r171c1226,1997,555076.4103012165
r171c1227,1997,2277.3703879325776
r171c1228,1997,13947.445948324688
r171c1229,1997,1313.7675832798595
r171c1230,1997,1419.4108797711465
r171c1231,1997,2271.9152860231698
r171c1232,1997,49247.893366802025
r171c1233,1997,2351.853303478391
r171c1234,1997,843.0846492471173
r171c1235,1997,64210.83583069133
r171c1236,1997,11446.712492656761
r171c1237,1997,137290.03100637248
r171c1238,1997,35071.915151709225
r172c1221,1997,13882.05331034517
r172c1222,1997,14643.137948942382
r172c1223,1997,11693.86582634083
r172c1224,1997,3850.8869663866126
r172c1225,1997,112520.63636660964
r172c1226,1997,34466.68650014748
r172c1227,1997,1117.6927964705974
r172c1228,1997,1371.2317076195031
r172c1229,1997,226.85675547644496
r172c1230,1997,9474.562957774893
r172c1231,1997,5595.942254236666
r172c1232,1997,6239.70629693773
r172c1233,1997,868.0515074603843
r172c1234,1997,42409.08675847973
r172c1235,1997,36135.111117590655
r172c1236,1997,294109.5305690358
r173c1219,1997,65158.66899705051
r173c1220,1997,92896.04939406308
r173c1221,1997,1678.9269182371963
r173c1222,1997,10486.746463304873
r173c1223,1997,609.306064594537
r173c1224,1997,2082.9070448972175
r173c1225,1997,13922.434414961608
r173c1226,1997,7466.370438661426
r173c1227,1997,2093.829541276001
r173c1228,1997,6518.93376475619
r173c1229,1997,1294.8040781917234
r173c1230,1997,14692.566490307097
r173c1231,1997,2158.504326706847
r173c1232,1997,13240.720037751249
r173c1233,1997,62393.63299607512
r173c1234,1997,47641.22514863193
r174c1218,1997,92301.84104714199
r174c1219,1997,7493.305873760066
r174c1220,1997,124744.52755001353
r174c1221,1997,4254.494971651401
r174c1222,1997,24263.954496837185
r174c1223,1997,81315.13315322579
r174c1224,1997,179924.18764889508
r174c1225,1997,234813.64148374784
r174c1226,1997,2476.7004319016514
r174c1227,1997,6224.201452350967
r174c1228,1997,103.46984162488084
r174c1229,1997,45828.33484221446
r174c1230,1997,62293.660756279474
r174c1231,1997,145129.27113878296
r174c1232,1997,306632.50530843885
r174c1233,1997,142443.7072851794
r175c1217,1997,127716.05690207852
r175c1218,1997,168859.83916820135
r175c1219,1997,83574.778669374
r175c1220,1997,107932.32880268278
r175c1221,1997,115763.00545108275
r175c1222,1997,66920.39779763058
r175c1223,1997,64035.00624324047
r175c1224,1997,143317.00729539763
r175c1225,1997,143902.85325558748
r175c1226,1997,6253.845428963014
r175c1227,1997,1361.6168854068198
r175c1228,1997,826.1017334338679
r175c1229,1997,118274.40267390896
r175c1230,1997,1475289.1712320019
r176c1218,1997,8664.60245370869
r176c1220,1997,229661.96476846797
r176c1221,1997,30448.763796121297
r176c1222,1997,503360.00127379433
r176c1223,1997,206401.90020472635
r176c1224,1997,151974.90620459695
r176c1225,1997,227330.08700913744
r176c1226,1997,25560.399828164554
r176c1227,1997,21233.44514908184
r176c1228,1997,41028.028752495105
r176c1229,1997,37537.95960461642
r177c1222,1997,173266.5104125766
r177c1223,1997,611150.4853945876
r177c1224,1997,520675.14832063095
r177c1225,1997,37700.89450283654
r177c1226,1997,12611.27361651553
r177c1227,1997,22747.368854996355
r177c1228,1997,246861.9931918666
r177c1229,1997,95076.51585401577
r178c1221,1997,57148.06720192404
r178c1222,1997,1415048.3288735037
r178c1223,1997,1291389.7628706626
r178c1224,1997,43585.27935330821
r178c1225,1997,75287.03683061621
r178c1226,1997,34684.185930706866
r178c1227,1997,2803.6541738326387
r178c1228,1997,1545.226291056947
r178c1229,1997,847100.6099752142
r178c1230,1997,48545.06433595169
r179c1221,1997,106342.0236664273
r179c1222,1997,945054.225606595
r179c1223,1997,194665.60814995202
r179c1224,1997,15723.88099959437
r179c1225,1997,62624.19954232872
r179c1226,1997,37140.96850519998
r179c1227,1997,13018.851556341599
r179c1228,1997,5436.93107710691
r179c1229,1997,113625.37769275255
r179c1230,1997,7078.05227894283
r179c1231,1997,44096.23679916095
r180c1221,1997,361228.5725259447
r180c1222,1997,512252.57212483604
r180c1223,1997,438602.4417041674
r180c1224,1997,7767.376812995908
r180c1225,1997,3549.0671459355485
r180c1226,1997,27907.286905617984
r180c1227,1997,8219.034722363267
r180c1228,1997,3682.8378467784864
r180c1229,1997,18006.98335607381
r180c1230,1997,16973.981349881018
r180c1231,1997,8735.26249962037
r180c1232,1997,26915.16826307961
r181c1220,1997,151583.13637822165
r181c1221,1997,189114.24330341213
r181c1222,1997,195742.59742899766
r181c1223,1997,359461.4240816724
r181c1224,1997,68700.99747936247
r181c1225,1997,51900.42328802817
r181c1226,1997,22580.69790922394
r181c1227,1997,27211.615655824477
r181c1228,1997,7690.813395628892
r181c1229,1997,41160.151027581516
r181c1230,1997,12255.504676317514
r181c1231,1997,1960.770030603191
r181c1232,1997,5583.8172579169295
r182c1219,1997,42967.55044050019
r182c1220,1997,35833.22756784314
r182c1221,1997,36584.60094579589
r182c1222,1997,889979.7209389968
r182c1223,1997,94106.52247164457
r182c1224,1997,17235.06390839428
r182c1225,1997,41741.71135655479
r182c1226,1997,14428.87352244921
r182c1227,1997,8383.40559628939
r183c1220,1997,13145.293993830119
r183c1221,1997,159723.5218295908
r183c1222,1997,70285.12953206021
r183c1224,1997,55566.819608472884
r183c1226,1997,390619.93573361385
r181c1233,1997,22228.762815997325
r182c1228,1997,76043.96238074778
r182c1229,1997,67842.82235157923
r182c1230,1997,30931.106685182087
r182c1231,1997,21880.89653112319
r182c1232,1997,37409.36488854081
r182c1233,1997,5216.0198367066
r182c1234,1997,114835.04851406736
r183c1227,1997,198921.91528705816
r183c1228,1997,461243.9648153666
r183c1229,1997,46719.06873743974
r183c1230,1997,213571.3671442531
r183c1231,1997,58169.671616718755
r183c1232,1997,10894.483300152553
r183c1233,1997,8607.48371707281
r183c1234,1997,2968.792972993703
r184c1226,1997,1019390.016543185
r184c1227,1997,4937858.504470491
r184c1228,1997,5949249.739312883
r184c1229,1997,94048.12287430998
r184c1230,1997,14923.266014902223
r184c1231,1997,58034.60188060478
r184c1232,1997,17113.069237434127
r184c1233,1997,8857.512376050812
r184c1234,1997,12764.383641753804
r184c1235,1997,49027.6466498596
r185c1226,1997,2002713.3792885225
r185c1227,1997,3276776.390289735
r185c1228,1997,2148636.1770624286
r185c1229,1997,232491.42392090766
r185c1230,1997,104114.55451907677
r185c1231,1997,311011.49052018893
r185c1232,1997,24485.5994375358
r185c1233,1997,24104.286101881567
r185c1234,1997,16456.68972365529
r185c1235,1997,6752.099946348994
r185c1236,1997,135480.76100222504
r186c1227,1997,306255.2069933151
r186c1228,1997,617095.8212023558
r186c1229,1997,150469.2479448498
r186c1230,1997,97304.74390315669
r186c1231,1997,49800.80976653153
r186c1232,1997,126329.3121366889
r186c1233,1997,80529.16876537158
r186c1234,1997,10062.875886692007
r186c1235,1997,38300.8145729976
r186c1236,1997,26613.980708393596
r186c1237,1997,27707.17547318708
r187c1226,1997,124517.33410695753
r187c1228,1997,570510.0003650145
r187c1229,1997,132742.8263947383
r187c1230,1997,129751.3095918831
r187c1231,1997,203807.00582035718
r187c1232,1997,12962.598828833688
r187c1233,1997,19824.51409285594
r187c1234,1997,95334.06424382128
r187c1235,1997,14528.250284173488
r187c1236,1997,6934.96904309485
r187c1237,1997,18336.41823463284
r188c1225,1997,47075.32615998596
r188c1226,1997,127712.09742328973
r188c1227,1997,78480.69199341665
r188c1228,1997,28467.10122284735
r188c1229,1997,567799.2940004235
r188c1230,1997,115545.54675690005
r188c1231,1997,12065.62477047731
r188c1232,1997,74547.485733281
r188c1233,1997,45351.47106732177
r188c1234,1997,102787.61928184806
r188c1235,1997,25852.089778030753
r188c1236,1997,28402.032842558176
r188c1237,1997,25948.437350565615
r189c1226,1997,76147.09859908935
r189c1227,1997,70824.13478544692
r189c1228,1997,94838.3503426803
r189c1229,1997,1521995.0918712914
r189c1230,1997,77849.1172998073
r189c1231,1997,29896.969113763145
r189c1232,1997,82181.83775805408
r189c1233,1997,34839.80068622727
r189c1234,1997,43354.64730064837
r189c1235,1997,15079.125566235547
r189c1236,1997,18908.05922700379
r189c1237,1997,20785.82961156583
r190c1226,1997,61164.29031624763
r190c1227,1997,93340.21261628564
r190c1228,1997,172010.26695992908
r190c1229,1997,49277.80361018956
r190c1230,1997,44298.30176006199
r190c1231,1997,32016.838801798363
r190c1232,1997,119287.13577230739
r190c1233,1997,454387.76181580446
r190c1234,1997,36298.77539143529
r190c1235,1997,29897.900065248203
r190c1236,1997,27247.12314367116
r190c1237,1997,470298.39005953044
r191c1227,1997,371558.58597575576
r191c1228,1997,763763.0001682858
r191c1229,1997,19351.842618810006
r191c1230,1997,16377.61507787176
r191c1231,1997,13340.000387231352
r191c1232,1997,16899.19362969786
r191c1233,1997,312043.992319424
r191c1234,1997,2685122.475127138
r191c1235,1997,279901.45905400405
r191c1236,1997,176658.5382446443
r191c1237,1997,261853.29440900768
r192c1226,1997,75997.2603305188
r192c1227,1997,148374.90757869356
r192c1228,1997,26962.605814726885
r192c1229,1997,39000.16894551114
r192c1230,1997,42294.18476035178
r192c1231,1997,52518.80332672098
r192c1232,1997,30208.68273436796
r192c1233,1997,117910.78591649799
r192c1234,1997,50680.03830152153
r192c1235,1997,33537.240155481784
r192c1236,1997,61028.417980396924
r192c1237,1997,740080.8177621046
r193c1226,1997,87061.87773378803
r193c1227,1997,73096.46970885784
r193c1228,1997,58191.72247384992
r193c1229,1997,107481.61809029554
r193c1230,1997,14610.059655020355
r193c1231,1997,22951.190419945116
r193c1232,1997,24155.34349281219
r193c1233,1997,97952.34311153024
r193c1234,1997,236948.55338054048
r193c1235,1997,185809.58890164338
r193c1236,1997,424703.8960451268
r194c1224,1997,13267.31838886192
r194c1226,1997,95901.62645810132
r194c1227,1997,1534729.1256219095
r194c1228,1997,26297.270482300108
r194c1229,1997,34989.76601024301
r194c1230,1997,22341.76453459466
r194c1231,1997,39568.34000498653
r194c1232,1997,273668.3012034402
r194c1233,1997,53458.04272078624
r194c1235,1997,1227853.0966266757
r194c1236,1997,3258931.0350979054
r195c1224,1997,14783.685214186979
r195c1226,1997,92416.57724289733
r195c1227,1997,35208.63820177924
r195c1228,1997,34344.79758658475
r195c1229,1997,104812.03429988638
r195c1231,1997,112910.68817113203
r195c1233,1997,164129.64629021456
r195c1234,1997,215934.16705733436
r196c1226,1997,67431.68176936737
r196c1227,1997,75964.71687654125
r196c1229,1997,43376.48401394011
r201c1225,1997,148560.62539009156
r201c1226,1997,122908.30863125002
r201c1227,1997,43235.96041337707
r163c1239,1998,120831.73930303165
r163c1240,1998,54266.94895587924
r164c1239,1998,24065.290713163515
r164c1240,1998,33583.01227517825
r165c1237,1998,7320.066358745179
r165c1238,1998,50581.02897396677
r165c1239,1998,41743.689399061186
r165c1240,1998,2406.5230714476907
r165c1241,1998,142218.27210333166
r165c1242,1998,16450.58495767531
r166c1236,1998,60588.83659536268
r166c1237,1998,19177.398973922496
r166c1238,1998,52173.790216232796
r166c1239,1998,3507.146450058099
r166c1240,1998,19979.851062423342
r167c1232,1998,5052.927059601091
r167c1233,1998,55555.92560992836
r167c1234,1998,5694.535550933893
r167c1235,1998,10344.632835983435
r167c1236,1998,13003.182418871445
r167c1237,1998,1538.0714426667557
r167c1238,1998,147108.3210077945
r167c1239,1998,654258.8648199865
r168c1226,1998,5347.920878182246
r168c1227,1998,35393.32336321674
r168c1233,1998,26927.322393166567
r168c1234,1998,1459.606760670391
r168c1235,1998,6339.472349614398
r168c1236,1998,28.37217152491212
r168c1237,1998,1725.6594418044258
r168c1238,1998,314783.80488206475
r169c1226,1998,33084.237214403125
r169c1227,1998,11337.95590928942
r169c1228,1998,8337.874705802999
r169c1229,1998,15148.542371640227
r169c1230,1998,11445.551069483456
r169c1231,1998,11484.425355236934
r169c1232,1998,515325.4598685967
r169c1233,1998,25044.72876646781
r169c1234,1998,4975.794683744802
r169c1235,1998,371.47874224632983
r169c1236,1998,1973.3108812688174
r169c1237,1998,42011.47370271003
r169c1238,1998,48248.56241145506
r170c1225,1998,157873.26959759204
r170c1226,1998,22920.228343437404
r170c1227,1998,2609.994433293499
r170c1228,1998,2802.1041167005897
r170c1229,1998,585.129152925685
r170c1230,1998,528.0053359428421
r170c1231,1998,3309.4716651439667
r170c1232,1998,5702.6156301483215
r170c1233,1998,17446.6346694746
r170c1234,1998,8371.167055882514
r170c1235,1998,20416.14488511339
r170c1236,1998,1278.3464237971377
r170c1237,1998,39976.20851962128
r170c1238,1998,7323.655031537111
r171c1223,1998,24746.134425283555
r171c1224,1998,4961.1962987431625
r171c1225,1998,1365.6015616730733
r171c1226,1998,551993.2695121493
r171c1227,1998,2308.739847419681
r171c1228,1998,13787.753426148984
r171c1229,1998,1317.405395366383
r171c1230,1998,1419.044053506738
r171c1231,1998,2245.4710701555014
r171c1232,1998,48635.96460042283
r171c1233,1998,2330.2167383843907
r171c1234,1998,837.561272488907
r171c1235,1998,63852.65756644339
r171c1236,1998,11405.806711867843
r171c1237,1998,136422.01454568066
r171c1238,1998,35038.380160120825
r172c1221,1998,13841.975092729912
r172c1222,1998,14585.43561820327
r172c1223,1998,11839.04493011166
r172c1224,1998,3821.034153061908
r172c1225,1998,111663.23718343076
r172c1226,1998,34407.50764278279
r172c1227,1998,1105.3903842382133
r172c1228,1998,1355.365061139688
r172c1229,1998,226.42662222869694
r172c1230,1998,9450.04976185908
r172c1231,1998,5544.788632081916
r172c1232,1998,6181.277137296939
r172c1233,1998,864.0155742812683
r172c1234,1998,42138.30402007089
r172c1235,1998,35948.352502688664
r172c1236,1998,292042.4892249247
r173c1219,1998,66133.51513684246
r173c1220,1998,93307.43773370297
r173c1221,1998,1689.2447161860764
r173c1222,1998,10607.033531921248
r173c1223,1998,602.6804034039378
r173c1224,1998,2058.5133546119446
r173c1225,1998,13969.747326341658
r173c1226,1998,7403.179804105312
r173c1227,1998,2084.696237938917
r173c1228,1998,6494.326916015699
r173c1229,1998,1300.765504597266
r173c1230,1998,14608.232719221616
r173c1231,1998,2146.0447666784053
r173c1232,1998,13245.809269680121
r173c1233,1998,62161.61488680755
r173c1234,1998,47355.04619278497
r174c1218,1998,93520.27682642575
r174c1219,1998,7689.501730144269
r174c1220,1998,124821.60531107316
r174c1221,1998,4273.832310409464
r174c1222,1998,24715.079892768605
r174c1223,1998,81562.62219962121
r174c1224,1998,179429.52867355154
r174c1225,1998,233174.3044476914
r174c1226,1998,2449.6719220830128
r174c1227,1998,6171.598742783509
r174c1228,1998,103.03528060877704
r174c1229,1998,45566.81471876609
r174c1230,1998,61949.3720491749
r174c1231,1998,144198.9994440133
r174c1232,1998,304590.67383522657
r174c1233,1998,142387.21051110397
r175c1217,1998,129521.77325659928
r175c1218,1998,170805.59672477425
r175c1219,1998,84454.9282867994
r175c1220,1998,107758.97857196076
r175c1221,1998,115866.97254236745
r175c1222,1998,67570.11337957846
r175c1223,1998,64322.55731714306
r175c1224,1998,144352.34131373576
r175c1225,1998,142866.24529774656
r175c1226,1998,6263.917644205178
r175c1227,1998,1350.4336215743685
r175c1228,1998,823.1417908596642
r175c1229,1998,118561.14473265136
r175c1230,1998,1467649.8836175287
r176c1218,1998,8943.317395267357
r176c1220,1998,230858.30567009858
r176c1221,1998,30542.73051709936
r176c1222,1998,505274.6458869501
r176c1223,1998,206360.16791836065
r176c1224,1998,152609.5775418974
r176c1225,1998,227493.26076651007
r176c1226,1998,25463.752638286747
r176c1227,1998,21285.04033412767
r176c1228,1998,41076.16070220109
r176c1229,1998,37617.99491827845
r177c1222,1998,172902.7233235726
r177c1223,1998,611378.6312072263
r177c1224,1998,522061.35706973437
r177c1225,1998,37516.275681872125
r177c1226,1998,12507.917300241363
r177c1227,1998,23220.52283838781
r177c1228,1998,251170.24931396745
r177c1229,1998,97164.34075357394
r178c1221,1998,57297.81908365448
r178c1222,1998,1429039.853856448
r178c1223,1998,1307084.8942654761
r178c1224,1998,43584.80426285011
r178c1225,1998,74865.85934279283
r178c1226,1998,34368.83423270281
r178c1227,1998,2785.800079637054
r178c1228,1998,1583.8226248943631
r178c1229,1998,857037.6058559158
r178c1230,1998,49322.98385221389
r179c1221,1998,107000.11192098937
r179c1222,1998,958784.1850701789
r179c1223,1998,197540.8710528641
r179c1224,1998,15919.023861574613
r179c1225,1998,62540.50960699296
r179c1226,1998,36986.42848175987
r179c1227,1998,13056.966332688657
r179c1228,1998,5475.8823030933445
r179c1229,1998,114883.7096666843
r179c1230,1998,7261.896723418273
r179c1231,1998,44778.384664460085
r180c1221,1998,357880.8007315001
r180c1222,1998,515275.409889634
r180c1223,1998,438480.3999770876
r180c1224,1998,7780.018404417086
r180c1225,1998,3573.8504471766523
r180c1226,1998,27910.00836395699
r180c1227,1998,8271.617332703601
r180c1228,1998,3718.8256925742453
r180c1229,1998,18567.701015792576
r180c1230,1998,17508.4690970682
r180c1231,1998,8820.361860658473
r180c1232,1998,27471.254214734345
r181c1220,1998,152222.46659139174
r181c1221,1998,190002.36683227067
r181c1222,1998,197879.06777602757
r181c1223,1998,360262.85956928617
r181c1224,1998,68517.46806038712
r181c1225,1998,51805.351211796704
r181c1226,1998,22494.968937774353
r181c1227,1998,27380.792975706998
r181c1228,1998,7728.473550889659
r181c1229,1998,41445.92320988483
r181c1230,1998,12325.711364051082
r181c1231,1998,1954.5929857167937
r181c1232,1998,5704.696484388935
r182c1219,1998,43353.35095023393
r182c1220,1998,36056.739457003896
r182c1221,1998,36613.852549560375
r182c1222,1998,891466.79755557
r182c1223,1998,94866.42345229667
r182c1224,1998,17264.423230480585
r182c1225,1998,41792.40326923765
r182c1226,1998,14342.460073131697
r182c1227,1998,8463.778363529405
r183c1220,1998,13286.146345857958
r183c1221,1998,160982.99670803553
r183c1222,1998,70606.33635711414
r183c1224,1998,55528.077028565895
r183c1226,1998,389758.21469166875
r181c1233,1998,22173.767286510167
r182c1228,1998,76175.36417590089
r182c1229,1998,67915.53615158972
r182c1230,1998,30575.591231323597
r182c1231,1998,22132.67711613929
r182c1232,1998,37283.067482661056
r182c1233,1998,5259.440619527333
r182c1234,1998,115913.45128253658
r183c1227,1998,204355.29607704753
r183c1228,1998,475685.62426425936
r183c1229,1998,47168.551121531505
r183c1230,1998,213426.59048306625
r183c1231,1998,59309.79539104902
r183c1232,1998,10891.900748259588
r183c1233,1998,8660.929844766371
r183c1234,1998,3026.679480382766
r184c1226,1998,1050317.7198679305
r184c1227,1998,4973938.030715951
r184c1228,1998,5962582.615269903
r184c1229,1998,97672.50997728611
r184c1230,1998,15106.45155598393
r184c1231,1998,58046.16198618134
r184c1232,1998,17306.465902830714
r184c1233,1998,9265.957795611757
r184c1234,1998,13282.378768182769
r184c1235,1998,49564.76417386924
r185c1226,1998,2014746.2860447348
r185c1227,1998,3308957.970944649
r185c1228,1998,2201728.9910781933
r185c1229,1998,239700.63773524517
r185c1230,1998,106233.3879285895
r185c1231,1998,314026.48892236105
r185c1232,1998,24857.626913193977
r185c1233,1998,24073.630288931934
r185c1234,1998,16394.663049752424
r185c1235,1998,6868.760398286382
r185c1236,1998,135603.20417891114
r186c1227,1998,324508.4931908058
r186c1228,1998,650518.3738565638
r186c1229,1998,155464.63135644357
r186c1230,1998,100129.34966749231
r186c1231,1998,49960.09951445902
r186c1232,1998,125595.3708229214
r186c1233,1998,79509.88999843897
r186c1234,1998,9928.321617511929
r186c1235,1998,38046.3486532374
r186c1236,1998,26169.035080842343
r186c1237,1998,27413.14686839664
r187c1226,1998,130494.59503372794
r187c1228,1998,585606.856637285
r187c1229,1998,136960.32304809528
r187c1230,1998,131469.06992269892
r187c1231,1998,203953.72795749534
r187c1232,1998,12726.598867950626
r187c1233,1998,19546.009779837113
r187c1234,1998,94861.6093766964
r187c1235,1998,14354.298322872855
r187c1236,1998,6837.482041633224
r187c1237,1998,18050.775740149194
r188c1225,1998,47745.517716647584
r188c1226,1998,128138.85942347135
r188c1227,1998,78484.37082743834
r188c1228,1998,28753.941183521016
r188c1229,1998,572361.3909586113
r188c1230,1998,119128.25132789295
r188c1231,1998,12042.01923788544
r188c1232,1998,73947.6632431103
r188c1233,1998,44872.019584337846
r188c1234,1998,102883.75080639431
r188c1235,1998,25600.514167022488
r188c1236,1998,28006.722809585277
r188c1237,1998,25604.835916176948
r189c1226,1998,76470.04391470665
r189c1227,1998,70688.81419520799
r189c1228,1998,95721.54260412707
r189c1229,1998,1530019.8587625942
r189c1230,1998,77536.76264396736
r189c1231,1998,29703.360977757802
r189c1232,1998,81474.19200698432
r189c1233,1998,34418.298255331625
r189c1234,1998,42580.26053846044
r189c1235,1998,14778.460596807472
r189c1236,1998,18741.386070087385
r189c1237,1998,20594.437776158207
r190c1226,1998,61057.59607134359
r190c1227,1998,93176.18519840194
r190c1228,1998,172663.9846841811
r190c1229,1998,49173.79669747509
r190c1230,1998,44088.7945358337
r190c1231,1998,31596.843563252405
r190c1232,1998,120395.33978209893
r190c1233,1998,457288.37330325024
r190c1234,1998,36327.179171734024
r190c1235,1998,29579.78930283588
r190c1236,1998,27291.90465011691
r190c1237,1998,471311.5060847907
r191c1227,1998,370310.0112973077
r191c1228,1998,767076.7419546067
r191c1229,1998,19023.1676505642
r191c1230,1998,16251.792311592257
r191c1231,1998,13254.200553279812
r191c1232,1998,16815.75545024333
r191c1233,1998,318795.87484331755
r191c1234,1998,2676947.02045094
r191c1235,1998,283230.30649867636
r191c1236,1998,175457.929899307
r191c1237,1998,261102.84110846644
r192c1226,1998,75015.2131026489
r192c1227,1998,147757.4228893344
r192c1228,1998,26462.385683302855
r192c1229,1998,38551.35383892497
r192c1230,1998,42211.096782135675
r192c1231,1998,52608.85955871177
r192c1232,1998,30209.28297049855
r192c1233,1998,118207.60938371722
r192c1234,1998,50739.9756752456
r192c1235,1998,33503.5714035589
r192c1236,1998,63626.05334281566
r192c1237,1998,746344.3813394615
r193c1226,1998,87170.59803583636
r193c1227,1998,72823.02117118577
r193c1228,1998,57733.636696879264
r193c1229,1998,107021.91366622306
r193c1230,1998,14711.438383946206
r193c1231,1998,23319.075807129935
r193c1232,1998,24171.837360988626
r193c1233,1998,100217.80336494811
r193c1234,1998,240119.2935905835
r193c1235,1998,192782.51422134796
r193c1236,1998,438588.48811288027
r194c1224,1998,13099.980305911351
r194c1226,1998,95437.39791998464
r194c1227,1998,1545489.0202776922
r194c1228,1998,26232.04451611293
r194c1229,1998,34727.42241811441
r194c1230,1998,22078.8512371424
r194c1231,1998,40010.429640774535
r194c1232,1998,273600.6964910171
r194c1233,1998,53933.85089062933
r194c1235,1998,1252977.2247261899
r194c1236,1998,3224900.5881520025
r195c1224,1998,14418.152526761816
r195c1226,1998,92048.02490064708
r195c1227,1998,35054.527966194335
r195c1228,1998,34044.615200508495
r195c1229,1998,103689.01441155856
r195c1231,1998,112608.57615878357
r195c1233,1998,166493.48209645777
r195c1234,1998,215315.9385208156
r196c1226,1998,66845.0312575599
r196c1227,1998,75230.05738821026
r196c1229,1998,42849.41257821433
r201c1225,1998,151039.50697901507
r201c1226,1998,127464.77364129003
r201c1227,1998,44074.26668249994
r163c1239,1999,120365.88763003594
r163c1240,1999,54270.75542331702
r164c1239,1999,24012.465408565084
r164c1240,1999,33574.80702551396
r165c1237,1999,7310.969464086391
r165c1238,1999,50439.51523574189
r165c1239,1999,41602.56660124795
r165c1240,1999,2403.1890938193674
r165c1241,1999,141162.41726044862
r165c1242,1999,16102.317565073048
r166c1236,1999,60349.35648251758
r166c1237,1999,19126.489367314844
r166c1238,1999,51980.12668401639
r166c1239,1999,3572.900400818472
r166c1240,1999,20299.974261737043
r167c1232,1999,5047.815408579758
r167c1233,1999,57888.40008232409
r167c1234,1999,5714.293719473598
r167c1235,1999,10655.105508113471
r167c1236,1999,12987.81269329803
r167c1237,1999,1534.330170720085
r167c1238,1999,146559.91308924518
r167c1239,1999,651338.7140825482
r168c1226,1999,5317.291365652019
r168c1227,1999,35848.189392967586
r168c1233,1999,26958.191100458334
r168c1234,1999,1451.2638952942457
r168c1235,1999,6331.031535106225
r168c1236,1999,28.2664015032351
r168c1237,1999,1745.211054306269
r168c1238,1999,313889.1265928763
r169c1226,1999,32953.8870833416
r169c1227,1999,11386.324721250683
r169c1228,1999,8309.355671491872
r169c1229,1999,15102.819214582029
r169c1230,1999,11467.285285261907
r169c1231,1999,11361.889656327276
r169c1232,1999,510637.3317462287
r169c1233,1999,24801.336808079137
r169c1234,1999,4937.874660795635
r169c1235,1999,368.6315606662456
r169c1236,1999,1972.9286339047785
r169c1237,1999,41998.16612434497
r169c1238,1999,48188.852277193175
r170c1225,1999,157663.93811307565
r170c1226,1999,22924.541753767975
r170c1227,1999,2639.55902753747
r170c1228,1999,2819.573577065021
r170c1229,1999,581.7985657453537
r170c1230,1999,525.0081267757341
r170c1231,1999,3296.2389740739018
r170c1232,1999,5649.666841622895
r170c1233,1999,17299.82727696155
r170c1234,1999,8279.089638493955
r170c1235,1999,20366.051126383303
r170c1236,1999,1303.7877481839346
r170c1237,1999,39978.86970423087
r170c1238,1999,7337.106436164902
r171c1223,1999,24656.745699022475
r171c1224,1999,4956.3034123732905
r171c1225,1999,1357.7553649078982
r171c1226,1999,550843.4114824983
r171c1227,1999,2347.1117027618134
r171c1228,1999,13678.374613391616
r171c1229,1999,1325.525343538185
r171c1230,1999,1423.5506346286986
r171c1231,1999,2227.185198184103
r171c1232,1999,48201.76086617229
r171c1233,1999,2316.920194702555
r171c1234,1999,834.9920404041186
r171c1235,1999,63718.77102830488
r171c1236,1999,11404.437108324779
r171c1237,1999,136032.33094269317
r171c1238,1999,35124.973758723674
r172c1221,1999,13829.301474802618
r172c1222,1999,14577.11575228898
r172c1223,1999,12020.515509613691
r172c1224,1999,3804.772302763047
r172c1225,1999,111202.646122609
r172c1226,1999,34465.580213640504
r172c1227,1999,1097.109476717189
r172c1228,1999,1344.4484901465476
r172c1229,1999,226.77955044899136
r172c1230,1999,9458.321055329976
r172c1231,1999,5513.412497872896
r172c1232,1999,6145.003805139551
r172c1233,1999,863.0027718904703
r172c1234,1999,42016.04266744148
r172c1235,1999,35887.65007947329
r172c1236,1999,291002.48277026875
r173c1219,1999,67297.70955029155
r173c1220,1999,94034.78363377725
r173c1221,1999,1705.2859741004147
r173c1222,1999,10763.14895019025
r173c1223,1999,598.2453241497278
r173c1224,1999,2041.6450131604995
r173c1225,1999,14062.919020864103
r173c1226,1999,7366.452454254031
r173c1227,1999,2082.816065505717
r173c1228,1999,6492.3592297178975
r173c1229,1999,1311.1019043471372
r173c1230,1999,14575.247734463017
r173c1231,1999,2141.129733554237
r173c1232,1999,13296.263677715731
r173c1233,1999,62146.24054902121
r173c1234,1999,47235.51065069932
r174c1218,1999,95050.5644682032
r174c1219,1999,7911.2562403191105
r174c1220,1999,125323.8712233433
r174c1221,1999,4307.672507619201
r174c1222,1999,25248.949784944998
r174c1223,1999,82087.29197200811
r174c1224,1999,179560.39790845083
r174c1225,1999,232360.15190673756
r174c1226,1999,2431.5766113335885
r174c1227,1999,6141.263055869015
r174c1228,1999,102.96135717820076
r174c1229,1999,45465.442597288165
r174c1230,1999,61822.64396929298
r174c1231,1999,143777.02778869242
r174c1232,1999,303623.64941877534
r174c1233,1999,142820.0012963489
r175c1217,1999,131715.0714762531
r175c1218,1999,173327.0830059441
r175c1219,1999,85620.01885808514
r175c1220,1999,107953.48948031792
r175c1221,1999,116365.5169477728
r175c1222,1999,68447.98351996626
r175c1223,1999,64828.02504533199
r175c1224,1999,145875.45593817873
r175c1225,1999,142341.84745665564
r175c1226,1999,6295.45818072245
r175c1227,1999,1344.067236361554
r175c1228,1999,823.0489891091106
r175c1229,1999,119250.4114283387
r175c1230,1999,1465157.2674628343
r176c1218,1999,9251.59131179603
r176c1220,1999,232837.54352348822
r176c1221,1999,30740.555481809643
r176c1222,1999,508904.8382787574
r176c1223,1999,207032.34577999418
r176c1224,1999,153760.3449257026
r176c1225,1999,228439.73523991698
r176c1226,1999,25456.807519260357
r176c1227,1999,21408.898222600583
r176c1228,1999,41264.49894374991
r176c1229,1999,37825.90645544564
r177c1222,1999,173142.9521884269
r177c1223,1999,613715.6158265837
r177c1224,1999,525227.0737518664
r177c1225,1999,37464.60451853164
r177c1226,1999,12449.625489260708
r177c1227,1999,23766.331987687918
r177c1228,1999,256285.62978191685
r177c1229,1999,99582.2823964177
r178c1221,1999,57642.92372787032
r178c1222,1999,1447658.9993588848
r178c1223,1999,1327051.1211286597
r178c1224,1999,43736.29538568024
r178c1225,1999,74710.92022825837
r178c1226,1999,34177.82390647879
r178c1227,1999,2777.8840904994045
r178c1228,1999,1627.9229783621015
r178c1229,1999,869799.5539501071
r178c1230,1999,50266.24351044229
r179c1221,1999,107983.39156114713
r179c1222,1999,975915.1696514147
r179c1223,1999,201066.41265035854
r179c1224,1999,16167.679567078409
r179c1225,1999,62673.26864689316
r179c1226,1999,36960.923923469396
r179c1227,1999,13139.453653770612
r179c1228,1999,5532.5540327724575
r179c1229,1999,116519.73186955859
r179c1230,1999,7471.013852824599
r179c1231,1999,45610.31513847876
r180c1221,1999,355843.2482043377
r180c1222,1999,520046.0509855208
r180c1223,1999,439871.0808194977
r180c1224,1999,7819.377496093259
r180c1225,1999,3610.706904290726
r180c1226,1999,28008.87922787033
r180c1227,1999,8350.918369511675
r180c1228,1999,3766.9758358326794
r180c1229,1999,19194.252766510108
r180c1230,1999,18105.112676710913
r180c1231,1999,8934.30461573646
r180c1232,1999,28121.076294318118
r181c1220,1999,153380.4806781504
r181c1221,1999,191537.49704474097
r181c1222,1999,200681.7338386584
r181c1223,1999,362298.17538427556
r181c1224,1999,68571.95353313183
r181c1225,1999,51889.80546101649
r181c1226,1999,22487.635799820702
r181c1227,1999,27638.77473854691
r181c1228,1999,7784.478384452309
r181c1229,1999,41840.16262244705
r181c1230,1999,12423.905010593673
r181c1231,1999,1953.628329905367
r181c1232,1999,5825.946889877858
r182c1219,1999,43885.95256861311
r182c1220,1999,36402.78524585623
r182c1221,1999,36768.425567616854
r182c1222,1999,896001.6707567672
r182c1223,1999,95947.95888027325
r182c1224,1999,17352.83151551208
r182c1225,1999,41986.71502791913
r182c1226,1999,14306.38442943816
r182c1227,1999,8559.494089296324
r183c1220,1999,13471.8853056926
r183c1221,1999,162788.36720929857
r183c1222,1999,71168.01595148773
r183c1224,1999,55675.58517536327
r183c1226,1999,390180.3042831749
r181c1233,1999,22119.44302375618
r182c1228,1999,76350.67587744638
r182c1229,1999,68015.34208416114
r182c1230,1999,30237.35696365097
r182c1231,1999,22367.194674452017
r182c1232,1999,37159.87681780801
r182c1233,1999,5299.718792562531
r182c1234,1999,116915.49160261173
r183c1227,1999,209805.79902820592
r183c1228,1999,490126.9146077372
r183c1229,1999,47640.025114577984
r183c1230,1999,213283.0936346898
r183c1231,1999,60376.442488143235
r183c1232,1999,10888.219257355995
r183c1233,1999,8710.256686853245
r183c1234,1999,3080.8336655603207
r184c1226,1999,1080731.86104929
r184c1227,1999,5008354.601782906
r184c1228,1999,5974327.292449818
r184c1229,1999,101282.04419975632
r184c1230,1999,15292.883552975078
r184c1231,1999,58051.85669873578
r184c1232,1999,17486.567439590166
r184c1233,1999,9649.455509542566
r184c1234,1999,13768.559259807465
r184c1235,1999,50064.78517535162
r185c1226,1999,2026625.431630166
r185c1227,1999,3341190.7689457154
r185c1228,1999,2254339.1840354768
r185c1229,1999,246911.18951290014
r185c1230,1999,108376.94358246608
r185c1231,1999,316832.4410997728
r185c1232,1999,25205.047121753443
r185c1233,1999,24042.00438851442
r185c1234,1999,16334.382029771343
r185c1235,1999,6977.810753959173
r185c1236,1999,135702.92600649002
r186c1227,1999,342573.171213983
r186c1228,1999,683633.8731756059
r186c1229,1999,160433.4613912089
r186c1230,1999,102905.05293379982
r186c1231,1999,50117.689695879846
r186c1232,1999,124938.2155062728
r186c1233,1999,78562.94752978996
r186c1234,1999,9801.016458269227
r186c1235,1999,37802.27301151721
r186c1236,1999,25746.32132986367
r186c1237,1999,27129.77662102595
r187c1226,1999,136209.9864716187
r187c1228,1999,600387.1910488768
r187c1229,1999,140998.23389263224
r187c1230,1999,133100.67993219075
r187c1231,1999,204137.2177384796
r187c1232,1999,12508.078321839135
r187c1233,1999,19288.6784409897
r187c1234,1999,94391.22174176273
r187c1235,1999,14186.705691851825
r187c1236,1999,6743.887437327938
r187c1237,1999,17777.077959375216
r188c1225,1999,48408.32441147233
r188c1226,1999,128625.78385568944
r188c1227,1999,78539.92311645219
r188c1228,1999,29438.04795993374
r188c1229,1999,578294.8242585869
r188c1230,1999,122495.76750681318
r188c1231,1999,12020.823833346058
r188c1232,1999,73363.21486154468
r188c1233,1999,44408.65138774353
r188c1234,1999,102946.21172079594
r188c1235,1999,25356.81849406476
r188c1236,1999,27627.120011756175
r188c1237,1999,25274.543888048884
r189c1226,1999,76824.9125266278
r189c1227,1999,70608.29718993272
r189c1228,1999,96714.72848416826
r189c1229,1999,1537950.3966487637
r189c1230,1999,77263.22295461199
r189c1231,1999,29523.050849717554
r189c1232,1999,80786.2444013693
r189c1233,1999,34012.30406345182
r189c1234,1999,41839.98594164476
r189c1235,1999,14491.51734745691
r189c1236,1999,18579.44890617693
r189c1237,1999,20408.736406667893
r190c1226,1999,60997.336060749956
r190c1227,1999,93031.58522637899
r190c1228,1999,173358.94714937772
r190c1229,1999,49102.41472818805
r190c1230,1999,43908.947687474385
r190c1231,1999,31211.44015501709
r190c1232,1999,121405.963781622
r190c1233,1999,459893.3692389712
r190c1234,1999,36344.014236232295
r190c1235,1999,29272.40189135151
r190c1236,1999,27326.616522437245
r190c1237,1999,472136.5775015792
r191c1227,1999,369004.2133140712
r191c1228,1999,769842.0702689883
r191c1229,1999,18710.834253057794
r191c1230,1999,16128.766543586444
r191c1231,1999,13173.627175671016
r191c1232,1999,16733.666734053644
r191c1233,1999,325157.1794169651
r191c1234,1999,2668226.327404715
r191c1235,1999,286285.90863152815
r191c1236,1999,174280.42721239926
r191c1237,1999,260325.62248210245
r192c1226,1999,74074.69714174073
r192c1227,1999,147125.79728291888
r192c1228,1999,25988.021404798987
r192c1229,1999,38119.811249491846
r192c1230,1999,42130.39437075494
r192c1231,1999,52708.50048897439
r192c1232,1999,30216.577940407708
r192c1233,1999,118481.0736152638
r192c1234,1999,50793.79729177997
r192c1235,1999,33473.70700368448
r192c1236,1999,66138.23582620735
r192c1237,1999,752436.9079539296
r193c1226,1999,87234.29063411143
r193c1227,1999,72525.93924517461
r193c1228,1999,57281.370057538865
r193c1229,1999,106548.32740064988
r193c1230,1999,14801.423455454722
r193c1231,1999,23673.322962665898
r193c1232,1999,24194.092200726773
r193c1233,1999,102387.32441753539
r193c1234,1999,243183.27227532363
r193c1235,1999,199428.26974628447
r193c1236,1999,451753.5660012803
r194c1224,1999,12935.892357852703
r194c1226,1999,94956.54488173139
r194c1227,1999,1555740.2681409628
r194c1228,1999,26155.654766237338
r194c1229,1999,34461.54160858212
r194c1230,1999,21825.74027426247
r194c1231,1999,40437.76842047388
r194c1232,1999,273612.1700707616
r194c1233,1999,54398.57079407315
r194c1235,1999,1276500.647301053
r194c1236,1999,3190481.6699449983
r195c1224,1999,14068.356847311221
r195c1226,1999,91648.18391004625
r195c1227,1999,34889.42436493217
r195c1228,1999,33743.847804542485
r195c1229,1999,102578.21078311648
r195c1231,1999,112315.15272399911
r195c1233,1999,168774.2760782553
r195c1234,1999,214790.75780130026
r196c1226,1999,66257.04804946914
r196c1227,1999,74498.88823734764
r196c1229,1999,42331.61220597831
r201c1225,1999,153488.30263223613
r201c1226,1999,131930.9687288548
r201c1227,1999,44900.76752159643
r163c1239,2000,120129.22770552593
r163c1240,2000,54436.84874933471
r164c1239,2000,24024.9292492767
r164c1240,2000,33680.55977811229
r165c1237,2000,7324.3924792294
r165c1238,2000,50465.04694981902
r165c1239,2000,41604.10152026278
r165c1240,2000,2408.071669482946
r165c1241,2000,140593.63457044162
r165c1242,2000,15816.973164544303
r166c1236,2000,60314.27963863238
r166c1237,2000,19141.06015778474
r166c1238,2000,51964.83711423975
r166c1239,2000,3650.318040973114
r166c1240,2000,20685.267520201818
r167c1232,2000,5057.971238651396
r167c1233,2000,60370.4791363282
r167c1234,2000,5752.852381764484
r167c1235,2000,10995.38673958505
r167c1236,2000,13016.762391499009
r167c1237,2000,1535.8391514289574
r167c1238,2000,146514.45572681713
r167c1239,2000,650657.4099644363
r168c1226,2000,5288.812152268529
r168c1227,2000,36407.17636420803
r168c1233,2000,27078.17806290037
r168c1234,2000,1447.9517809942658
r168c1235,2000,6344.004626504183
r168c1236,2000,28.257631801068783
r168c1237,2000,1770.5547865322078
r168c1238,2000,314069.5087394785
r169c1226,2000,32931.21469863026
r169c1227,2000,11472.440093560144
r169c1228,2000,8309.27160805845
r169c1229,2000,15101.192855655241
r169c1230,2000,11508.504980605048
r169c1231,2000,11259.658402689716
r169c1232,2000,507674.34610357304
r169c1233,2000,24645.84938447528
r169c1234,2000,4917.254330399691
r169c1235,2000,367.07617982047447
r169c1236,2000,1979.2640205562552
r169c1237,2000,42127.897293634735
r169c1238,2000,48293.60109324516
r170c1225,2000,157982.05767643935
r170c1226,2000,23006.487479192932
r170c1227,2000,2677.5514145452967
r170c1228,2000,2846.293636471033
r170c1229,2000,580.4901189412922
r170c1230,2000,523.8353488454595
r170c1231,2000,3294.323077559471
r170c1232,2000,5616.6946020433425
r170c1233,2000,17213.896552429444
r170c1234,2000,8216.563663113862
r170c1235,2000,20386.271797229838
r170c1236,2000,1333.474354645146
r170c1237,2000,40117.57674711084
r170c1238,2000,7375.42776070973
r171c1223,2000,24620.853921581103
r171c1224,2000,4965.498674202538
r171c1225,2000,1354.6495132612831
r171c1226,2000,551580.9747949064
r171c1227,2000,2392.7652344049775
r171c1228,2000,13617.284422386818
r171c1229,2000,1338.1311530124397
r171c1230,2000,1432.8908323767284
r171c1231,2000,2216.724821757525
r171c1232,2000,47937.657340492166
r171c1233,2000,2311.679499623708
r171c1234,2000,835.2985175261274
r171c1235,2000,63803.84708284696
r171c1236,2000,11441.892294791345
r171c1237,2000,136108.56820949496
r171c1238,2000,35330.45920816786
r172c1221,2000,13846.363977019138
r172c1222,2000,14617.406145931742
r172c1223,2000,12239.543131195118
r172c1224,2000,3801.693455773336
r172c1225,2000,111127.09756517003
r172c1226,2000,34639.461277008304
r172c1227,2000,1092.6930287256837
r172c1228,2000,1338.2811283450574
r172c1229,2000,227.90533600468189
r172c1230,2000,9498.883127375486
r172c1231,2000,5501.142357690555
r172c1232,2000,6130.121339475317
r172c1233,2000,864.9493641725796
r172c1234,2000,42038.42942403784
r172c1235,2000,35950.1577906875
r172c1236,2000,290960.78905735636
r173c1219,2000,68662.00077804022
r173c1220,2000,95080.07329277082
r173c1221,2000,1727.1133708047005
r173c1222,2000,10956.045288574263
r173c1223,2000,595.9160946719348
r173c1224,2000,2031.993781724353
r173c1225,2000,14202.122714736643
r173c1226,2000,7355.340985726565
r173c1227,2000,2088.0422580422724
r173c1228,2000,6512.611175705971
r173c1229,2000,1325.8420170242223
r173c1230,2000,14592.3674483515
r173c1231,2000,2143.5757068759085
r173c1232,2000,13391.800110180333
r173c1233,2000,62343.530266226844
r173c1234,2000,47278.45321880395
r174c1218,2000,96903.03032735015
r174c1219,2000,8160.363500032414
r174c1220,2000,126249.03162935728
r174c1221,2000,4356.105875824728
r174c1222,2000,25869.515266982373
r174c1223,2000,82889.6352627151
r174c1224,2000,180307.05957362568
r174c1225,2000,232348.21785973207
r174c1226,2000,2422.067749376781
r174c1227,2000,6132.479029576655
r174c1228,2000,103.24092788781249
r174c1229,2000,45520.352830703836
r174c1230,2000,61908.33837034101
r174c1231,2000,143850.06388962705
r174c1232,2000,303702.5541999743
r174c1233,2000,143737.88282710756
r175c1217,2000,134311.9095021261
r175c1218,2000,176439.75953792897
r175c1219,2000,87076.86718838058
r175c1220,2000,108511.45745207199
r175c1221,2000,117256.83857562974
r175c1222,2000,69558.9105306712
r175c1223,2000,65552.7471952235
r175c1224,2000,147893.2878823607
r175c1225,2000,142315.0117909739
r175c1226,2000,6348.410686682789
r175c1227,2000,1342.3667722246955
r175c1228,2000,825.7717914572241
r175c1229,2000,120342.16555373787
r175c1230,2000,1467694.965464842
r176c1218,2000,9592.021156142
r176c1220,2000,235606.0860849586
r176c1221,2000,31042.435561438782
r176c1222,2000,514257.5447520574
r176c1223,2000,208412.63728992583
r176c1224,2000,155429.94484852243
r176c1225,2000,230165.32743571597
r176c1226,2000,25537.8843869715
r176c1227,2000,21605.013362077494
r176c1228,2000,41592.50126627008
r176c1229,2000,38161.56934765684
r177c1222,2000,173978.8718896095
r177c1223,2000,618147.9798007475
r177c1224,2000,530173.376627477
r177c1225,2000,37542.959221328696
r177c1226,2000,12434.983137086449
r177c1227,2000,24389.114127698893
r177c1228,2000,262246.23467971705
r177c1229,2000,102348.9336420583
r178c1221,2000,58183.47399277889
r178c1222,2000,1471018.0763922583
r178c1223,2000,1351418.8823974642
r178c1224,2000,44038.570913122574
r178c1225,2000,74815.83228489492
r178c1226,2000,34106.9367519714
r178c1227,2000,2779.6457202240717
r178c1228,2000,1677.8735463286803
r178c1229,2000,885467.3712071123
r178c1230,2000,51381.50607196104
r179c1221,2000,109297.50265814993
r179c1222,2000,996556.5220037658
r179c1223,2000,205266.80647150724
r179c1224,2000,16471.42840914357
r179c1225,2000,63020.010251003376
r179c1226,2000,37061.91692231867
r179c1227,2000,13266.376374220177
r179c1228,2000,5607.22427391705
r179c1229,2000,118543.57198641723
r179c1230,2000,7707.059418203774
r179c1231,2000,46597.842586672865
r180c1221,2000,355070.41011581785
r180c1222,2000,526582.3225679172
r180c1223,2000,442761.984212099
r180c1224,2000,7885.383758057666
r180c1225,2000,3659.7997447592443
r180c1226,2000,28203.212305724326
r180c1227,2000,8457.296097511127
r180c1228,2000,3827.569988174039
r180c1229,2000,19891.755173448637
r180c1230,2000,18768.792519552997
r180c1231,2000,9077.756204761134
r180c1232,2000,28869.54043188885
r181c1220,2000,155059.84044961992
r181c1221,2000,193723.87421314366
r181c1222,2000,204167.36943798262
r181c1223,2000,365566.3704376954
r181c1224,2000,68860.80949604778
r181c1225,2000,52151.47949332345
r181c1226,2000,22557.239989427984
r181c1227,2000,27986.68911078894
r181c1228,2000,7860.132283500312
r181c1229,2000,42349.410848864834
r181c1230,2000,12553.146638594413
r181c1231,2000,1958.1682677513227
r181c1232,2000,5950.472969959433
r182c1219,2000,44568.183744373615
r182c1220,2000,36872.727992773296
r182c1221,2000,37047.694706446586
r182c1222,2000,903576.9964295689
r182c1223,2000,97356.46152523997
r182c1224,2000,17500.152037609296
r182c1225,2000,42324.09491491513
r182c1226,2000,14319.39058874397
r182c1227,2000,8672.330379561914
r183c1220,2000,13703.607519763918
r183c1221,2000,165148.37770663467
r183c1222,2000,71971.65397529941
r183c1224,2000,56008.13533520082
r183c1226,2000,391869.0685736064
r181c1233,2000,22075.984058568927
r182c1228,2000,76600.24755394463
r182c1229,2000,68170.80095855813
r182c1230,2000,29928.914955851556
r182c1231,2000,22596.31883007004
r182c1232,2000,37056.74628066268
r182c1233,2000,5339.584254977133
r182c1234,2000,117902.00548650339
r183c1227,2000,215368.9938903773
r183c1228,2000,504796.50893925095
r183c1229,2000,48152.76366921901
r183c1230,2000,213239.3959994513
r183c1231,2000,61403.99278163754
r183c1232,2000,10888.581223684068
r183c1233,2000,8759.8600414323
r183c1234,2000,3133.0083300007386
r184c1226,2000,1111183.7237141714
r184c1227,2000,5043586.698876357
r184c1228,2000,5987391.461762137
r184c1229,2000,104925.96227879779
r184c1230,2000,15489.328075421148
r184c1231,2000,58079.09954381264
r184c1232,2000,17662.63598378349
r184c1233,2000,10014.649348513785
r184c1234,2000,14232.07575289285
r184c1235,2000,50554.14330271587
r185c1226,2000,2039315.0420766603
r185c1227,2000,3375004.239841731
r185c1228,2000,2307559.462121322
r185c1229,2000,254238.07551487655
r185c1230,2000,110592.4595199744
r185c1231,2000,319594.3586298321
r185c1232,2000,25541.684121485807
r185c1233,2000,24020.63651565926
r185c1234,2000,16283.26576193856
r185c1235,2000,7083.147536690696
r185c1236,2000,135844.80225130718
r186c1227,2000,360634.33225879463
r186c1228,2000,716802.3873459805
r186c1229,2000,165453.58934910028
r186c1230,2000,105685.08016279228
r186c1231,2000,50296.82745401223
r186c1232,2000,124406.43891777167
r186c1233,2000,77716.55656328634
r186c1234,2000,9684.820902220772
r186c1235,2000,37585.20655353307
r186c1236,2000,25355.88115406278
r186c1237,2000,26868.785434920024
r187c1226,2000,141757.87134392516
r187c1228,2000,615166.3077656444
r187c1229,2000,144942.0240859606
r187c1230,2000,134716.8014355509
r187c1231,2000,204446.7903033987
r187c1232,2000,12310.843730152865
r187c1233,2000,19058.886402083026
r187c1234,2000,93966.61423229978
r187c1235,2000,14031.55462297682
r187c1236,2000,6657.006386975127
r187c1237,2000,17522.62573238565
r188c1225,2000,49086.868422235304
r188c1226,2000,129224.61155259486
r188c1227,2000,78677.10299380531
r188c1228,2000,32033.469407653698
r188c1229,2000,591608.6405188736
r188c1230,2000,125728.46317762807
r188c1231,2000,12007.27093513561
r188c1232,2000,72826.99900200326
r188c1233,2000,43980.71397629447
r188c1234,2000,103025.57467548481
r188c1235,2000,25132.15471293487
r188c1236,2000,27274.80116998444
r188c1237,2000,24968.23741031759
r189c1226,2000,77243.09592361815
r189c1227,2000,70608.34003013659
r189c1228,2000,98228.90415319754
r189c1229,2000,1547647.7789255572
r189c1230,2000,77059.496042893
r189c1231,2000,29368.11922087587
r189c1232,2000,80153.95402606312
r189c1233,2000,33636.37889364465
r189c1234,2000,41150.52297185292
r189c1235,2000,14223.925986676903
r189c1236,2000,18430.502885533333
r189c1237,2000,20237.75410712784
r190c1226,2000,61005.89827161569
r190c1227,2000,92946.9323603565
r190c1228,2000,174169.79717197394
r190c1229,2000,49082.411139371434
r190c1230,2000,43775.780244557725
r190c1231,2000,30871.03725230181
r190c1232,2000,122383.29111371515
r190c1233,2000,462440.38198830717
r190c1234,2000,36367.10902594009
r190c1235,2000,28988.48116152014
r190c1236,2000,27364.774375345958
r190c1237,2000,473008.25428396155
r191c1227,2000,367816.3062919974
r191c1228,2000,772465.7550692279
r191c1229,2000,18421.863389971288
r191c1230,2000,16015.677867245584
r191c1231,2000,13103.853313538799
r191c1232,2000,16660.591232456107
r191c1233,2000,331302.67086919374
r191c1234,2000,2660253.6995768524
r191c1235,2000,289223.3580689692
r191c1236,2000,173205.18548909677
r191c1237,2000,259644.81509559648
r192c1226,2000,73205.7452004312
r192c1227,2000,146549.01251157874
r192c1228,2000,25548.959747211316
r192c1229,2000,37721.39254058991
r192c1230,2000,42071.22480489692
r192c1231,2000,52841.098279606565
r192c1232,2000,30243.82107993887
r192c1233,2000,118786.49752581894
r192c1234,2000,50865.58633379665
r192c1235,2000,33462.7386979937
r192c1236,2000,68602.26664157321
r192c1237,2000,758723.8627545115
r193c1226,2000,87296.27446718913
r193c1227,2000,72240.58721612928
r193c1228,2000,56860.52603922555
r193c1229,2000,106110.99055609053
r193c1230,2000,14887.927972290341
r193c1231,2000,24026.234005263294
r193c1232,2000,24232.699231308736
r193c1233,2000,104517.82992127503
r193c1234,2000,246263.50880467106
r193c1235,2000,205871.84417518214
r193c1236,2000,464471.7179424826
r194c1224,2000,12780.805408820832
r194c1226,2000,94504.11209755632
r194c1227,2000,1566249.210458325
r194c1228,2000,26081.131105432687
r194c1229,2000,34208.41039965963
r194c1230,2000,21591.625250464807
r194c1231,2000,40870.47437824464
r194c1232,2000,273821.0958837838
r194c1233,2000,54878.43413452304
r194c1235,2000,1299126.3948354055
r194c1236,2000,3157221.0213498278
r195c1224,2000,13739.58524339804
r195c1226,2000,91262.10294026992
r195c1227,2000,34730.40418270729
r195c1228,2000,33458.215128990865
r195c1229,2000,101526.29957503051
r195c1231,2000,112082.4562235697
r195c1233,2000,171058.3053752347
r195c1234,2000,214448.43538956833
r196c1226,2000,65698.6132287023
r196c1227,2000,73805.53569500317
r196c1229,2000,41842.010343349044
r201c1225,2000,155981.23232457822
r201c1226,2000,136375.8609101166
r201c1227,2000,45737.4158900663
r163c1239,2001,119728.47812253365
r163c1240,2001,54645.78679177564
r164c1239,2001,23956.177424117872
r164c1240,2001,33733.22551803086
r165c1237,2001,7360.124639701611
r165c1238,2001,50425.139922333125
r165c1239,2001,41596.41286022662
r165c1240,2001,2420.105855320282
r165c1241,2001,140184.09403784486
r165c1242,2001,15711.56614103006
r166c1236,2001,60290.89183922758
r166c1237,2001,19142.55140563003
r166c1238,2001,51969.47923051416
r166c1239,2001,3678.9514451600853
r166c1240,2001,20884.267399878656
r167c1232,2001,5171.651115902573
r167c1233,2001,62858.29401982208
r167c1234,2001,5744.481316870057
r167c1235,2001,11056.860413351145
r167c1236,2001,13070.297287538504
r167c1237,2001,1538.6149518742136
r167c1238,2001,146547.05077544722
r167c1239,2001,650028.9575995377
r168c1226,2001,5275.004330649415
r168c1227,2001,37305.54007513213
r168c1233,2001,27134.465753865235
r168c1234,2001,1436.0095511766042
r168c1235,2001,6389.323466461221
r168c1236,2001,28.216968266293406
r168c1237,2001,1771.6944977127891
r168c1238,2001,314163.0815214463
r169c1226,2001,32851.48122175256
r169c1227,2001,11501.810207510367
r169c1228,2001,8399.767437783345
r169c1229,2001,15140.527156113923
r169c1230,2001,11467.11620200142
r169c1231,2001,11172.087679345343
r169c1232,2001,504795.7372466503
r169c1233,2001,24613.45835237128
r169c1234,2001,4891.280808371364
r169c1235,2001,364.50180097371344
r169c1236,2001,1992.9390088630403
r169c1237,2001,42188.491275513145
r169c1238,2001,48349.68452907338
r170c1225,2001,157485.62699989183
r170c1226,2001,23244.71641271975
r170c1227,2001,2710.9171871847384
r170c1228,2001,2863.78097771341
r170c1229,2001,578.9673541197553
r170c1230,2001,529.1490989029408
r170c1231,2001,3322.9264063462615
r170c1232,2001,5604.621230203644
r170c1233,2001,17129.472712821273
r170c1234,2001,8162.619117191061
r170c1235,2001,20416.11250972119
r170c1236,2001,1345.5907823206198
r170c1237,2001,40152.75950670299
r170c1238,2001,7428.974497842744
r171c1223,2001,24537.317190981714
r171c1224,2001,4950.618083238077
r171c1225,2001,1362.4735436731692
r171c1226,2001,553948.3082816892
r171c1227,2001,2446.161569578606
r171c1228,2001,13636.303926960314
r171c1229,2001,1355.9826383552186
r171c1230,2001,1440.1388312088764
r171c1231,2001,2202.567631326616
r171c1232,2001,47789.171176448566
r171c1233,2001,2312.07426408707
r171c1234,2001,843.8409500638954
r171c1235,2001,63865.19841434247
r171c1236,2001,11519.26046857388
r171c1237,2001,136211.16850734962
r171c1238,2001,35542.82379551065
r172c1221,2001,13882.81473452671
r172c1222,2001,14680.767258808784
r172c1223,2001,12178.570974210037
r172c1224,2001,3800.040386144333
r172c1225,2001,110659.86953505319
r172c1226,2001,34796.107635823704
r172c1227,2001,1088.8894277410582
r172c1228,2001,1328.7687153350562
r172c1229,2001,230.07758226292208
r172c1230,2001,9585.900979441778
r172c1231,2001,5486.510848193212
r172c1232,2001,6133.568450673109
r172c1233,2001,870.2808939692583
r172c1234,2001,42162.10852125557
r172c1235,2001,36052.606531321006
r172c1236,2001,291492.0417292096
r173c1219,2001,69907.51789772358
r173c1220,2001,96221.33972381621
r173c1221,2001,1754.8182167022526
r173c1222,2001,11178.298259221703
r173c1223,2001,594.9492087177932
r173c1224,2001,2030.3773725326282
r173c1225,2001,14314.345674167274
r173c1226,2001,7388.380815930199
r173c1227,2001,2100.336746029304
r173c1228,2001,6545.610758414391
r173c1229,2001,1330.2938844279904
r173c1230,2001,14676.84208339726
r173c1231,2001,2184.768093876987
r173c1232,2001,13725.630727706257
r173c1233,2001,62781.794355795326
r173c1234,2001,47527.8784195652
r174c1218,2001,99108.38759029329
r174c1219,2001,8414.148586262747
r174c1220,2001,127387.40565437425
r174c1221,2001,4445.241720002079
r174c1222,2001,26422.98377630294
r174c1223,2001,83875.3958710023
r174c1224,2001,181070.37493085625
r174c1225,2001,231942.78508638244
r174c1226,2001,2412.4881468968624
r174c1227,2001,6100.166655092247
r174c1228,2001,103.19112679021498
r174c1229,2001,45810.28540926892
r174c1230,2001,62386.779782440055
r174c1231,2001,144422.06258546733
r174c1232,2001,304617.1677274705
r174c1233,2001,144612.90726563492
r175c1217,2001,137179.5606735291
r175c1218,2001,179856.1842178564
r175c1219,2001,88836.12964189817
r175c1220,2001,109691.50748024277
r175c1221,2001,118367.42651258771
r175c1222,2001,71073.72265683964
r175c1223,2001,66473.84375091051
r175c1224,2001,150833.21370016556
r175c1225,2001,143544.69337118402
r175c1226,2001,6613.711799679312
r175c1227,2001,1353.648554318262
r175c1228,2001,832.4902827623656
r175c1229,2001,121112.56409353009
r175c1230,2001,1470695.084111742
r176c1218,2001,10035.490864216516
r176c1220,2001,238381.59787178415
r176c1221,2001,31242.876346527923
r176c1222,2001,518425.9287468992
r176c1223,2001,208837.00297373979
r176c1224,2001,159430.45456868634
r176c1225,2001,233342.4381901833
r176c1226,2001,25690.175792823546
r176c1227,2001,21821.428324616372
r176c1228,2001,41827.52038305212
r176c1229,2001,38356.967207013746
r177c1222,2001,173896.5117083913
r177c1223,2001,622664.7544333343
r177c1224,2001,535265.9046520179
r177c1225,2001,37787.79493861169
r177c1226,2001,12515.52190590371
r177c1227,2001,24905.343381962455
r177c1228,2001,264907.6050774409
r177c1229,2001,104620.67190846287
r178c1221,2001,58328.397123624854
r178c1222,2001,1499060.902770641
r178c1223,2001,1376516.9759510444
r178c1224,2001,44641.33277024645
r178c1225,2001,75397.02452901882
r178c1226,2001,34070.44529632952
r178c1227,2001,2788.065174227901
r178c1228,2001,1728.1146496486208
r178c1229,2001,900688.8637048213
r178c1230,2001,52540.35263119464
r179c1221,2001,110048.77251984473
r179c1222,2001,1007174.0333624803
r179c1223,2001,210412.19551861097
r179c1224,2001,16890.654501297377
r179c1225,2001,63687.90883862358
r179c1226,2001,37319.768106113086
r179c1227,2001,13442.963072373424
r179c1228,2001,5698.410613641785
r179c1229,2001,121119.12526902386
r179c1230,2001,7989.5407081935255
r179c1231,2001,47630.39854344423
r180c1221,2001,355003.326538298
r180c1222,2001,531906.1733953125
r180c1223,2001,445543.33408645744
r180c1224,2001,8004.070938813017
r180c1225,2001,3735.143248187568
r180c1226,2001,28525.44631569994
r180c1227,2001,8675.851963597703
r180c1228,2001,3913.090630780486
r180c1229,2001,20622.186633388694
r180c1230,2001,19237.623149882078
r180c1231,2001,9250.213742893735
r180c1232,2001,29351.229125147525
r181c1220,2001,156629.39068915215
r181c1221,2001,195266.46210803467
r181c1222,2001,206987.32532506826
r181c1223,2001,368996.0566052651
r181c1224,2001,69417.1368761143
r181c1225,2001,52612.34525611621
r181c1226,2001,22752.57846058988
r181c1227,2001,28533.079084833822
r181c1228,2001,8034.418132825144
r181c1229,2001,43487.00183599857
r181c1230,2001,12870.861817586512
r181c1231,2001,1987.203780069823
r181c1232,2001,6050.499840259557
r182c1219,2001,45772.779332285514
r182c1220,2001,37471.19834789684
r182c1221,2001,37340.66653175392
r182c1222,2001,909057.9586437291
r182c1223,2001,98585.2106327006
r182c1224,2001,17805.177611622745
r182c1225,2001,42979.77653939556
r182c1226,2001,14317.58904672332
r182c1227,2001,8952.658318218495
r183c1220,2001,14038.929032918564
r183c1221,2001,168734.75122563157
r183c1222,2001,72752.7879804695
r183c1224,2001,56619.42960633438
r183c1226,2001,394002.7110199312
r181c1233,2001,22102.635260283343
r182c1228,2001,78774.1583996306
r182c1229,2001,69722.28641608391
r182c1230,2001,30091.75661207025
r182c1231,2001,22970.530158853413
r182c1232,2001,37211.238813412034
r182c1233,2001,5404.56002183151
r182c1234,2001,117419.54988480806
r183c1227,2001,225104.10133531023
r183c1228,2001,522111.70088059304
r183c1229,2001,49657.21650529187
r183c1230,2001,212484.44453164114
r183c1231,2001,62046.78214072356
r183c1232,2001,11039.647938346347
r183c1233,2001,8826.79633540455
r183c1234,2001,3165.98816835948
r184c1226,2001,1144324.1330174732
r184c1227,2001,5059072.842817503
r184c1228,2001,5995448.250309932
r184c1229,2001,109210.82839267085
r184c1230,2001,16012.406777669581
r184c1231,2001,58369.4706717894
r184c1232,2001,17966.580588080353
r184c1233,2001,10250.156563461547
r184c1234,2001,14528.156813698031
r184c1235,2001,51065.68227942844
r185c1226,2001,2053433.5941829905
r185c1227,2001,3403307.255767369
r185c1228,2001,2348789.2851850525
r185c1229,2001,263936.92951937765
r185c1230,2001,114563.94485936245
r185c1231,2001,321624.8687326349
r185c1232,2001,25940.54980844625
r185c1233,2001,24115.37225605853
r185c1234,2001,16346.206421386089
r185c1235,2001,7133.1580317091775
r185c1236,2001,135236.0072328046
r186c1227,2001,387651.1222947247
r186c1228,2001,755931.1016943103
r186c1229,2001,171331.73429874348
r186c1230,2001,109363.35796323892
r186c1231,2001,50718.937628191044
r186c1232,2001,124566.82952427222
r186c1233,2001,77147.1086030488
r186c1234,2001,9724.268126973666
r186c1235,2001,37317.93948393172
r186c1236,2001,25145.05584430009
r186c1237,2001,27112.45808447473
r187c1226,2001,145950.4744981734
r187c1228,2001,631698.7808290033
r187c1229,2001,148457.92003215174
r187c1230,2001,137203.524089815
r187c1231,2001,204549.2851825798
r187c1232,2001,12313.320256317984
r187c1233,2001,18974.375512080445
r187c1234,2001,94481.5623312795
r187c1235,2001,14171.383145299846
r187c1236,2001,6655.3853064679515
r187c1237,2001,17576.54945078564
r188c1225,2001,49589.97227198945
r188c1226,2001,130693.49880321001
r188c1227,2001,79341.55287627493
r188c1228,2001,34880.026932874796
r188c1229,2001,603493.5507387778
r188c1230,2001,127167.85117629317
r188c1231,2001,11966.571876014003
r188c1232,2001,72893.54226962914
r188c1233,2001,44093.679530723435
r188c1234,2001,102794.46810216072
r188c1235,2001,25123.14907210759
r188c1236,2001,27211.22028956976
r188c1237,2001,24894.283803763516
r189c1226,2001,78022.48077173805
r189c1227,2001,71181.97319036003
r189c1228,2001,99404.55167756935
r189c1229,2001,1557375.4969946765
r189c1230,2001,77212.7800601307
r189c1231,2001,29431.08844209544
r189c1232,2001,80188.14766973244
r189c1233,2001,33735.41745185858
r189c1234,2001,41027.7380273549
r189c1235,2001,14262.045479041357
r189c1236,2001,18452.43476367119
r189c1237,2001,20250.93750120521
r190c1226,2001,61443.101657078136
r190c1227,2001,93378.28761080196
r190c1228,2001,175368.95145131252
r190c1229,2001,49653.60913791145
r190c1230,2001,43883.065150181836
r190c1231,2001,30850.19276533566
r190c1232,2001,123546.81749204398
r190c1233,2001,461954.33374645363
r190c1234,2001,36460.613947281774
r190c1235,2001,29041.253755465492
r190c1236,2001,27506.02451196879
r190c1237,2001,470245.9133483015
r191c1227,2001,365706.7086428687
r191c1228,2001,770881.5105785447
r191c1229,2001,18398.84638280087
r191c1230,2001,15984.522661490624
r191c1231,2001,13222.962536391991
r191c1232,2001,16720.662601183823
r191c1233,2001,333432.9345485809
r191c1234,2001,2653647.6085941517
r191c1235,2001,289690.27640675067
r191c1236,2001,172701.7378786463
r191c1237,2001,259901.11574102493
r192c1226,2001,73532.76125727687
r192c1227,2001,147158.39155821106
r192c1228,2001,25480.069667936685
r192c1229,2001,37760.15197679353
r192c1230,2001,42252.67639007786
r192c1231,2001,53822.068688012085
r192c1232,2001,30524.842996331397
r192c1233,2001,120731.93385854381
r192c1234,2001,51058.702954002074
r192c1235,2001,33680.7939282657
r192c1236,2001,70162.1342145389
r192c1237,2001,764604.433940235
r193c1226,2001,87695.5386881238
r193c1227,2001,72815.58237552248
r193c1228,2001,56904.47413246019
r193c1229,2001,105891.1167910022
r193c1230,2001,15003.828594604875
r193c1231,2001,24508.720318581298
r193c1232,2001,24454.503559372148
r193c1233,2001,106062.2369302548
r193c1234,2001,249610.1156622038
r193c1235,2001,210474.91639738844
r193c1236,2001,471028.44903431926
r194c1224,2001,12855.054429872807
r194c1226,2001,94923.72426187019
r194c1227,2001,1575857.065104146
r194c1228,2001,26052.43737179786
r194c1229,2001,34045.93839855588
r194c1230,2001,21693.857047998863
r194c1231,2001,41947.488857006654
r194c1232,2001,276852.2895842917
r194c1233,2001,55750.54523619024
r194c1235,2001,1300986.6160329622
r194c1236,2001,3131602.8854459925
r195c1224,2001,13564.570897858193
r195c1226,2001,91191.99169267502
r195c1227,2001,34715.95166156289
r195c1228,2001,33372.932300407265
r195c1229,2001,100829.41084243672
r195c1231,2001,111505.47414694323
r195c1233,2001,172439.46016488847
r195c1234,2001,215942.7814152351
r196c1226,2001,65477.33278958306
r196c1227,2001,73536.95803099821
r196c1229,2001,41400.591131834175
r201c1225,2001,158516.5017966773
r201c1226,2001,140285.19666296634
r201c1227,2001,46356.91900612124
r163c1239,2002,119299.67643156848
r163c1240,2002,54836.59125229163
r164c1239,2002,23882.570470898485
r164c1240,2002,33775.68811825628
r165c1237,2002,7393.583918539582
r165c1238,2002,50370.672361543264
r165c1239,2002,41576.45834173437
r165c1240,2002,2431.378849204273
r165c1241,2002,139728.5330251511
r165c1242,2002,15602.369279802537
r166c1236,2002,60249.49397533045
r166c1237,2002,19138.37811855182
r166c1238,2002,51958.740679147406
r166c1239,2002,3706.3837672539653
r166c1240,2002,21075.7012449997
r167c1232,2002,5281.6619780513065
r167c1233,2002,65279.26972438123
r167c1234,2002,5734.525785263204
r167c1235,2002,11114.2280268473
r167c1236,2002,13119.756228831357
r167c1237,2002,1540.924928415402
r167c1238,2002,146536.19544506047
r167c1239,2002,649210.844477023
r168c1226,2002,5259.4638225373465
r168c1227,2002,38173.6686493951
r168c1233,2002,27181.453409445472
r168c1234,2002,1423.860255286974
r168c1235,2002,6431.8305072932235
r168c1236,2002,28.168126739561558
r168c1237,2002,1772.3059662029805
r168c1238,2002,314163.41466277593
r169c1226,2002,32764.502969161564
r169c1227,2002,11527.50644184649
r169c1228,2002,8485.972358405837
r169c1229,2002,15174.471323415659
r169c1230,2002,11422.957693605274
r169c1231,2002,11083.052896916215
r169c1232,2002,501818.86865871126
r169c1233,2002,24574.211820222426
r169c1234,2002,4864.319870077395
r169c1235,2002,361.86609171865615
r169c1236,2002,2005.9706501870178
r169c1237,2002,42236.3741602777
r169c1238,2002,48391.252918159415
r170c1225,2002,156958.23611201832
r170c1226,2002,23471.622931437538
r170c1227,2002,2742.840780744329
r170c1228,2002,2880.1318584615365
r170c1229,2002,577.3133724825457
r170c1230,2002,534.3027867171913
r170c1231,2002,3349.9713172614574
r170c1232,2002,5591.076984696266
r170c1233,2002,17041.46545973011
r170c1234,2002,8107.2349313646555
r170c1235,2002,20440.26579428569
r170c1236,2002,1357.261376326535
r170c1237,2002,40175.93329602382
r170c1238,2002,7480.112849022751
r171c1223,2002,24447.83694149354
r171c1224,2002,4934.77063290184
r171c1225,2002,1369.7676974574724
r171c1226,2002,556117.9416542669
r171c1227,2002,2497.749124746361
r171c1228,2002,13651.312167093643
r171c1229,2002,1373.5151146627195
r171c1230,2002,1446.9578269959518
r171c1231,2002,2188.01302530244
r171c1232,2002,47629.01640629726
r171c1233,2002,2311.9024989355166
r171c1234,2002,852.1254353709519
r171c1235,2002,63907.89986874944
r171c1236,2002,11592.916663986296
r171c1237,2002,136273.09679356468
r171c1238,2002,35743.83921432901
r172c1221,2002,13918.478187680963
r172c1222,2002,14739.05450130088
r172c1223,2002,12115.715086580221
r172c1224,2002,3797.4210457879244
r172c1225,2002,110173.63368606496
r172c1226,2002,34940.16231065461
r172c1227,2002,1084.8814675593749
r172c1228,2002,1319.1138069964945
r172c1229,2002,232.17973717162386
r172c1230,2002,9670.018441838241
r172c1231,2002,5470.493832753756
r172c1232,2002,6135.527403731845
r172c1233,2002,875.3517231783884
r172c1234,2002,42273.36334240969
r172c1235,2002,36144.43639752039
r172c1236,2002,291935.0533149312
r173c1219,2002,71134.48177018967
r173c1220,2002,97334.42704251112
r173c1221,2002,1782.0403975700485
r173c1222,2002,11397.796315928885
r173c1223,2002,593.8464581742883
r173c1224,2002,2028.2606286682735
r173c1225,2002,14420.34760445911
r173c1226,2002,7418.751845829189
r173c1227,2002,2111.819043901621
r173c1228,2002,6576.6605056558465
r173c1229,2002,1334.3528825504138
r173c1230,2002,14756.928436660126
r173c1231,2002,2225.2634874288706
r173c1232,2002,14054.967730688075
r173c1233,2002,63201.16978760564
r173c1234,2002,47763.12995706036
r174c1218,2002,101289.86506929787
r174c1219,2002,8666.2381611934
r174c1220,2002,128486.2759982508
r174c1221,2002,4533.251864766417
r174c1222,2002,26969.882201715227
r174c1223,2002,84836.35461445857
r174c1224,2002,181790.4189334615
r174c1225,2002,231485.5642514087
r174c1226,2002,2402.540005525233
r174c1227,2002,6067.343531378416
r174c1228,2002,103.11565873876133
r174c1229,2002,46086.481060041675
r174c1230,2002,62846.38541783899
r174c1231,2002,144951.2761336388
r174c1232,2002,305441.9846802983
r174c1233,2002,145444.6283389916
r175c1217,2002,139976.60663563333
r175c1218,2002,183226.0907294312
r175c1219,2002,90572.78259947922
r175c1220,2002,110838.56266627638
r175c1221,2002,119441.57778535942
r175c1222,2002,72570.99512070445
r175c1223,2002,67374.10511708425
r175c1224,2002,153716.00650925378
r175c1225,2002,144730.65319062886
r175c1226,2002,6873.65815293735
r175c1227,2002,1364.5869370118003
r175c1228,2002,838.9569126840736
r175c1229,2002,121846.63879788041
r175c1230,2002,1473263.8359097214
r176c1218,2002,10477.658563806812
r176c1220,2002,241086.48761108506
r176c1221,2002,31435.38690164688
r176c1222,2002,522436.33532414475
r176c1223,2002,209219.42879637913
r176c1224,2002,163340.16382979712
r176c1225,2002,236429.46621493055
r176c1226,2002,25835.685811668503
r176c1227,2002,22031.180076046265
r176c1228,2002,42050.042385494984
r176c1229,2002,38540.93545008619
r177c1222,2002,173786.20069890725
r177c1223,2002,627004.4690020296
r177c1224,2002,540186.8858432757
r177c1225,2002,38022.35321974495
r177c1226,2002,12592.658559634978
r177c1227,2002,25413.527637073923
r177c1228,2002,267485.17254298134
r177c1229,2002,106871.64957159573
r178c1221,2002,58461.1524335602
r178c1222,2002,1526606.0138899353
r178c1223,2002,1401194.5798258511
r178c1224,2002,45237.7072241524
r178c1225,2002,75956.23522444848
r178c1226,2002,34028.72045695511
r178c1227,2002,2795.8664685820995
r178c1228,2002,1778.3052676469752
r178c1229,2002,915602.4891282504
r178c1230,2002,53688.02682800108
r179c1221,2002,110757.4132077297
r179c1222,2002,1017545.2868177384
r179c1223,2002,215519.61212635835
r179c1224,2002,17308.074864086953
r179c1225,2002,64337.35477736187
r179c1226,2002,37566.565956963444
r179c1227,2002,13615.524572814546
r179c1228,2002,5787.521045618986
r179c1229,2002,123666.52159416533
r179c1230,2002,8272.98481625178
r179c1231,2002,48652.37529073609
r180c1221,2002,354840.4593227262
r180c1222,2002,537075.18830621
r180c1223,2002,448192.2710080726
r180c1224,2002,8120.514558357172
r180c1225,2002,3809.4468935023992
r180c1226,2002,28839.36907159694
r180c1227,2002,8893.2396817782
r180c1228,2002,3997.7594567298283
r180c1229,2002,21355.13602441343
r180c1230,2002,19703.4781631637
r180c1231,2002,9419.913603838784
r180c1232,2002,29822.526088640636
r181c1220,2002,158152.73259773268
r181c1221,2002,196749.61547945873
r181c1222,2002,209748.90085417926
r181c1223,2002,372317.59085577115
r181c1224,2002,69952.99835757767
r181c1225,2002,53057.75282497386
r181c1226,2002,22941.226419716186
r181c1227,2002,29071.200106911754
r181c1228,2002,8218.455074663056
r181c1229,2002,44598.66547263716
r181c1230,2002,13213.462364667848
r181c1231,2002,2016.887725403193
r181c1232,2002,6140.688551009722
r182c1219,2002,46967.16410926666
r182c1220,2002,38059.59855635988
r182c1221,2002,37622.26394147377
r182c1222,2002,914254.7117563236
r182c1223,2002,99785.9342102457
r182c1224,2002,18105.503999592016
r182c1225,2002,43624.037058042
r182c1226,2002,14312.11636544897
r182c1227,2002,9226.99935993174
r183c1220,2002,14370.96811682704
r183c1221,2002,172279.71407524275
r183c1222,2002,73512.68877960849
r183c1224,2002,57212.99655575538
r183c1226,2002,396272.0678463875
r181c1233,2002,22091.32229329086
r182c1228,2002,80812.77374928052
r182c1229,2002,71144.87031908835
r182c1230,2002,30198.974439238093
r182c1231,2002,23294.47415973611
r182c1232,2002,37298.39528712233
r182c1233,2002,5458.4285954520965
r182c1234,2002,116754.88342080518
r183c1227,2002,234508.30767804792
r183c1228,2002,538585.5453902954
r183c1229,2002,51079.65306607541
r183c1230,2002,211411.1212952416
r183c1231,2002,62565.27497576601
r183c1232,2002,11167.454067859137
r183c1233,2002,8876.81491447954
r183c1234,2002,3192.6200224808113
r184c1226,2002,1175671.4584994363
r184c1227,2002,5065618.668213772
r184c1228,2002,5992932.5197601905
r184c1229,2002,113329.00875209832
r184c1230,2002,16507.77147416662
r184c1231,2002,58553.55061333128
r184c1232,2002,18230.857001039156
r184c1233,2002,10461.094642236822
r184c1234,2002,14790.59157363291
r184c1235,2002,51475.46824851075
r185c1226,2002,2063962.2906872767
r185c1227,2002,3425423.140757856
r185c1228,2002,2385901.0937693017
r185c1229,2002,273223.7328459379
r185c1230,2002,118353.23261772901
r185c1231,2002,323054.1339847847
r185c1232,2002,26283.38895585656
r185c1233,2002,24166.637808867785
r185c1234,2002,16379.721380381765
r185c1235,2002,7169.624238598479
r185c1236,2002,134419.01208921566
r186c1227,2002,414241.87604567106
r186c1228,2002,794038.8959597123
r186c1229,2002,176925.96469873868
r186c1230,2002,112850.14491873143
r186c1231,2002,51048.497629042635
r186c1232,2002,124536.98431386624
r186c1233,2002,76477.75068024511
r186c1234,2002,9746.311922345056
r186c1235,2002,36996.28694323479
r186c1236,2002,24897.951360819592
r186c1237,2002,27301.838190627193
r187c1226,2002,149824.75437720772
r187c1228,2002,647051.5040266727
r187c1229,2002,151656.21855415578
r187c1230,2002,139388.62077689442
r187c1231,2002,204346.7945404925
r187c1232,2002,12297.211757171794
r187c1233,2002,18864.787862165438
r187c1234,2002,94815.7091650745
r187c1235,2002,14282.404259282153
r187c1236,2002,6642.050860411933
r187c1237,2002,17597.96815800514
r188c1225,2002,50014.632505205955
r188c1226,2002,131951.0385351467
r188c1227,2002,79885.02713029376
r188c1228,2002,37774.455628631884
r188c1229,2002,614116.21492221
r188c1230,2002,128362.41341481458
r188c1231,2002,11908.735353326763
r188c1232,2002,72829.59411784366
r188c1233,2002,44125.70333007991
r188c1234,2002,102388.00564106929
r188c1235,2002,25070.005187130682
r188c1236,2002,27101.284993243695
r188c1237,2002,24778.34872101052
r189c1226,2002,78678.83874179766
r189c1227,2002,71647.79703379833
r189c1228,2002,100510.54457935833
r189c1229,2002,1564503.9503675085
r189c1230,2002,77246.46735629812
r189c1231,2002,29446.251488826667
r189c1232,2002,80079.8136781715
r189c1233,2002,33772.188291485625
r189c1234,2002,40835.78868050245
r189c1235,2002,14273.941815217468
r189c1236,2002,18441.177628142
r189c1237,2002,20227.990925328304
r190c1226,2002,61788.89304601148
r190c1227,2002,93646.19472466614
r190c1228,2002,176286.6837579903
r190c1229,2002,50140.53185095661
r190c1230,2002,43923.82996740237
r190c1231,2002,30784.181711115252
r190c1232,2002,124460.88067397548
r190c1233,2002,460665.33358422405
r190c1234,2002,36487.193346653854
r190c1235,2002,29041.299498369204
r190c1236,2002,27594.87262717712
r190c1237,2002,466727.395084104
r191c1227,2002,363012.8917107248
r191c1228,2002,767940.772600856
r191c1229,2002,18342.813444923933
r191c1230,2002,15925.400142024175
r191c1231,2002,13318.15562152807
r191c1232,2002,16750.353550298325
r191c1233,2002,334937.32412672194
r191c1234,2002,2642401.338171271
r191c1235,2002,289633.2870809148
r191c1236,2002,171906.78856051926
r191c1237,2002,259691.37187807338
r192c1226,2002,73709.50503889403
r192c1227,2002,147469.00430391
r192c1228,2002,25367.064735466447
r192c1229,2002,37727.38490535355
r192c1230,2002,42359.95610122318
r192c1231,2002,54705.53034545327
r192c1232,2002,30752.68457226332
r192c1233,2002,122443.07138167115
r192c1234,2002,51162.25156966378
r192c1235,2002,33839.13211797598
r192c1236,2002,71597.68526376586
r192c1237,2002,769142.993414587
r193c1226,2002,87910.39227438031
r193c1227,2002,73222.13282824362
r193c1228,2002,56838.29033033459
r193c1229,2002,105481.68121942424
r193c1230,2002,15089.611270709263
r193c1231,2002,24946.491825592107
r193c1232,2002,24633.959473767034
r193c1233,2002,107417.88666739718
r193c1234,2002,252515.01156168705
r193c1235,2002,214689.97519119413
r193c1236,2002,476671.6083499213
r194c1224,2002,12900.570690513445
r194c1226,2002,95145.17029101617
r194c1227,2002,1582671.3815429162
r194c1228,2002,25973.4111842236
r194c1229,2002,33822.65859489179
r194c1230,2002,21754.57402385733
r194c1231,2002,42944.713641556824
r194c1232,2002,279399.5090899649
r194c1233,2002,56522.91117606628
r194c1235,2002,1300459.6944518024
r194c1236,2002,3100552.4413243365
r195c1224,2002,13370.024776823999
r195c1226,2002,90943.4638365185
r195c1227,2002,34633.05657788897
r195c1228,2002,33224.89405437342
r195c1229,2002,99961.61983060194
r195c1231,2002,110756.25185847192
r195c1233,2002,173523.5948409188
r195c1234,2002,217067.2294747544
r196c1226,2002,65135.224074295
r196c1227,2002,73133.53355754071
r196c1229,2002,40895.6102333715
r201c1225,2002,160780.4897602651
r201c1226,2002,143932.6775623918
r201c1227,2002,46898.6817317275
r163c1239,2003,118799.69088921859
r163c1240,2003,54974.1348964901
r164c1239,2003,23790.933280148936
r164c1240,2003,33783.10926997682
r165c1237,2003,7419.8424407962975
r165c1238,2003,50266.0504924371
r165c1239,2003,41513.65672299272
r165c1240,2003,2440.08232826511
r165c1241,2003,139124.9439796263
r165c1242,2003,15479.685189976495
r166c1236,2003,60146.50481149128
r166c1237,2003,19114.455000572936
r166c1238,2003,51894.3798494298
r166c1239,2003,3729.8421679806893
r166c1240,2003,21243.766326427252
r167c1232,2003,5384.4308045869375
r167c1233,2003,67582.7585579121
r167c1234,2003,5718.776153440364
r167c1235,2003,11159.233526056667
r167c1236,2003,13155.399833957661
r167c1237,2003,1541.6307613063532
r167c1238,2003,146374.01138670556
r167c1239,2003,647726.3529791143
r168c1226,2003,5242.376757947724
r168c1227,2003,38985.17928622348
r168c1233,2003,27199.275178804037
r168c1234,2003,1410.469054849475
r168c1235,2003,6466.7463980844495
r168c1236,2003,28.090441286563873
r168c1237,2003,1771.0832461783552
r168c1238,2003,313839.18426537106
r169c1226,2003,32647.79071696132
r169c1227,2003,11541.008834429085
r169c1228,2003,8561.548969437927
r169c1229,2003,15193.683063890014
r169c1230,2003,11372.215232548388
r169c1231,2003,10989.44574617009
r169c1232,2003,498396.99155994254
r169c1233,2003,24510.06611865521
r169c1234,2003,4832.820441126122
r169c1235,2003,358.905582100153
r169c1236,2003,2016.861091159832
r169c1237,2003,42240.36962865149
r169c1238,2003,48382.608832715596
r170c1225,2003,156287.20683050778
r170c1226,2003,23669.72042203221
r170c1227,2003,2771.2745930769206
r170c1228,2003,2893.2097195703536
r170c1229,2003,575.1040988583118
r170c1230,2003,538.8946491703391
r170c1231,2003,3372.9633112847805
r170c1232,2003,5571.961544280323
r170c1233,2003,16937.42736870934
r170c1234,2003,8044.504102431238
r170c1235,2003,20443.631384940418
r170c1236,2003,1367.4681467964112
r170c1237,2003,40157.47910055132
r170c1238,2003,7523.25336195703
r171c1223,2003,24342.308629203235
r171c1224,2003,4915.019809048008
r171c1225,2003,1375.5162362483202
r171c1226,2003,557678.1042023075
r171c1227,2003,2545.6453356540524
r171c1228,2003,13652.231386518682
r171c1229,2003,1389.6849898572464
r171c1230,2003,1452.2713663070263
r171c1231,2003,2171.466362938285
r171c1232,2003,47422.312581557315
r171c1233,2003,2309.458719607318
r171c1234,2003,859.5112154572271
r171c1235,2003,63884.81867353333
r171c1236,2003,11654.207195322513
r171c1237,2003,136193.91465430663
r171c1238,2003,35906.86632727334
r172c1221,2003,13947.72134684188
r172c1222,2003,14781.60827885129
r172c1223,2003,12042.091895265778
r172c1224,2003,3791.0374455799692
r172c1225,2003,109587.54083037784
r172c1226,2003,35045.74856365236
r172c1227,2003,1079.8724694028497
r172c1228,2003,1308.3514109682292
r172c1229,2003,234.0374545850791
r172c1230,2003,9743.979227037697
r172c1231,2003,5449.082457866768
r172c1232,2003,6131.467719273811
r172c1233,2003,879.5091137938784
r172c1234,2003,42340.88586547095
r172c1235,2003,36198.883834700384
r172c1236,2003,292074.1588504835
r173c1219,2003,72295.40540260533
r173c1220,2003,98346.02716576953
r173c1221,2003,1807.4226149805254
r173c1222,2003,11605.775204837264
r173c1223,2003,592.1708590239286
r173c1224,2003,2024.1497282565078
r173c1225,2003,14509.411575965101
r173c1226,2003,7440.959827628918
r173c1227,2003,2120.9221386609966
r173c1228,2003,6600.867450286422
r173c1229,2003,1337.0299224777
r173c1230,2003,14821.631262084024
r173c1231,2003,2263.358293661877
r173c1232,2003,14368.93342567997
r173c1233,2003,63554.44286626087
r173c1234,2003,47948.65814863531
r174c1218,2003,103369.84369422507
r174c1219,2003,8909.820241694671
r174c1220,2003,129449.30696510298
r174c1221,2003,4616.650504743359
r174c1222,2003,27489.43035186268
r174c1223,2003,85708.4897028617
r174c1224,2003,182331.78056563454
r174c1225,2003,230806.2147228878
r174c1226,2003,2390.4560992414135
r174c1227,2003,6029.534560906551
r174c1228,2003,102.93850498535332
r174c1229,2003,46314.55903232649
r174c1230,2003,63240.13877437962
r174c1231,2003,145330.11572739738
r174c1232,2003,305950.7587630858
r174c1233,2003,146124.60820029458
r175c1217,2003,142607.73634630948
r175c1218,2003,186408.917472773
r175c1219,2003,92217.21881514204
r175c1220,2003,111869.17089456873
r175c1221,2003,120389.64647926387
r175c1222,2003,73994.76835380947
r175c1223,2003,68202.53348024887
r175c1224,2003,156424.4371537217
r175c1225,2003,145764.46369086945
r175c1226,2003,7122.9275334651775
r175c1227,2003,1374.15620100805
r175c1228,2003,844.5435250129094
r175c1229,2003,122453.48560660757
r175c1230,2003,1474312.1860161216
r176c1218,2003,10910.045925469964
r176c1220,2003,243538.85938389052
r176c1221,2003,31596.444377143776
r176c1222,2003,525897.7559088513
r176c1223,2003,209404.31119810278
r176c1224,2003,167034.52890203078
r176c1225,2003,239248.315750607
r176c1226,2003,25955.117739192483
r176c1227,2003,22217.70853371239
r176c1228,2003,42228.744377110546
r176c1229,2003,38684.79796588767
r177c1222,2003,173519.05181827862
r177c1223,2003,630698.0902894889
r177c1224,2003,544531.2293452113
r177c1225,2003,38218.215799413105
r177c1226,2003,12656.981901189753
r177c1227,2003,25894.13934980487
r177c1228,2003,269777.8985321317
r177c1229,2003,109019.3230322052
r178c1221,2003,58538.239592620295
r178c1222,2003,1552485.3555380122
r178c1223,2003,1424380.4211426876
r178c1224,2003,45793.264758736965
r178c1225,2003,76436.6173258394
r178c1226,2003,33956.54579242458
r178c1227,2003,2800.968657479424
r178c1228,2003,1827.045503408972
r178c1229,2003,929510.7019694776
r178c1230,2003,54783.04955907924
r179c1221,2003,111340.92484417823
r179c1222,2003,1026903.3619515421
r179c1223,2003,220421.7042004484
r179c1224,2003,17710.218392876286
r179c1225,2003,64919.91100095896
r179c1226,2003,37774.24890044473
r179c1227,2003,13773.756396431176
r179c1228,2003,5870.157257623474
r179c1229,2003,126090.42052841719
r179c1230,2003,8550.775136405467
r179c1231,2003,49626.22282935865
r180c1221,2003,354320.5324269788
r180c1222,2003,541685.4651462638
r180c1223,2003,450374.49415181176
r180c1224,2003,8228.54397699992
r180c1225,2003,3879.7837697905143
r180c1226,2003,29123.233952557457
r180c1227,2003,9102.531018106642
r180c1228,2003,4078.4894733114056
r180c1229,2003,22073.520981803314
r180c1230,2003,20151.040682596235
r180c1231,2003,9579.644856179853
r180c1232,2003,30260.74163826267
r181c1220,2003,159510.94158685653
r181c1221,2003,198026.0961193679
r181c1222,2003,212293.10865696223
r181c1223,2003,375251.4168163363
r181c1224,2003,70416.01464052679
r181c1225,2003,53447.9087738548
r181c1226,2003,23105.984856576702
r181c1227,2003,29578.77045823758
r181c1228,2003,8412.195622232344
r181c1229,2003,45664.87079573192
r181c1230,2003,13586.193111257868
r181c1231,2003,2047.0570741469076
r181c1232,2003,6224.017577857669
r182c1219,2003,48114.7400640324
r182c1220,2003,38608.92611681527
r182c1221,2003,37864.3354492201
r182c1222,2003,918486.0105996839
r182c1223,2003,100883.1850155484
r182c1224,2003,18387.299613207488
r182c1225,2003,44223.67927676016
r182c1226,2003,14292.42830588537
r182c1227,2003,9496.15403078603
r183c1220,2003,14688.584212620333
r183c1221,2003,175650.46233918663
r183c1222,2003,74195.98792536155
r183c1224,2003,57747.87278467476
r183c1226,2003,398476.1476935796
r181c1233,2003,22062.99619352576
r182c1228,2003,82784.12430568755
r182c1229,2003,72500.41736414962
r182c1230,2003,30278.884659823292
r182c1231,2003,23589.356308580973
r182c1232,2003,37353.30888670507
r182c1233,2003,5506.2171539446545
r182c1234,2003,116020.3303804454
r183c1227,2003,243761.63443533832
r183c1228,2003,554656.8720847778
r183c1229,2003,52462.385591964194
r183c1230,2003,210221.75137257995
r183c1231,2003,63017.35470753923
r183c1232,2003,11282.238416755179
r183c1233,2003,8918.190396905897
r183c1234,2003,3215.8571416745813
r184c1226,2003,1206198.3504882841
r184c1227,2003,5068003.063681617
r184c1228,2003,5985540.942081949
r184c1229,2003,117369.61364421075
r184c1230,2003,16988.988111044197
r184c1231,2003,58686.266896651476
r184c1232,2003,18472.032982934077
r184c1233,2003,10656.814063148388
r184c1234,2003,15032.694745979876
r184c1235,2003,51831.169657597115
r185c1226,2003,2072815.0922821392
r185c1227,2003,3444523.1989382748
r185c1228,2003,2421002.190417628
r185c1229,2003,282316.49814396026
r185c1230,2003,122055.91633306825
r185c1231,2003,324184.20794884115
r185c1232,2003,26594.1882944356
r185c1233,2003,24197.184693663294
r185c1234,2003,16399.234424665414
r185c1235,2003,7199.239828030644
r185c1236,2003,133523.27182316608
r186c1227,2003,440675.1580532673
r186c1228,2003,831704.279512996
r186c1229,2003,182380.27336630068
r186c1230,2003,116238.37364257623
r186c1231,2003,51332.8223788123
r186c1232,2003,124433.04187420348
r186c1233,2003,75781.3834010872
r186c1234,2003,9760.11056596602
r186c1235,2003,36656.132356661925
r186c1236,2003,24638.844620376905
r186c1237,2003,27462.262477622447
r187c1226,2003,153512.20347179682
r187c1228,2003,661782.2165076564
r187c1229,2003,154671.84583743574
r187c1230,2003,141399.7153077491
r187c1231,2003,204030.00290142721
r187c1232,2003,12273.998976458322
r187c1233,2003,18747.781604809225
r187c1234,2003,95058.04515866407
r187c1235,2003,14377.824580625049
r187c1236,2003,6623.357129912705
r187c1237,2003,17603.5313781634
r188c1225,2003,50405.87061406639
r188c1226,2003,133115.83188865767
r188c1227,2003,80379.61102887688
r188c1228,2003,40727.32416205876
r188c1229,2003,624046.2751713766
r188c1230,2003,129430.53827712954
r188c1231,2003,11845.012819628586
r188c1232,2003,72704.54951696425
r188c1233,2003,44118.60349665421
r188c1234,2003,101904.7924532907
r188c1235,2003,24996.714910705217
r188c1236,2003,26971.10277253315
r188c1237,2003,24644.35215738853
r189c1226,2003,79283.0093425396
r189c1227,2003,72070.4919136974
r189c1228,2003,101625.84149007527
r189c1229,2003,1570471.1334184073
r189c1230,2003,77232.5093022135
r189c1231,2003,29441.036523373943
r189c1232,2003,79905.38465181072
r189c1233,2003,33778.65752647222
r189c1234,2003,40614.099015044114
r189c1235,2003,14273.137403479739
r189c1236,2003,18414.288936609824
r189c1237,2003,20188.2072972115
r190c1226,2003,62099.15053709528
r190c1227,2003,93838.11666009418
r190c1228,2003,177084.07495219668
r190c1229,2003,50588.45384599466
r190c1230,2003,43938.84396180292
r190c1231,2003,30701.81745699644
r190c1232,2003,125240.74054337615
r190c1233,2003,459015.2633146818
r190c1234,2003,36481.42518298793
r190c1235,2003,29016.209800240307
r190c1236,2003,27657.24556766346
r190c1237,2003,462907.6215387498
r191c1227,2003,360087.0098343102
r191c1228,2003,764383.7978171296
r191c1229,2003,18271.421338566182
r191c1230,2003,15853.6460275996
r191c1231,2003,13401.679642543828
r191c1232,2003,16765.45443364745
r191c1233,2003,336127.64561735827
r191c1234,2003,2629068.0045275856
r191c1235,2003,289327.7209402546
r191c1236,2003,170986.25902044913
r191c1237,2003,259262.99624519746
r192c1226,2003,73806.24437996233
r192c1227,2003,147621.50770812322
r192c1228,2003,25234.424847324117
r192c1229,2003,37659.26774668333
r192c1230,2003,42432.7690414706
r192c1231,2003,55539.74365815342
r192c1232,2003,30955.533982368797
r192c1233,2003,124028.93542211564
r192c1234,2003,51224.29333083936
r192c1235,2003,33969.19237557778
r192c1236,2003,72970.78812957958
r192c1237,2003,773049.8393449993
r193c1226,2003,88024.79437479116
r193c1227,2003,73529.70806215487
r193c1228,2003,56716.54961649203
r193c1229,2003,104984.55654644774
r193c1230,2003,15159.417467329768
r193c1231,2003,25361.419975079312
r193c1232,2003,24793.65127210928
r193c1233,2003,108681.02257554828
r193c1234,2003,255205.54266430336
r193c1235,2003,218703.49905232812
r193c1236,2003,481829.79222632764
r194c1224,2003,12929.658109245633
r194c1226,2003,95259.10398094488
r194c1227,2003,1588165.3986083972
r194c1228,2003,25869.20001301611
r194c1229,2003,33571.606968917105
r194c1230,2003,21794.29015980261
r194c1231,2003,43898.894643235624
r194c1232,2003,281716.9088712829
r194c1233,2003,57245.94446981382
r194c1235,2003,1298782.106718795
r194c1236,2003,3067142.191255907
r195c1224,2003,13169.247240414206
r195c1226,2003,90604.54939182193
r195c1227,2003,34515.215705264025
r195c1228,2003,33046.390817270876
r195c1229,2003,99021.03477414932
r195c1231,2003,109941.93610801641
r195c1233,2003,174470.496947444
r195c1234,2003,218022.56851183635
r196c1226,2003,64735.70807972211
r196c1227,2003,72666.51427397257
r196c1229,2003,40367.54540681599
r201c1225,2003,162915.9531801721
r201c1226,2003,147440.71233986114
r201c1227,2003,47404.73977413895
r163c1239,2004,118265.51898398736
r163c1240,2004,55069.875511193284
r164c1239,2004,23687.018948108554
r164c1240,2004,33761.54521350642
r165c1237,2004,7440.339860488455
r165c1238,2004,50121.02211786643
r165c1239,2004,41415.612511104075
r165c1240,2004,2446.6275120332484
r165c1241,2004,138400.10118784857
r165c1242,2004,15346.802906524237
r166c1236,2004,59993.23962074274
r166c1237,2004,19074.269294816837
r166c1238,2004,51785.86334022308
r166c1239,2004,3749.926138933808
r166c1240,2004,21391.799916254844
r167c1232,2004,5480.810020791462
r167c1233,2004,69775.53294600236
r167c1234,2004,5698.297004660175
r167c1235,2004,11193.76253570448
r167c1236,2004,13179.478477786965
r167c1237,2004,1541.0061399911622
r167c1238,2004,146087.14202399948
r167c1239,2004,645695.591540745
r168c1226,2004,5226.13909043068
r168c1227,2004,39746.329595582414
r168c1233,2004,27192.836407788665
r168c1234,2004,1396.1207466155874
r168c1235,2004,6495.152098706883
r168c1236,2004,27.98916083946824
r168c1237,2004,1768.346585446662
r168c1238,2004,313247.44904592104
r169c1226,2004,32507.994004676057
r169c1227,2004,11544.351114714518
r169c1228,2004,8627.86076500118
r169c1229,2004,15201.467350180139
r169c1230,2004,11318.558957525376
r169c1231,2004,10895.033191910228
r169c1232,2004,494634.0738718717
r169c1233,2004,24425.576602888963
r169c1234,2004,4797.724891380936
r169c1235,2004,355.6916701466722
r169c1236,2004,2025.93968468605
r169c1237,2004,42208.020574195485
r169c1238,2004,48332.4298127574
r170c1225,2004,155502.7195323927
r170c1226,2004,23842.82995642138
r170c1227,2004,2796.655102453892
r170c1228,2004,2903.5044471938163
r170c1229,2004,572.4471436701715
r170c1230,2004,543.0076454337686
r170c1231,2004,3392.454989168793
r170c1232,2004,5548.321119541864
r170c1233,2004,16820.645746445247
r170c1234,2004,7976.018538430333
r170c1235,2004,20429.843780094798
r170c1236,2004,1376.4262791019153
r170c1237,2004,40104.631406861845
r170c1238,2004,7559.6174231495725
r171c1223,2004,24228.068549772106
r171c1224,2004,4892.497242468129
r171c1225,2004,1379.9529960369364
r171c1226,2004,558725.2108444262
r171c1227,2004,2590.2064039807915
r171c1228,2004,13641.498786396021
r171c1229,2004,1404.6898509194307
r171c1230,2004,1456.3236434009948
r171c1231,2004,2153.3565543703735
r171c1232,2004,47178.066430274645
r171c1233,2004,2305.1594130783205
r171c1234,2004,866.1305451421067
r171c1235,2004,63807.441183187955
r171c1236,2004,11705.039936093712
r171c1237,2004,135998.20565489732
r171c1238,2004,36037.856902128915
r172c1221,2004,13974.265248876203
r172c1222,2004,14811.047707527072
r172c1223,2004,11960.00405827272
r172c1224,2004,3781.5799796725023
r172c1225,2004,108922.37185912575
r172c1226,2004,35118.9091471389
r172c1227,2004,1074.0655551627278
r172c1228,2004,1296.7372930776328
r172c1229,2004,235.68720626085997
r172c1230,2004,9809.310677294778
r172c1231,2004,5423.306070252669
r172c1232,2004,6122.487513260321
r172c1233,2004,882.8982437936261
r172c1234,2004,42372.04791128978
r172c1235,2004,36222.26054025819
r172c1236,2004,291961.1935408785
r173c1219,2004,73402.21494712133
r173c1220,2004,99270.81767556554
r173c1221,2004,1831.2131138668926
r173c1222,2004,11803.688034798424
r173c1223,2004,590.0316358320415
r173c1224,2004,2018.4146776920952
r173c1225,2004,14583.946468271082
r173c1226,2004,7456.288381375372
r173c1227,2004,2128.0053875565236
r173c1228,2004,6619.341386047622
r173c1229,2004,1338.5562207801852
r173c1230,2004,14873.412427334637
r173c1231,2004,2299.34701540503
r173c1232,2004,14669.188685321224
r173c1233,2004,63851.95165138026
r173c1234,2004,48092.49634482214
r174c1218,2004,105360.81193205019
r174c1219,2004,9145.755441215599
r174c1220,2004,130296.8960447881
r174c1221,2004,4696.014705283275
r174c1222,2004,27984.99484869914
r174c1223,2004,86504.58622710567
r174c1224,2004,182725.0980851509
r174c1225,2004,229947.34110649367
r174c1226,2004,2376.6848468637713
r174c1227,2004,5987.867979568213
r174c1228,2004,102.67837060766578
r174c1229,2004,46502.13767167289
r174c1230,2004,63578.20478617634
r174c1231,2004,145583.45949357667
r174c1232,2004,306196.6954732385
r174c1233,2004,146676.99722207637
r175c1217,2004,145098.14332542807
r175c1218,2004,189428.5338404993
r175c1219,2004,93781.0315745386
r175c1220,2004,112800.34770809342
r175c1221,2004,121230.4407868886
r175c1222,2004,75354.02564070845
r175c1223,2004,68968.97932691703
r175c1224,2004,158979.20438355126
r175c1225,2004,146669.23863320437
r175c1226,2004,7362.225324570372
r175c1227,2004,1382.5710951319038
r175c1228,2004,849.3849089815628
r175c1229,2004,122953.23611103698
r175c1230,2004,1474100.6042188758
r176c1218,2004,11333.295796781516
r176c1220,2004,245775.1241400253
r176c1221,2004,31731.166518605587
r176c1222,2004,528894.3121137809
r176c1223,2004,209427.63833589898
r176c1224,2004,170534.6801933077
r176c1225,2004,241834.54081742908
r176c1226,2004,26052.72677687327
r176c1227,2004,22384.445989347427
r176c1228,2004,42370.65808009051
r176c1229,2004,38795.05239444708
r177c1222,2004,173125.78274761836
r177c1223,2004,633847.3162670741
r177c1224,2004,548384.2708623497
r177c1225,2004,38381.604767011435
r177c1226,2004,12710.55410383342
r177c1227,2004,26350.419857961133
r177c1228,2004,271827.44652376295
r177c1229,2004,111076.71130000133
r178c1221,2004,58569.66604911534
r178c1222,2004,1576901.9363932791
r178c1223,2004,1446262.1294542376
r178c1224,2004,46314.412822807964
r178c1225,2004,76850.4244121744
r178c1226,2004,33859.979081528916
r178c1227,2004,2803.8480484037714
r178c1228,2004,1874.5101630238748
r178c1229,2004,942540.0758514347
r178c1230,2004,55831.93459074072
r179c1221,2004,111817.73458720441
r179c1222,2004,1035403.6470304097
r179c1223,2004,225143.18299098106
r179c1224,2004,18099.024941921678
r179c1225,2004,65445.47774458614
r179c1226,2004,37948.96578713358
r179c1227,2004,13919.661118656371
r179c1228,2004,5947.136485065169
r179c1229,2004,128406.14426786639
r179c1230,2004,8823.560666232921
r179c1231,2004,50557.90348068159
r180c1221,2004,353508.1353921104
r180c1222,2004,545820.3648172821
r180c1223,2004,452164.1833866191
r180c1224,2004,8329.313200373466
r180c1225,2004,3946.641200519514
r180c1226,2004,29381.417639016057
r180c1227,2004,9304.71414400199
r180c1228,2004,4155.768341991608
r180c1229,2004,22779.01265681976
r180c1230,2004,20582.552375286912
r180c1231,2004,9730.655544952431
r180c1232,2004,30670.04640888515
r181c1220,2004,160728.57965516223
r181c1221,2004,199127.6363161343
r181c1222,2004,214650.42560717624
r181c1223,2004,377856.0568908852
r181c1224,2004,70817.42568457691
r181c1225,2004,53791.23119103336
r181c1226,2004,23250.504119460948
r181c1227,2004,30059.59654976665
r181c1228,2004,8598.749888180459
r181c1229,2004,46692.02548127975
r181c1230,2004,13944.739542797899
r181c1231,2004,2075.7513405262985
r181c1232,2004,6301.969288857858
r182c1219,2004,49220.684023116184
r182c1220,2004,39124.45934039385
r182c1221,2004,38072.95478233005
r182c1222,2004,921904.1341732278
r182c1223,2004,101891.77527296395
r182c1224,2004,18653.016938025405
r182c1225,2004,44784.831784172085
r182c1226,2004,14261.122469871554
r182c1227,2004,9759.866552251595
r183c1220,2004,14993.456587093859
r183c1221,2004,178868.373439988
r183c1222,2004,74813.95483446645
r183c1224,2004,58232.28362049838
r183c1226,2004,400352.28574978345
r181c1233,2004,22023.97394649078
r182c1228,2004,84707.83869030746
r182c1229,2004,73807.27581815427
r182c1230,2004,30340.106433876426
r182c1231,2004,23861.796723891086
r182c1232,2004,37386.63162951721
r182c1233,2004,5549.479531552286
r182c1234,2004,115249.35102041082
r183c1227,2004,252912.21806913355
r183c1228,2004,570448.9661873019
r183c1229,2004,53817.45375267189
r183c1230,2004,208976.1606668912
r183c1231,2004,63420.8437146248
r183c1232,2004,11387.177745257268
r183c1233,2004,8953.454365927159
r183c1234,2004,3236.6089720148843
r184c1226,2004,1236177.4804326864
r184c1227,2004,5067672.012231147
r184c1228,2004,5975001.764329653
r184c1229,2004,121356.96576105361
r184c1230,2004,17459.932449402862
r184c1231,2004,58784.29549669179
r184c1232,2004,18695.288109216868
r184c1233,2004,10840.279559485603
r184c1234,2004,15258.66246063328
r184c1235,2004,52147.451242486466
r185c1226,2004,2080567.17156963
r185c1227,2004,3461568.1820269795
r185c1228,2004,2454713.9820714258
r185c1229,2004,291275.4587748765
r185c1230,2004,125698.66817504424
r185c1231,2004,325107.147656245
r185c1232,2004,26880.41961403508
r185c1233,2004,24213.91530110788
r185c1234,2004,16409.423923270067
r185c1235,2004,7224.049998088624
r185c1236,2004,132587.31445667567
r186c1227,2004,467011.20724602777
r186c1228,2004,869074.681006441
r186c1229,2004,187735.42287073575
r186c1230,2004,119554.90157387298
r186c1231,2004,51586.276955087145
r186c1232,2004,124288.80733688937
r186c1233,2004,75078.75808160732
r186c1234,2004,9768.434555260159
r186c1235,2004,36308.08950990016
r186c1236,2004,24374.92895105333
r186c1237,2004,27601.503944655113
r187c1226,2004,157054.46110885678
r187c1228,2004,676058.0601698611
r187c1229,2004,157547.15759878955
r187c1230,2004,143277.48550079294
r187c1231,2004,203654.13620737457
r187c1232,2004,12247.004687279323
r187c1233,2004,18628.30701225141
r187c1234,2004,95235.74782448163
r187c1235,2004,14461.694780492024
r187c1236,2004,6601.2339962312435
r187c1237,2004,17598.31218467086
r188c1225,2004,50776.718087836125
r188c1226,2004,134222.3954777173
r188c1227,2004,80845.9833570164
r188c1228,2004,43733.133784270605
r188c1229,2004,633468.6528450361
r188c1230,2004,130408.6278281986
r188c1231,2004,11778.649964937473
r188c1232,2004,72539.50416906989
r188c1233,2004,44085.11543285509
r188c1234,2004,101374.72011028344
r188c1235,2004,24910.56489165264
r188c1236,2004,26828.587634075353
r188c1237,2004,24499.54087309646
r189c1226,2004,79855.4806951326
r189c1227,2004,72468.58274039591
r189c1228,2004,102767.07603536927
r189c1229,2004,1575700.3205618127
r189c1230,2004,77191.91191630704
r189c1231,2004,29423.473259941413
r189c1232,2004,79688.08761025712
r189c1233,2004,33764.56373345972
r189c1234,2004,40374.61267936294
r189c1235,2004,14263.750919183483
r189c1236,2004,18377.10856785605
r189c1237,2004,20137.451845174335
r190c1226,2004,62389.81737954148
r190c1227,2004,93980.29883878263
r190c1228,2004,177808.06073058437
r190c1229,2004,51010.71513153388
r190c1230,2004,43939.95672669418
r190c1231,2004,30611.42111180284
r190c1232,2004,125921.73211648728
r190c1233,2004,457138.23015210277
r190c1234,2004,36453.84010569429
r190c1235,2004,28974.381440242243
r190c1236,2004,27701.058932098436
r190c1237,2004,458924.0411503235
r191c1227,2004,357034.55397436634
r191c1228,2004,760435.9054959908
r191c1229,2004,18190.062889554792
r191c1230,2004,15773.921652135059
r191c1231,2004,13477.214637821922
r191c1232,2004,16770.758081094617
r191c1233,2004,337098.1680366176
r191c1234,2004,2614425.81044668
r191c1235,2004,288857.33099250594
r191c1236,2004,169990.41884367712
r191c1237,2004,258691.22308506642
r192c1226,2004,73844.96565769851
r192c1227,2004,147659.85551279143
r192c1228,2004,25089.580364452886
r192c1229,2004,37566.95752224829
r192c1230,2004,42483.08090187057
r192c1231,2004,56338.996487588694
r192c1232,2004,31141.809953462092
r192c1233,2004,125521.94441363314
r192c1234,2004,51259.32196486997
r192c1235,2004,34080.43463874944
r192c1236,2004,74299.53061251978
r192c1237,2004,776537.9823604051
r193c1226,2004,88065.1495584308
r193c1227,2004,73760.45285162819
r193c1228,2004,56556.11042473304
r193c1229,2004,104430.87463089953
r193c1230,2004,15217.627692999164
r193c1231,2004,25759.971046699648
r193c1232,2004,24940.318878727398
r193c1233,2004,109880.2302654592
r193c1234,2004,257749.30316669575
r193c1235,2004,222570.5088024607
r193c1236,2004,486630.8445642589
r194c1224,2004,12946.21669727672
r194c1226,2004,95293.88308987167
r194c1227,2004,1592782.8961757491
r194c1228,2004,25747.59416029028
r194c1229,2004,33302.90971956698
r194c1230,2004,21819.294110964074
r194c1231,2004,44820.86892782397
r194c1232,2004,283880.2156843111
r194c1233,2004,57934.60414730216
r194c1235,2004,1296329.709017578
r194c1236,2004,3032317.487857189
r195c1224,2004,12966.210386313744
r195c1226,2004,90202.57713899159
r195c1227,2004,34372.83991309865
r195c1228,2004,32847.3903013335
r195c1229,2004,98037.52335358101
r195c1231,2004,109094.54789113862
r195c1233,2004,175327.89658772762
r195c1234,2004,218868.8304914171
r196c1226,2004,64298.3108396918
r196c1227,2004,72157.81905214702
r196c1229,2004,39828.572702804355
r201c1225,2004,164964.92196653507
r201c1226,2004,150845.52562674868
r201c1227,2004,47887.45558873379
r163c1239,2005,117756.01341847087
r163c1240,2005,55161.12398122992
r164c1239,2005,23585.516066759403
r164c1240,2005,33736.121487506
r165c1237,2005,7460.196664749484
r165c1238,2005,49972.21396365646
r165c1239,2005,41313.351064845665
r165c1240,2005,2452.8253799835484
r165c1241,2005,137658.54466887825
r165c1242,2005,15214.430519404421
r166c1236,2005,59834.210611386516
r166c1237,2005,19032.10092436267
r166c1238,2005,51671.9591693476
r166c1239,2005,3769.3937281455146
r166c1240,2005,21535.49843900329
r167c1232,2005,5574.462838216454
r167c1233,2005,71907.04673981588
r167c1234,2005,5677.366206589407
r167c1235,2005,11226.112926917609
r167c1236,2005,13201.767308506089
r167c1237,2005,1540.2001113448
r167c1238,2005,145784.91841177316
r167c1239,2005,643603.143835478
r168c1226,2005,5212.021155229826
r168c1227,2005,40484.54678286155
r168c1233,2005,27182.30703281976
r168c1234,2005,1381.874573725579
r168c1235,2005,6521.861636607509
r168c1236,2005,27.885313905775547
r168c1237,2005,1765.418098853408
r168c1238,2005,312622.6022016625
r169c1226,2005,32368.447314157755
r169c1227,2005,11546.135784549639
r169c1228,2005,8691.268168940045
r169c1229,2005,15207.904337397558
r169c1230,2005,11267.432767152517
r169c1231,2005,10804.640988208565
r169c1232,2005,490890.68991216575
r169c1233,2005,24339.075720721146
r169c1234,2005,4762.6561538262695
r169c1235,2005,352.4937138544285
r169c1236,2005,2034.6996305439548
r169c1237,2005,42170.82604530456
r169c1238,2005,48276.80857320605
r170c1225,2005,154719.66199531904
r170c1226,2005,24008.563817085935
r170c1227,2005,2821.04352172814
r170c1228,2005,2913.1708944346756
r170c1229,2005,569.7720503229648
r170c1230,2005,547.038862105459
r170c1231,2005,3410.955143701285
r170c1232,2005,5524.325200195523
r170c1233,2005,16703.815545818055
r170c1234,2005,7907.813569981605
r170c1235,2005,20414.134175184416
r170c1236,2005,1385.145326514206
r170c1237,2005,40047.35900881208
r170c1238,2005,7594.772323002839
r171c1223,2005,24118.17820928193
r171c1224,2005,4870.391956065822
r171c1225,2005,1384.1025828080435
r171c1226,2005,559674.7810935463
r171c1227,2005,2633.321814347044
r171c1228,2005,13629.29304002915
r171c1229,2005,1419.5451479102978
r171c1230,2005,1460.1921015975959
r171c1231,2005,2135.3125948645175
r171c1232,2005,46931.78385929183
r171c1233,2005,2300.725676278666
r171c1234,2005,872.616755544208
r171c1235,2005,63723.427747024914
r171c1236,2005,11754.044733947208
r171c1237,2005,135787.62565971038
r171c1238,2005,36163.42627178698
r172c1221,2005,14004.910618834585
r172c1222,2005,14838.186751805411
r172c1223,2005,11878.443173853353
r172c1224,2005,3771.8762845529936
r172c1225,2005,108259.93891126021
r172c1226,2005,35185.75543891588
r172c1227,2005,1068.2668245509267
r172c1228,2005,1285.2488849051297
r172c1229,2005,237.30158544611186
r172c1230,2005,9873.201927629016
r172c1231,2005,5397.243534374507
r172c1232,2005,6113.153088441874
r172c1233,2005,886.1706784752071
r172c1234,2005,42398.35250437645
r172c1235,2005,36241.503448617594
r172c1236,2005,291813.8482645665
r173c1219,2005,74502.94610387413
r173c1220,2005,100180.93449202427
r173c1221,2005,1854.7318846333187
r173c1222,2005,11999.952985992399
r173c1223,2005,587.8706098683178
r173c1224,2005,2012.565428514406
r173c1225,2005,14654.754397478351
r173c1226,2005,7470.281397616491
r173c1227,2005,2134.647844965661
r173c1228,2005,6636.979613659141
r173c1229,2005,1339.9259926528068
r173c1230,2005,14923.257632752107
r173c1231,2005,2334.878142671013
r173c1232,2005,14966.125011765404
r173c1233,2005,64140.723749621226
r173c1234,2005,48230.208145800745
r174c1218,2005,107337.05878849734
r174c1219,2005,9380.406761510874
r174c1220,2005,131124.62223214854
r174c1221,2005,4774.6935726990005
r174c1222,2005,28476.489270327074
r174c1223,2005,87287.64231520395
r174c1224,2005,183105.37378324696
r174c1225,2005,229081.1293190351
r174c1226,2005,2363.0072776782017
r174c1227,2005,5946.820675094704
r174c1228,2005,102.41199273574121
r174c1229,2005,46683.517974136405
r174c1230,2005,63907.33462323577
r174c1231,2005,145819.28658920998
r174c1232,2005,306407.4152634964
r174c1233,2005,147210.05804453063
r175c1217,2005,147547.64661035794
r175c1218,2005,192420.3911939206
r175c1219,2005,95331.14470614468
r175c1220,2005,113714.45299596248
r175c1221,2005,122052.78634540926
r175c1222,2005,76702.339142484
r175c1223,2005,69723.49660138602
r175c1224,2005,161494.7148031093
r175c1225,2005,147552.65421527688
r175c1226,2005,7596.757742983036
r175c1227,2005,1390.8432448839585
r175c1228,2005,854.1050568792275
r175c1229,2005,123436.5766043372
r175c1230,2005,1473727.3679890437
r176c1218,2005,11755.036660544694
r176c1220,2005,247974.32179296575
r176c1221,2005,31862.88378152882
r176c1222,2005,531814.7182321635
r176c1223,2005,209444.46583901724
r176c1224,2005,173963.31074513792
r176c1225,2005,244364.56455195812
r176c1226,2005,26147.705887626773
r176c1227,2005,22547.76710133927
r176c1228,2005,42507.08813371715
r176c1229,2005,38900.39740321229
r177c1222,2005,172734.99537639096
r177c1223,2005,636918.2773498595
r177c1224,2005,552148.1343133948
r177c1225,2005,38540.774190199634
r177c1226,2005,12762.732553126225
r177c1227,2005,26801.18473759547
r177c1228,2005,273832.7009994108
r177c1229,2005,113122.60538777555
r178c1221,2005,58598.77053620535
r178c1222,2005,1600987.153921174
r178c1223,2005,1467877.9428461504
r178c1224,2005,46834.54016443622
r178c1225,2005,77254.14029976302
r178c1226,2005,33764.19603884375
r178c1227,2005,2806.578633570474
r178c1228,2005,1921.9993359219325
r178c1229,2005,955370.0926342674
r178c1230,2005,56874.27644962006
r179c1221,2005,112270.50592037804
r179c1222,2005,1043800.9979881282
r179c1223,2005,229842.76654006317
r179c1224,2005,18487.213360263275
r179c1225,2005,65961.84155931987
r179c1226,2005,38118.66786139904
r179c1227,2005,14063.34453985127
r179c1228,2005,6022.758328268458
r179c1229,2005,130704.98419322523
r179c1230,2005,9097.3462009979
r179c1231,2005,51483.31457236037
r180c1221,2005,352667.76244963007
r180c1222,2005,549878.91039484
r180c1223,2005,453894.918357692
r180c1224,2005,8428.84167842577
r180c1225,2005,4012.8365543709956
r180c1226,2005,29635.336062171413
r180c1227,2005,9506.323230760427
r180c1228,2005,4232.545070031062
r180c1229,2005,23487.109809591686
r180c1230,2005,21012.504160351804
r180c1231,2005,9879.921651437951
r180c1232,2005,31072.585536287756
r181c1220,2005,161923.16440719913
r181c1221,2005,200200.61246976518
r181c1222,2005,216976.40664207705
r181c1223,2005,380408.2325387783
r181c1224,2005,71209.25298371378
r181c1225,2005,54127.163220135786
r181c1226,2005,23391.840365583917
r181c1227,2005,30535.19682999607
r181c1228,2005,8781.249373209484
r181c1229,2005,47700.39432641198
r181c1230,2005,14292.075885703038
r181c1231,2005,2103.6591629994778
r181c1232,2005,6372.914162898143
r182c1219,2005,50319.57577315964
r182c1220,2005,39634.38344145825
r182c1221,2005,38276.11277908194
r182c1222,2005,925189.996031967
r182c1223,2005,102885.75054442912
r182c1224,2005,18916.055486184636
r182c1225,2005,45339.80552333397
r182c1226,2005,14228.86167632649
r182c1227,2005,10017.498066244945
r183c1220,2005,15296.180486726511
r183c1221,2005,182060.6480178552
r183c1222,2005,75421.19194616412
r183c1224,2005,58707.03468006004
r183c1226,2005,402158.15586304746
r181c1233,2005,21961.247026229496
r182c1228,2005,86529.77294249492
r182c1229,2005,75019.42471235138
r182c1230,2005,30364.672180897698
r182c1231,2005,24097.57269576809
r182c1232,2005,37376.24074065902
r182c1233,2005,5584.916279276063
r182c1234,2005,114374.1049160329
r183c1227,2005,261788.841731195
r183c1228,2005,585589.0237926595
r183c1229,2005,55110.05863999556
r183c1230,2005,207550.520018571
r183c1231,2005,63738.071976949635
r183c1232,2005,11475.495282078138
r183c1233,2005,8977.297642849318
r183c1234,2005,3252.9530030703563
r184c1226,2005,1264805.534780563
r184c1227,2005,5061627.2530020345
r184c1228,2005,5957800.420832544
r184c1229,2005,125210.02190693539
r184c1230,2005,17909.296736585133
r184c1231,2005,58812.791783453315
r184c1232,2005,18889.475345345505
r184c1233,2005,11005.005579023627
r184c1234,2005,15459.378978312438
r184c1235,2005,52393.34591544003
r185c1226,2005,2085971.03284093
r185c1227,2005,3474487.2827983443
r185c1228,2005,2485514.192755457
r185c1229,2005,299907.7857724627
r185c1230,2005,129198.88979166246
r185c1231,2005,325630.1932111226
r185c1232,2005,27126.069804378094
r185c1233,2005,24202.503475906764
r185c1234,2005,16400.58179103657
r185c1235,2005,7239.77251595068
r185c1236,2005,131533.11363975215
r186c1227,2005,492907.809850313
r186c1228,2005,905545.3914169855
r186c1229,2005,192868.92792776664
r186c1230,2005,122722.57102532328
r186c1231,2005,51778.04113882213
r186c1232,2005,124029.12827007836
r186c1233,2005,74324.66539737847
r186c1234,2005,9765.4913050762
r186c1235,2005,35930.82768761682
r186c1236,2005,24091.94064050156
r186c1237,2005,27703.182511276274
r187c1226,2005,160356.0534996116
r187c1228,2005,689456.5044829956
r187c1229,2005,160186.9249902841
r187c1230,2005,144937.28230610627
r187c1231,2005,203095.86690727752
r187c1232,2005,12208.815935051187
r187c1233,2005,18494.979967517214
r187c1234,2005,95292.56384379996
r187c1235,2005,14525.416328731877
r187c1236,2005,6571.816507221335
r187c1237,2005,17571.95357524678
r188c1225,2005,51095.80379695646
r188c1226,2005,135187.8853728528
r188c1227,2005,81234.11497189627
r188c1228,2005,46750.27784236718
r188c1229,2005,642011.2961961101
r188c1230,2005,131218.9135365046
r188c1231,2005,11702.555622818169
r188c1232,2005,72291.9027440783
r188c1233,2005,43999.3143419361
r188c1234,2005,100738.62408466791
r188c1235,2005,24796.972549514914
r188c1236,2005,26658.083898256715
r188c1237,2005,24329.63259564105
r189c1226,2005,80346.90887474071
r189c1227,2005,72797.21161479864
r189c1228,2005,103862.2211271413
r189c1229,2005,1579236.02300074
r189c1230,2005,77078.01740054983
r189c1231,2005,29375.813547928425
r189c1232,2005,79381.2129368912
r189c1233,2005,33710.039669271384
r189c1234,2005,40093.793685524965
r189c1235,2005,14237.392874570554
r189c1236,2005,18318.85269937703
r189c1237,2005,20063.9173287941
r190c1226,2005,62622.26158514917
r190c1227,2005,94016.637873597
r190c1228,2005,178349.97111923966
r190c1229,2005,51376.04924363546
r190c1230,2005,43900.50572372927
r190c1231,2005,30494.46853382003
r190c1232,2005,126429.03140124242
r190c1233,2005,454766.925883713
r190c1234,2005,36383.00008608499
r190c1235,2005,28898.79522839082
r190c1236,2005,27709.958198509095
r190c1237,2005,454510.37960027973
r191c1227,2005,353647.0922312602
r191c1228,2005,755654.5122202476
r191c1229,2005,18088.15750310095
r191c1230,2005,15677.034345048101
r191c1231,2005,13536.644705087918
r191c1232,2005,16756.354321886603
r191c1233,2005,337647.96817862673
r191c1234,2005,2596956.089678252
r191c1235,2005,288052.46855662577
r191c1236,2005,168820.1615677164
r191c1237,2005,257824.297608642
r192c1226,2005,73782.91278646408
r192c1227,2005,147498.53191054065
r192c1228,2005,24917.92109101294
r192c1229,2005,37428.64393102477
r192c1230,2005,42485.61643415971
r192c1231,2005,57068.395865361774
r192c1232,2005,31292.671405489287
r192c1233,2005,126844.9498304402
r192c1234,2005,51236.88861107777
r192c1235,2005,34152.46425450602
r192c1236,2005,75537.21377003899
r192c1237,2005,779140.3880160779
r193c1226,2005,87980.66410433795
r193c1227,2005,73871.95264031635
r193c1228,2005,56324.20940852011
r193c1229,2005,103760.04037495659
r193c1230,2005,15255.294772312936
r193c1231,2005,26126.134605318737
r193c1232,2005,25058.869366154857
r193c1233,2005,110948.07091300849
r193c1234,2005,259988.55946886423
r193c1235,2005,226151.94856536444
r193c1236,2005,490777.5740248499
r194c1224,2005,12942.807297062487
r194c1226,2005,95194.35271760556
r194c1227,2005,1595572.1567399432
r194c1228,2005,25593.778839207196
r194c1229,2005,32997.4174810007
r194c1230,2005,21816.75280587595
r194c1231,2005,45682.43556851918
r194c1232,2005,285716.79348913673
r194c1233,2005,58553.23677919335
r194c1235,2005,1292341.2867957144
r194c1236,2005,2994354.471466289
r195c1224,2005,12753.454570369675
r195c1226,2005,89685.69369545004
r195c1227,2005,34186.17013931405
r195c1228,2005,32609.007751268633
r195c1229,2005,96954.70577991077
r195c1231,2005,108150.17106461554
r195c1233,2005,175989.9881330911
r195c1234,2005,219474.31635241464
r196c1226,2005,63786.06406635721
r196c1227,2005,71565.95945769227
r196c1229,2005,39255.781502354344
r201c1225,2005,166825.2983435308
r201c1226,2005,154051.94241190737
r201c1227,2005,48317.32428137999
r163c1239,2006,117042.91704287549
r163c1240,2006,55266.206674762594
r164c1239,2006,23484.502352326548
r164c1240,2006,33702.066052305374
r165c1237,2006,7498.604758882758
r165c1238,2006,49814.66278752169
r165c1239,2006,41202.713829524895
r165c1240,2006,2467.720376556871
r165c1241,2006,136949.96445218104
r165c1242,2006,15083.989867339209
r166c1236,2006,59651.548243286095
r166c1237,2006,18988.243902119568
r166c1238,2006,51561.08394422028
r166c1239,2006,3793.7322414708215
r166c1240,2006,21696.003140179473
r167c1232,2006,5752.519318189241
r167c1233,2006,74812.39324920779
r167c1234,2006,5650.979328132947
r167c1235,2006,11284.242420985043
r167c1236,2006,13241.369194338979
r167c1237,2006,1539.2076822583435
r167c1238,2006,145444.2176345963
r167c1239,2006,641288.5784389615
r168c1226,2006,5182.155017530225
r168c1227,2006,41248.88202129763
r168c1233,2006,27182.716022243978
r168c1234,2006,1365.2460462238275
r168c1235,2006,6537.040332023781
r168c1236,2006,27.776260886341333
r168c1237,2006,1763.5761525022085
r168c1238,2006,311978.1967309057
r169c1226,2006,32182.932209468196
r169c1227,2006,11532.289423838258
r169c1228,2006,8798.56760395849
r169c1229,2006,15225.367799448028
r169c1230,2006,11190.174928457891
r169c1231,2006,10698.1752875795
r169c1232,2006,486062.4606771836
r169c1233,2006,24235.686666973153
r169c1234,2006,4716.755135901827
r169c1235,2006,348.5498112935792
r169c1236,2006,2062.9188298811296
r169c1237,2006,42184.740105340155
r169c1238,2006,48226.22921658294
r170c1225,2006,153701.45508918766
r170c1226,2006,24338.416747747207
r170c1227,2006,2838.200842939076
r170c1228,2006,2938.690216585528
r170c1229,2006,568.9578637760133
r170c1230,2006,557.550810739398
r170c1231,2006,3511.3561716815457
r170c1232,2006,5492.525184412724
r170c1233,2006,16550.17115179546
r170c1234,2006,7827.804844099041
r170c1235,2006,20390.149851176157
r170c1236,2006,1394.270373365714
r170c1237,2006,39985.443613734926
r170c1238,2006,7635.190427829983
r171c1223,2006,23952.778443700874
r171c1224,2006,4838.594438693174
r171c1225,2006,1385.021910482002
r171c1226,2006,560118.5214051299
r171c1227,2006,2688.190907053321
r171c1228,2006,13626.189820543066
r171c1229,2006,1436.4675874268034
r171c1230,2006,1479.364268739788
r171c1231,2006,2112.2588431094773
r171c1232,2006,46782.41750533522
r171c1233,2006,2331.285850634937
r171c1234,2006,888.537364796792
r171c1235,2006,63643.03218265067
r171c1236,2006,11826.4017056309
r171c1237,2006,135632.09552764258
r171c1238,2006,36319.41104497423
r172c1221,2006,14013.814997176038
r172c1222,2006,14978.10244819659
r172c1223,2006,11816.204324237242
r172c1224,2006,3785.373433696387
r172c1225,2006,107618.9473885298
r172c1226,2006,35389.90538847459
r172c1227,2006,1067.989479381591
r172c1228,2006,1274.139922731556
r172c1229,2006,240.963279458927
r172c1230,2006,9987.668037953134
r172c1231,2006,5386.725853762253
r172c1232,2006,6097.025167184906
r172c1233,2006,888.8549132745786
r172c1234,2006,42408.725910621346
r172c1235,2006,36254.914797544865
r172c1236,2006,291633.0980289673
r173c1219,2006,75705.56938497329
r173c1220,2006,101045.47221342061
r173c1221,2006,1888.7278481212666
r173c1222,2006,12187.560089328901
r173c1223,2006,584.7531315088272
r173c1224,2006,2026.5231117979788
r173c1225,2006,14946.404797488996
r173c1226,2006,7568.359362998512
r173c1227,2006,2140.8030325970412
r173c1228,2006,6652.494582472867
r173c1229,2006,1345.418161710012
r173c1230,2006,15034.64509727752
r173c1231,2006,2400.922266247738
r173c1232,2006,15551.165626032525
r173c1233,2006,64590.83646566031
r173c1234,2006,48387.79478619155
r174c1218,2006,109275.02434886951
r174c1219,2006,9626.517184930533
r174c1220,2006,131897.45759913046
r174c1221,2006,4857.490512053538
r174c1222,2006,29034.860962415474
r174c1223,2006,88112.62288993248
r174c1224,2006,183376.36711033335
r174c1225,2006,228178.2570181797
r174c1226,2006,2364.4992831032105
r174c1227,2006,5893.6245472454275
r174c1228,2006,107.0332711682212
r174c1229,2006,46901.11195209729
r174c1230,2006,64418.22545026884
r174c1231,2006,146053.8672330923
r174c1232,2006,306590.51774173527
r174c1233,2006,147747.13015137895
r175c1217,2006,150235.65185377368
r175c1218,2006,195563.6560276163
r175c1219,2006,96959.01297782203
r175c1220,2006,114658.03795963748
r175c1221,2006,122796.63921923496
r175c1222,2006,78046.23095942347
r175c1223,2006,70513.03320067434
r175c1224,2006,164024.0478193812
r175c1225,2006,148279.21848696464
r175c1226,2006,7853.890212126806
r175c1227,2006,1401.8729446329853
r175c1228,2006,861.5790017028166
r175c1229,2006,123933.47845824627
r175c1230,2006,1472410.2092187256
r176c1218,2006,12343.719621449112
r176c1220,2006,250286.88847852478
r176c1221,2006,31956.27824369245
r176c1222,2006,534334.0033235732
r176c1223,2006,209100.93268766446
r176c1224,2006,177934.7164267048
r176c1225,2006,247222.6922203302
r176c1226,2006,26364.050105902694
r176c1227,2006,22715.691029388483
r176c1228,2006,42643.459355522406
r176c1229,2006,39014.625705104234
r177c1222,2006,172195.74944512793
r177c1223,2006,639818.8975684792
r177c1224,2006,554953.0088981387
r177c1225,2006,38901.315125281726
r177c1226,2006,12860.581581224304
r177c1227,2006,27320.489283482944
r177c1228,2006,275650.0483481001
r177c1229,2006,115175.87742279262
r178c1221,2006,58777.486867161446
r178c1222,2006,1624064.0905816425
r178c1223,2006,1490670.2635518052
r178c1224,2006,47310.019716096314
r178c1225,2006,77598.82547254024
r178c1226,2006,33730.804087363285
r178c1227,2006,2837.2440646256705
r178c1228,2006,1970.0623148577206
r178c1229,2006,967570.8561822944
r178c1230,2006,57958.73984264803
r179c1221,2006,112781.7871802134
r179c1222,2006,1052701.3534146214
r179c1223,2006,234531.46974333544
r179c1224,2006,18918.02966180849
r179c1225,2006,66424.41260418875
r179c1226,2006,38286.648279114896
r179c1227,2006,14237.255690202948
r179c1228,2006,6093.321668390679
r179c1229,2006,133229.97444318017
r179c1230,2006,9403.057414938454
r179c1231,2006,52449.006166698644
r180c1221,2006,351821.6706630231
r180c1222,2006,553732.6219168035
r180c1223,2006,455350.9005843308
r180c1224,2006,8797.401407302075
r180c1225,2006,4084.349135958389
r180c1226,2006,30006.919074523743
r180c1227,2006,9758.774867858117
r180c1228,2006,4314.77330424852
r180c1229,2006,24238.678201573224
r180c1230,2006,21525.420934617352
r180c1231,2006,10029.319290207553
r180c1232,2006,31481.1159909675
r181c1220,2006,162919.32795927464
r181c1221,2006,201065.3808677799
r181c1222,2006,219584.27084934327
r181c1223,2006,382800.87905882276
r181c1224,2006,71562.10324886932
r181c1225,2006,54575.646795212364
r181c1226,2006,23602.49572585246
r181c1227,2006,31021.43740346959
r181c1228,2006,8998.260948603847
r181c1229,2006,48793.65548932216
r181c1230,2006,14680.097973611004
r181c1231,2006,2129.263816766074
r181c1232,2006,6482.475230959771
r182c1219,2006,51798.60018033792
r182c1220,2006,40188.432414350376
r182c1221,2006,38436.88606079234
r182c1222,2006,927276.1923400223
r182c1223,2006,103832.21400976735
r182c1224,2006,19217.872086321204
r182c1225,2006,45925.056957421526
r182c1226,2006,14182.098373547255
r182c1227,2006,10367.212427139635
r183c1220,2006,15643.555265246068
r183c1221,2006,185563.36181462335
r183c1222,2006,76044.69095444617
r183c1224,2006,59218.71036843216
r183c1226,2006,404247.83416314825
r181c1233,2006,21891.999985474973
r182c1228,2006,88562.54132082507
r182c1229,2006,76366.46802627144
r182c1230,2006,30464.187301318976
r182c1231,2006,24397.581586590633
r182c1232,2006,37409.36547348079
r182c1233,2006,5663.88049714242
r182c1234,2006,113475.48570354705
r183c1227,2006,271154.90586783877
r183c1228,2006,600612.4360460999
r183c1229,2006,56495.928733528795
r183c1230,2006,205999.05087106713
r183c1231,2006,64159.32253963338
r183c1232,2006,11610.542325432147
r183c1233,2006,9022.468060966063
r183c1234,2006,3286.6960898471507
r184c1226,2006,1296125.8154587504
r184c1227,2006,5057504.981452219
r184c1228,2006,5942290.724115265
r184c1229,2006,129355.12335192933
r184c1230,2006,18502.875977278483
r184c1231,2006,58939.86711649354
r184c1232,2006,19210.654624182924
r184c1233,2006,11243.074623741948
r184c1234,2006,15746.524477698344
r184c1235,2006,52625.0961413694
r185c1226,2006,2092064.4113550605
r185c1227,2006,3483769.7916214555
r185c1228,2006,2517396.6059118495
r185c1229,2006,308887.9048981004
r185c1230,2006,133142.12712760357
r185c1231,2006,326289.22043699364
r185c1232,2006,27511.86570082555
r185c1233,2006,24229.276249559065
r185c1234,2006,16407.17379082675
r185c1235,2006,7264.032459075437
r185c1236,2006,130320.27784771906
r186c1227,2006,522593.7936166255
r186c1228,2006,946888.8094004487
r186c1229,2006,198504.3941756289
r186c1230,2006,126540.21929737991
r186c1231,2006,52064.018537877935
r186c1232,2006,123809.76737037787
r186c1233,2006,73513.3818267765
r186c1234,2006,9781.17669394157
r186c1235,2006,35519.74070777218
r186c1236,2006,23792.340911711253
r186c1237,2006,27831.200400209913
r187c1226,2006,164371.6306561889
r187c1228,2006,704472.7787093623
r187c1229,2006,163321.51421200123
r187c1230,2006,146910.9651121151
r187c1231,2006,202364.25163429393
r187c1232,2006,12184.879987215358
r187c1233,2006,18370.393546660533
r187c1234,2006,95552.16222997896
r187c1235,2006,14674.886637168143
r187c1236,2006,6540.591389187339
r187c1237,2006,17543.03492945042
r188c1225,2006,51351.76038527268
r188c1226,2006,136189.9215415396
r188c1227,2006,81639.7738693963
r188c1228,2006,50120.505564277904
r188c1229,2006,650334.5760081402
r188c1230,2006,132070.4228282922
r188c1231,2006,11643.0804373009
r188c1232,2006,72097.77918615141
r188c1233,2006,44066.84830562008
r188c1234,2006,100273.75060083874
r188c1235,2006,24744.97432940973
r188c1236,2006,26481.056792354742
r188c1237,2006,24158.604364781277
r189c1226,2006,80746.82694194907
r189c1227,2006,73110.47993550991
r189c1228,2006,105129.04474137249
r189c1229,2006,1584215.491398943
r189c1230,2006,76993.63789153982
r189c1231,2006,29452.768388166638
r189c1232,2006,79190.3502125455
r189c1233,2006,33759.703246147525
r189c1234,2006,39819.69152886255
r189c1235,2006,14234.271568792963
r189c1236,2006,18267.96899616337
r189c1237,2006,20003.70680648078
r190c1226,2006,62786.78014758954
r190c1227,2006,94183.89319972794
r190c1228,2006,178873.7672353041
r190c1229,2006,51808.5624651592
r190c1230,2006,43931.56977575188
r190c1231,2006,30431.238624398506
r190c1232,2006,127105.10624692618
r190c1233,2006,452425.1525245927
r190c1234,2006,36344.27719419291
r190c1235,2006,28868.19108388619
r190c1236,2006,27761.414358753846
r190c1237,2006,450018.10314704943
r191c1227,2006,350070.5412763217
r191c1228,2006,751058.4039067881
r191c1229,2006,18055.985966472057
r191c1230,2006,15667.717005734097
r191c1231,2006,13642.917611686566
r191c1232,2006,16798.147626187158
r191c1233,2006,338725.29637392145
r191c1234,2006,2580149.8135576635
r191c1235,2006,287349.3363955842
r191c1236,2006,167680.2072329077
r191c1237,2006,257426.57084670506
r192c1226,2006,73790.49403235067
r192c1227,2006,147591.43644538397
r192c1228,2006,24804.96252973191
r192c1229,2006,37450.9789838323
r192c1230,2006,42625.33250749214
r192c1231,2006,57993.394989902044
r192c1232,2006,31507.99512667948
r192c1233,2006,129031.19255864665
r192c1234,2006,51264.60626781284
r192c1235,2006,34284.84856712981
r192c1236,2006,77117.33992622513
r192c1237,2006,782041.3822432493
r193c1226,2006,88072.0487403723
r193c1227,2006,74160.16634777546
r193c1228,2006,56279.39485514983
r193c1229,2006,103224.10850052518
r193c1230,2006,15398.98282422257
r193c1231,2006,26635.50092472206
r193c1232,2006,25222.710927014232
r193c1233,2006,112369.96026290627
r193c1234,2006,262651.8459036044
r193c1235,2006,230263.89294954954
r193c1236,2006,495865.6858149397
r194c1224,2006,12925.70672037478
r194c1226,2006,95222.59235140307
r194c1227,2006,1599672.341996284
r194c1228,2006,25498.05721946903
r194c1229,2006,32726.953493005676
r194c1230,2006,21880.67440976912
r194c1231,2006,46807.16870852295
r194c1232,2006,287903.0738304767
r194c1233,2006,59332.594179493375
r194c1235,2006,1290713.8131033701
r194c1236,2006,2956999.481549208
r195c1224,2006,12526.274707821736
r195c1226,2006,89295.816609538
r195c1227,2006,34061.25442522987
r195c1228,2006,32394.613220770814
r195c1229,2006,95895.89236577455
r195c1231,2006,107180.46309706812
r195c1233,2006,176634.13887382453
r195c1234,2006,220043.50510406282
r196c1226,2006,63385.94347903603
r196c1227,2006,71068.94682238516
r196c1229,2006,38665.16045872137
r201c1225,2006,168830.79281437676
r201c1226,2006,157582.1036001547
r201c1227,2006,48798.07524988543
r163c1239,2007,116373.89908892268
r163c1240,2007,55371.42111836904
r164c1239,2007,23388.99237920773
r164c1240,2007,33667.295456878965
r165c1237,2007,7536.9477601511935
r165c1238,2007,49658.046358123494
r165c1239,2007,41091.73888269516
r165c1240,2007,2482.404846614366
r165c1241,2007,136236.2105578648
r165c1242,2007,14956.760467246495
r166c1236,2007,59468.904828658015
r166c1237,2007,18944.167475870658
r166c1238,2007,51449.53971415496
r166c1239,2007,3817.731362319598
r166c1240,2007,21853.797631002955
r167c1232,2007,5925.605774647088
r167c1233,2007,77631.89456133626
r167c1234,2007,5624.833339883665
r167c1235,2007,11340.494318899491
r167c1236,2007,13280.191362206959
r167c1237,2007,1538.1745976668362
r167c1238,2007,145101.8797284144
r167c1239,2007,638974.0479191232
r168c1226,2007,5155.5245075024395
r168c1227,2007,41990.152009546786
r168c1233,2007,27180.962998194133
r168c1234,2007,1348.9561916153223
r168c1235,2007,6551.244958642049
r168c1236,2007,27.667286444455385
r168c1237,2007,1761.6939254899237
r168c1238,2007,311329.5066981172
r169c1226,2007,32002.343760590295
r169c1227,2007,11518.343337362632
r169c1228,2007,8902.177926535947
r169c1229,2007,15242.460618241526
r169c1230,2007,11117.47765072729
r169c1231,2007,10597.497714519639
r169c1232,2007,481339.16500678693
r169c1233,2007,24133.063005270673
r169c1234,2007,4671.708268524151
r169c1235,2007,344.6841278875137
r169c1236,2007,2090.819689384351
r169c1237,2007,42197.172889271
r169c1238,2007,48174.54983970741
r170c1225,2007,152708.00954768507
r170c1226,2007,24657.582392310003
r170c1227,2007,2854.733577511306
r170c1228,2007,2963.3366069830954
r170c1229,2007,568.1325307637453
r170c1230,2007,567.9814400114119
r170c1231,2007,3608.7117725219578
r170c1232,2007,5461.127564261328
r170c1233,2007,16399.321279517666
r170c1234,2007,7749.323428153736
r170c1235,2007,20366.558858380107
r170c1236,2007,1403.2691047689586
r170c1237,2007,39922.79466334005
r170c1238,2007,7675.002089589637
r171c1223,2007,23796.060805197234
r171c1224,2007,4808.024153366787
r171c1225,2007,1385.8539261123713
r171c1226,2007,560524.8455946674
r171c1227,2007,2741.3416549711396
r171c1228,2007,13622.581944445115
r171c1229,2007,1453.3598024715834
r171c1230,2007,1498.3706597330452
r171c1231,2007,2089.6559298066422
r171c1232,2007,46633.155206620475
r171c1233,2007,2360.963062613748
r171c1234,2007,904.3265142005631
r171c1235,2007,63562.03967804796
r171c1236,2007,11897.732078383304
r171c1237,2007,135473.59041503264
r171c1238,2007,36472.834573463246
r172c1221,2007,14030.671371156563
r172c1222,2007,15113.711897303625
r172c1223,2007,11755.26530478051
r172c1224,2007,3798.311449509001
r172c1225,2007,106991.95703173145
r172c1226,2007,35586.55338344301
r172c1227,2007,1067.6735740834847
r172c1228,2007,1263.3003390077502
r172c1229,2007,244.5940669463016
r172c1230,2007,10101.146425814642
r172c1231,2007,5376.037823676976
r172c1232,2007,6081.335517691269
r172c1233,2007,891.5035015630373
r172c1234,2007,42418.25069990293
r172c1235,2007,36267.567354825966
r172c1236,2007,291444.6167566288
r173c1219,2007,76908.35979394363
r173c1220,2007,101904.49517571082
r173c1221,2007,1922.5780537057958
r173c1222,2007,12374.375632972993
r173c1223,2007,581.7010717950761
r173c1224,2007,2039.9850576190058
r173c1225,2007,15228.892832007983
r173c1226,2007,7663.245136556216
r173c1227,2007,2146.6941053692544
r173c1228,2007,6667.7758920757
r173c1229,2007,1350.8459935135427
r173c1230,2007,15144.951679603802
r173c1231,2007,2466.4444576522133
r173c1232,2007,16131.687319518245
r173c1233,2007,65036.51238008894
r173c1234,2007,48543.357391118574
r174c1218,2007,111205.3759113701
r174c1219,2007,9871.740231951111
r174c1220,2007,132663.2936767016
r174c1221,2007,4939.921782502569
r174c1222,2007,29590.921314279512
r174c1223,2007,88932.29289405634
r174c1224,2007,183655.08927045815
r174c1225,2007,227292.32426767205
r174c1226,2007,2365.9087082951637
r174c1227,2007,5842.09800684008
r174c1228,2007,111.62358214421307
r174c1229,2007,47116.27520576626
r174c1230,2007,64924.242397250644
r174c1231,2007,146284.0845201678
r174c1232,2007,306766.6990630009
r174c1233,2007,148277.61842189656
r175c1217,2007,152875.76614429848
r175c1218,2007,198692.57906950437
r175c1219,2007,98579.63312889393
r175c1220,2007,115594.99903762162
r175c1221,2007,123533.92774094315
r175c1222,2007,79384.2209004459
r175c1223,2007,71297.08535220037
r175c1224,2007,166524.58078035095
r175c1225,2007,149000.810106707
r175c1226,2007,8105.742834845929
r175c1227,2007,1412.8477228680315
r175c1228,2007,868.9831060154693
r175c1229,2007,124424.52260854671
r175c1230,2007,1471075.7207573312
r176c1218,2007,12930.722416361128
r176c1220,2007,252584.49437201937
r176c1221,2007,32050.40651708861
r176c1222,2007,536832.4782504871
r176c1223,2007,208781.32158799688
r176c1224,2007,181828.922569328
r176c1225,2007,250034.41129084735
r176c1226,2007,26577.43844249299
r176c1227,2007,22881.984721924116
r176c1228,2007,42778.06536543138
r176c1229,2007,39127.3151811023
r177c1222,2007,171682.08006839108
r177c1223,2007,642702.2850217344
r177c1224,2007,557736.3238533288
r177c1225,2007,39256.594389916994
r177c1226,2007,12957.170911854448
r177c1227,2007,27835.42521584125
r177c1228,2007,277446.7588325165
r177c1229,2007,117225.73128382763
r178c1221,2007,58956.59866085737
r178c1222,2007,1646938.8330890413
r178c1223,2007,1513295.3409906635
r178c1224,2007,47789.98887215744
r178c1225,2007,77941.59390411462
r178c1226,2007,33700.65948234795
r178c1227,2007,2867.4111156776385
r178c1228,2007,2018.2672389736347
r178c1229,2007,979652.8772681088
r178c1230,2007,59041.7711158768
r179c1221,2007,113277.90989649405
r179c1222,2007,1061600.5044370273
r179c1223,2007,239215.14569130872
r179c1224,2007,19349.45989391189
r179c1225,2007,66883.70666232731
r179c1226,2007,38453.160885051904
r179c1227,2007,14409.967308979907
r179c1228,2007,6163.036525052905
r179c1229,2007,135752.18933318817
r179c1230,2007,9710.621149290244
r179c1231,2007,53413.1503187269
r180c1221,2007,350982.23885237833
r180c1222,2007,557558.2424463467
r180c1223,2007,456792.016239991
r180c1224,2007,9164.080788654264
r180c1225,2007,4155.442317713096
r180c1226,2007,30376.14939584078
r180c1227,2007,10012.042117493322
r180c1228,2007,4396.9189623797665
r180c1229,2007,24994.43578823149
r180c1230,2007,22039.575651441668
r180c1231,2007,10177.854540140868
r180c1232,2007,31885.968876655388
r181c1220,2007,163907.63610473383
r181c1221,2007,201921.6115972859
r181c1222,2007,222177.1352957213
r181c1223,2007,385175.3051045888
r181c1224,2007,71912.00900623242
r181c1225,2007,55021.00692552072
r181c1226,2007,23811.718486806694
r181c1227,2007,31505.027934633796
r181c1228,2007,9218.748064678328
r181c1229,2007,49900.70018415359
r181c1230,2007,15074.69792766379
r181c1231,2007,2156.2319704665106
r181c1232,2007,6600.397557840096
r182c1219,2007,53271.435365727455
r182c1220,2007,40739.56440785594
r182c1221,2007,38596.04160464642
r182c1222,2007,929329.0581457628
r182c1223,2007,104772.67838317044
r182c1224,2007,19518.170794348505
r182c1225,2007,46507.239471666486
r182c1226,2007,14136.015613820557
r182c1227,2007,10731.668322430618
r183c1220,2007,15989.37636402183
r183c1221,2007,189049.60738942566
r183c1222,2007,76664.01968182207
r183c1224,2007,59730.09043490973
r183c1226,2007,406400.6930479013
r181c1233,2007,21875.966620777777
r182c1228,2007,90800.51187178968
r182c1229,2007,77881.34182759777
r182c1230,2007,30630.554150804182
r182c1231,2007,24743.011861488943
r182c1232,2007,37527.848281933475
r182c1233,2007,5753.046284176993
r182c1234,2007,112872.56085676553
r183c1227,2007,281173.6995427348
r183c1228,2007,617067.6973827581
r183c1229,2007,58016.41733720097
r183c1230,2007,204998.6625410357
r183c1231,2007,64713.55310093768
r183c1232,2007,11767.489172714957
r183c1233,2007,9086.856759798779
r183c1234,2007,3326.803671689219
r184c1226,2007,1330514.9020301388
r184c1227,2007,5065256.050565695
r184c1228,2007,5940784.137325074
r184c1229,2007,133810.82332803143
r184c1230,2007,19137.139342574235
r184c1231,2007,59199.66943939304
r184c1232,2007,19564.471880734312
r184c1233,2007,11498.401066650047
r184c1234,2007,16059.543482323174
r184c1235,2007,52970.10764653737
r185c1226,2007,2103128.562644201
r185c1227,2007,3501233.5122384187
r185c1228,2007,2555162.2554216757
r185c1229,2007,318607.465886757
r185c1230,2007,137404.26769400656
r185c1231,2007,327681.8329612663
r185c1232,2007,27947.132902761994
r185c1233,2007,24311.13782227492
r185c1234,2007,16451.494669175434
r185c1235,2007,7304.210746549439
r185c1236,2007,129453.68601745153
r186c1227,2007,553566.1526597006
r186c1228,2007,990532.6625145336
r186c1229,2007,204605.93169540397
r186c1230,2007,130638.17616304892
r186c1231,2007,52466.15301263127
r186c1232,2007,123909.70804802429
r186c1233,2007,72913.9827797589
r186c1234,2007,9819.10920339289
r186c1235,2007,35205.954714629785
r186c1236,2007,23558.208307737543
r186c1237,2007,28017.393248469816
r187c1226,2007,168685.5201700262
r187c1228,2007,721021.7578597721
r187c1229,2007,166766.14586675476
r187c1230,2007,149161.5922039618
r187c1231,2007,202172.62287918097
r187c1232,2007,12192.181007728488
r187c1233,2007,18296.964552280802
r187c1234,2007,96016.37483816102
r187c1235,2007,14852.140527237943
r187c1236,2007,6524.999818738064
r187c1237,2007,17554.226736557644
r188c1225,2007,51739.20242248265
r188c1226,2007,137528.27743637777
r188c1227,2007,82254.51905972794
r188c1228,2007,53679.50730688472
r188c1229,2007,660023.9977331962
r188c1230,2007,133213.29368477227
r188c1231,2007,11614.330340392611
r188c1232,2007,72071.06796344524
r188c1233,2007,44230.48014889462
r188c1234,2007,100048.09557006163
r188c1235,2007,24749.925284434532
r188c1236,2007,26369.00687169618
r188c1237,2007,24047.170987690006
r189c1226,2007,81353.594425086
r189c1227,2007,73612.90799764567
r189c1228,2007,106731.04368472254
r189c1229,2007,1593005.0859214521
r189c1230,2007,77106.16345111409
r189c1231,2007,29597.833919072225
r189c1232,2007,79182.612525928
r189c1233,2007,33883.056527518725
r189c1234,2007,39643.55858713959
r189c1235,2007,14263.019715538285
r189c1236,2007,18259.543132799317
r189c1237,2007,19990.137532985293
r190c1226,2007,63117.54322286523
r190c1227,2007,94569.79993001999
r190c1228,2007,179845.34898827018
r190c1229,2007,52363.40392394189
r190c1230,2007,44073.86301672265
r190c1231,2007,30446.411345776338
r190c1232,2007,128042.58137031767
r190c1233,2007,451170.8238357206
r190c1234,2007,36387.954840362305
r190c1235,2007,28903.02707995773
r190c1236,2007,27873.11467516963
r190c1237,2007,446679.34035822144
r191c1227,2007,347400.19035645836
r191c1228,2007,748254.02413513
r191c1229,2007,18063.013747102024
r191c1230,2007,15691.775252961042
r191c1231,2007,13779.506527333997
r191c1232,2007,16877.128461743057
r191c1233,2007,340551.0446733101
r191c1234,2007,2569496.319421316
r191c1235,2007,287311.30505473376
r191c1236,2007,166952.32491219605
r191c1237,2007,257616.5402935689
r192c1226,2007,73951.35922916782
r192c1227,2007,147987.07813497758
r192c1228,2007,24749.254477070463
r192c1229,2007,37550.19431605699
r192c1230,2007,42860.77142372549
r192c1231,2007,59045.802406163166
r192c1232,2007,31796.54400484857
r192c1233,2007,131479.7682812156
r192c1234,2007,51412.685254035416
r192c1235,2007,34495.94227168215
r192c1236,2007,78869.20827872193
r192c1237,2007,786771.4804229498
r193c1226,2007,88336.85467970981
r193c1227,2007,74578.15511742899
r193c1228,2007,56350.52909880325
r193c1229,2007,102926.04906277047
r193c1230,2007,15571.448569047972
r193c1231,2007,27202.095966805515
r193c1232,2007,25445.598999978927
r193c1233,2007,114044.3642488674
r193c1234,2007,265915.41707029793
r193c1235,2007,234875.02178325248
r193c1236,2007,502001.66037451243
r194c1224,2007,12934.325475692158
r194c1226,2007,95442.43550970449
r194c1227,2007,1607488.0769034282
r194c1228,2007,25456.421733441133
r194c1229,2007,32532.653999967268
r194c1230,2007,21991.104541048633
r194c1231,2007,48027.95818912431
r194c1232,2007,290758.5190048611
r194c1233,2007,60244.84671723648
r194c1235,2007,1291986.0459084609
r194c1236,2007,2926809.089006278
r195c1224,2007,12334.25916514236
r195c1226,2007,89096.83113960306
r195c1227,2007,34007.995767516244
r195c1228,2007,32253.017138941465
r195c1229,2007,95073.20208168718
r195c1231,2007,106490.72478107557
r195c1233,2007,177699.45870683063
r195c1234,2007,221140.9234429748
r196c1226,2007,63127.323970809426
r196c1227,2007,70732.93945307909
r196c1229,2007,38177.70357010917
r201c1225,2007,171233.97564210114
r201c1226,2007,161453.7016180138
r201c1227,2007,49395.547162987416
r163c1239,2008,115742.5055757029
r163c1240,2008,55476.16219754131
r164c1239,2008,23298.191856559155
r164c1240,2008,33631.74723069054
r165c1237,2008,7575.136364109254
r165c1238,2008,49502.10811075363
r165c1239,2008,40980.36187744672
r165c1240,2008,2496.8753005381204
r165c1241,2008,135517.27996437412
r165c1242,2008,14832.338159661544
r166c1236,2008,59286.121672684465
r166c1237,2008,18899.842243315572
r166c1238,2008,51337.24628566581
r166c1239,2008,3841.385916561195
r166c1240,2008,22008.876628601232
r167c1232,2008,6093.810345896717
r167c1233,2008,80368.10748065719
r167c1234,2008,5598.9097333733425
r167c1235,2008,11394.896918741095
r167c1236,2008,13318.214831296078
r167c1237,2008,1537.098503228788
r167c1238,2008,144757.6776142504
r167c1239,2008,636658.53597092
r168c1226,2008,5131.627163679779
r168c1227,2008,42709.02688891007
r168c1233,2008,27177.040134620063
r168c1234,2008,1332.9917678608028
r168c1235,2008,6564.493857740706
r168c1236,2008,27.55835074558854
r168c1237,2008,1759.7686852285528
r168c1238,2008,310676.0510030665
r169c1226,2008,31826.28920909795
r169c1227,2008,11504.273999514058
r169c1228,2008,9002.199263571643
r169c1229,2008,15258.96803892326
r169c1230,2008,11048.698472859862
r169c1231,2008,10501.870437293837
r169c1232,2008,476714.58922277734
r169c1233,2008,24031.13464534272
r169c1234,2008,4627.479726067886
r169c1235,2008,340.89353688407476
r169c1236,2008,2118.3997053366666
r169c1237,2008,42208.060456646126
r169c1238,2008,48121.69652063376
r170c1225,2008,151737.75220711023
r170c1226,2008,24966.417285042844
r170c1227,2008,2870.6592416819694
r170c1228,2008,2987.1368938405067
r170c1229,2008,567.2946236208081
r170c1230,2008,578.3297871388495
r170c1231,2008,3703.111074188724
r170c1232,2008,5430.109240254496
r170c1233,2008,16251.146254931922
r170c1234,2008,7672.306326203618
r170c1235,2008,20343.298478346514
r170c1236,2008,1412.1395682432196
r170c1237,2008,39859.35030921163
r170c1238,2008,7714.196359090564
r171c1223,2008,23646.946132466564
r171c1224,2008,4778.547560977198
r171c1225,2008,1386.598678351033
r171c1226,2008,560893.8826641728
r171c1227,2008,2792.8342945883523
r171c1228,2008,13618.456674319907
r171c1229,2008,1470.213519760988
r171c1230,2008,1517.209063624313
r171c1231,2008,2067.485716391355
r171c1232,2008,46483.9047345221
r171c1233,2008,2389.7793860529846
r171c1234,2008,919.9829783759901
r171c1235,2008,63480.338356782486
r171c1236,2008,11968.019492890926
r171c1237,2008,135311.9026303713
r171c1238,2008,36623.64506247925
r172c1221,2008,14054.3511527794
r172c1222,2008,15245.098435801681
r172c1223,2008,11695.547840252388
r172c1224,2008,3810.702990547655
r172c1225,2008,106378.17069073896
r172c1226,2008,35775.905524584654
r172c1227,2008,1067.3180722892284
r172c1228,2008,1252.7166839567944
r172c1229,2008,248.19360688142478
r172c1230,2008,10213.621138604432
r172c1231,2008,5365.174653556052
r172c1232,2008,6066.054224801666
r172c1233,2008,894.1149380478057
r172c1234,2008,42426.852980180294
r172c1235,2008,36279.39886499087
r172c1236,2008,291247.9586179028
r173c1219,2008,78110.20967166437
r173c1220,2008,102757.75358081068
r173c1221,2008,1956.276639148739
r173c1222,2008,12560.361682226414
r173c1223,2008,578.7105083651841
r173c1224,2008,2052.9656230430064
r173c1225,2008,15502.538134030438
r173c1226,2008,7755.044487630948
r173c1227,2008,2152.3258620396327
r173c1228,2008,6682.812276670972
r173c1229,2008,1356.2073222788454
r173c1230,2008,15254.153929745153
r173c1231,2008,2531.441920739931
r173c1232,2008,16707.67504033839
r173c1233,2008,65477.64821069791
r173c1234,2008,48696.81566219832
r174c1218,2008,113127.66750577635
r174c1219,2008,10116.037069579688
r174c1220,2008,133421.91253020728
r174c1221,2008,5021.9728542829625
r174c1222,2008,30144.575339041545
r174c1223,2008,89746.46926461835
r174c1224,2008,183940.61904554375
r174c1225,2008,226422.13147921785
r174c1226,2008,2367.2313947700586
r174c1227,2008,5792.146834689014
r174c1228,2008,116.18256971333724
r174c1229,2008,47328.930357650526
r174c1230,2008,65425.28411333991
r174c1231,2008,146509.69030728983
r174c1232,2008,306935.43321574404
r174c1233,2008,148801.27759374786
r175c1217,2008,155471.02063542156
r175c1218,2008,201806.5944161233
r175c1219,2008,100192.71424427071
r175c1220,2008,116525.11290298076
r175c1221,2008,124264.44555409125
r175c1222,2008,80716.07264865903
r175c1223,2008,72075.54785267219
r175c1224,2008,168996.7577680301
r175c1225,2008,149717.0801071923
r175c1226,2008,8352.513729947495
r175c1227,2008,1423.7624596437622
r175c1228,2008,876.3160577542441
r175c1229,2008,124909.50244760851
r175c1230,2008,1469721.314782996
r176c1218,2008,13515.962436329377
r176c1220,2008,254866.62292730456
r176c1221,2008,32145.10953237118
r176c1222,2008,539309.0418472927
r176c1223,2008,208483.80738376366
r176c1224,2008,185648.5898861597
r176c1225,2008,252800.79208866594
r176c1226,2008,26787.89891642213
r176c1227,2008,23046.612465092338
r176c1228,2008,42910.834541913726
r176c1229,2008,39238.400434493815
r177c1222,2008,171192.23189834526
r177c1223,2008,645566.7630682455
r177c1224,2008,560496.911913674
r177c1225,2008,39606.69215944316
r177c1226,2008,13052.506441621475
r177c1227,2008,28345.96298520527
r177c1228,2008,279222.47326289705
r177c1229,2008,119271.67847854547
r178c1221,2008,59135.866678491955
r178c1222,2008,1669609.0908244615
r178c1223,2008,1535751.7042345004
r178c1224,2008,48274.09595533428
r178c1225,2008,78282.23540172332
r178c1226,2008,33673.49583887525
r178c1227,2008,2897.090752368793
r178c1228,2008,2066.598269619448
r178c1229,2008,991615.2877910926
r178c1230,2008,60123.11056143464
r179c1221,2008,113758.91880490488
r179c1222,2008,1070494.9644549943
r179c1223,2008,243892.76993976693
r179c1224,2008,19781.392420330303
r179c1225,2008,67339.58856814547
r179c1226,2008,38618.13295527322
r179c1227,2008,14581.453127739536
r179c1228,2008,6231.901026856633
r179c1229,2008,138271.01363807337
r179c1230,2008,10019.918838466177
r179c1231,2008,54375.520501337945
r180c1221,2008,350148.554489599
r180c1222,2008,561354.6900943475
r180c1223,2008,458217.4064793928
r180c1224,2008,9528.855347272163
r180c1225,2008,4226.1073134139115
r180c1226,2008,30742.966110281457
r180c1227,2008,10266.04203870973
r180c1228,2008,4478.961829057529
r180c1229,2008,25754.09853916324
r180c1230,2008,22554.806983321818
r180c1231,2008,10325.504918312143
r180c1232,2008,32287.109165211077
r181c1220,2008,164887.77924191055
r181c1221,2008,202768.95144491174
r181c1222,2008,224754.50264083256
r181c1223,2008,387530.7670707258
r181c1224,2008,72258.83256595979
r181c1225,2008,55463.13562339101
r181c1226,2008,24019.461755795885
r181c1227,2008,31985.895529274647
r181c1228,2008,9438.004536044184
r181c1229,2008,51001.13341653282
r181c1230,2008,15464.889086875273
r181c1231,2008,2183.275034390951
r181c1232,2008,6716.763849998304
r182c1219,2008,54737.89780619581
r182c1220,2008,41287.680431684894
r182c1221,2008,38753.511759340705
r182c1222,2008,931347.1006880207
r182c1223,2008,105706.92505914374
r182c1224,2008,19816.901636422484
r182c1225,2008,47086.2399476878
r182c1226,2008,14090.564978680854
r182c1227,2008,11098.856022893024
r183c1220,2008,16333.59546812782
r183c1221,2008,192518.8580495525
r183c1222,2008,77279.02276894652
r183c1224,2008,60238.33686520939
r183c1226,2008,408556.07129456376
r181c1233,2008,21865.90612231902
r182c1228,2008,93059.5835183438
r182c1229,2008,79404.60131623472
r182c1230,2008,30798.937303718205
r182c1231,2008,25082.957003948988
r182c1232,2008,37651.662276834366
r182c1233,2008,5840.638841169404
r182c1234,2008,112317.9671087474
r183c1227,2008,291289.18434616446
r183c1228,2008,633707.8183872945
r183c1229,2008,59554.155120887895
r183c1230,2008,204099.82788634748
r183c1231,2008,65265.19567187746
r183c1232,2008,11922.074437705685
r183c1233,2008,9151.334395922262
r183c1234,2008,3366.387132819344
r184c1226,2008,1365278.7192342216
r184c1227,2008,5074020.5931014065
r184c1228,2008,5940491.109347869
r184c1229,2008,138310.9958002791
r184c1230,2008,19774.204139192632
r184c1231,2008,59466.409927466026
r184c1232,2008,19911.235647007492
r184c1233,2008,11747.986885142636
r184c1234,2008,16366.01222885853
r184c1235,2008,53316.65844858192
r185c1226,2008,2114691.677938897
r185c1227,2008,3519433.368022215
r185c1228,2008,2593499.693154437
r185c1229,2008,328428.5200553332
r185c1230,2008,141710.52694832286
r185c1231,2008,329111.60006347107
r185c1232,2008,28374.68618411777
r185c1233,2008,24396.281179836384
r185c1234,2008,16498.409068041725
r185c1235,2008,7344.850353549624
r185c1236,2008,128648.42043503147
r186c1227,2008,584784.4587217267
r186c1228,2008,1034558.4035661216
r186c1229,2008,210763.85094208387
r186c1230,2008,134757.16103581988
r186c1231,2008,52874.03572986556
r186c1232,2008,124060.65212521904
r186c1233,2008,72363.83089387309
r186c1234,2008,9858.379296027253
r186c1235,2008,34911.43804447808
r186c1236,2008,23337.214506048895
r186c1237,2008,28202.701860547248
r187c1226,2008,172963.77578062005
r187c1228,2008,737645.303672126
r187c1229,2008,170184.8505504403
r187c1230,2008,151384.6745798574
r187c1231,2008,202080.09823449753
r187c1232,2008,12204.285033231761
r187c1233,2008,18234.233874804173
r187c1234,2008,96481.691263457
r187c1235,2008,15026.363539101209
r187c1236,2008,6510.914507164518
r187c1237,2008,17567.857422327812
r188c1225,2008,52147.83554996014
r188c1226,2008,138912.37103911108
r188c1227,2008,82902.99471372247
r188c1228,2008,57319.70068716098
r188c1229,2008,669732.8008510005
r188c1230,2008,134368.055457504
r188c1231,2008,11590.911095020285
r188c1232,2008,72056.63856820553
r188c1233,2008,44396.14492392672
r188c1234,2008,99845.12867461977
r188c1235,2008,24758.643756136757
r188c1236,2008,26264.533024774257
r188c1237,2008,23942.92752902709
r189c1226,2008,81993.76568146345
r189c1227,2008,74147.1612834504
r189c1228,2008,108436.1487225914
r189c1229,2008,1602209.4542814451
r189c1230,2008,77249.01794390782
r189c1231,2008,29747.934289902838
r189c1232,2008,79187.70088024382
r189c1233,2008,34008.027861359195
r189c1234,2008,39479.048644532406
r189c1235,2008,14293.15271110467
r189c1236,2008,18254.263521064222
r189c1237,2008,19980.144631783383
r190c1226,2008,63478.83400097283
r190c1227,2008,94972.80641813335
r190c1228,2008,180880.02009876975
r190c1229,2008,52930.52688559545
r190c1230,2008,44232.70960902345
r190c1231,2008,30474.023761071556
r190c1232,2008,128972.07337384392
r190c1233,2008,450025.9961441009
r190c1234,2008,36436.07260818139
r190c1235,2008,28941.380485082987
r190c1236,2008,27985.835573928325
r190c1237,2008,443512.6565296991
r191c1227,2008,344870.38769868354
r191c1228,2008,745615.8456827382
r191c1229,2008,18070.597897738156
r191c1230,2008,15715.765639595409
r191c1231,2008,13917.503127697737
r191c1232,2008,16957.463776577668
r191c1233,2008,342402.27567532746
r191c1234,2008,2559412.778061179
r191c1235,2008,287320.3692517454
r191c1236,2008,166272.96951794083
r191c1237,2008,257841.52050111536
r192c1226,2008,74108.36044746346
r192c1227,2008,148371.57181775695
r192c1228,2008,24697.327501129264
r192c1229,2008,37646.635415640216
r192c1230,2008,43101.118526222795
r192c1231,2008,60104.12520008884
r192c1232,2008,32091.363070324114
r192c1233,2008,133920.3847586089
r192c1234,2008,51571.227614739764
r192c1235,2008,34712.640272288765
r192c1236,2008,80632.08306491419
r192c1237,2008,791661.8082590406
r193c1226,2008,88588.16247367006
r193c1227,2008,74969.6620301
r193c1228,2008,56417.51058743404
r193c1229,2008,102643.18928544872
r193c1230,2008,15740.45522962022
r193c1231,2008,27770.402490150336
r193c1232,2008,25673.89600634643
r193c1233,2008,115734.6358009683
r193c1234,2008,269223.92816975166
r193c1235,2008,239504.41352915525
r193c1236,2008,508137.0630974453
r194c1224,2008,12941.09834074883
r194c1226,2008,95651.18124674038
r194c1227,2008,1615601.3548121415
r194c1228,2008,25414.170793025965
r194c1229,2008,32343.58968846498
r194c1230,2008,22101.499243580085
r194c1231,2008,49248.05460725451
r194c1232,2008,293671.9442582951
r194c1233,2008,61165.13743472054
r194c1235,2008,1293386.357687469
r194c1236,2008,2897334.7877124986
r195c1224,2008,12149.641315704315
r195c1226,2008,88896.94644699244
r195c1227,2008,33953.3560047334
r195c1228,2008,32114.27723628637
r195c1229,2008,94277.46787188697
r195c1231,2008,105847.1066424026
r195c1233,2008,178808.64286233694
r195c1234,2008,222295.76005953114
r196c1226,2008,62873.44749443901
r196c1227,2008,70404.3606898258
r196c1229,2008,37708.25601584575
r201c1225,2008,173678.318942674
r201c1226,2008,165340.31969998893
r201c1227,2008,50006.31134083269
r163c1239,2009,115144.36649888541
r163c1240,2009,55579.80967406449
r164c1239,2009,23211.455477438947
r164c1240,2009,33595.16489382523
r165c1237,2009,7613.070663178743
r165c1238,2009,49346.38350623669
r165c1239,2009,40868.27545261833
r165c1240,2009,2511.1131756522677
r165c1241,2009,134792.3660142577
r165c1242,2009,14709.749789854846
r166c1236,2009,59102.72989801569
r166c1237,2009,18855.126707499287
r166c1238,2009,51223.82016634965
r166c1239,2009,3864.6674938559
r166c1240,2009,22161.100925693023
r167c1232,2009,6257.204166152688
r167c1233,2009,83022.96494782843
r167c1234,2009,5573.157855156211
r167c1235,2009,11447.408113840029
r167c1236,2009,13355.340668776667
r167c1237,2009,1535.9679249080812
r167c1238,2009,144410.52847257428
r167c1239,2009,634337.2678336329
r168c1226,2009,5110.174110934869
r168c1227,2009,43405.99599558633
r168c1233,2009,27170.78868244413
r168c1234,2009,1317.3322791934597
r168c1235,2009,6576.764783952133
r168c1236,2009,27.44924210011959
r168c1237,2009,1757.7873285160565
r168c1238,2009,310015.5021725771
r169c1226,2009,31654.291174608992
r169c1227,2009,11489.99031468667
r169c1228,2009,9098.67242974446
r169c1229,2009,15274.696808856796
r169c1230,2009,10983.410901391391
r169c1231,2009,10410.803469937757
r169c1232,2009,472181.0505734127
r169c1233,2009,23929.691148703616
r169c1234,2009,4584.007985606731
r169c1235,2009,337.17305590939867
r169c1236,2009,2145.6433439762422
r169c1237,2009,42217.0889992618
r169c1238,2009,48067.31018760086
r170c1225,2009,150788.42960484576
r170c1226,2009,25265.104443503813
r170c1227,2009,2885.9768230580084
r170c1228,2009,3010.098265806213
r170c1229,2009,566.4395004529506
r170c1230,2009,588.5912868864834
r170c1231,2009,3794.615957433358
r170c1232,2009,5399.415869948429
r170c1233,2009,16105.436151381327
r170c1234,2009,7596.648171385429
r170c1235,2009,20320.186718710363
r170c1236,2009,1420.871352961875
r170c1237,2009,39794.81294775283
r170c1238,2009,7752.716438235005
r171c1223,2009,23504.69105908403
r171c1224,2009,4750.0476192813285
r171c1225,2009,1387.2480219168992
r171c1226,2009,561222.3647202976
r171c1227,2009,2842.708277201163
r171c1228,2009,13613.720223667933
r171c1229,2009,1487.0118148216102
r171c1230,2009,1535.8680996239113
r171c1231,2009,2045.7185592520982
r171c1232,2009,46334.299970811706
r171c1233,2009,2417.7410962343565
r171c1234,2009,935.4998702726747
r171c1235,2009,63397.43962154105
r171c1236,2009,12037.175573424305
r171c1237,2009,135146.02098920674
r171c1238,2009,36771.571418077794
r172c1221,2009,14084.001676752294
r172c1222,2009,15372.264696403498
r172c1223,2009,11636.908043609055
r172c1224,2009,3822.537017716825
r172c1225,2009,105776.20201650297
r172c1226,2009,35957.94034750263
r172c1227,2009,1066.9155814237893
r172c1228,2009,1242.3688015844673
r172c1229,2009,251.76003457512707
r172c1230,2009,10325.01385149288
r172c1231,2009,5354.0993880146125
r172c1232,2009,6051.116354513562
r172c1233,2009,896.6824140315694
r172c1234,2009,42434.207317636414
r172c1235,2009,36290.13051983891
r172c1236,2009,291040.95272418205
r173c1219,2009,79309.96421628467
r173c1220,2009,103604.38958056111
r173c1221,2009,1989.8056695914152
r173c1222,2009,12745.403525061474
r173c1223,2009,575.7742961980402
r173c1224,2009,2065.46596808061
r173c1225,2009,15767.546256862444
r173c1226,2009,7843.8095872905105
r173c1227,2009,2157.6895650519023
r173c1228,2009,6697.552539216723
r173c1229,2009,1361.4917439835258
r173c1230,2009,15362.135596971058
r173c1231,2009,2595.8959566185213
r173c1232,2009,17279.006919753512
r173c1233,2009,65913.74613746355
r173c1234,2009,48847.79702969786
r174c1218,2009,115040.80361540335
r174c1219,2009,10359.305997422849
r174c1220,2009,134172.2892595644
r174c1221,2009,5103.598267908051
r174c1222,2009,30695.54275703717
r174c1223,2009,90554.42656202259
r174c1224,2009,184230.9663004055
r174c1225,2009,225565.18926136082
r174c1226,2009,2368.4492172099654
r174c1227,2009,5743.648192950148
r174c1228,2009,120.70914596352524
r174c1229,2009,47538.716426013416
r174c1230,2009,65920.85397937761
r174c1231,2009,146729.56126392967
r174c1232,2009,307094.3627683141
r174c1233,2009,149316.9706504946
r175c1217,2009,158023.56088136183
r175c1218,2009,204903.90190456112
r175c1219,2009,101797.35753681205
r175c1220,2009,117447.45261329964
r175c1221,2009,124987.23559364048
r175c1222,2009,82041.05624376211
r175c1223,2009,72847.87411158347
r175c1224,2009,171439.93365383384
r175c1225,2009,150426.78653000726
r175c1226,2009,8594.334686080634
r175c1227,2009,1434.6035971654069
r175c1228,2009,883.5711832461878
r175c1229,2009,125387.46534806964
r175c1230,2009,1468335.6928862599
r176c1218,2009,14099.270918730981
r176c1220,2009,257131.21045393916
r176c1221,2009,32240.042132812137
r176c1222,2009,541759.3653504711
r176c1223,2009,208205.4251771215
r176c1224,2009,189395.03258104142
r176c1225,2009,255521.2662326292
r176c1226,2009,26995.293109632836
r176c1227,2009,23209.39881856335
r176c1228,2009,43041.43951432962
r176c1229,2009,39347.58157483017
r177c1222,2009,170723.53040521173
r177c1223,2009,648406.8183240541
r177c1224,2009,563230.2492736788
r177c1225,2009,39951.43854011217
r177c1226,2009,13146.513189074763
r177c1227,2009,28851.897463125282
r177c1228,2009,280975.1488714135
r177c1229,2009,121312.50145384001
r178c1221,2009,59314.70627193538
r178c1222,2009,1692062.3571209686
r178c1223,2009,1558028.363322121
r178c1224,2009,48761.706843092485
r178c1225,2009,78620.0728820896
r178c1226,2009,33648.86051799866
r178c1227,2009,2926.2753438748528
r178c1228,2009,2115.027003992577
r178c1229,2009,1003451.144721727
r178c1230,2009,61202.13023011004
r179c1221,2009,114224.1763303531
r179c1222,2009,1079374.8036100701
r179c1223,2009,248561.81719770568
r179c1224,2009,20213.59402991481
r179c1225,2009,67791.51585341887
r179c1226,2009,38781.25904752004
r179c1227,2009,14751.597604500941
r179c1228,2009,6299.875272600408
r179c1229,2009,140784.98236255237
r179c1230,2009,10330.77083300541
r179c1231,2009,55335.55819359049
r180c1221,2009,349317.6432796375
r180c1222,2009,565117.4879305264
r180c1223,2009,459623.4759583568
r180c1224,2009,9891.639123585846
r180c1225,2009,4296.309276696514
r180c1226,2009,31107.120565123092
r180c1227,2009,10520.628525982862
r180c1228,2009,4560.854169720934
r180c1229,2009,26517.225140309874
r180c1230,2009,23070.815514693895
r180c1231,2009,10472.184671095056
r180c1232,2009,32684.30379366244
r181c1220,2009,165858.45742674285
r181c1221,2009,203605.82999961573
r181c1222,2009,227314.5085210953
r181c1223,2009,389864.19064889953
r181c1224,2009,72602.00349821012
r181c1225,2009,55901.589845902665
r181c1226,2009,24225.53318525276
r181c1227,2009,32463.769891341006
r181c1228,2009,9652.915056704433
r181c1229,2009,52080.980973674144
r181c1230,2009,15843.305079090966
r181c1231,2009,2209.612741381571
r181c1232,2009,6825.168245602433
r182c1219,2009,56197.46080093565
r182c1220,2009,41832.42972888466
r182c1221,2009,38908.99786942702
r182c1222,2009,933323.2605891064
r182c1223,2009,106634.09271020067
r182c1224,2009,20113.893575360416
r182c1225,2009,47661.65857941091
r182c1226,2009,14045.615882351536
r182c1227,2009,11459.77041916043
r183c1220,2009,16676.063302884595
r183c1221,2009,195969.40249162662
r183c1222,2009,77889.07689413497
r183c1224,2009,60741.23622518094
r183c1226,2009,410666.36931243545
r181c1233,2009,21833.14130176008
r182c1228,2009,95216.71608325029
r182c1229,2009,80831.94835687337
r182c1230,2009,30929.164401224945
r182c1231,2009,25384.94591050861
r182c1232,2009,37731.597444874526
r182c1233,2009,5919.107233913214
r182c1234,2009,111663.79216163314
r183c1227,2009,301113.0936616926
r183c1228,2009,649692.2617778006
r183c1229,2009,61030.17048383028
r183c1230,2009,203033.0330381809
r183c1231,2009,65729.35789072934
r183c1232,2009,12058.855726874233
r183c1233,2009,9203.981957724733
r183c1234,2009,3401.081142731734
r184c1226,2009,1398607.197819593
r184c1227,2009,5077156.396511592
r184c1228,2009,5933642.134097626
r184c1229,2009,142671.5160170579
r184c1230,2009,20387.92429634018
r184c1231,2009,59662.40375061297
r184c1232,2009,20225.262538096526
r184c1233,2009,11976.732618443468
r184c1234,2009,16644.846017219345
r184c1235,2009,53595.272285840714
r185c1226,2009,2123978.8527597836
r185c1227,2009,3533755.653157909
r185c1228,2009,2628990.7307170816
r185c1229,2009,337914.52114240703
r185c1230,2009,145872.49036816138
r185c1231,2009,330148.66574409814
r185c1232,2009,28757.844752594432
r185c1233,2009,24452.82664794631
r185c1234,2009,16526.34526450308
r185c1235,2009,7376.371651391967
r185c1236,2009,127734.85747839413
r186c1227,2009,615460.806687084
r186c1228,2009,1077580.7861954048
r186c1229,2009,216698.70485701849
r186c1230,2009,138719.52500123263
r186c1231,2009,53218.66957487017
r186c1232,2009,124098.31090008393
r186c1233,2009,71766.17791887111
r186c1234,2009,9886.093847927115
r186c1235,2009,34590.06453195023
r186c1236,2009,23098.54649863963
r186c1237,2009,28350.389882255437
r187c1226,2009,176984.00167648125
r187c1228,2009,753377.4575030474
r187c1229,2009,173357.87137695996
r187c1230,2009,153385.4064955045
r187c1231,2009,201818.0816225583
r187c1232,2009,12205.013783235298
r187c1233,2009,18157.756894460555
r187c1234,2009,96822.32202080799
r187c1235,2009,15178.027042078505
r187c1236,2009,6489.818864199649
r187c1237,2009,17560.97903955026
r188c1225,2009,52508.40596457705
r188c1226,2009,140158.46250609474
r188c1227,2009,83475.10106371174
r188c1228,2009,60955.8688286791
r188c1229,2009,678598.9503334676
r188c1230,2009,135359.51323827708
r188c1231,2009,11557.447036855126
r188c1232,2009,71960.3176009399
r188c1233,2009,44505.93102511691
r188c1234,2009,99534.25610267467
r188c1235,2009,24738.78226048321
r188c1236,2009,26133.250922114203
r188c1237,2009,23814.523403504296
r189c1226,2009,82558.44533354552
r189c1227,2009,74614.6540296883
r189c1228,2009,110092.85167212447
r189c1229,2009,1609717.6966691818
r189c1230,2009,77319.98591397618
r189c1231,2009,29863.969724665236
r189c1232,2009,79102.13708540145
r189c1233,2009,34090.25489680235
r189c1234,2009,39274.47296911784
r189c1235,2009,14306.011883165793
r189c1236,2009,18228.273575284336
r189c1237,2009,19947.613369783525
r190c1226,2009,63786.033915512075
r190c1227,2009,95268.45194652714
r190c1228,2009,181738.30612864584
r190c1229,2009,53440.218407932916
r190c1230,2009,44349.66322943308
r190c1231,2009,30473.733354009586
r190c1232,2009,129725.61943284523
r190c1233,2009,448401.9106163207
r190c1234,2009,36441.04773935416
r190c1235,2009,28945.456468137167
r190c1236,2009,28063.076371732204
r190c1237,2009,439936.56628080516
r191c1227,2009,342027.27609606436
r191c1228,2009,742168.861019697
r191c1229,2009,18055.265441945434
r191c1230,2009,15719.296140237684
r191c1231,2009,14038.67083871593
r191c1232,2009,17017.001973441424
r191c1233,2009,343830.5892402885
r191c1234,2009,2546556.905398656
r191c1235,2009,287001.0529893463
r191c1236,2009,165424.4541190282
r191c1237,2009,257764.72177598238
r192c1226,2009,74165.51266533596
r192c1227,2009,148552.9024783488
r192c1228,2009,24616.964152764594
r192c1229,2009,37691.57932350584
r192c1230,2009,43290.05583326219
r192c1231,2009,61089.36145066694
r192c1232,2009,32350.311713781997
r192c1233,2009,136176.68281788536
r192c1234,2009,51672.665297434396
r192c1235,2009,34889.46282404366
r192c1236,2009,82299.59864193581
r192c1237,2009,795674.1699118193
r193c1226,2009,88711.5882943284
r193c1227,2009,75238.3055539062
r193c1228,2009,56407.218577933876
r193c1229,2009,102241.69512395808
r193c1230,2009,15885.67453313623
r193c1231,2009,28303.910600165043
r193c1232,2009,25873.87834482523
r193c1233,2009,117288.68628072037
r193c1234,2009,272223.653092233
r193c1235,2009,243837.21835691633
r193c1236,2009,513604.3444928832
r194c1224,2009,12929.295126697238
r194c1226,2009,95725.00038525017
r194c1227,2009,1621895.4921290013
r194c1228,2009,25338.34228241533
r194c1229,2009,32117.60866728907
r194c1230,2009,22183.082173667117
r194c1231,2009,50402.73395957824
r194c1232,2009,296257.570596744
r194c1233,2009,62013.08563198336
r194c1235,2009,1293223.818931056
r194c1236,2009,2864805.0556595875
r195c1224,2009,11956.400624525855
r195c1226,2009,88580.8326060799
r195c1227,2009,33853.32147647835
r195c1228,2009,31936.62077706946
r195c1229,2009,93385.42054157071
r195c1231,2009,105110.40458027604
r195c1233,2009,179726.86740553507
r195c1234,2009,223216.10490337867
r196c1226,2009,62542.560865365675
r196c1227,2009,69991.59270924056
r196c1229,2009,37207.265897434816
r201c1225,2009,175935.04733931238
r201c1226,2009,169024.74843970526
r201c1227,2009,50564.4632662255
r163c1239,2010,114560.1651737569
r163c1240,2010,55678.93674761
r164c1239,2010,23126.523308827345
r164c1240,2010,33556.62041175263
r165c1237,2010,7650.3374229921055
r165c1238,2010,49189.05409078304
r165c1239,2010,40754.396453065194
r165c1240,2010,2525.0511898827367
r165c1241,2010,134058.10804683506
r165c1242,2010,14587.744421145202
r166c1236,2010,58916.91574301414
r166c1237,2010,18809.52052515524
r166c1238,2010,51107.90166734669
r166c1239,2010,3887.4725951538185
r166c1240,2010,22309.898751597844
r167c1232,2010,6415.606982057147
r167c1233,2010,85596.57339623143
r167c1234,2010,5547.421630427592
r167c1235,2010,11497.762359098648
r167c1236,2010,13391.212374950157
r167c1237,2010,1534.7420632478725
r167c1238,2010,144056.6008949854
r167c1239,2010,631993.4418324429
r168c1226,2010,5089.566640372777
r168c1227,2010,44079.81606580241
r168c1233,2010,27161.473783499056
r168c1234,2010,1301.9331975705484
r168c1235,2010,6587.908035189776
r168c1236,2010,27.339235816150904
r168c1237,2010,1755.7031296574128
r168c1238,2010,309339.6354777759
r169c1226,2010,31484.787403032467
r169c1227,2010,11475.181667542085
r169c1228,2010,9191.453367424469
r169c1229,2010,15288.614676511486
r169c1230,2010,10919.653047269469
r169c1231,2010,10322.180651975254
r169c1232,2010,467716.4690720269
r169c1233,2010,23828.070303156746
r169c1234,2010,4541.146860155055
r169c1235,2010,333.511517824364
r169c1236,2010,2172.49274020401
r169c1237,2010,42223.134562593754
r169c1238,2010,48010.11346029793
r170c1225,2010,149854.229571085
r170c1226,2010,25553.30910084716
r170c1227,2010,2900.6283656046453
r170c1228,2010,3032.167496604845
r170c1229,2010,565.5516641456634
r170c1230,2010,598.7496388666332
r170c1231,2010,3883.2074416317046
r170c1232,2010,5368.891730649813
r170c1233,2010,15961.683223173168
r170c1234,2010,7522.103766410155
r170c1235,2010,20296.655001576997
r170c1236,2010,1429.4263988580153
r170c1237,2010,39728.125614782526
r170c1238,2010,7790.354820225508
r171c1223,2010,23365.74639007954
r171c1224,2010,4722.126336063078
r171c1225,2010,1387.7668629618254
r171c1226,2010,561496.2113027694
r171c1227,2010,2890.943143301282
r171c1228,2010,13608.017324330307
r171c1229,2010,1503.7088102908476
r171c1230,2010,1554.3059411235593
r171c1231,2010,2024.2874239571393
r171c1232,2010,46183.09626781715
r171c1233,2010,2444.8059600929773
r171c1234,2010,950.8516232636666
r171c1235,2010,63311.64644419867
r171c1236,2010,12104.878041295126
r171c1237,2010,134972.35557742522
r171c1238,2010,36915.63094976574
r172c1221,2010,14117.210448885979
r172c1222,2010,15494.837224758641
r172c1223,2010,11578.9849509702
r172c1224,2010,3833.7276993187106
r172c1225,2010,105182.69631308361
r172c1226,2010,36131.924981269985
r172c1227,2010,1066.4382485300303
r172c1228,2010,1232.2138272821903
r172c1229,2010,255.28648323845118
r172c1230,2010,10435.043218859533
r172c1231,2010,5342.673213117745
r172c1232,2010,6036.342553530805
r172c1233,2010,899.1817775937857
r172c1234,2010,42439.175034508145
r172c1235,2010,36298.788724426544
r172c1236,2010,290815.85930910485
r173c1219,2010,80502.76765996762
r173c1220,2010,104441.47783504328
r173c1221,2010,2023.1075903990982
r173c1222,2010,12929.133739234478
r173c1223,2010,572.8745191209018
r173c1224,2010,2077.4461301917977
r173c1225,2010,16023.791251344393
r173c1226,2010,7929.432366896421
r173c1227,2010,2162.7347520875946
r173c1228,2010,6711.816593509017
r173c1229,2010,1366.662605929382
r173c1230,2010,15468.48155844124
r173c1231,2010,2659.7349200071767
r173c1232,2010,17845.201766288897
r173c1233,2010,66343.02501619101
r173c1234,2010,48994.98706642282
r174c1218,2010,116941.20397096917
r174c1219,2010,10601.236018535392
r174c1220,2010,134910.79481496726
r174c1221,2010,5184.65113955658
r174c1222,2010,31242.929444871497
r174c1223,2010,91353.66440870511
r174c1224,2010,184520.63153821015
r174c1225,2010,224714.77214924397
r174c1226,2010,2369.498704005592
r174c1227,2010,5696.3766634731755
r174c1228,2010,125.1997020046044
r174c1229,2010,47744.35196398003
r174c1230,2010,66409.16786528716
r174c1231,2010,146939.75461544003
r174c1232,2010,307235.2466652581
r174c1233,2010,149820.67557999078
r175c1217,2010,160527.1960524465
r175c1218,2010,207978.63116483233
r175c1219,2010,103390.63252312319
r175c1220,2010,118358.79515451241
r175c1221,2010,125698.91230949137
r175c1222,2010,83356.80635528182
r175c1223,2010,73612.08223867291
r175c1224,2010,173850.01664692146
r175c1225,2010,151125.77452486326
r175c1226,2010,8831.148331132907
r175c1227,2010,1445.329724189829
r175c1228,2010,890.7245674029759
r175c1229,2010,125855.03262961634
r175c1230,2010,1466879.51030051
r176c1218,2010,14680.181946072269
r176c1220,2010,259371.16374541016
r176c1221,2010,32334.243361484398
r176c1222,2010,544168.6344282792
r176c1223,2010,207939.32094104204
r176c1224,2010,193065.5779368613
r176c1225,2010,258190.14896595292
r176c1226,2010,27198.950437315747
r176c1227,2010,23369.716366953213
r176c1228,2010,43168.720886501025
r176c1229,2010,39453.79924532882
r177c1222,2010,170270.1412389839
r177c1223,2010,651204.4051080755
r177c1224,2010,565920.9005242984
r177c1225,2010,40289.87317256521
r177c1226,2010,13238.858315169378
r177c1227,2010,29352.445617088917
r177c1228,2010,282697.2718901511
r177c1229,2010,123344.56426037438
r178c1221,2010,59491.39565213689
r178c1222,2010,1714252.616528678
r178c1223,2010,1580083.2908841944
r178c1224,2010,49251.239871840844
r178c1225,2010,78952.91263530191
r178c1226,2010,33625.66968689382
r178c1227,2010,2954.8986897056157
r178c1228,2010,2163.4823415320657
r178c1229,2010,1015133.6887251358
r178c1230,2010,62276.980050443904
r179c1221,2010,114670.83260823977
r179c1222,2010,1088209.0060754325
r179c1223,2010,253214.78127718743
r179c1224,2010,20645.42402303459
r179c1225,2010,68237.62823740143
r179c1226,2010,38941.484446883245
r179c1227,2010,14919.994836972794
r179c1228,2010,6366.7950779815665
r179c1229,2010,143289.82108021784
r179c1230,2010,10642.786181683761
r179c1231,2010,56291.60019447096
r180c1221,2010,348479.8970428042
r180c1222,2010,568831.1632911827
r180c1223,2010,460997.7540404254
r180c1224,2010,10252.138881988638
r180c1225,2010,4365.927759357454
r180c1226,2010,31467.750772497664
r180c1227,2010,10775.443106931041
r180c1228,2010,4642.457306899207
r180c1229,2010,27282.833465020725
r180c1230,2010,23586.8370699866
r180c1231,2010,10617.600259578652
r180c1232,2010,33076.67405525002
r181c1220,2010,166815.14430424545
r181c1221,2010,204426.73557372848
r181c1222,2010,229850.8125996168
r181c1223,2010,392164.9220471182
r181c1224,2010,72939.54385718761
r181c1225,2010,56334.83477470482
r181c1226,2010,24429.266323891832
r181c1227,2010,32937.737054614016
r181c1228,2010,9866.418930008229
r181c1229,2010,53153.15279339123
r181c1230,2010,16217.301803818573
r181c1231,2010,2235.966374023417
r181c1232,2010,6932.162558939199
r182c1219,2010,57648.451413705145
r182c1220,2010,42372.63381811209
r182c1221,2010,39061.44638451576
r182c1222,2010,935232.5106357518
r182c1223,2010,107551.23675078852
r182c1224,2010,20408.57595661246
r182c1225,2010,48232.15456585171
r182c1226,2010,14000.771811317465
r182c1227,2010,11822.841197971022
r183c1220,2010,17016.294507921484
r183c1221,2010,199395.60939442404
r183c1222,2010,78492.03807008764
r183c1224,2010,61238.88611172138
r183c1226,2010,412764.1813594897
r181c1233,2010,21806.47416362798
r182c1228,2010,97393.51466013807
r182c1229,2010,82267.80549153667
r182c1230,2010,31062.01207086278
r182c1231,2010,25682.41960025003
r182c1232,2010,37817.41093654775
r182c1233,2010,5996.248021685547
r182c1234,2010,111057.40807445972
r183c1227,2010,311023.0425708614
r183c1228,2010,665846.556417228
r183c1229,2010,62522.06352637456
r183c1230,2010,202065.37329733183
r183c1231,2010,66192.6726018547
r183c1232,2010,12193.71996162695
r183c1233,2010,9256.932223431617
r183c1234,2010,3435.3670067257176
r184c1226,2010,1432279.7156940852
r184c1227,2010,5081358.722016092
r184c1228,2010,5928082.472418105
r184c1229,2010,147071.9121787423
r184c1230,2010,21004.136745309796
r184c1231,2010,59866.2691785356
r184c1232,2010,20533.186729385772
r184c1233,2010,12200.404489230083
r184c1234,2010,16917.961458482554
r184c1235,2010,53876.602739002636
r185c1226,2010,2133773.950529354
r185c1227,2010,3548837.8440327616
r185c1228,2010,2665035.1080497336
r185c1229,2010,347492.4149977007
r185c1230,2010,150074.32574804622
r185c1231,2010,331228.21628163406
r185c1232,2010,29134.48768241894
r185c1233,2010,24513.019797312085
r185c1234,2010,16557.097479474454
r185c1235,2010,7408.4997497710665
r185c1236,2010,126881.60198495061
r186c1227,2010,646345.125266504
r186c1228,2010,1120934.9111466184
r186c1229,2010,222685.12677524722
r186c1230,2010,142701.79153023253
r186c1231,2010,53570.0096491611
r186c1232,2010,124184.65811445752
r186c1233,2010,71214.6657024027
r186c1234,2010,9915.273267579481
r186c1235,2010,34287.49961512169
r186c1236,2010,22872.748405646413
r186c1237,2010,28497.84930275144
r187c1226,2010,180977.88550463994
r187c1228,2010,769190.5292334005
r187c1229,2010,176512.42037577357
r187c1230,2010,155366.55329533684
r187c1231,2010,201649.51720347666
r187c1232,2010,12210.288353106933
r187c1233,2010,18091.077365353125
r187c1234,2010,97166.07835150063
r187c1235,2010,15327.09836389521
r187c1236,2010,6470.310564154954
r187c1237,2010,17556.821153296518
r188c1225,2010,52888.81331015887
r188c1226,2010,141448.07883419466
r188c1227,2010,84078.77991529516
r188c1228,2010,64654.832142943436
r188c1229,2010,687517.4622758613
r188c1230,2010,136365.57335264163
r188c1231,2010,11529.048821005046
r188c1232,2010,71877.33547275739
r188c1233,2010,44618.621420342104
r188c1234,2010,99247.33068166752
r188c1235,2010,24723.072188843536
r188c1236,2010,26009.81390048752
r188c1237,2010,23693.543364772177
r189c1226,2010,83154.38900782805
r189c1227,2010,75111.82648375325
r189c1228,2010,111835.94841223079
r189c1229,2010,1617632.0535849475
r189c1230,2010,77419.9976573975
r189c1231,2010,29985.0568524841
r189c1232,2010,79030.59103260326
r189c1233,2010,34174.765021718384
r189c1234,2010,39081.91563282473
r189c1235,2010,14320.508169670557
r189c1236,2010,18205.698719741915
r189c1237,2010,19918.947548684788
r190c1226,2010,64121.51524631805
r190c1227,2010,95581.93783842481
r190c1228,2010,182656.43263019522
r190c1229,2010,53961.92174507843
r190c1230,2010,44482.58415090207
r190c1231,2010,30485.33941995538
r190c1232,2010,130474.25512302568
r190c1233,2010,446892.7204127029
r190c1234,2010,36451.07022200241
r190c1235,2010,28953.533076741587
r190c1236,2010,28141.897139579127
r190c1237,2010,436535.3895174815
r191c1227,2010,339323.71064130537
r191c1228,2010,738897.9868597114
r191c1229,2010,18041.033674630467
r191c1230,2010,15723.274822715865
r191c1231,2010,14161.357868075962
r191c1232,2010,17078.164817190205
r191c1233,2010,345287.680990207
r191c1234,2010,2534313.675045318
r191c1235,2010,286733.1102123629
r191c1236,2010,164626.1466361814
r191c1237,2010,257727.0972606255
r192c1226,2010,74221.57324619642
r192c1227,2010,148728.93516237347
r192c1228,2010,24540.861280431367
r192c1229,2010,37735.22856252171
r192c1230,2010,43484.55277071041
r192c1231,2010,62080.51045966479
r192c1232,2010,32615.607923912914
r192c1233,2010,138424.41363516456
r192c1234,2010,51784.99187169464
r192c1235,2010,35072.17632104306
r192c1236,2010,83977.3702166235
r192c1237,2010,799851.3567986294
r193c1226,2010,88825.52787370126
r193c1227,2010,75484.69925073757
r193c1228,2010,56394.80183392709
r193c1229,2010,101857.51770236617
r193c1230,2010,16028.13656043192
r193c1231,2010,28839.113670469305
r193c1232,2010,26079.311722013652
r193c1233,2010,118858.66660926511
r193c1234,2010,275268.58356968086
r193c1235,2010,248188.19618819215
r193c1236,2010,519071.86634810036
r194c1224,2010,12916.194624091322
r194c1226,2010,95791.43503009752
r194c1227,2010,1628500.5770075382
r194c1228,2010,25262.76618691026
r194c1229,2010,31897.57130341641
r194c1230,2010,22265.167031345205
r194c1231,2010,51556.73658333305
r194c1232,2010,298901.6009530175
r194c1233,2010,62869.0997604723
r194c1235,2010,1293207.3771725283
r194c1236,2010,2833063.2839205703
r195c1224,2010,11770.458517167663
r195c1226,2010,88266.795321772
r195c1227,2010,33753.11224502576
r195c1228,2010,31762.68141696814
r195c1229,2010,92521.60820238026
r195c1231,2010,104419.66772025176
r195c1233,2010,180689.3426705034
r195c1234,2010,224194.39055743432
r196c1226,2010,62218.16005950063
r196c1227,2010,69588.06266314266
r196c1229,2010,36724.31050142248
r201c1225,2010,178231.9507846025
r201c1226,2010,172724.36017769016
r201c1227,2010,51135.5579679884
r163c1239,2011,113532.7126562166
r163c1240,2011,55336.1844890693
r164c1239,2011,23445.564108659968
r164c1240,2011,33395.82544407075
r165c1237,2011,7636.335101996199
r165c1238,2011,48875.18011436503
r165c1239,2011,40769.29497536347
r165c1240,2011,2585.8999912610816
r165c1241,2011,133285.99351128165
r165c1242,2011,14511.317588204707
r166c1236,2011,58685.97676481477
r166c1237,2011,19602.48120695819
r166c1238,2011,50550.79493108543
r166c1239,2011,3958.607284060143
r166c1240,2011,22550.54886398973
r167c1232,2011,6575.452119058929
r167c1233,2011,88389.48899175266
r167c1234,2011,5645.38456481235
r167c1235,2011,11623.189197406642
r167c1236,2011,13505.20541489245
r167c1237,2011,1555.6392025842824
r167c1238,2011,143947.01421588883
r167c1239,2011,628983.4371243882
r168c1226,2011,5076.804281541219
r168c1227,2011,44568.349389262396
r168c1233,2011,27331.429759440278
r168c1234,2011,1286.7968960579701
r168c1235,2011,6640.132972086499
r168c1236,2011,28.0854900511913
r168c1237,2011,1803.4373961303165
r168c1238,2011,311169.05287617876
r169c1226,2011,31315.864013376133
r169c1227,2011,11402.869732202962
r169c1228,2011,9415.496807352905
r169c1229,2011,15257.831401936935
r169c1230,2011,10822.648633131505
r169c1231,2011,10188.009925319904
r169c1232,2011,462329.7603035766
r169c1233,2011,23687.884253024095
r169c1234,2011,4468.4088713068
r169c1235,2011,327.9612269962535
r169c1236,2011,2284.8243038247465
r169c1237,2011,42403.696590413245
r169c1238,2011,47810.13949208843
r170c1225,2011,148978.3634972895
r170c1226,2011,25747.198787484496
r170c1227,2011,2897.3094450927833
r170c1228,2011,3081.9641676489264
r170c1229,2011,568.7260736376047
r170c1230,2011,621.7800776138902
r170c1231,2011,4081.536971438676
r170c1232,2011,5354.559287970425
r170c1233,2011,15718.100499113254
r170c1234,2011,7471.054087876839
r170c1235,2011,20557.28672751171
r170c1236,2011,1438.7645371582194
r170c1237,2011,39332.059125301486
r170c1238,2011,7918.480761777378
r171c1223,2011,23165.956637713836
r171c1224,2011,4715.671477760516
r171c1225,2011,1385.5429652652904
r171c1226,2011,559913.3561033271
r171c1227,2011,2949.305106621046
r171c1228,2011,13626.273723824204
r171c1229,2011,1552.2700599917923
r171c1230,2011,1611.0001501052311
r171c1231,2011,1998.1805450576358
r171c1232,2011,46236.24818373127
r171c1233,2011,2446.7579839969258
r171c1234,2011,1022.5294343880067
r171c1235,2011,63913.60389028753
r171c1236,2011,12232.316663470445
r171c1237,2011,135541.709761754
r171c1238,2011,37069.863135387764
r172c1221,2011,14293.507413378602
r172c1222,2011,15795.90092173467
r172c1223,2011,11600.301054849893
r172c1224,2011,3944.282310375761
r172c1225,2011,104629.09274072452
r172c1226,2011,36235.9959423999
r172c1227,2011,1088.917878919281
r172c1228,2011,1231.54199887719
r172c1229,2011,271.1638456094079
r172c1230,2011,10517.155188064331
r172c1231,2011,5410.41016907036
r172c1232,2011,6064.432371419303
r172c1233,2011,897.5937897463493
r172c1234,2011,42404.250266563395
r172c1235,2011,36504.58962247159
r172c1236,2011,289020.44256484014
r173c1219,2011,81883.15608949603
r173c1220,2011,105564.88780137882
r173c1221,2011,2067.468975753295
r173c1222,2011,13076.895083292808
r173c1223,2011,567.9809384830296
r173c1224,2011,2115.7894304456518
r173c1225,2011,16942.42537721017
r173c1226,2011,8068.364492339082
r173c1227,2011,2190.4257484283225
r173c1228,2011,6689.5900297649605
r173c1229,2011,1367.1733553381237
r173c1230,2011,15604.657988263341
r173c1231,2011,2766.2903972595327
r173c1232,2011,18667.619769203146
r173c1233,2011,66606.08771379718
r173c1234,2011,49084.99213744125
r174c1218,2011,119087.8115481213
r174c1219,2011,10939.465907283002
r174c1220,2011,135462.9880858882
r174c1221,2011,5241.797805283073
r174c1222,2011,31945.581338407355
r174c1223,2011,92136.97149590643
r174c1224,2011,185098.15712537873
r174c1225,2011,224722.30329148791
r174c1226,2011,2405.5556235055747
r174c1227,2011,5641.42270411364
r174c1228,2011,128.97569725934108
r174c1229,2011,48123.88706132799
r174c1230,2011,67171.68878765227
r174c1231,2011,146486.9342321273
r174c1232,2011,311608.9656953342
r174c1233,2011,151651.57975850988
r175c1217,2011,163068.02606764063
r175c1218,2011,210790.66135870648
r175c1219,2011,105090.204842102
r175c1220,2011,119300.75971421784
r175c1221,2011,126109.12298772989
r175c1222,2011,84490.54577388936
r175c1223,2011,74594.20464386452
r175c1224,2011,176248.74763936957
r175c1225,2011,151715.74942468657
r175c1226,2011,9063.202965723636
r175c1227,2011,1492.6813822506926
r175c1228,2011,914.1502744081129
r175c1229,2011,125626.43695103498
r175c1230,2011,1458253.8920360801
r176c1218,2011,15302.181313078814
r176c1220,2011,261240.4933205982
r176c1221,2011,32507.16700729576
r176c1222,2011,545789.7092094908
r176c1223,2011,208466.96924975578
r176c1224,2011,197165.66838483428
r176c1225,2011,261051.43358992576
r176c1226,2011,27736.63411274756
r176c1227,2011,23509.790314335653
r176c1228,2011,43062.241333809456
r176c1229,2011,39359.46261813538
r177c1222,2011,169890.58236492728
r177c1223,2011,652791.1632519575
r177c1224,2011,567261.0770304278
r177c1225,2011,41213.82855164089
r177c1226,2011,13591.047450090848
r177c1227,2011,29828.806561891044
r177c1228,2011,283413.43223469565
r177c1229,2011,125552.2152474193
r178c1221,2011,59567.72863254272
r178c1222,2011,1736694.490920497
r178c1223,2011,1601837.244811878
r178c1224,2011,50316.242305019354
r178c1225,2011,79831.88904172018
r178c1226,2011,33885.56883295281
r178c1227,2011,3031.781869287756
r178c1228,2011,2230.223867208754
r178c1229,2011,1026669.457407166
r178c1230,2011,63728.670224186266
r179c1221,2011,115137.03748136923
r179c1222,2011,1096188.2728377809
r179c1223,2011,257689.75244500113
r179c1224,2011,21272.326990252863
r179c1225,2011,68836.60071319171
r179c1226,2011,39168.43475443178
r179c1227,2011,15183.93396816928
r179c1228,2011,6404.493270332739
r179c1229,2011,145334.62079896827
r179c1230,2011,10936.686210083548
r179c1231,2011,57222.261781826615
r180c1221,2011,350379.85600532364
r180c1222,2011,572481.6399015671
r180c1223,2011,462076.13298185816
r180c1224,2011,10760.715258903194
r180c1225,2011,4433.33190892013
r180c1226,2011,31830.776016413038
r180c1227,2011,11106.150815482475
r180c1228,2011,4745.952902305199
r180c1229,2011,27854.976808688218
r180c1230,2011,24118.71828821352
r180c1231,2011,10709.352895744878
r180c1232,2011,33544.250160863055
r181c1220,2011,167350.27157120462
r181c1221,2011,204655.4434809286
r181c1222,2011,232146.5696574442
r181c1223,2011,394353.2053500808
r181c1224,2011,73459.9698908371
r181c1225,2011,57116.62584171462
r181c1226,2011,24745.451027173265
r181c1227,2011,33365.61067229449
r181c1228,2011,10049.72203311335
r181c1229,2011,54040.62131378197
r181c1230,2011,16562.206959817435
r181c1231,2011,2254.4072135287774
r181c1232,2011,7074.259408339265
r182c1219,2011,59727.75180319257
r182c1220,2011,42803.93202104984
r182c1221,2011,39133.10242663042
r182c1222,2011,935435.6070187588
r182c1223,2011,108178.78634443518
r182c1224,2011,20675.25147741642
r182c1225,2011,48759.39247978618
r182c1226,2011,14032.950046743437
r182c1227,2011,12339.534568832225
r183c1220,2011,17505.539733902602
r183c1221,2011,202075.07815675007
r183c1222,2011,79104.27955744238
r183c1224,2011,61793.171747725195
r183c1226,2011,414895.24179121095
r181c1233,2011,21906.45635690218
r182c1228,2011,99922.21044196447
r182c1229,2011,83859.50579831155
r182c1230,2011,31279.10009148029
r182c1231,2011,26008.548462158746
r182c1232,2011,38017.8673841488
r182c1233,2011,6130.754737002997
r182c1234,2011,110738.54199694683
r183c1227,2011,321007.57104755804
r183c1228,2011,682156.5619010592
r183c1229,2011,64336.049664268096
r183c1230,2011,201224.47310567996
r183c1231,2011,66584.31376076302
r183c1232,2011,12473.930449542626
r183c1233,2011,9339.554439056123
r183c1234,2011,3498.6998050190955
r184c1226,2011,1466069.01726564
r184c1227,2011,5089436.447224693
r184c1228,2011,5927432.615323898
r184c1229,2011,151807.13021543596
r184c1230,2011,21920.78268136834
r184c1231,2011,60059.25812489594
r184c1232,2011,20986.45347158938
r184c1233,2011,12509.957280316488
r184c1234,2011,17250.83019815599
r184c1235,2011,54146.48343994605
r185c1226,2011,2146206.1722590313
r185c1227,2011,3567543.13443796
r185c1228,2011,2701347.842161569
r185c1229,2011,357624.9842568313
r185c1230,2011,154944.35647424535
r185c1231,2011,331910.4124926914
r185c1232,2011,29622.468396083917
r185c1233,2011,24596.01972464189
r185c1234,2011,16584.618130451105
r185c1235,2011,7435.0037136908195
r185c1236,2011,126047.92971778268
r186c1227,2011,677178.9868045091
r186c1228,2011,1165637.063475334
r186c1229,2011,229247.87624661572
r186c1230,2011,147237.33219906007
r186c1231,2011,54032.92128911199
r186c1232,2011,124220.87830216065
r186c1233,2011,70838.82227991235
r186c1234,2011,9970.865720065765
r186c1235,2011,33992.327479139385
r186c1236,2011,22710.686817389847
r186c1237,2011,28713.377263112005
r187c1226,2011,185029.04358671885
r187c1228,2011,784713.9776782319
r187c1229,2011,180036.4557268029
r187c1230,2011,157375.79557787295
r187c1231,2011,201828.24149097517
r187c1232,2011,12279.092386940478
r187c1233,2011,18134.755812114232
r187c1234,2011,97552.7661710426
r187c1235,2011,15564.60472746933
r187c1236,2011,6460.165835777992
r187c1237,2011,17627.68821670025
r188c1225,2011,53395.460085492916
r188c1226,2011,142937.93537109852
r188c1227,2011,84824.54374801228
r188c1228,2011,69020.38495440008
r188c1229,2011,695353.4759542157
r188c1230,2011,137583.61857658165
r188c1231,2011,11570.596975128887
r188c1232,2011,71863.92666425486
r188c1233,2011,44917.89099285514
r188c1234,2011,99136.47237674137
r188c1235,2011,24847.50173344607
r188c1236,2011,25904.9639866144
r188c1237,2011,23709.078778532534
r189c1226,2011,83851.35457938127
r189c1227,2011,75827.37966652823
r189c1228,2011,113906.66122572363
r189c1229,2011,1627146.6769190445
r189c1230,2011,77775.90582999458
r189c1231,2011,30335.545407848913
r189c1232,2011,78981.72652653597
r189c1233,2011,34362.31430265745
r189c1234,2011,38926.28842415572
r189c1235,2011,14366.179097535882
r189c1236,2011,18177.484970736317
r189c1237,2011,19981.23546121761
r190c1226,2011,64503.988518995124
r190c1227,2011,96162.43108930222
r190c1228,2011,183766.87757082185
r190c1229,2011,54719.18291295565
r190c1230,2011,44872.78946326693
r190c1231,2011,30693.499403416743
r190c1232,2011,131209.6893234988
r190c1233,2011,444844.94049120834
r190c1234,2011,36538.82496921207
r190c1235,2011,29038.73466330755
r190c1236,2011,28212.660313736877
r190c1237,2011,432796.360060037
r191c1227,2011,336596.20028870786
r191c1228,2011,735383.1257902527
r191c1229,2011,18152.234092889154
r191c1230,2011,15878.989904933522
r191c1231,2011,14406.224016573566
r191c1232,2011,17251.615209702628
r191c1233,2011,347195.63379221613
r191c1234,2011,2523464.940573019
r191c1235,2011,286471.4202648796
r191c1236,2011,164167.15620481473
r191c1237,2011,257609.01506467824
r192c1226,2011,74356.35420448534
r192c1227,2011,148869.65507999941
r192c1228,2011,24560.996892382744
r192c1229,2011,38029.29613056211
r192c1230,2011,43932.37809894882
r192c1231,2011,63160.79083181902
r192c1232,2011,33058.90410204625
r192c1233,2011,141757.5411094326
r192c1234,2011,52013.34390942993
r192c1235,2011,35416.73067213253
r192c1236,2011,86091.81088790786
r192c1237,2011,804922.6457435723
r193c1226,2011,88986.84606849182
r193c1227,2011,75833.40497225225
r193c1228,2011,56534.390423599085
r193c1229,2011,101837.44263147259
r193c1230,2011,16397.942090118344
r193c1231,2011,29588.591905707035
r193c1232,2011,26384.42912286553
r193c1233,2011,120930.40211984495
r193c1234,2011,278543.40297058073
r193c1235,2011,252897.1027260312
r193c1236,2011,524894.6578040712
r194c1224,2011,12944.766177984602
r194c1226,2011,95845.57732142476
r194c1227,2011,1636416.26326808
r194c1228,2011,25256.33061547437
r194c1229,2011,31750.432817858153
r194c1230,2011,22492.798499671935
r194c1231,2011,52824.26542281125
r194c1232,2011,301164.59114413365
r194c1233,2011,63978.429454038334
r194c1235,2011,1293670.948884299
r194c1236,2011,2803440.9892044486
r195c1224,2011,11639.149634491509
r195c1226,2011,88013.6341164924
r195c1227,2011,33725.37959326942
r195c1228,2011,31666.615840289494
r195c1229,2011,91815.05135839572
r195c1231,2011,103893.7968165441
r195c1233,2011,181563.10999523828
r195c1234,2011,224973.69559474074
r196c1226,2011,61923.814512990735
r196c1227,2011,69179.55228588993
r196c1229,2011,36347.73815667433
r201c1225,2011,180777.62747498986
r201c1226,2011,176378.15137486998
r201c1227,2011,51738.20416388804
r163c1239,2012,112567.99503761299
r163c1240,2012,55009.6729331238
r164c1239,2012,23756.645086568336
r164c1240,2012,33241.50919054434
r165c1237,2012,7623.328695046327
r165c1238,2012,48574.162802943385
r165c1239,2012,40784.77367619205
r165c1240,2012,2644.7261048780106
r165c1241,2012,132524.54367082941
r165c1242,2012,14436.36242385373
r166c1236,2012,58464.87255165557
r166c1237,2012,20368.710297848967
r166c1238,2012,50014.19276398005
r166c1239,2012,4027.4028860400326
r166c1240,2012,22782.85236401722
r167c1232,2012,6729.246545460742
r167c1233,2012,91073.12154940952
r167c1234,2012,5739.488954951088
r167c1235,2012,11743.873265312299
r167c1236,2012,13615.642099180563
r167c1237,2012,1575.8597388434862
r167c1238,2012,143845.05209409364
r167c1239,2012,626093.7551296988
r168c1226,2012,5066.8783156647305
r168c1227,2012,45045.264901372895
r168c1233,2012,27494.61583749226
r168c1234,2012,1272.2351866663669
r168c1235,2012,6690.259182841375
r168c1236,2012,28.806844878010452
r168c1237,2012,1849.5791976449325
r168c1238,2012,312943.92540027515
r169c1226,2012,31155.011963569752
r169c1227,2012,11333.552483087406
r169c1228,2012,9630.752317502163
r169c1229,2012,15229.123269447384
r169c1230,2012,10731.861702584385
r169c1231,2012,10061.6785723547
r169c1232,2012,457158.4410423484
r169c1233,2012,23552.90246862477
r169c1234,2012,4398.449332776315
r169c1235,2012,322.6230880918748
r169c1236,2012,2393.355863646403
r169c1237,2012,42579.18839011756
r169c1238,2012,47618.32051262407
r170c1225,2012,148140.82418697572
r170c1226,2012,25936.441360936056
r170c1227,2012,2894.270561598117
r170c1228,2012,3130.3552709929645
r170c1229,2012,571.7668606657535
r170c1230,2012,644.4127405062318
r170c1231,2012,4272.1281093247235
r170c1232,2012,5340.729639354575
r170c1233,2012,15483.814658075535
r170c1234,2012,7421.914035708493
r170c1235,2012,20813.826945688375
r170c1236,2012,1447.820238108354
r170c1237,2012,38950.66071285594
r170c1238,2012,8042.414795551051
r171c1223,2012,22978.17922229309
r171c1224,2012,4710.03888087815
r171c1225,2012,1383.4733183894089
r171c1226,2012,558414.6908987439
r171c1227,2012,3005.9799816220116
r171c1228,2012,13644.765450070565
r171c1229,2012,1599.9744570814184
r171c1230,2012,1666.7029241353748
r171c1231,2012,1973.0669453879818
r171c1232,2012,46286.87464999243
r171c1233,2012,2448.7487598106586
r171c1234,2012,1092.8453045088431
r171c1235,2012,64509.95255650926
r171c1236,2012,12355.702531047622
r171c1237,2012,136095.12540311855
r171c1238,2012,37219.787178036306
r172c1221,2012,14477.348992700538
r172c1222,2012,16088.65324119314
r172c1223,2012,11621.632827271103
r172c1224,2012,4051.5423979259554
r172c1225,2012,104099.4569349522
r172c1226,2012,36338.91869411742
r172c1227,2012,1110.7448466978967
r172c1228,2012,1230.9655759800225
r172c1229,2012,286.74430456291884
r172c1230,2012,10598.73466353098
r172c1231,2012,5475.463983317056
r172c1232,2012,6092.454202094331
r172c1233,2012,896.1343956145732
r172c1234,2012,42374.577750887416
r172c1235,2012,36710.07059272201
r172c1236,2012,287295.11360180256
r173c1219,2012,83265.50326082815
r173c1220,2012,106692.52766363962
r173c1221,2012,2111.7442479116257
r173c1222,2012,13225.063407292122
r173c1223,2012,563.2777801305056
r173c1224,2012,2153.0350037192156
r173c1225,2012,17832.733335569785
r173c1226,2012,8203.343379026279
r173c1227,2012,2217.3712768947853
r173c1228,2012,6668.535220988004
r173c1229,2012,1367.819842082065
r173c1230,2012,15739.708099886679
r173c1231,2012,2870.9545045726295
r173c1232,2012,19475.152773727554
r173c1233,2012,66870.87499678839
r173c1234,2012,49178.39956413502
r174c1218,2012,121232.20145220602
r174c1219,2012,11276.487027400339
r174c1220,2012,136026.66851168722
r174c1221,2012,5299.128767362178
r174c1222,2012,32646.77750959679
r174c1223,2012,92925.11781391715
r174c1224,2012,185697.22431299352
r174c1225,2012,224743.49783524068
r174c1226,2012,2440.691621695397
r174c1227,2012,5588.895266900971
r174c1228,2012,132.6902755885239
r174c1229,2012,48500.77822687159
r174c1230,2012,67925.7416729249
r174c1231,2012,146059.07531462595
r174c1232,2012,315926.2354998084
r174c1233,2012,153461.12155338385
r175c1217,2012,165587.9244726773
r175c1218,2012,213606.3609236347
r175c1219,2012,106789.43976616245
r175c1220,2012,120249.5257006847
r175c1221,2012,126530.78367689111
r175c1222,2012,85625.70787584518
r175c1223,2012,75574.27036205874
r175c1224,2012,178639.4053753805
r175c1225,2012,152320.3447407603
r175c1226,2012,9291.199282955004
r175c1227,2012,1539.207566580642
r175c1228,2012,937.192897259968
r175c1229,2012,125415.97022371051
r175c1230,2012,1449961.293394426
r176c1218,2012,15921.40674810384
r176c1220,2012,263126.124978615
r176c1221,2012,32683.60895447064
r176c1222,2012,547469.5465916878
r176c1223,2012,209021.98342395393
r176c1224,2012,201201.02135594672
r176c1225,2012,263890.7729169734
r176c1226,2012,28266.168818792426
r176c1227,2012,23649.503474881036
r176c1228,2012,42962.5529114745
r176c1229,2012,39271.271743122175
r177c1222,2012,169552.45734713456
r177c1223,2012,654461.3525187802
r177c1224,2012,568674.7125206402
r177c1225,2012,42122.58990755901
r177c1226,2012,13937.035884131205
r177c1227,2012,30298.59740258388
r177c1228,2012,284157.6197075282
r177c1229,2012,127764.17803244326
r178c1221,2012,59653.33587243112
r178c1222,2012,1759135.6201315452
r178c1223,2012,1623624.3077674627
r178c1224,2012,51382.70341742406
r178c1225,2012,80704.14228051409
r178c1226,2012,34145.34457086128
r178c1227,2012,3107.3108500455837
r178c1228,2012,2297.1645310400904
r178c1229,2012,1038228.5418191083
r178c1230,2012,65184.29792933093
r179c1221,2012,115598.11324198343
r179c1222,2012,1104270.5007770043
r179c1223,2012,262179.4737417748
r179c1224,2012,21899.24336595668
r179c1225,2012,69438.16561729298
r179c1226,2012,39397.83786146829
r179c1227,2012,15447.30928072078
r179c1228,2012,6442.22100358861
r179c1229,2012,147384.11456129345
r179c1230,2012,11231.413579968816
r179c1231,2012,58155.19690901367
r180c1221,2012,352296.2616832681
r180c1222,2012,576162.7344199354
r180c1223,2012,463196.1886882358
r180c1224,2012,11266.468637569555
r180c1225,2012,4500.682859560424
r180c1226,2012,32194.32045765079
r180c1227,2012,11437.558133443463
r180c1228,2012,4849.726131012305
r180c1229,2012,28428.629806558365
r180c1230,2012,24652.030404284676
r180c1231,2012,10801.251959293584
r180c1232,2012,34012.89525561991
r181c1220,2012,167901.73832455772
r181c1221,2012,204908.48794016097
r181c1222,2012,234449.26599937008
r181c1223,2012,396566.98760176334
r181c1224,2012,73984.24932597537
r181c1225,2012,57898.418192943034
r181c1226,2012,25061.815164391144
r181c1227,2012,33793.89602461038
r181c1228,2012,10229.713631128796
r181c1229,2012,54911.92375134809
r181c1230,2012,16898.24127497447
r181c1231,2012,2272.592252104843
r181c1232,2012,7209.011193248754
r182c1219,2012,61793.56565462108
r182c1220,2012,43236.39699254894
r182c1221,2012,39209.12627783703
r182c1222,2012,935758.5567337202
r182c1223,2012,108814.01129944225
r182c1224,2012,20941.934994528827
r182c1225,2012,49287.39162276866
r182c1226,2012,14066.055167661832
r182c1227,2012,12853.104759698652
r183c1220,2012,17992.061673409007
r183c1221,2012,204753.47506416
r183c1222,2012,79720.56825123499
r183c1224,2012,62349.482058317626
r183c1226,2012,417034.5935038489
r181c1233,2012,21987.82749981188
r182c1228,2012,102380.48792833902
r182c1229,2012,85382.6898303761
r182c1230,2012,31467.092686568314
r182c1231,2012,26305.43563807414
r182c1232,2012,38185.09670057706
r182c1233,2012,6256.3832348036285
r182c1234,2012,110353.99084087479
r183c1227,2012,330788.37300252717
r183c1228,2012,698006.993018891
r183c1229,2012,66108.1894303357
r183c1230,2012,200293.11638679146
r183c1231,2012,66916.36398395106
r183c1232,2012,12735.851755052983
r183c1233,2012,9412.864175900839
r183c1234,2012,3557.4285548503312
r184c1226,2012,1498867.8933288117
r184c1227,2012,5093701.016021034
r184c1228,2012,5922367.3815922905
r184c1229,2012,156446.07730089908
r184c1230,2012,22818.65886070269
r184c1231,2012,60205.2953364962
r184c1232,2012,21409.57587176727
r184c1233,2012,12800.18513494661
r184c1234,2012,17560.288444288246
r184c1235,2012,54369.57873321461
r185c1226,2012,2157100.4896246856
r185c1227,2012,3583582.6500125923
r185c1228,2012,2735675.7909367755
r185c1229,2012,367525.2071735659
r185c1230,2012,159716.3272908103
r185c1231,2012,332342.2443602731
r185c1232,2012,30073.129695497966
r185c1233,2012,24659.131486017155
r185c1234,2012,16599.708480995952
r185c1235,2012,7455.447039825536
r185c1236,2012,125155.7073502185
r186c1227,2012,707636.1325703628
r186c1228,2012,1209645.3097888483
r186c1229,2012,235657.22026453164
r186c1230,2012,151658.22749511048
r186c1231,2012,54449.39339018598
r186c1232,2012,124191.01692515936
r186c1233,2012,70434.18571517349
r186c1234,2012,10017.776335301818
r186c1235,2012,33683.72441466334
r186c1236,2012,22537.991069477703
r186c1237,2012,28899.56474096275
r187c1226,2012,188894.4250671937
r187c1228,2012,799642.7314856654
r187c1229,2012,183374.38392063996
r187c1230,2012,159226.63237272383
r187c1231,2012,201896.00475284687
r187c1232,2012,12338.437215729617
r187c1233,2012,18166.427357232697
r187c1234,2012,97849.93252558143
r187c1235,2012,15782.009445546384
r187c1236,2012,6445.275996436431
r187c1237,2012,17682.346047588075
r188c1225,2012,53868.17435283751
r188c1226,2012,144332.9879619304
r188c1227,2012,85518.1580048779
r188c1228,2012,73378.73132494275
r188c1229,2012,702651.5263889731
r188c1230,2012,138683.88134817727
r188c1231,2012,11603.602963947851
r188c1232,2012,71794.47759230155
r188c1233,2012,45171.92891910881
r188c1234,2012,98951.3134254261
r188c1235,2012,24948.27106234648
r188c1236,2012,25783.210161142648
r188c1237,2012,23705.45312739622
r189c1226,2012,84497.96436553432
r189c1227,2012,76494.86257044907
r189c1228,2012,115935.85388482406
r189c1229,2012,1635518.3303495008
r189c1230,2012,78078.54385986834
r189c1231,2012,30654.084842750388
r189c1232,2012,78872.40552402912
r189c1233,2012,34516.63108697924
r189c1234,2012,38745.19672374663
r189c1235,2012,14399.039719707725
r189c1236,2012,18135.908599362057
r189c1237,2012,20025.746931542522
r190c1226,2012,64852.14654812912
r190c1227,2012,96662.45114013477
r190c1228,2012,184757.74962737976
r190c1229,2012,55431.61909676175
r190c1230,2012,45227.75601433753
r190c1231,2012,30877.20413457774
r190c1232,2012,131817.84024709885
r190c1233,2012,442515.0663423412
r190c1234,2012,36594.943414039764
r190c1235,2012,29098.277883067633
r190c1236,2012,28258.892735267185
r190c1237,2012,428840.6860958467
r191c1227,2012,333689.49584135803
r191c1228,2012,731370.4099946708
r191c1229,2012,18242.535979822933
r191c1230,2012,16014.144004680546
r191c1231,2012,14635.95416176059
r191c1232,2012,17407.36266865309
r191c1233,2012,348793.2241935035
r191c1234,2012,2510808.034239721
r191c1235,2012,285993.4451935258
r191c1236,2012,163594.24087147528
r191c1237,2012,257292.23447321935
r192c1226,2012,74419.46592517997
r192c1227,2012,148872.50422979434
r192c1228,2012,24558.520150749115
r192c1229,2012,38276.91196206026
r192c1230,2012,44335.284875036916
r192c1231,2012,64185.133716531134
r192c1232,2012,33474.16927606963
r192c1233,2012,144932.85874835667
r192c1234,2012,52201.04861220012
r192c1235,2012,35730.19594005948
r192c1236,2012,88132.02134606501
r192c1237,2012,809394.3300729041
r193c1226,2012,89056.68808005485
r193c1227,2012,76087.60377670922
r193c1228,2012,56613.7733050995
r193c1229,2012,101724.58144786586
r193c1230,2012,16742.3644907351
r193c1231,2012,30307.72825331899
r193c1232,2012,26668.66379994869
r193c1233,2012,122894.97992548357
r193c1234,2012,281596.8493885891
r193c1235,2012,257375.5170573865
r193c1236,2012,530216.1647252217
r194c1224,2012,12958.402400948684
r194c1226,2012,95806.19911217218
r194c1227,2012,1643091.383852399
r194c1228,2012,25223.892177773032
r194c1229,2012,31576.403564464472
r194c1230,2012,22694.968062545282
r194c1231,2012,54037.98339090335
r194c1232,2012,303209.9478385948
r194c1233,2012,65030.84167865349
r194c1235,2012,1293037.6039963355
r194c1236,2012,2771895.108520202
r195c1224,2012,11501.453285122441
r195c1226,2012,87678.99189947054
r195c1227,2012,33663.31779737187
r195c1228,2012,31541.45732204941
r195c1229,2012,91043.33902073496
r195c1231,2012,103311.78632324241
r195c1233,2012,182314.01065694206
r195c1234,2012,225605.9139301366
r196c1226,2012,61577.35436091722
r196c1227,2012,68716.39435629833
r196c1229,2012,35949.716326675596
r201c1225,2012,183193.53528348624
r201c1226,2012,179893.27507650843
r201c1227,2012,52305.00825327258
r163c1239,2013,111642.32389130016
r163c1240,2013,54695.8296959524
r164c1239,2013,24058.267420311688
r164c1240,2013,33093.263286892456
r165c1237,2013,7610.998465082997
r165c1238,2013,48284.63807180261
r165c1239,2013,40800.77993308224
r165c1240,2013,2701.634963614329
r165c1241,2013,131773.0841362878
r165c1242,2013,14362.388536363796
r166c1236,2013,58252.70728840612
r166c1237,2013,21109.60914144654
r166c1238,2013,49496.983484330995
r166c1239,2013,4093.9808678097006
r166c1240,2013,23007.236602098696
r167c1232,2013,6877.141716103778
r167c1233,2013,93653.61122546521
r167c1234,2013,5829.95092501747
r167c1235,2013,11860.073599638328
r167c1236,2013,13722.702693140875
r167c1237,2013,1595.4385142855344
r167c1238,2013,143750.23115292357
r167c1239,2013,623317.6843553742
r168c1226,2013,5057.72851338528
r168c1227,2013,45509.88624536913
r168c1233,2013,27651.32249605752
r168c1234,2013,1258.2153766364443
r168c1235,2013,6738.403564895002
r168c1236,2013,29.504601400345564
r168c1237,2013,1894.2116618467824
r168c1238,2013,314666.9632820055
r169c1226,2013,31001.021105633692
r169c1227,2013,11267.066953008994
r169c1228,2013,9837.711755775912
r169c1229,2013,15201.511260979769
r169c1230,2013,10644.84422036621
r169c1231,2013,9940.476117681752
r169c1232,2013,452181.2795603753
r169c1233,2013,23422.825431332458
r169c1234,2013,4331.110406655949
r169c1235,2013,317.48504679663216
r169c1236,2013,2498.2869182962413
r169c1237,2013,42749.854312628624
r169c1238,2013,47434.19927120874
r170c1225,2013,147338.30134962933
r170c1226,2013,26121.26663783802
r170c1227,2013,2891.4954824779766
r170c1228,2013,3177.41284343414
r170c1229,2013,574.6817629691213
r170c1230,2013,666.6646362915635
r170c1231,2013,4455.416135136038
r170c1232,2013,5327.373024079847
r170c1233,2013,15258.297748758512
r170c1234,2013,7374.574183848705
r170c1235,2013,21066.449730147604
r170c1236,2013,1456.6076330526566
r170c1237,2013,38583.13384970806
r170c1238,2013,8162.373954537758
r171c1223,2013,22798.044306718475
r171c1224,2013,4704.876298549868
r171c1225,2013,1381.5491183650845
r171c1226,2013,556995.5017686783
r171c1227,2013,3061.054568624701
r171c1228,2013,13663.472645593376
r171c1229,2013,1646.8592113141738
r171c1230,2013,1721.457494648692
r171c1231,2013,1948.8901837989688
r171c1232,2013,46335.10717135495
r171c1233,2013,2450.775610676785
r171c1234,2013,1161.8598417974827
r171c1235,2013,65100.883859149646
r171c1236,2013,12475.243104445677
r171c1237,2013,136633.36950897967
r171c1238,2013,37365.61046960714
r172c1221,2013,14665.990062372359
r172c1222,2013,16373.393895489009
r172c1223,2013,11642.973501589566
r172c1224,2013,4155.678503138616
r172c1225,2013,103592.47667664452
r172c1226,2013,36440.73426709995
r172c1227,2013,1131.952765705064
r172c1228,2013,1230.4789215363562
r172c1229,2013,302.04101544898003
r172c1230,2013,10679.79448003101
r172c1231,2013,5537.984592902544
r172c1232,2013,6120.40216631153
r172c1233,2013,894.7969044286976
r172c1234,2013,42349.877766723635
r172c1235,2013,36915.20997398971
r172c1236,2013,285636.0050471807
r173c1219,2013,84646.38222996626
r173c1220,2013,107824.09957678236
r173c1221,2013,2155.938738106275
r173c1222,2013,13373.618496750054
r173c1223,2013,558.7547731436789
r173c1224,2013,2189.239270502329
r173c1225,2013,18696.190434246328
r173c1226,2013,8334.571765382774
r173c1227,2013,2243.6088301590335
r173c1228,2013,6648.59250365133
r173c1229,2013,1368.5946072427812
r173c1230,2013,15873.667514297671
r173c1231,2013,2973.8100913131993
r173c1232,2013,20268.455859527243
r173c1233,2013,67137.2422279792
r173c1234,2013,49275.006989891364
r174c1218,2013,123374.23994885417
r174c1219,2013,11612.369977963892
r174c1220,2013,136601.22574732173
r174c1221,2013,5356.634720582976
r174c1222,2013,33346.60707103701
r174c1223,2013,93717.8557523563
r174c1224,2013,186316.66764702433
r174c1225,2013,224777.5188094372
r174c1226,2013,2474.953256032988
r174c1227,2013,5538.654624167333
r174c1228,2013,136.34600287644767
r174c1229,2013,48875.09835909442
r174c1230,2013,68671.64362600274
r174c1231,2013,145654.90497402597
r174c1232,2013,320189.2993243422
r174c1233,2013,155250.11724446082
r175c1217,2013,168081.87768632232
r175c1218,2013,216425.5718780632
r175c1219,2013,108488.38197718891
r175c1220,2013,121204.74057644574
r175c1221,2013,126963.28247908269
r175c1222,2013,86762.23246176018
r175c1223,2013,76552.4139991422
r175c1224,2013,181022.50719019573
r175c1225,2013,152938.73954532703
r175c1226,2013,9515.374717962986
r175c1227,2013,1584.9469237530147
r175c1228,2013,959.8688683695854
r175c1229,2013,125222.68823183567
r175c1230,2013,1441985.2162512485
r176c1218,2013,16538.017139724077
r176c1220,2013,265027.2047487898
r176c1221,2013,32863.37385524358
r176c1222,2013,549204.8670202442
r176c1223,2013,209602.81305383585
r176c1224,2013,205175.4381830664
r176c1225,2013,266709.49350767524
r176c1226,2013,28788.031819272936
r176c1227,2013,23788.849175983807
r176c1228,2013,42869.30645701018
r176c1229,2013,39188.91033372029
r177c1222,2013,169253.39033609175
r177c1223,2013,656210.2513728715
r177c1224,2013,570157.6511083384
r177c1225,2013,43017.048168862806
r177c1226,2013,14277.186893664106
r177c1227,2013,30762.089677221637
r177c1228,2013,284928.35592444375
r177c1229,2013,129980.32408097523
r178c1221,2013,59747.6884360128
r178c1222,2013,1781575.0519786258
r178c1223,2013,1645443.4164094366
r178c1224,2013,52450.79048756751
r178c1225,2013,81570.07831315462
r178c1226,2013,34405.01128655513
r178c1227,2013,3181.5650505607728
r178c1228,2013,2364.29997421456
r178c1229,2013,1049809.7072084262
r178c1230,2013,66643.76433355904
r179c1221,2013,116054.09919506738
r179c1222,2013,1112451.1773637817
r179c1223,2013,266683.5961309261
r179c1224,2013,22526.22726630602
r179c1225,2013,70042.17937184038
r179c1226,2013,39629.560212514734
r179c1227,2013,15710.14516307105
r179c1228,2013,6479.971458713849
r179c1229,2013,149438.11472117205
r179c1230,2013,11526.949927368132
r179c1231,2013,59090.328121596016
r180c1221,2013,354228.1519554644
r180c1222,2013,579872.7614143715
r180c1223,2013,464355.68771416205
r180c1224,2013,11769.542293739021
r180c1225,2013,4567.982346010574
r180c1226,2013,32558.35061314378
r180c1227,2013,11769.65508087277
r180c1228,2013,4953.7697265275
r180c1229,2013,29003.751557724412
r180c1230,2013,25186.736632698932
r180c1231,2013,10893.285475977313
r180c1232,2013,34482.56574221848
r181c1220,2013,168468.68334780735
r181c1221,2013,205184.59097140684
r181c1222,2013,236758.51770686003
r181c1223,2013,398804.87878282875
r181c1224,2013,74512.16966426674
r181c1225,2013,58680.20045281233
r181c1226,2013,25378.344622615332
r181c1227,2013,34222.57146510636
r181c1228,2013,10407.007213721663
r181c1229,2013,55769.83650337824
r181c1230,2013,17226.937717070905
r181c1231,2013,2290.660598566971
r181c1232,2013,7337.710547577274
r182c1219,2013,63846.58676466791
r182c1220,2013,43669.96528788166
r182c1221,2013,39289.2882394622
r182c1222,2013,936195.0732250145
r182c1223,2013,109456.5048442823
r182c1224,2013,21208.62413612887
r182c1225,2013,49816.103299044735
r182c1226,2013,14100.031124887948
r182c1227,2013,13364.57956929645
r183c1220,2013,18475.999945178355
r183c1221,2013,207430.83919018437
r183c1222,2013,80340.68863634925
r183c1224,2013,62907.97194769343
r183c1226,2013,419186.8918239158
r181c1233,2013,22055.967103079354
r182c1228,2013,104788.85208855163
r182c1229,2013,86855.89754412767
r182c1230,2013,31633.684422031616
r182c1231,2013,26579.51142984137
r182c1232,2013,38328.44076815134
r182c1233,2013,6374.661226002283
r182c1234,2013,109930.77749193076
r183c1227,2013,340427.20277396
r183c1228,2013,713538.2856172267
r183c1229,2013,67851.21022269414
r183c1230,2013,199319.31794773985
r183c1231,2013,67205.19229365933
r183c1232,2013,12982.593527928162
r183c1233,2013,9479.163331638352
r183c1234,2013,3612.422286070875
r184c1226,2013,1530979.610515393
r184c1227,2013,5095399.418152509
r184c1228,2013,5914356.061718159
r184c1229,2013,161017.9328491321
r184c1230,2013,23701.860370750706
r184c1231,2013,60319.04628276052
r184c1232,2013,21807.781835540703
r184c1233,2013,13074.212630785943
r184c1234,2013,17850.62539141597
r184c1235,2013,54559.19051754886
r185c1226,2013,2166966.0054774117
r185c1227,2013,3597810.830512385
r185c1228,2013,2768625.936372929
r185c1229,2013,377263.74211794836
r185c1230,2013,164419.95100104398
r185c1231,2013,332604.89334565174
r185c1232,2013,30493.819461316736
r185c1233,2013,24708.38892399986
r185c1234,2013,16606.43105154742
r185c1235,2013,7471.65400435813
r185c1236,2013,124235.5959596089
r186c1227,2013,737828.5056880786
r186c1228,2013,1253168.0464833411
r186c1229,2013,241958.66127252218
r186c1230,2013,155994.33898737113
r186c1231,2013,54832.492931643166
r186c1232,2013,124123.89801172745
r186c1233,2013,70017.31266645771
r186c1234,2013,10058.443306238
r186c1235,2013,33369.942429764065
r186c1236,2013,22360.221295203264
r186c1237,2013,29063.542615517326
r187c1226,2013,192617.2162989955
r187c1228,2013,814148.179025596
r187c1229,2013,186568.9486375494
r187c1230,2013,160957.75038296945
r187c1231,2013,201899.7265784294
r187c1232,2013,12391.240002321822
r187c1233,2013,18190.29906283063
r187c1234,2013,98081.81003760645
r187c1235,2013,15983.144992382404
r187c1236,2013,6427.252728701114
r187c1237,2013,17725.17323632459
r188c1225,2013,54318.96083759741
r188c1226,2013,145665.4642127356
r188c1227,2013,86178.65204972179
r188c1228,2013,77735.01926391857
r188c1229,2013,709578.6104855203
r188c1230,2013,139699.57859303453
r188c1231,2013,11630.849887272308
r188c1232,2013,71686.89517527736
r188c1233,2013,45391.86960086347
r188c1234,2013,98716.57722242297
r188c1235,2013,25031.547306343917
r188c1236,2013,25651.027409295246
r188c1237,2013,23688.571095610547
r189c1226,2013,85113.00136899734
r189c1227,2013,77131.31937117383
r189c1228,2013,117944.32536404184
r189c1229,2013,1643127.7501466249
r189c1230,2013,78346.26351888434
r189c1231,2013,30948.124416260842
r189c1232,2013,78722.31507290971
r189c1233,2013,34646.24140003937
r189c1234,2013,38548.36976636316
r189c1235,2013,14422.660871974404
r189c1236,2013,18085.504343367684
r189c1237,2013,20057.44875373856
r190c1226,2013,65180.34701565752
r190c1227,2013,97105.31408132575
r190c1228,2013,185671.25404193086
r190c1229,2013,56111.80629476303
r190c1230,2013,45558.149994000174
r190c1231,2013,31043.81639924875
r190c1232,2013,132331.2563956761
r190c1233,2013,440014.33557673544
r190c1234,2013,36628.51243522617
r190c1235,2013,29139.382001398848
r190c1236,2013,28287.610461554024
r190c1237,2013,424776.92716917384
r191c1227,2013,330687.3850139469
r191c1228,2013,727044.6504894722
r191c1229,2013,18316.642476291832
r191c1230,2013,16132.882112029925
r191c1231,2013,14853.91904018235
r191c1232,2013,17549.605119825253
r191c1233,2013,350164.40376360214
r191c1234,2013,2496984.3257432627
r191c1235,2013,285370.585922842
r191c1236,2013,162948.39465259685
r191c1237,2013,256840.96739307174
r192c1226,2013,74429.94544529877
r192c1227,2013,148775.50491136446
r192c1228,2013,24539.70190383863
r192c1229,2013,38487.973661877324
r192c1230,2013,44704.059779303934
r192c1231,2013,65167.82204495596
r192c1232,2013,33869.01928165192
r192c1233,2013,147980.65086109086
r192c1234,2013,52360.671740674945
r192c1235,2013,36020.983172250475
r192c1236,2013,90116.18250167197
r192c1237,2013,813457.626327784
r193c1226,2013,89058.08366548923
r193c1227,2013,76267.21989506019
r193c1228,2013,56647.57271195953
r193c1229,2013,101545.0223592273
r193c1230,2013,17065.545718689416
r193c1231,2013,31003.005080613464
r193c1232,2013,26938.107247705288
r193c1233,2013,124779.74321312748
r193c1234,2013,284493.1850550925
r193c1235,2013,261680.29979609055
r193c1236,2013,535158.3471055625
r194c1224,2013,12960.497714540099
r194c1226,2013,95697.92479218973
r194c1227,2013,1648919.0223939172
r194c1228,2013,25172.032546904662
r194c1229,2013,31383.719718331187
r194c1230,2013,22877.265050236747
r194c1231,2013,55209.56140961496
r194c1232,2013,305108.247980275
r194c1233,2013,66040.79078605957
r194c1235,2013,1291628.9832959152
r194c1236,2013,2739167.2618593075
r195c1224,2013,11360.35645746681
r195c1226,2013,87285.76307575041
r195c1227,2013,33575.72821858224
r195c1228,2013,31395.44114045455
r195c1229,2013,90230.17068684826
r195c1231,2013,102699.22892264793
r195c1233,2013,182985.01279086558
r195c1234,2013,226144.54636340681
r196c1226,2013,61194.83901828742
r196c1227,2013,68216.49698653209
r196c1229,2013,35539.587107662446
r201c1225,2013,185520.10816089832
r201c1226,2013,183307.92591579095
r201c1227,2013,52847.67757032052
r163c1239,2014,110743.06403126016
r163c1240,2014,54392.838501802966
r164c1239,2014,24350.073292404817
r164c1240,2014,32951.019028291514
r165c1237,2014,7599.220862924558
r165c1238,2014,48006.02301867229
r165c1239,2014,40817.62388602178
r165c1240,2014,2756.7489734349997
r165c1241,2014,131032.14646279349
r165c1242,2014,14289.218209973435
r166c1236,2014,58049.29543319749
r166c1237,2014,21826.673910387763
r166c1238,2014,48998.56680841097
r166c1239,2014,4158.490718111538
r166c1240,2014,23224.304482620897
r167c1232,2014,7019.421793973624
r167c1233,2014,96137.4886559653
r167c1234,2014,5917.0226500199415
r167c1235,2014,11972.13575326333
r167c1236,2014,13826.677152119351
r167c1237,2014,1614.4222618019976
r167c1238,2014,143663.37225247858
r167c1239,2014,620654.4773001655
r168c1226,2014,5048.257516033777
r168c1227,2014,45962.48648763701
r168c1233,2014,27802.100286416255
r168c1234,2014,1244.7181123719497
r168c1235,2014,6784.734111647352
r168c1236,2014,30.180234109982848
r168c1237,2014,1937.429205267301
r168c1238,2014,316343.47750450915
r169c1226,2014,30853.33976543837
r169c1227,2014,11203.360335705802
r169c1228,2014,10036.919073434725
r169c1229,2014,15174.582079819837
r169c1230,2014,10560.283333335767
r169c1231,2014,9822.926770879541
r169c1232,2014,447386.25935750717
r169c1233,2014,23297.58102764978
r169c1234,2014,4266.283664620741
r169c1235,2014,312.53870072198265
r169c1236,2014,2599.825929236909
r169c1237,2014,42916.30056645698
r169c1238,2014,47257.76783863892
r170c1225,2014,146569.51497591275
r170c1226,2014,26302.12076273883
r170c1227,2014,2888.994641162842
r170c1228,2014,3223.232321444899
r170c1229,2014,577.4830419849604
r170c1230,2014,688.5578514710069
r170c1231,2014,4631.844845537096
r170c1232,2014,5314.508803683213
r170c1233,2014,15041.19282357212
r170c1234,2014,7328.997577716936
r170c1235,2014,21315.506737545176
r170c1236,2014,1465.1527892059446
r170c1237,2014,38229.075188743744
r170c1238,2014,8278.633248177892
r171c1223,2014,22623.21522323518
r171c1224,2014,4700.020502429399
r171c1225,2014,1379.7743356912742
r171c1226,2014,555656.3173205189
r171c1227,2014,3114.637165357523
r171c1228,2014,13682.49825397743
r171c1229,2014,1692.9741525305874
r171c1230,2014,1775.3201392854912
r171c1231,2014,1925.6147900149226
r171c1232,2014,46381.47456874374
r171c1233,2014,2452.8576139109173
r171c1234,2014,1229.6406679904417
r171c1235,2014,65687.15994103062
r171c1236,2014,12591.24227483354
r171c1237,2014,137158.36658868246
r171c1238,2014,37507.85631023375
r172c1221,2014,14857.972300624408
r172c1222,2014,16650.60185620537
r172c1223,2014,11664.419278595575
r172c1224,2014,4256.88678905419
r172c1225,2014,103107.84263470699
r172c1226,2014,36541.80332432737
r172c1227,2014,1152.5830887667835
r172c1228,2014,1230.0876252613962
r172c1229,2014,317.0691213654354
r172c1230,2014,10760.441844888637
r172c1231,2014,5598.160033416149
r172c1232,2014,6148.32536248545
r172c1233,2014,893.5829409728448
r172c1234,2014,42330.26428146775
r172c1235,2014,37120.316262883076
r172c1236,2014,284042.02948462736
r173c1219,2014,86024.67749161234
r173c1220,2014,108960.32542483797
r173c1221,2014,2200.076705918191
r173c1222,2014,13522.661304741105
r173c1223,2014,554.4072373472154
r173c1224,2014,2224.4742923138774
r173c1225,2014,19534.341345017026
r173c1226,2014,8462.313187606633
r173c1227,2014,2269.1934886926892
r173c1228,2014,6629.764845186848
r173c1229,2014,1369.5027176048463
r173c1230,2014,16006.711337187113
r173c1231,2014,3074.9619509223558
r173c1232,2014,21048.328695427488
r173c1233,2014,67405.65265709255
r173c1234,2014,49375.062344712846
r174c1218,2014,125515.01691880617
r174c1219,2014,11947.284944486362
r174c1220,2014,137187.29773455817
r174c1221,2014,5414.355149725014
r174c1222,2014,34045.45253418271
r174c1223,2014,94515.78446033677
r174c1224,2014,186957.05025383044
r174c1225,2014,224825.57675102574
r174c1226,2014,2508.4060265652215
r174c1227,2014,5490.6195088325185
r174c1228,2014,139.94654149575223
r174c1229,2014,49247.35065415939
r174c1230,2014,69410.30648327498
r174c1231,2014,145274.51757298678
r174c1232,2014,324403.1399578004
r174c1233,2014,157020.72320332334
r175c1217,2014,170548.94396455772
r175c1218,2014,219250.08178866323
r175c1219,2014,110188.04200069801
r175c1220,2014,122167.15181755753
r175c1221,2014,127407.17274015876
r175c1222,2014,87900.83770206445
r175c1223,2014,77529.44448714572
r175c1224,2014,183400.1462760949
r175c1225,2014,153571.52761258231
r175c1226,2014,9736.034992567154
r175c1227,2014,1629.9499730818156
r175c1228,2014,982.2022717656312
r175c1229,2014,125046.81472382594
r175c1230,2014,1434322.9082958954
r176c1218,2014,17152.31157934182
r176c1220,2014,266945.29387438437
r176c1221,2014,33046.57238111499
r176c1222,2014,550997.4990023742
r176c1223,2014,210209.8749948155
r176c1224,2014,209094.27302858594
r176c1225,2014,269511.1935969934
r176c1226,2014,29302.92216771695
r176c1227,2014,23928.03248622863
r176c1228,2014,42782.55269893434
r176c1229,2014,39112.42776882148
r177c1222,2014,168992.67425819495
r177c1223,2014,658039.2882452346
r177c1224,2014,571711.0791247993
r177c1225,2014,43898.41409496608
r177c1226,2014,14611.964629113696
r177c1227,2014,31219.814164681964
r177c1228,2014,285726.78518283344
r177c1229,2014,132201.70020664347
r178c1221,2014,59850.824924460554
r178c1222,2014,1804027.8298229708
r178c1223,2014,1667308.2685172693
r178c1224,2014,53521.12416694816
r178c1225,2014,82430.80243406714
r178c1226,2014,34664.886463982984
r178c1227,2014,3254.6465243031
r178c1228,2014,2431.6474131293758
r178c1229,2014,1061421.1620826456
r178c1230,2014,68107.57357110738
r179c1221,2014,116506.067726307
r179c1222,2014,1120735.9611109763
r179c1223,2014,271204.1748565197
r179c1224,2014,23153.532118288094
r179c1225,2014,70649.1310081341
r179c1226,2014,39863.82908982405
r179c1227,2014,15972.605314713004
r179c1228,2014,6517.796235318248
r179c1229,2014,151497.7821599124
r179c1230,2014,11823.381415517524
r179c1231,2014,60028.11059212871
r180c1221,2014,356177.7759659162
r180c1222,2014,583615.3076492294
r180c1223,2014,465556.66855753196
r180c1224,2014,12270.177652116528
r180c1225,2014,4635.272913538416
r180c1226,2014,32923.12554890194
r180c1227,2014,12102.537981925549
r180c1228,2014,5058.121313309849
r180c1229,2014,29580.562651412714
r180c1230,2014,25723.027556390633
r180c1231,2014,10985.53936066634
r180c1232,2014,34953.529707133755
r181c1220,2014,169051.7980399601
r181c1221,2014,205484.37603474478
r181c1222,2014,239076.07802730973
r181c1223,2014,401069.1295567311
r181c1224,2014,75044.19495206556
r181c1225,2014,59462.485013706384
r181c1226,2014,25695.2524154278
r181c1227,2014,34651.92190549471
r181c1228,2014,10585.183004250239
r181c1229,2014,56630.90222150181
r181c1230,2014,17556.9636624426
r181c1231,2014,2309.3703882682557
r181c1232,2014,7467.7287258523465
r182c1219,2014,65888.04165965675
r182c1220,2014,44104.96589088772
r182c1221,2014,39373.722295188876
r182c1222,2014,936747.567771543
r182c1223,2014,110106.85889447326
r182c1224,2014,21475.506131593702
r182c1225,2014,50345.92741585833
r182c1226,2014,14134.950757288341
r182c1227,2014,13885.529221307528
r183c1220,2014,18957.65155597629
r183c1221,2014,210109.05928437324
r183c1222,2014,80965.15297073942
r183c1224,2014,63470.905923166494
r183c1226,2014,421408.79671952856
r181c1233,2014,22140.342624861973
r182c1228,2014,107286.5635901678
r182c1229,2014,88395.01087809437
r182c1230,2014,31821.256244472836
r182c1231,2014,26866.619843286855
r182c1232,2014,38499.15066241589
r182c1233,2014,6494.276651304419
r182c1234,2014,109614.44809078735
r183c1227,2014,350375.3839975563
r183c1228,2014,729697.7566563755
r183c1229,2014,69655.1174739223
r183c1230,2014,198565.60408308078
r183c1231,2014,67540.72861283898
r183c1232,2014,13231.859750350377
r183c1233,2014,9551.180611619657
r183c1234,2014,3668.5834182208346
r184c1226,2014,1564436.260947041
r184c1227,2014,5101315.188518715
r184c1228,2014,5911273.637894118
r184c1229,2014,165736.16313044107
r184c1230,2014,24602.036647579225
r184c1231,2014,60480.90791021904
r184c1232,2014,22210.78182847326
r184c1233,2014,13349.913031766087
r184c1234,2014,18146.09837648023
r184c1235,2014,54788.247778664554
r185c1226,2014,2178685.2004196886
r185c1227,2014,3615018.1389492
r185c1228,2014,2803879.754021561
r185c1229,2014,387341.01857596374
r185c1230,2014,169273.19485875653
r185c1231,2014,333141.250848396
r185c1232,2014,30925.845279900972
r185c1233,2014,24776.756197299055
r185c1234,2014,16626.89529731616
r185c1235,2014,7493.595021534144
r185c1236,2014,123451.31304293405
r186c1227,2014,768731.6275152132
r186c1228,2014,1297864.3693657808
r186c1229,2014,248473.4327299626
r186c1230,2014,160453.7886570207
r186c1231,2014,55255.59267679085
r186c1232,2014,124183.1026589272
r186c1233,2014,69680.01192007615
r186c1234,2014,10106.310217878307
r186c1235,2014,33094.83940694558
r186c1236,2014,22206.858728771407
r186c1237,2014,29244.33439252904
r187c1226,2014,196457.15132559897
r187c1228,2014,829315.4334601759
r187c1229,2014,189871.82783978558
r187c1230,2014,162786.00601564848
r187c1231,2014,202105.73418408335
r187c1232,2014,12453.985778293312
r187c1233,2014,18230.40127261381
r187c1234,2014,98379.61410789881
r187c1235,2014,16189.613651530684
r187c1236,2014,6414.649732821696
r187c1237,2014,17779.883971868145
r188c1225,2014,54819.76014513323
r188c1226,2014,147128.55514257474
r188c1227,2014,86920.04314472507
r188c1228,2014,82188.46275095709
r188c1229,2014,717085.0096188049
r188c1230,2014,140817.64752635255
r188c1231,2014,11667.808296897956
r188c1232,2014,71636.70856710865
r188c1233,2014,45638.590684718016
r188c1234,2014,98563.69769925324
r188c1235,2014,25130.850652440382
r188c1236,2014,25542.472425857304
r188c1237,2014,23690.02539737173
r189c1226,2014,85808.99220628332
r189c1227,2014,77838.89664661439
r189c1228,2014,120085.53472215467
r189c1229,2014,1652156.3860137123
r189c1230,2014,78683.06143239948
r189c1231,2014,31259.309310852324
r189c1232,2014,78636.31598242615
r189c1233,2014,34797.55953887828
r189c1234,2014,38386.99040150568
r189c1235,2014,14456.323289574779
r189c1236,2014,18050.34182829742
r189c1237,2014,20103.15285992502
r190c1226,2014,65574.46693768818
r190c1227,2014,97620.6848285681
r190c1228,2014,186753.21790526764
r190c1229,2014,56834.64177805715
r190c1230,2014,45924.77219055453
r190c1231,2014,31234.747499838646
r190c1232,2014,132927.23735637148
r190c1233,2014,437926.63953985774
r190c1234,2014,36688.46239348294
r190c1235,2014,29200.992543695353
r190c1236,2014,28336.60573022547
r190c1237,2014,421166.5347055495
r191c1227,2014,328026.6661504357
r191c1228,2014,723371.3077389083
r191c1229,2014,18399.28905995586
r191c1230,2014,16257.099659634736
r191c1231,2014,15080.066741629129
r191c1232,2014,17701.890009607538
r191c1233,2014,351776.2683950718
r191c1234,2014,2485317.90957984
r191c1235,2014,284982.83962165617
r191c1236,2014,162446.2241198947
r191c1237,2014,256597.39392539588
r192c1226,2014,74487.6523114462
r192c1227,2014,148777.99634308004
r192c1228,2014,24537.415734798997
r192c1229,2014,38714.58229860658
r192c1230,2014,45098.77825371855
r192c1231,2014,66195.92794437832
r192c1232,2014,34288.661624706816
r192c1233,2014,151098.30202292628
r192c1234,2014,52561.967472071636
r192c1235,2014,36337.217299594806
r192c1236,2014,92164.4399413113
r192c1237,2014,818195.434269874
r193c1226,2014,89110.74378702069
r193c1227,2014,76475.34990100001
r193c1228,2014,56711.98035544488
r193c1229,2014,101434.73082848305
r193c1230,2014,17390.809323852183
r193c1231,2014,31716.002838352102
r193c1232,2014,27228.658312270945
r193c1233,2014,126751.416130032
r193c1234,2014,287611.57202136767
r193c1235,2014,266161.33421441936
r193c1236,2014,540434.7260757672
r194c1224,2014,12968.52266365592
r194c1226,2014,95649.06351442616
r194c1227,2014,1656094.8262483324
r194c1228,2014,25134.557676602264
r194c1229,2014,31214.297609740745
r194c1230,2014,23070.49383623995
r194c1231,2014,56413.03510465947
r194c1232,2014,307265.3002637735
r194c1233,2014,67096.52587578593
r194c1235,2014,1291166.6398714809
r194c1236,2014,2708905.4220016296
r195c1224,2014,11230.892172474445
r195c1226,2014,86950.8076169832
r195c1227,2014,33507.68780519767
r195c1228,2014,31270.591178871462
r195c1229,2014,89495.55090656821
r195c1231,2014,102191.98180414793
r195c1233,2014,183819.17410978084
r195c1234,2014,226889.7801070445
r196c1226,2014,60857.98798658958
r196c1227,2014,67770.81231352966
r196c1229,2014,35164.44089734316
r201c1225,2014,188004.03341114422
r201c1226,2014,186866.37940789416
r201c1227,2014,53436.42693528276
r163c1239,2015,109860.12321072462
r163c1240,2015,54099.8271423873
r164c1239,2015,24632.186922407534
r164c1240,2015,32815.284830264456
r165c1237,2015,7588.009323817276
r165c1238,2015,47738.58736447885
r165c1239,2015,40836.31625958862
r165c1240,2015,2810.2333741528946
r165c1241,2015,130304.4987026106
r165c1242,2015,14216.943428294137
r166c1236,2015,57855.463520733516
r166c1237,2015,22521.717811400686
r166c1238,2015,48519.221978892296
r166c1239,2015,4221.148311592959
r166c1240,2015,23435.037091095255
r167c1232,2015,7156.48337361121
r167c1233,2015,98532.62859286586
r167c1234,2015,6001.0466812570885
r167c1235,2015,12080.59729002952
r167c1236,2015,13928.084284892708
r167c1237,2015,1632.8838531849285
r167c1238,2015,143587.76760865928
r167c1239,2015,618114.2370141272
r168c1226,2015,5037.49250581227
r168c1227,2015,46404.109150831275
r168c1233,2015,27947.95695930535
r168c1234,2015,1231.746789101409
r168c1235,2015,6829.528614924731
r168c1236,2015,30.83568218164146
r168c1237,2015,1979.3560613200837
r168c1238,2015,317984.07816632977
r169c1226,2015,30711.96302115995
r169c1227,2015,11142.57801281847
r169c1228,2015,10229.065687499096
r169c1229,2015,15148.213710610922
r169c1230,2015,10477.11230195538
r169c1231,2015,9707.811667692802
r169c1232,2015,442769.76190411695
r169c1233,2015,23177.50744399539
r169c1234,2015,4203.9405289254355
r169c1235,2015,307.781533647241
r169c1236,2015,2698.2178800740076
r169c1237,2015,43079.856687981235
r169c1238,2015,47089.84303049569
r170c1225,2015,145835.79879112632
r170c1226,2015,26479.891891158317
r170c1227,2015,2886.8285233819456
r170c1228,2015,3267.961749950424
r170c1229,2015,580.1923451684415
r170c1230,2015,710.1263366267085
r170c1231,2015,4801.916244849563
r170c1232,2015,5302.247948927008
r170c1233,2015,14832.424179369036
r170c1234,2015,7285.277043498074
r170c1235,2015,21561.71487355073
r170c1236,2015,1473.5062712030997
r170c1237,2015,37888.76564231531
r170c1238,2015,8391.600354642633
r171c1223,2015,22451.846262655552
r171c1224,2015,4695.394299730383
r171c1225,2015,1378.1768631024106
r171c1226,2015,554407.3540588222
r171c1227,2015,3166.8861834384647
r171c1228,2015,13702.179645344644
r171c1229,2015,1738.398189857854
r171c1230,2015,1828.377603918102
r171c1231,2015,1903.2408840414137
r171c1232,2015,46427.28878034538
r171c1233,2015,2455.055906905049
r171c1234,2015,1296.2763633793695
r171c1235,2015,66270.6806489981
r171c1236,2015,12704.210840393152
r171c1237,2015,137674.35278634416
r171c1238,2015,37647.68086160239
r172c1221,2015,15052.25596019783
r172c1222,2015,16921.034722193308
r172c1223,2015,11686.267104034367
r172c1224,2015,4355.43021914509
r172c1225,2015,102647.05953836898
r172c1226,2015,36643.11112806027
r172c1227,2015,1172.6958011928946
r172c1228,2015,1229.8185908384621
r172c1229,2015,331.8491689460352
r172c1230,2015,10840.970999246942
r172c1231,2015,5656.266493032552
r172c1232,2015,6176.37960519252
r172c1233,2015,892.5097145542355
r172c1234,2015,42316.58670953349
r172c1235,2015,37326.34314509158
r172c1236,2015,282517.1052063384
r173c1219,2015,87400.82334930632
r173c1220,2015,110103.8552734469
r173c1221,2015,2244.221869459814
r173c1222,2015,13672.53125467635
r173c1223,2015,550.2403893247247
r173c1224,2015,2258.8482314365315
r173c1225,2015,20349.0116808261
r173c1226,2015,8586.968480734155
r173c1227,2015,2294.2177482233838
r173c1228,2015,6612.170624554983
r173c1229,2015,1370.573166466256
r173c1230,2015,16139.292290870333
r173c1231,2015,3174.567694800731
r173c1232,2015,21815.931951717925
r173c1233,2015,67677.73931605331
r173c1234,2015,49479.67237892258
r174c1218,2015,127657.84760969935
r174c1219,2015,12281.618540627036
r174c1220,2015,137787.92777622552
r174c1221,2015,5472.424712732179
r174c1222,2015,34744.305943269115
r174c1223,2015,95321.17008601794
r174c1224,2015,187622.2273611734
r174c1225,2015,224892.76190405554
r174c1226,2015,2541.156844062172
r174c1227,2015,5444.809513140981
r174c1228,2015,143.49796543216615
r174c1229,2015,49618.89376457325
r174c1230,2015,70143.84433154293
r174c1231,2015,144920.53826418336
r174c1232,2015,328578.34464207775
r174c1233,2015,158777.81541845485
r175c1217,2015,172990.55185518725
r175c1218,2015,222085.5586133034
r175c1219,2015,111891.38969974923
r175c1220,2015,123139.65813270274
r175c1221,2015,127865.2378644534
r175c1222,2015,89043.8000245668
r175c1223,2015,78507.5288381296
r175c1224,2015,185777.61864185194
r175c1225,2015,154222.00234452062
r175c1226,2015,9953.645723392423
r175c1227,2015,1674.2949256672541
r175c1228,2015,1004.2341271638469
r175c1229,2015,124890.75054935223
r175c1230,2015,1426996.6395727373
r176c1218,2015,17764.901828541937
r176c1220,2015,268886.6455204854
r176c1221,2015,33233.899184904716
r176c1222,2015,552858.9407607068
r176c1223,2015,210847.29648584692
r176c1224,2015,212966.37583150557
r176c1225,2015,272304.10748425
r176c1226,2015,29812.031043910676
r176c1227,2015,24067.674856889153
r176c1228,2015,42703.08926574086
r176c1229,2015,39042.55545319287
r177c1222,2015,168772.62326715898
r177c1223,2015,659961.491122442
r177c1224,2015,573346.2674927674
r177c1225,2015,44768.627583355155
r177c1226,2015,14942.074166639926
r177c1227,2015,31672.841438624484
r177c1228,2015,286559.0469500299
r177c1229,2015,134431.71748759635
r178c1221,2015,59963.842150382436
r178c1222,2015,1826540.915889859
r178c1223,2015,1689262.0972551694
r178c1224,2015,54595.27302712719
r178c1225,2015,83288.83186379333
r178c1226,2015,34925.89068887414
r178c1227,2015,3326.710899393885
r178c1228,2015,2499.2689885717214
r178c1229,2015,1073089.8515633324
r178c1230,2015,69577.46771261691
r179c1221,2015,116957.10113943687
r179c1222,2015,1129150.2742872892
r179c1223,2015,275748.12688614446
r179c1224,2015,23781.83279593522
r179c1225,2015,71260.75254556669
r179c1226,2015,40101.57064142552
r179c1227,2015,16235.13731955159
r179c1228,2015,6555.860044203414
r179c1229,2015,153566.969537248
r179c1230,2015,12121.011213458678
r179c1231,2015,60970.07343213633
r180c1221,2015,358153.60395228927
r180c1222,2015,587404.184143356
r180c1223,2015,466809.2826371428
r180c1224,2015,12768.84205255376
r180c1225,2015,4702.679406220276
r180c1226,2015,33289.48549305159
r180c1227,2015,12436.52621261723
r180c1228,2015,5162.910141215678
r180c1229,2015,30159.81856513475
r180c1230,2015,26261.561009458754
r180c1231,2015,11078.291851994207
r180c1232,2015,35426.675605456454
r181c1220,2015,169654.7310736342
r181c1221,2015,205812.05693758413
r181c1222,2015,241407.9110317456
r181c1223,2015,403369.0119641602
r181c1224,2015,75582.10728162686
r181c1225,2015,60246.83918556656
r181c1226,2015,26013.206748076795
r181c1227,2015,35082.84575415127
r181c1228,2015,10761.513788754171
r181c1229,2015,57482.88758577481
r181c1230,2015,17881.510660427535
r181c1231,2015,2328.1003389526195
r181c1232,2015,7592.992026688024
r182c1219,2015,67920.34049885819
r182c1220,2015,44542.50525928984
r182c1221,2015,39463.25017429587
r182c1222,2015,937434.8065960257
r182c1223,2015,110767.5986097774
r182c1224,2015,21743.147459884738
r182c1225,2015,50878.15050921901
r182c1226,2015,14171.132606268624
r182c1227,2015,14405.864904154672
r183c1220,2015,19437.652682931286
r183c1221,2015,212793.73436902565
r183c1222,2015,81595.8973174506
r183c1224,2015,64038.14712044001
r183c1226,2015,423660.28212575044
r181c1233,2015,22215.31258644034
r182c1228,2015,109751.76949684125
r182c1229,2015,89899.28662700324
r182c1230,2015,31993.16313872941
r182c1231,2015,27136.230491379138
r182c1232,2015,38652.7155661178
r182c1233,2015,6608.008449708246
r182c1234,2015,109275.73270353719
r183c1227,2015,360236.6132498173
r183c1228,2015,745654.5116953059
r183c1229,2015,71440.91390700561
r183c1230,2015,197796.25768948995
r183c1231,2015,67844.99879382589
r183c1232,2015,13468.95534497712
r183c1233,2015,9617.96723899938
r183c1234,2015,3721.7967201635765
r184c1226,2015,1597454.2609350253
r184c1227,2015,5105497.89210722
r184c1228,2015,5906211.230951045
r184c1229,2015,170413.32234968687
r184c1230,2015,25491.87240892685
r184c1231,2015,60620.556110541234
r184c1232,2015,22593.86010695335
r184c1233,2015,13612.536765098683
r184c1234,2015,18426.40803059143
r184c1235,2015,54993.36316431439
r185c1226,2015,2189728.087871134
r185c1227,2015,3631007.734712516
r185c1228,2015,2838210.0223546894
r185c1229,2015,397317.80268891866
r185c1230,2015,174084.65371638467
r185c1231,2015,333563.0342538106
r185c1232,2015,31334.38503881471
r185c1233,2015,24835.456370089036
r185c1234,2015,16641.709321202357
r185c1235,2015,7512.57066385148
r185c1236,2015,122655.91745542483
r186c1227,2015,799487.0331089946
r186c1228,2015,1342275.8255525078
r186c1229,2015,254920.10352048278
r186c1230,2015,164856.14273831923
r186c1231,2015,55655.112269513746
r186c1232,2015,124222.13261540617
r186c1233,2015,69339.09904487975
r186c1234,2015,10149.69168548651
r186c1235,2015,32818.81737544534
r186c1236,2015,22051.46577263825
r186c1237,2015,29408.357229435704
r187c1226,2015,200193.40156285182
r187c1228,2015,844199.253670012
r187c1229,2015,193069.11217466556
r187c1230,2015,164526.28704264853
r187c1231,2015,202275.9922799561
r187c1232,2015,12512.210334083837
r187c1233,2015,18265.332555991627
r187c1234,2015,98629.4663996772
r187c1235,2015,16383.116121924179
r187c1236,2015,6399.952208413061
r187c1237,2015,17825.89976054047
r188c1225,2015,55306.93556392031
r188c1226,2015,148551.88935593364
r188c1227,2015,87641.24528787618
r188c1228,2015,86646.01130156039
r188c1229,2015,724348.595999069
r188c1230,2015,141876.1141564746
r188c1231,2015,11700.890828041494
r188c1232,2015,71560.24621209962
r188c1233,2015,45859.56743206953
r188c1234,2015,98377.32074819371
r188c1235,2015,25217.156131216754
r188c1236,2015,25427.458625300133
r188c1237,2015,23682.197365741067
r189c1226,2015,86486.01561192202
r189c1227,2015,78527.22341239834
r189c1228,2015,122219.26651708814
r189c1229,2015,1660682.3627241112
r189c1230,2015,78997.24314336943
r189c1231,2015,31551.99638862152
r189c1232,2015,78522.47369592707
r189c1233,2015,34930.434689841735
r189c1234,2015,38215.847421517494
r189c1235,2015,14483.264954900531
r189c1236,2015,18009.275725934072
r189c1237,2015,20139.546706476896
r190c1226,2015,65957.67322289423
r190c1227,2015,98095.6534919199
r190c1228,2015,187785.86868869743
r190c1229,2015,57534.98368394347
r190c1230,2015,46274.65084344233
r190c1231,2015,31413.868680310436
r190c1232,2015,133452.45143452668
r190c1233,2015,435735.50702509895
r190c1234,2015,36732.181438241125
r190c1235,2015,29249.23334763482
r190c1236,2015,28372.97474444967
r190c1237,2015,417508.3167361242
r191c1227,2015,325316.987070334
r191c1228,2015,719497.6249158573
r191c1229,2015,18469.431576502837
r191c1230,2015,16368.379025656093
r191c1231,2015,15297.279913266917
r191c1232,2015,17843.93834515123
r191c1233,2015,353221.170683052
r191c1234,2015,2472887.993005911
r191c1235,2015,284496.8015480712
r191c1236,2015,161896.90955839108
r191c1237,2015,256261.63641175628
r192c1226,2015,74506.3757551299
r192c1227,2015,148707.37130619347
r192c1228,2015,24523.18441491357
r192c1229,2015,38912.652040990055
r192c1230,2015,45467.86553755856
r192c1231,2015,67193.94679543567
r192c1232,2015,34693.77542589174
r192c1233,2015,154114.324435961
r192c1234,2015,52743.87726024528
r192c1235,2015,36637.08042600141
r192c1236,2015,94172.3406612397
r192c1237,2015,822658.9362192272
r193c1226,2015,89111.72384525226
r193c1227,2015,76624.43725780396
r193c1228,2015,56741.57180999686
r193c1229,2015,101275.77658135963
r193c1230,2015,17698.88686461588
r193c1231,2015,32411.019117124706
r193c1232,2015,27508.974673912096
r193c1233,2015,128665.42874130265
r193c1234,2015,290621.053524182
r193c1235,2015,270515.7770767169
r193c1236,2015,545422.8925996141
r194c1224,2015,12967.54341043475
r194c1226,2015,95548.66253454341
r194c1227,2015,1662695.2562829559
r194c1228,2015,25082.32791287952
r194c1229,2015,31031.549604580352
r194c1230,2015,23248.318906214576
r194c1231,2015,57584.79566974739
r194c1232,2015,309325.00547861366
r194c1233,2015,68121.54343530361
r194c1235,2015,1290143.544892016
r194c1236,2015,2677901.2570372
r195c1224,2015,11099.662840988503
r195c1226,2015,86572.67339276339
r195c1227,2015,33420.30850710538
r195c1228,2015,31130.406584354052
r195c1229,2015,88733.72913393323
r195c1231,2015,101669.09749296182
r195c1233,2015,184602.4807034524
r195c1234,2015,227576.84515763714
r196c1226,2015,60495.444565937374
r196c1227,2015,67299.63778011635
r196c1229,2015,34782.43205670377
r201c1225,2015,190429.0985810807
r201c1226,2015,190355.84555038228
r201c1227,2015,54009.57463728817
r163c1239,2016,107537.34092680956
r163c1240,2016,52272.70870473565
r164c1239,2016,26424.17467969913
r164c1240,2016,32373.33732561408
r165c1237,2016,7485.264964920569
r165c1238,2016,47039.63279725917
r165c1239,2016,41350.827337271396
r165c1240,2016,3059.8295307934895
r165c1241,2016,129605.8315630937
r165c1242,2016,14328.681757511593
r166c1236,2016,57619.39060870582
r166c1237,2016,26369.812979065475
r166c1238,2016,46701.47607741219
r166c1239,2016,4455.851239983082
r166c1240,2016,23996.007358579605
r167c1232,2016,7104.779952589022
r167c1233,2016,98497.25455057771
r167c1234,2016,6713.285357801879
r167c1235,2016,12648.255592424059
r167c1236,2016,14177.178545978633
r167c1237,2016,1737.2027241663895
r167c1238,2016,144400.57744664932
r167c1239,2016,613119.1530468226
r168c1226,2016,5038.967760270997
r168c1227,2016,45945.89418335778
r168c1233,2016,28779.802416329025
r168c1234,2016,1213.8206925435393
r168c1235,2016,7103.619598325182
r168c1236,2016,37.53367128223181
r168c1237,2016,2272.345193381262
r168c1238,2016,327392.7711008654
r169c1226,2016,30617.66991401183
r169c1227,2016,10920.53296184726
r169c1228,2016,10545.946777842237
r169c1229,2016,15083.143479601693
r169c1230,2016,10233.929420583649
r169c1231,2016,9495.781819991334
r169c1232,2016,437711.9442908278
r169c1233,2016,23049.666947424237
r169c1234,2016,4071.9838869492796
r169c1235,2016,298.49450104258506
r169c1236,2016,2803.1490243008616
r169c1237,2016,44174.025721482394
r169c1238,2016,46353.82271616053
r170c1225,2016,145114.1260662864
r170c1226,2016,26537.391495275333
r170c1227,2016,2826.8180415218803
r170c1228,2016,3475.7193604782224
r170c1229,2016,618.4349281676114
r170c1230,2016,762.3887645676732
r170c1231,2016,4959.20647212863
r170c1232,2016,5471.1070516741165
r170c1233,2016,14414.953686881956
r170c1234,2016,7407.845660104822
r170c1235,2016,23010.840473963806
r170c1236,2016,1514.3149868668245
r170c1237,2016,36460.539307148916
r170c1238,2016,8943.65953636682
r171c1223,2016,22192.36634836685
r171c1224,2016,4742.113744469029
r171c1225,2016,1372.2835154756026
r171c1226,2016,546954.8416151695
r171c1227,2016,3340.093829336295
r171c1228,2016,13807.053203699548
r171c1229,2016,1918.1117815859175
r171c1230,2016,1999.1037417367686
r171c1231,2016,1876.9461138248444
r171c1232,2016,47452.38455494244
r171c1233,2016,2476.726164953304
r171c1234,2016,1627.715613097944
r171c1235,2016,69806.15217033686
r171c1236,2016,13023.377224212763
r171c1237,2016,140500.61005944115
r171c1238,2016,37908.62418192265
r172c1221,2016,15922.004978582898
r172c1222,2016,17905.427448538507
r172c1223,2016,11774.221455965564
r172c1224,2016,4886.695994060041
r172c1225,2016,102452.3481448312
r172c1226,2016,36305.26656072661
r172c1227,2016,1332.8545596357435
r172c1228,2016,1331.0023498060182
r172c1229,2016,406.1198532860726
r172c1230,2016,10907.967670095039
r172c1231,2016,5943.3131809922415
r172c1232,2016,6159.744698015897
r172c1233,2016,867.9660612603759
r172c1234,2016,42238.61492537313
r172c1235,2016,38474.58243821798
r172c1236,2016,275473.7712004975
r173c1219,2016,89818.74791986252
r173c1220,2016,112200.25369829587
r173c1221,2016,2304.292105280265
r173c1222,2016,13697.435244678152
r173c1223,2016,543.6070414409041
r173c1224,2016,2411.910851951075
r173c1225,2016,23154.834562373268
r173c1226,2016,8873.94607164478
r173c1227,2016,2445.3001809733755
r173c1228,2016,6444.430289810906
r173c1229,2016,1355.7115474521604
r173c1230,2016,16410.573378270736
r173c1231,2016,3372.483094552773
r173c1232,2016,22439.676033105392
r173c1233,2016,67045.71727954809
r173c1234,2016,49105.61765710293
r174c1218,2016,130935.50074379028
r174c1219,2016,13028.523964264798
r174c1220,2016,137890.37190807462
r174c1221,2016,5484.094885233673
r174c1222,2016,35813.751909471015
r174c1223,2016,96201.3076925292
r174c1224,2016,189824.50487589225
r174c1225,2016,227628.90385161396
r174c1226,2016,2720.1206912698226
r174c1227,2016,5377.94538162824
r174c1228,2016,147.64937402154044
r174c1229,2016,50555.56180509665
r174c1230,2016,71477.05458376676
r174c1231,2016,142308.16483991282
r174c1232,2016,348110.81984247407
r174c1233,2016,164954.89759180715
r175c1217,2016,175602.5816423161
r175c1218,2016,223386.5300254333
r175c1219,2016,113695.46008723798
r175c1220,2016,123874.62358620424
r175c1221,2016,127212.61363103532
r175c1222,2016,89905.84394583266
r175c1223,2016,80291.48891712059
r175c1224,2016,187985.78667498296
r175c1225,2016,154505.83847978164
r175c1226,2016,10230.749834375576
r175c1227,2016,1806.9838573768077
r175c1228,2016,1094.533284559583
r175c1229,2016,122093.5527411256
r175c1230,2016,1395115.15616142
r176c1218,2016,18579.660483719104
r176c1220,2016,268936.0945659752
r176c1221,2016,33760.832421568055
r176c1222,2016,551518.4636989082
r176c1223,2016,214992.47090680938
r176c1224,2016,219428.77730285813
r176c1225,2016,275417.092056536
r176c1226,2016,31593.926324401502
r176c1227,2016,24156.08334544736
r176c1228,2016,41796.45925546616
r176c1229,2016,38188.694420533706
r177c1222,2016,168790.81532334443
r177c1223,2016,657397.0507467677
r177c1224,2016,570479.7574872924
r177c1225,2016,47699.28148675252
r177c1226,2016,16383.708565809533
r177c1227,2016,31890.39843343022
r177c1228,2016,284153.53096744453
r177c1229,2016,137596.1599467492
r178c1221,2016,59683.2735387224
r178c1222,2016,1851277.8366884694
r178c1223,2016,1708728.5316795318
r178c1224,2016,57943.16954994917
r178c1225,2016,86593.03957863734
r178c1226,2016,36311.681274892515
r178c1227,2016,3442.6739638945005
r178c1228,2016,2631.922372797537
r178c1229,2016,1085194.9826312468
r178c1230,2016,72866.66131249288
r179c1221,2016,117329.20886722981
r179c1222,2016,1134600.142977557
r179c1223,2016,279207.0365573797
r179c1224,2016,25396.87596604266
r179c1225,2016,72196.80941153404
r179c1226,2016,40723.0403910555
r179c1227,2016,16640.810274371106
r179c1228,2016,6496.374983059593
r179c1229,2016,152352.66164203262
r179c1230,2016,12183.599230708123
r179c1231,2016,62186.571911548264
r180c1221,2016,371602.9053953753
r180c1222,2016,590646.8275053862
r180c1223,2016,466719.6913285121
r180c1224,2016,14278.149205105918
r180c1225,2016,4700.0284679451415
r180c1226,2016,34075.98367648528
r180c1227,2016,12983.215282654675
r180c1228,2016,5293.622173806773
r180c1229,2016,29868.642270258315
r180c1230,2016,26859.83861104271
r180c1231,2016,11000.758210266287
r180c1232,2016,36274.504436896634
r181c1220,2016,168257.2530854143
r181c1221,2016,204092.68623090122
r181c1222,2016,242305.14691861352
r181c1223,2016,405301.6975844584
r181c1224,2016,76670.8500750862
r181c1225,2016,62622.407182733856
r181c1226,2016,27056.171785396837
r181c1227,2016,35341.79021455668
r181c1228,2016,10807.221424713305
r181c1229,2016,57078.56293248596
r181c1230,2016,17938.958324888874
r181c1231,2016,2325.8561172506097
r181c1232,2016,7656.257942779101
r182c1219,2016,71932.34917076232
r182c1220,2016,44494.28817208801
r182c1221,2016,39215.36660073146
r182c1222,2016,932570.3473566851
r182c1223,2016,110420.34664213845
r182c1224,2016,21842.95841837039
r182c1225,2016,51231.26529868514
r182c1226,2016,14441.043595216684
r182c1227,2016,15497.39374383766
r183c1220,2016,20408.791735198018
r183c1221,2016,212699.1342377541
r183c1222,2016,82088.16167561027
r183c1224,2016,64406.249408670796
r183c1226,2016,425716.4107148399
r181c1233,2016,22695.26757894334
r182c1228,2016,112947.5740271651
r182c1229,2016,91489.98663427425
r182c1230,2016,32276.91805120036
r182c1231,2016,27288.855972175566
r182c1232,2016,39009.7598268067
r182c1233,2016,6880.328103409641
r182c1234,2016,109856.85459158417
r183c1227,2016,368603.4391375126
r183c1228,2016,759453.3936774461
r183c1229,2016,74288.30857683968
r183c1230,2016,197080.45947195176
r183c1231,2016,67500.85421444167
r183c1232,2016,13977.967523279822
r183c1233,2016,9800.68052025693
r183c1234,2016,3865.8076986298547
r184c1226,2016,1617207.7589674613
r184c1227,2016,5106220.301241277
r184c1228,2016,5898478.9083105475
r184c1229,2016,175839.7023315358
r184c1230,2016,27295.90395231152
r184c1231,2016,60551.47673583401
r184c1232,2016,23365.033150563086
r184c1233,2016,13978.923470035032
r184c1234,2016,18728.34705305888
r184c1235,2016,54782.17814677842
r185c1226,2016,2203272.126394661
r185c1227,2016,3657685.7407225436
r185c1228,2016,2864484.5240589315
r185c1229,2016,406867.65694436117
r185c1230,2016,179438.25025165515
r185c1231,2016,330950.46604180057
r185c1232,2016,31891.747524098442
r185c1233,2016,24866.1153311362
r185c1234,2016,16590.022911984754
r185c1235,2016,7464.853790174099
r185c1236,2016,121963.12097047057
r186c1227,2016,822105.7005535711
r186c1228,2016,1377308.5475011333
r186c1229,2016,261843.57699238372
r186c1230,2016,170256.5782003516
r186c1231,2016,56349.05061143538
r186c1232,2016,123876.4582012712
r186c1233,2016,69496.98718573364
r186c1234,2016,10193.714718092953
r186c1235,2016,32543.246921016806
r186c1236,2016,22157.08714937097
r186c1237,2016,29701.067515882667
r187c1226,2016,203406.75753187714
r187c1228,2016,852779.0755180668
r187c1229,2016,195066.8995514856
r187c1230,2016,165282.96345848442
r187c1231,2016,202992.92773810972
r187c1232,2016,12755.873454496992
r187c1233,2016,18586.86691931771
r187c1234,2016,98188.28433450349
r187c1235,2016,16711.213094155242
r187c1236,2016,6366.982788113767
r187c1237,2016,18122.71453000392
r188c1225,2016,56238.98433811286
r188c1226,2016,149705.30875399665
r188c1227,2016,88592.45863894517
r188c1228,2016,92074.20932536015
r188c1229,2016,728081.7258400868
r188c1230,2016,142585.6658151958
r188c1231,2016,11912.789998092205
r188c1232,2016,71171.59670020404
r188c1233,2016,46294.013291306794
r188c1234,2016,98122.3601390385
r188c1235,2016,25630.223274480355
r188c1236,2016,25277.013592824005
r188c1237,2016,24131.020023643672
r189c1226,2016,87170.10180612488
r189c1227,2016,79542.14003273609
r189c1228,2016,124801.42785243285
r189c1229,2016,1668184.6106568482
r189c1230,2016,79782.35497655073
r189c1231,2016,32350.213039211878
r189c1232,2016,77920.03303286238
r189c1233,2016,34963.215048612925
r189c1234,2016,38043.500420699056
r189c1235,2016,14512.669060194881
r189c1236,2016,17849.059041927558
r189c1237,2016,20498.142052850617
r190c1226,2016,66415.00636149527
r190c1227,2016,98835.07234207584
r190c1228,2016,188663.3748637679
r190c1229,2016,58529.32813346707
r190c1230,2016,47361.60220771637
r190c1231,2016,32215.44682643103
r190c1232,2016,132688.33965839492
r190c1233,2016,430073.0839470598
r190c1234,2016,36985.66644362686
r190c1235,2016,29381.42163841197
r190c1236,2016,28206.898156469975
r190c1237,2016,411378.6727859377
r191c1227,2016,321859.6927323594
r191c1228,2016,713928.8753593928
r191c1229,2016,18864.860820910682
r191c1230,2016,16920.041780675165
r191c1231,2016,15824.021315106722
r191c1232,2016,18266.97243555758
r191c1233,2016,354605.9714242355
r191c1234,2016,2457513.346992523
r191c1235,2016,283832.3941277499
r191c1236,2016,161997.46779216576
r191c1237,2016,254905.0473243444
r192c1226,2016,74283.39431848688
r192c1227,2016,147698.02311243574
r192c1228,2016,24615.439937996365
r192c1229,2016,39628.91895748612
r192c1230,2016,46504.76948737123
r192c1231,2016,68354.73016660445
r192c1232,2016,35581.75780484442
r192c1233,2016,158165.9283982832
r192c1234,2016,53101.783509416666
r192c1235,2016,37428.97938580861
r192c1236,2016,96618.70199783472
r192c1237,2016,827970.7359212373
r193c1226,2016,88713.50962216953
r193c1227,2016,76223.13459103256
r193c1228,2016,56855.664116568274
r193c1229,2016,101470.97816144694
r193c1230,2016,18691.548443060095
r193c1231,2016,33603.21888327577
r193c1232,2016,28095.122548003645
r193c1233,2016,131449.34577881295
r193c1234,2016,292640.5607177091
r193c1235,2016,274087.7103581466
r193c1236,2016,546110.854457871
r194c1224,2016,13154.14976354992
r194c1226,2016,94870.06636241789
r194c1227,2016,1667130.1067329342
r194c1228,2016,25096.632486086903
r194c1229,2016,30973.137041650476
r194c1230,2016,23840.156865230907
r194c1231,2016,58543.22343614066
r194c1232,2016,309239.3250377463
r194c1233,2016,69682.66757258482
r194c1235,2016,1286161.8334130116
r194c1236,2016,2644574.596233848
r195c1224,2016,11198.01299217512
r195c1226,2016,85717.62896877006
r195c1227,2016,33266.94619779167
r195c1228,2016,31040.059907971143
r195c1229,2016,88102.9959560621
r195c1231,2016,101762.17753079897
r195c1233,2016,184448.93522370973
r195c1234,2016,226878.33479266046
r196c1226,2016,59795.078174315306
r196c1227,2016,66514.89518707454
r196c1229,2016,34651.76814377862
r201c1225,2016,192536.46731169458
r201c1226,2016,192696.34699025622
r201c1227,2016,54605.32521018494
r163c1239,2017,105499.7190732375
r163c1240,2017,50680.73596631682
r164c1239,2017,28002.116122848907
r164c1240,2017,31982.451407224515
r165c1237,2017,7395.666608171505
r165c1238,2017,46427.43794019996
r165c1239,2017,41801.90377659272
r165c1240,2017,3279.4656644067118
r165c1241,2017,128915.73388814917
r165c1242,2017,14431.200902341989
r166c1236,2017,57411.13832043418
r166c1237,2017,29757.344369243492
r166c1238,2017,45098.38765367696
r166c1239,2017,4662.323823465278
r166c1240,2017,24494.883310954916
r167c1232,2017,7056.295550855089
r167c1233,2017,98461.5884748868
r167c1234,2017,7377.054580215555
r167c1235,2017,13175.261377377692
r167c1236,2017,14395.848139052468
r167c1237,2017,1828.9859446360856
r167c1238,2017,145109.29730976163
r167c1239,2017,608690.162193434
r168c1226,2017,5041.327901511527
r168c1227,2017,45512.60170111199
r168c1233,2017,29554.492940572207
r168c1234,2017,1197.0767382965369
r168c1235,2017,7359.384665815576
r168c1236,2017,43.43041377514601
r168c1237,2017,2530.254603851807
r168c1238,2017,335662.47950231394
r169c1226,2017,30531.66876389791
r169c1227,2017,10708.804785953835
r169c1228,2017,10841.056837879214
r169c1229,2017,15021.755646136662
r169c1230,2017,10006.078933698967
r169c1231,2017,9297.279765660176
r169c1232,2017,432988.0047508944
r169c1233,2017,22929.863905712347
r169c1234,2017,3948.8621070430854
r169c1235,2017,289.8289299827288
r169c1236,2017,2895.4191592420434
r169c1237,2017,45135.439158028574
r169c1238,2017,45703.373378666845
r170c1225,2017,144437.924421289
r170c1226,2017,26595.218884648115
r170c1227,2017,2769.5830992566753
r170c1228,2017,3675.222565174103
r170c1229,2017,654.0078591071069
r170c1230,2017,811.4196155369282
r170c1231,2017,5105.697926074266
r170c1232,2017,5628.368970321952
r170c1233,2017,14025.39186200693
r170c1234,2017,7521.908124350377
r170c1235,2017,24368.514711216543
r170c1236,2017,1550.1789090015377
r170c1237,2017,35200.98388676591
r170c1238,2017,9429.391708074718
r171c1223,2017,21947.064996845293
r171c1224,2017,4788.043956373449
r171c1225,2017,1366.7745389186282
r171c1226,2017,539867.0223946478
r171c1227,2017,3506.4649663003634
r171c1228,2017,13908.99106606803
r171c1229,2017,2087.071899135849
r171c1230,2017,2159.202596184275
r171c1231,2017,1852.3827589452267
r171c1232,2017,48406.688433275755
r171c1233,2017,2497.1242601542635
r171c1234,2017,1938.016672850687
r171c1235,2017,73127.95576398495
r171c1236,2017,13303.812395668749
r171c1237,2017,142982.66293667725
r171c1238,2017,38136.56496490419
r172c1221,2017,16778.57555880735
r172c1222,2017,18851.05186770063
r172c1223,2017,11859.733650857714
r172c1224,2017,5396.445416701812
r172c1225,2017,102276.1691981266
r172c1226,2017,35985.12990592246
r172c1227,2017,1486.5125417746603
r172c1228,2017,1428.1338984332979
r172c1229,2017,475.66308864112943
r172c1230,2017,10973.04472447017
r172c1231,2017,6210.73772836085
r172c1232,2017,6144.727301208803
r172c1233,2017,845.2101171855394
r172c1234,2017,42175.20453861426
r172c1235,2017,39556.977528729076
r172c1236,2017,269266.04001122544
r173c1219,2017,92201.6904079056
r173c1220,2017,114281.93951731057
r173c1221,2017,2363.672379969583
r173c1222,2017,13725.460331690769
r173c1223,2017,537.3040933534503
r173c1224,2017,2558.8769677414175
r173c1225,2017,25846.750158334387
r173c1226,2017,9149.937787184492
r173c1227,2017,2590.376931407902
r173c1228,2017,6289.02311920104
r173c1229,2017,1342.1191890684925
r173c1230,2017,16667.945219777914
r173c1231,2017,3558.3161254851916
r173c1232,2017,23027.998797131724
r173c1233,2017,66469.78538027171
r173c1234,2017,48766.8796472135
r174c1218,2017,134173.58122726137
r174c1219,2017,13762.33645547619
r174c1220,2017,138030.34394662114
r174c1221,2017,5497.0862117121615
r174c1222,2017,36869.40915558537
r174c1223,2017,97089.37380556388
r174c1224,2017,192003.68436522293
r174c1225,2017,230274.91693293556
r174c1226,2017,2892.230119594497
r174c1227,2017,5314.735889797512
r174c1228,2017,151.5575198311359
r174c1229,2017,51442.83092671749
r174c1230,2017,72739.8441217385
r174c1231,2017,139897.30275071238
r174c1232,2017,366454.3082507013
r174c1233,2017,170768.30973754387
r175c1217,2017,178212.26663700462
r175c1218,2017,224722.6828057774
r175c1219,2017,115491.66470821084
r175c1220,2017,124628.79362150087
r175c1221,2017,126611.47500548717
r175c1222,2017,90774.40876421094
r175c1223,2017,82050.39966482634
r175c1224,2017,190198.9909518499
r175c1225,2017,154823.21193262038
r175c1226,2017,10501.576256224833
r175c1227,2017,1933.0914088963366
r175c1228,2017,1179.219896880888
r175c1229,2017,119505.30991782702
r175c1230,2017,1365616.0634237602
r176c1218,2017,19381.39878703159
r176c1220,2017,269062.13179892657
r176c1221,2017,34284.20198292912
r176c1222,2017,550372.5953202193
r176c1223,2017,219064.45451545672
r176c1224,2017,225739.54911297606
r176c1225,2017,278503.31933406624
r176c1226,2017,33325.62244764908
r176c1227,2017,24244.19012757383
r176c1228,2017,40958.05607986391
r176c1229,2017,37398.825011364155
r177c1222,2017,168854.55213601963
r177c1223,2017,655095.8129945573
r177c1224,2017,567862.6277052502
r177c1225,2017,50547.04271899976
r177c1226,2017,17782.658292702607
r177c1227,2017,32100.79425421486
r177c1228,2017,282039.0228313705
r177c1229,2017,140720.38933952872
r178c1221,2017,59427.955621633024
r178c1222,2017,1876085.4470137274
r178c1223,2017,1728463.7140617655
r178c1224,2017,61240.14211012216
r178c1225,2017,89813.09658986602
r178c1226,2017,37662.16743004464
r178c1227,2017,3555.778462482085
r178c1228,2017,2761.612059605954
r178c1229,2017,1097452.15680778
r178c1230,2017,76086.26046676579
r179c1221,2017,117701.75629207349
r179c1222,2017,1140217.6327292789
r179c1223,2017,282687.7756940832
r179c1224,2017,26992.246609895807
r179c1225,2017,73130.14515110335
r179c1226,2017,41342.14905028577
r179c1227,2017,17043.867178643435
r179c1228,2017,6442.052370917884
r179c1229,2017,151253.59896026916
r179c1230,2017,12250.25700571576
r179c1231,2017,63394.93479318544
r180c1221,2017,384655.1538453569
r180c1222,2017,593893.8722230145
r180c1223,2017,466725.35535181686
r180c1224,2017,15765.074921341175
r180c1225,2017,4698.366096558553
r180c1226,2017,34857.0975471538
r180c1227,2017,13519.275239004079
r180c1228,2017,5422.766482978759
r180c1229,2017,29601.771318584022
r180c1230,2017,27452.254837822788
r180c1231,2017,10931.218959110407
r180c1232,2017,37113.13307004851
r181c1220,2017,166961.93181796672
r181c1221,2017,202498.026249294
r181c1222,2017,243249.14675256843
r181c1223,2017,407283.7259961815
r181c1224,2017,77756.7643571316
r181c1225,2017,64970.77738906904
r181c1226,2017,28087.108691159257
r181c1227,2017,35612.75537886053
r181c1228,2017,10855.1444628626
r181c1229,2017,56704.76848107175
r181c1230,2017,17997.32807090292
r181c1231,2017,2324.321976379736
r181c1232,2017,7716.059283642428
r182c1219,2017,75836.77277189026
r182c1220,2017,44462.54116987195
r182c1221,2017,38988.738523298205
r182c1222,2017,928177.5524966784
r182c1223,2017,110121.29259554233
r182c1224,2017,21946.614357352766
r182c1225,2017,51596.59432838761
r182c1226,2017,14708.130667277812
r182c1227,2017,16599.49868765339
r183c1220,2017,21354.89168507863
r183c1221,2017,212678.80587500116
r183c1222,2017,82591.73856656266
r183c1224,2017,64787.14947104376
r183c1226,2017,427803.1967148273
r181c1233,2017,23149.967997287793
r182c1228,2017,116133.21415002778
r182c1229,2017,93048.12112358637
r182c1230,2017,32538.221065423524
r182c1231,2017,27425.429275996354
r182c1232,2017,39339.17440232954
r182c1233,2017,7140.715188202661
r182c1234,2017,110374.47781122445
r183c1227,2017,376846.2275959209
r183c1228,2017,772926.9577944314
r183c1229,2017,77134.25312946633
r183c1230,2017,196342.21479475437
r183c1231,2017,67141.33905792734
r183c1232,2017,14464.229085618144
r183c1233,2017,9973.315818175204
r183c1234,2017,4003.4175234555487
r184c1226,2017,1636375.1234971671
r184c1227,2017,5104828.921327996
r184c1228,2017,5888359.904712491
r184c1229,2017,181236.01441545197
r184c1230,2017,29101.86744630667
r184c1231,2017,60463.43532044598
r184c1232,2017,24100.863761716246
r184c1233,2017,14327.368688314464
r184c1234,2017,19012.61988451407
r184c1235,2017,54556.22178995509
r185c1226,2017,2215927.484272379
r185c1227,2017,3682679.800808141
r185c1228,2017,2889430.0430365806
r185c1229,2017,416286.975995376
r185c1230,2017,184757.43524621552
r185c1231,2017,328298.94582581497
r185c1232,2017,32417.569987549454
r185c1233,2017,24885.803153828296
r185c1234,2017,16533.44946782881
r185c1235,2017,7415.762807298563
r185c1236,2017,121244.94599013405
r186c1227,2017,844527.9916587911
r186c1228,2017,1411954.244908942
r186c1229,2017,268706.94195567316
r186c1230,2017,175620.44509493207
r186c1231,2017,57009.24747409011
r186c1232,2017,123499.4611020843
r186c1233,2017,69627.56125499374
r186c1234,2017,10232.138770807687
r186c1235,2017,32263.756192668814
r186c1236,2017,22249.98172526406
r186c1237,2017,29969.91650686621
r187c1226,2017,206526.94845998904
r187c1228,2017,861072.9624409613
r187c1229,2017,196982.42869404366
r187c1230,2017,165972.14294364632
r187c1231,2017,203631.64079591335
r187c1232,2017,12988.819980839113
r187c1233,2017,18892.119725409182
r187c1234,2017,97715.22713775234
r187c1235,2017,17017.65209353283
r187c1236,2017,6332.122030241948
r187c1237,2017,18398.417347587558
r188c1225,2017,57144.788129770364
r188c1226,2017,150803.67347080624
r188c1227,2017,89508.09533687154
r188c1228,2017,97475.66125330047
r188c1229,2017,731512.8652855853
r188c1230,2017,143235.73971728157
r188c1231,2017,12115.4397948398
r188c1232,2017,70762.66897326209
r188c1233,2017,46687.564077994175
r188c1234,2017,97828.06048927839
r188c1235,2017,26013.702530594823
r188c1236,2017,25119.847289903555
r188c1237,2017,24549.573204607714
r189c1226,2017,87821.99156387005
r189c1227,2017,80523.31992600535
r189c1228,2017,127332.91999200877
r189c1229,2017,1675107.0251567224
r189c1230,2017,80526.52105474964
r189c1231,2017,33117.21362169792
r189c1232,2017,77302.5089534418
r189c1233,2017,34977.00036836263
r189c1234,2017,37858.859919118455
r189c1235,2017,14533.552615984841
r189c1236,2017,17686.26967777534
r189c1237,2017,20831.93707493101
r190c1226,2017,66848.4798792651
r190c1227,2017,99524.56359740227
r190c1228,2017,189466.6962119627
r190c1229,2017,59494.07964223027
r190c1230,2017,48413.27225648728
r190c1231,2017,32987.73780221686
r190c1232,2017,131888.58464335382
r190c1233,2017,424421.2220726367
r190c1234,2017,37210.247926138116
r190c1235,2017,29493.43439899969
r190c1236,2017,28033.248515160463
r190c1237,2017,405287.8533639771
r191c1227,2017,318336.41685934603
r191c1228,2017,708148.1890863539
r191c1229,2017,19237.747861993583
r191c1230,2017,17445.611195562247
r191c1231,2017,16329.554313787996
r191c1232,2017,18666.731993122972
r191c1233,2017,355772.8995496849
r191c1234,2017,2441301.487975448
r191c1235,2017,283051.08905585133
r191c1236,2017,162012.0813606982
r191c1237,2017,253474.21319142214
r192c1226,2017,74027.22985735096
r192c1227,2017,146640.37216845242
r192c1228,2017,24691.51100935038
r192c1229,2017,40301.40008537627
r192c1230,2017,47492.70276792529
r192c1231,2017,69467.29574594315
r192c1232,2017,36434.77416335059
r192c1233,2017,162065.4978244022
r192c1234,2017,53429.704171991354
r192c1235,2017,38183.689278649355
r192c1236,2017,99002.26246734567
r192c1237,2017,832921.9886432984
r193c1226,2017,88275.97676223869
r193c1227,2017,75783.93026037363
r193c1228,2017,56931.47025146669
r193c1229,2017,101601.47382249996
r193c1230,2017,19645.82066727965
r193c1231,2017,34754.35475416513
r193c1232,2017,28658.40642595706
r193c1233,2017,134125.12924768342
r193c1234,2017,294536.03199450637
r193c1235,2017,277496.53617894
r193c1236,2017,546559.8377198821
r194c1224,2017,13324.445197858313
r194c1226,2017,94157.90833274092
r194c1227,2017,1670905.6450521206
r194c1228,2017,25093.072160812786
r194c1229,2017,30894.957543891942
r194c1230,2017,24400.594964770688
r194c1231,2017,59460.6154238692
r194c1232,2017,309084.56962583604
r194c1233,2017,71184.08560525578
r194c1235,2017,1281570.982581405
r194c1236,2017,2610507.540513191
r195c1224,2017,11284.743319253672
r195c1226,2017,84833.84307786371
r195c1227,2017,33095.74637193623
r195c1228,2017,30931.094669238497
r195c1229,2017,87433.43162012141
r195c1231,2017,101811.70065809929
r195c1233,2017,184257.0499250422
r195c1234,2017,226146.90001775417
r196c1226,2017,59078.55277516767
r196c1227,2017,65712.38977230933
r196c1229,2017,34501.43522899388
r201c1225,2017,194568.93795464246
r201c1226,2017,194963.76940001303
r201c1227,2017,55179.8183113085
r163c1239,2018,103634.7330928794
r163c1240,2018,49272.06847564572
r164c1239,2018,29395.15221351174
r164c1240,2018,31632.285570037588
r165c1237,2018,7315.768279290414
r165c1238,2018,45882.68180327043
r165c1239,2018,42198.02088825523
r165c1240,2018,3473.9966148999247
r165c1241,2018,128225.96404922241
r165c1242,2018,14523.143143312562
r166c1236,2018,57221.81308781567
r166c1237,2018,32759.983357593133
r166c1238,2018,43671.64405989499
r166c1239,2018,4845.057774294804
r166c1240,2018,24939.95953383154
r167c1232,2018,7009.794684445565
r167c1233,2018,98419.71483996413
r167c1234,2018,7996.587811511638
r167c1235,2018,13665.05838458009
r167c1236,2018,14588.450090420909
r167c1237,2018,1910.2405133437805
r167c1238,2018,145723.88342572606
r167c1239,2018,604700.9395239697
r168c1226,2018,5038.494875587119
r168c1227,2018,45095.52299428844
r168c1233,2018,30275.525409355192
r168c1234,2018,1181.3285507864812
r168c1235,2018,7598.075495054558
r168c1236,2018,48.65798796713352
r168c1237,2018,2758.8343400603108
r168c1238,2018,342966.80880108266
r169c1226,2018,30448.78417715197
r169c1227,2018,10506.024433726445
r169c1228,2018,11115.837412512792
r169c1229,2018,14960.389594969725
r169c1230,2018,9785.50586081861
r169c1231,2018,9104.056820871387
r169c1232,2018,428513.3343716609
r169c1233,2018,22815.938251430616
r169c1234,2018,3833.4838379898783
r169c1235,2018,281.70733614480673
r169c1236,2018,2977.0012437802757
r169c1237,2018,45984.02120495793
r169c1238,2018,45121.79010503436
r170c1225,2018,143791.2283907517
r170c1226,2018,26651.650008737823
r170c1227,2018,2714.7625180016253
r170c1228,2018,3866.78302763775
r170c1229,2018,687.1333736404777
r170c1230,2018,857.5025453343987
r170c1231,2018,5242.124532848597
r170c1232,2018,5774.8133900900675
r170c1233,2018,13660.198001940716
r170c1234,2018,7627.8311417194855
r170c1235,2018,25642.535381696365
r170c1236,2018,1581.846926355835
r170c1237,2018,34080.00619501665
r170c1238,2018,9859.42904231259
r171c1223,2018,21702.51986652823
r171c1224,2018,4831.848510465648
r171c1225,2018,1361.5370093866306
r171c1226,2018,533085.1794763113
r171c1227,2018,3666.2280795380184
r171c1228,2018,14007.29748066259
r171c1229,2018,2246.2206670044975
r171c1230,2018,2309.634876453
r171c1231,2018,1829.2717957496643
r171c1232,2018,49294.11126888197
r171c1233,2018,2516.2241680627376
r171c1234,2018,2229.231095605174
r171c1235,2018,76253.62532259972
r171c1236,2018,13551.322167215887
r171c1237,2018,145170.8302329315
r171c1238,2018,38335.066332067174
r172c1221,2018,17615.85599928877
r172c1222,2018,19758.974328865745
r172c1223,2018,11942.206322497063
r172c1224,2018,5885.7586333269655
r172c1225,2018,102110.74942247316
r172c1226,2018,35679.22531886548
r172c1227,2018,1634.0052936449647
r172c1228,2018,1521.389869429171
r172c1229,2018,540.9351773103699
r172c1230,2018,11035.745590193972
r172c1231,2018,6460.059076187803
r172c1232,2018,6130.78771732795
r172c1233,2018,824.0081303178825
r172c1234,2018,42122.34451813478
r172c1235,2018,40577.917900555774
r172c1236,2018,263739.35713124095
r173c1219,2018,94535.38727756665
r173c1220,2018,116342.48369654136
r173c1221,2018,2422.259459190144
r173c1222,2018,13755.53141954038
r173c1223,2018,531.275272089988
r173c1224,2018,2699.986669877785
r173c1225,2018,28430.65102329907
r173c1226,2018,9415.085847239941
r173c1227,2018,2729.679855042813
r173c1228,2018,6144.309028895061
r173c1229,2018,1329.5858159325212
r173c1230,2018,16911.838773287476
r173c1231,2018,3733.0931082670377
r173c1232,2018,23583.15698948821
r173c1233,2018,65940.22412604096
r173c1234,2018,48456.925966911855
r174c1218,2018,137365.11140599224
r174c1219,2018,14483.0601567977
r174c1220,2018,138196.62743042118
r174c1221,2018,5510.963453325286
r174c1222,2018,37909.86871368405
r174c1223,2018,97978.70832393064
r174c1224,2018,194149.10465116744
r174c1225,2018,232822.0342058099
r174c1226,2018,3057.756024647939
r174c1227,2018,5254.591192664323
r174c1228,2018,155.23866221337562
r174c1229,2018,52282.69431716784
r174c1230,2018,73935.09034979354
r174c1231,2018,137658.93781274543
r174c1232,2018,383708.8358231017
r174c1233,2018,176245.14314573456
r175c1217,2018,180782.48278575885
r175c1218,2018,226077.48184536272
r175c1219,2018,117273.23390033672
r175c1220,2018,125393.01696246627
r175c1221,2018,126050.39411035442
r175c1222,2018,91643.32807435039
r175c1223,2018,83780.78891059321
r175c1224,2018,192404.84289103182
r175c1225,2018,155162.0093422869
r175c1226,2018,10765.898360436697
r175c1227,2018,2053.1256998094054
r175c1228,2018,1258.7990295573338
r175c1229,2018,117097.46318284064
r175c1230,2018,1338173.5621896859
r176c1218,2018,20169.761269494295
r176c1220,2018,269242.6614502339
r176c1221,2018,34802.08266378125
r176c1222,2018,549373.1822000226
r176c1223,2018,223054.48010446772
r176c1224,2018,231894.9804978386
r176c1225,2018,281547.06087235664
r176c1226,2018,35008.53581172497
r176c1227,2018,24330.57880118524
r176c1228,2018,40178.438769699176
r176c1229,2018,36664.153029449706
r177c1222,2018,168950.00172586637
r177c1223,2018,652998.0897528031
r177c1224,2018,565441.6687204845
r177c1225,2018,53314.48473752878
r177c1226,2018,19140.766775647226
r177c1227,2018,32302.86191381589
r177c1228,2018,280168.72387343715
r177c1229,2018,143799.38908751088
r178c1221,2018,59192.37486866643
r178c1222,2018,1900840.9840856837
r178c1223,2018,1748341.1775925648
r178c1224,2018,64486.087015017525
r178c1225,2018,92949.18468501029
r178c1226,2018,38977.42485087466
r178c1227,2018,3665.998797277706
r178c1228,2018,2888.430790656849
r178c1229,2018,1109780.9399283675
r178c1230,2018,79237.75321232589
r179c1221,2018,118067.21630670078
r179c1222,2018,1145919.649217854
r179c1223,2018,286171.1078362983
r179c1224,2018,28567.311398404083
r179c1225,2018,74056.2451379839
r179c1226,2018,41956.36340034951
r179c1227,2018,17443.308401209015
r179c1228,2018,6392.0436084153025
r179c1229,2018,150250.38208351564
r179c1230,2018,12319.877514645648
r179c1231,2018,64592.00745861977
r180c1221,2018,397315.7915360699
r180c1222,2018,597109.1140797584
r180c1223,2018,466790.8945141379
r180c1224,2018,17229.83885097137
r180c1225,2018,4697.3345156889045
r180c1226,2018,35630.83050772601
r180c1227,2018,14044.797456055529
r180c1228,2018,5550.150070539807
r180c1229,2018,29355.254801140538
r180c1230,2018,28037.649701701215
r180c1231,2018,10868.301671699508
r180c1232,2018,37941.10591599479
r181c1220,2018,165750.69610621317
r181c1221,2018,201006.09789271618
r181c1222,2018,244221.28782508278
r181c1223,2018,409286.082187116
r181c1224,2018,78834.98962953012
r181c1225,2018,67289.26075768171
r181c1226,2018,29104.869592403506
r181c1227,2018,35892.390765867945
r181c1228,2018,10905.146175263502
r181c1229,2018,56359.18316824374
r181c1230,2018,18057.402578948037
r181c1231,2018,2323.4689472111345
r181c1232,2018,7773.800092343043
r182c1219,2018,79636.91372872467
r182c1220,2018,44443.253935511944
r182c1221,2018,38779.34046482929
r182c1222,2018,924163.152682336
r182c1223,2018,109859.95276203816
r182c1224,2018,22052.45930636546
r182c1225,2018,51969.82407982708
r182c1226,2018,14971.576732437243
r182c1227,2018,17713.90859284925
r183c1220,2018,22276.48971662662
r183c1221,2018,212713.9080843995
r183c1222,2018,83100.62149298585
r183c1224,2018,65176.33991541142
r183c1226,2018,429905.5762556714
r181c1233,2018,23586.28491348966
r182c1228,2018,119337.2733683652
r182c1229,2018,94598.34068420336
r182c1230,2018,32786.42388248701
r182c1231,2018,27553.765305655324
r182c1232,2018,39652.277347179384
r182c1233,2018,7391.386104581318
r182c1234,2018,110860.02894560221
r183c1227,2018,385062.48531789315
r183c1228,2018,786280.2799838742
r183c1229,2018,79996.98723666371
r183c1230,2018,195634.5884236169
r183c1231,2018,66785.02564636368
r183c1232,2018,14932.196358501245
r183c1233,2018,10138.814431141835
r183c1234,2018,4135.862068644025
r184c1226,2018,1655395.7673395341
r184c1227,2018,5102756.396196574
r184c1228,2018,5877513.3867172
r184c1229,2018,186647.02816309937
r184c1230,2018,30916.12298337668
r184c1231,2018,60373.21477251382
r184c1232,2018,24808.71719418677
r184c1233,2018,14662.178969091048
r184c1234,2018,19284.797411472307
r184c1235,2018,54330.638522816094
r185c1226,2018,2228303.6806631624
r185c1227,2018,3707005.6571907466
r185c1228,2018,2913838.923191728
r185c1229,2018,425683.00509588
r185c1230,2018,190088.118449097
r185c1231,2018,325698.32153823395
r185c1232,2018,32921.38445405867
r185c1233,2018,24901.527064080106
r185c1234,2018,16476.58821998171
r185c1235,2018,7367.341399210128
r185c1236,2018,120534.8747131386
r186c1227,2018,866966.5664604827
r186c1228,2018,1446572.6735100138
r186c1229,2018,275578.00458688464
r186c1230,2018,180991.4118871141
r186c1231,2018,57651.58258766451
r186c1232,2018,123125.30439754862
r186c1233,2018,69750.18544320833
r186c1234,2018,10267.873158780727
r186c1235,2018,31989.19570062522
r186c1236,2018,22336.490072124187
r186c1237,2018,30223.64915009734
r187c1226,2018,209609.58597512107
r187c1228,2018,869312.522321454
r187c1229,2018,198869.40702721063
r187c1230,2018,166639.77723444052
r187c1231,2018,204248.49214229666
r187c1232,2018,13214.742030243975
r187c1233,2018,19186.53886643282
r187c1234,2018,97237.72999512244
r187c1235,2018,17307.69358418806
r187c1236,2018,6297.142554199354
r187c1237,2018,18658.62633138037
r188c1225,2018,58039.717811203605
r188c1226,2018,151888.0455038239
r188c1227,2018,90412.42573126867
r188c1228,2018,102871.38102932765
r188c1229,2018,734848.39305038
r188c1230,2018,143865.9969460919
r188c1231,2018,12312.25428592812
r188c1232,2018,70353.24539316741
r188c1233,2018,47054.09696865161
r188c1234,2018,97522.1103452564
r188c1235,2018,26375.529568498263
r188c1236,2018,24962.96842194981
r188c1237,2018,24945.416208561805
r189c1226,2018,88465.59323139918
r189c1227,2018,81492.5364864663
r189c1228,2018,129847.08045905593
r189c1229,2018,1681906.1620900505
r189c1230,2018,81252.02331311941
r189c1231,2018,33862.410658895846
r189c1232,2018,76691.30023226954
r189c1233,2018,34981.838251217654
r189c1234,2018,37672.553904194116
r189c1235,2018,14550.10932621777
r189c1236,2018,17525.77750893606
r189c1237,2018,21147.319964717055
r190c1226,2018,67276.31884136463
r190c1227,2018,100191.76255159223
r190c1228,2018,190248.04985628533
r190c1229,2018,60445.26374678945
r190c1230,2018,49442.98951860991
r190c1231,2018,33739.99651807815
r190c1232,2018,131089.97674423127
r190c1233,2018,418894.6220757836
r190c1234,2018,37416.875299558465
r190c1235,2018,29593.868476283114
r190c1236,2018,27859.849512959434
r190c1237,2018,399344.5242999906
r191c1227,2018,314837.4487268724
r191c1228,2018,702356.7071261419
r191c1229,2018,19593.631625009
r191c1230,2018,17950.128194928242
r191c1231,2018,16818.772819591697
r191c1232,2018,19048.93571313723
r191c1233,2018,356823.6439940065
r191c1234,2018,2424947.147510122
r191c1235,2018,282233.099567871
r191c1236,2018,161987.2295794625
r191c1237,2018,252040.04719150966
r192c1226,2018,73758.95815980615
r192c1227,2018,145576.08987476715
r192c1228,2018,24758.450115338994
r192c1229,2018,40941.683872647234
r192c1230,2018,48445.22464682071
r192c1231,2018,70551.31698528101
r192c1232,2018,37263.43639763561
r192c1233,2018,165857.15567968658
r192c1234,2018,53742.751477340185
r192c1235,2018,38912.45000029395
r192c1236,2018,101349.56961528063
r192c1237,2018,837743.3468230565
r193c1226,2018,87824.36606770553
r193c1227,2018,75328.67278207511
r193c1228,2018,56985.359528695655
r193c1229,2018,101696.37257972074
r193c1230,2018,20567.636977757043
r193c1231,2018,35874.71950534861
r193c1232,2018,29207.021466940358
r193c1233,2018,136731.16408721104
r193c1234,2018,296388.7442217316
r193c1235,2018,280820.0587986755
r193c1236,2018,546921.8324551051
r194c1224,2018,13482.350306454697
r194c1226,2018,93439.05762784288
r194c1227,2018,1674486.2792664806
r194c1228,2018,25078.919311613798
r194c1229,2018,30805.961789403173
r194c1230,2018,24936.841841617374
r194c1231,2018,60353.824012784615
r194c1232,2018,308944.4084045753
r194c1233,2018,72646.23075219034
r194c1235,2018,1276734.9144857249
r194c1236,2018,2576453.202223489
r195c1224,2018,11363.15729052983
r195c1226,2018,83945.69454372226
r195c1227,2018,32916.27137940153
r195c1228,2018,30812.462824520448
r195c1229,2018,86750.23333091958
r195c1231,2018,101846.41176015254
r195c1233,2018,184076.62824820203
r195c1234,2018,225443.29048226817
r196c1226,2018,58362.8158641621
r196c1227,2018,64910.9704965554
r196c1229,2018,34341.4100163618
r201c1225,2018,196579.13121640595
r201c1226,2018,197210.59823061334
r201c1227,2018,55747.97922443283
r163c1239,2019,101889.6600674313
r163c1240,2019,48011.06186428681
r164c1239,2019,30629.243839468272
r164c1240,2019,31314.924256496586
r165c1237,2019,7243.339638717284
r165c1238,2019,45391.48115822174
r165c1239,2019,42545.90510489244
r165c1240,2019,3647.223452151837
r165c1241,2019,127530.54462694471
r165c1242,2019,14604.225704650555
r166c1236,2019,57045.22555548229
r166c1237,2019,35436.92486203106
r166c1238,2019,42391.42389609867
r166c1239,2019,5007.574106183521
r166c1240,2019,25337.857941621085
r167c1232,2019,6964.63009414035
r167c1233,2019,98367.35277363722
r167c1234,2019,8575.527206586097
r167c1235,2019,14120.613842348097
r167c1236,2019,14758.424236816669
r167c1237,2019,1982.5390342213798
r167c1238,2019,146252.47667550767
r167c1239,2019,601054.306711365
r168c1226,2019,5029.128873611729
r168c1227,2019,44690.09790022717
r168c1233,2019,30946.240316519812
r168c1234,2019,1166.4271047592163
r168c1235,2019,7820.819108573377
r168c1236,2019,53.319687969982624
r168c1237,2019,2962.583095529711
r168c1238,2019,349442.23213946907
r169c1226,2019,30366.32486085922
r169c1227,2019,10311.112466404215
r169c1228,2019,11371.594700311307
r169c1229,2019,14897.710080619334
r169c1230,2019,9569.589388623162
r169c1231,2019,8913.56789791585
r169c1232,2019,424236.8467880258
r169c1233,2019,22706.22986976922
r169c1234,2019,3724.9538043507464
r169c1235,2019,274.066206867467
r169c1236,2019,3049.443947997821
r169c1237,2019,46735.45132617766
r169c1238,2019,44596.13591556688
r170c1225,2019,143163.87269780153
r170c1226,2019,26705.410268299456
r170c1227,2019,2662.071150894478
r170c1228,2019,4050.6861073076725
r170c1229,2019,718.0046723522246
r170c1230,2019,900.8809702470899
r170c1231,2019,5369.1466582119465
r170c1232,2019,5911.142867702699
r170c1233,2019,13316.475952448542
r170c1234,2019,7725.981512356198
r170c1235,2019,26839.62595599807
r170c1236,2019,1609.9080211669973
r170c1237,2019,33074.18267068041
r170c1238,2019,10242.101465768088
r171c1223,2019,21454.769752921682
r171c1224,2019,4872.983534672303
r171c1225,2019,1356.4849420165312
r171c1226,2019,526563.5332282288
r171c1227,2019,3819.5976899750094
r171c1228,2019,14101.478614449823
r171c1229,2019,2396.3629948633557
r171c1230,2019,2451.2212897699546
r171c1231,2019,1807.3906996250153
r171c1232,2019,50118.32812245583
r171c1233,2019,2534.0212861591513
r171c1234,2019,2503.095266478487
r171c1235,2019,79198.35069034145
r171c1236,2019,13770.475874874519
r171c1237,2019,147104.7825411975
r171c1238,2019,38507.00743152703
r172c1221,2019,18432.55764693575
r172c1222,2019,20630.413488787846
r172c1223,2019,12021.215084855061
r172c1224,2019,6355.57716853707
r172c1225,2019,101950.22607932103
r172c1226,2019,35384.86786248411
r172c1227,2019,1775.6240707151592
r172c1228,2019,1610.927756473422
r172c1229,2019,602.322576762177
r172c1230,2019,11095.753607172575
r172c1231,2019,6692.611050044059
r172c1232,2019,6117.5132888409435
r172c1233,2019,804.1687848457227
r172c1234,2019,42076.922336350064
r172c1235,2019,41541.33484238666
r172c1236,2019,258773.69633287407
r173c1219,2019,96814.61050162921
r173c1220,2019,118377.04308741479
r173c1221,2019,2479.973681405223
r173c1222,2019,13786.820152829197
r173c1223,2019,525.4768254384398
r173c1224,2019,2835.4581458199114
r173c1225,2019,30911.64970800412
r173c1226,2019,9669.56884971261
r173c1227,2019,2863.420234777209
r173c1228,2019,6008.9481266463035
r173c1229,2019,1317.942904536112
r173c1230,2019,17142.718344710054
r173c1231,2019,3897.698564232024
r173c1232,2019,24107.188898202923
r173c1233,2019,65449.27156562467
r173c1234,2019,48170.564237365266
r174c1218,2019,140505.19570774218
r174c1219,2019,15190.699884949658
r174c1220,2019,138380.5547973777
r174c1221,2019,5525.390434081984
r174c1222,2019,38934.044615416315
r174c1223,2019,98864.16842651274
r174c1224,2019,196252.80197028283
r174c1225,2019,235264.38923860557
r174c1226,2019,3216.9430081125965
r174c1227,2019,5197.04892841744
r174c1228,2019,158.7074122039017
r174c1229,2019,53077.14288517379
r174c1230,2019,75065.6572027749
r174c1231,2019,135569.5412041429
r174c1232,2019,399960.7284902314
r174c1233,2019,181409.21587069667
r175c1217,2019,183299.50644623706
r175c1218,2019,227438.1537626001
r175c1219,2019,119034.9441381612
r175c1220,2019,126160.22560934747
r175c1221,2019,125520.53937471265
r175c1222,2019,92507.83896301284
r175c1223,2019,85480.0584439103
r175c1224,2019,194593.7636563612
r175c1225,2019,155512.9079902132
r175c1226,2019,11023.57179911811
r175c1227,2019,2167.5230855188165
r175c1228,2019,1333.7024141589945
r175c1229,2019,114846.73898341227
r175c1230,2019,1312522.1746693319
r176c1218,2019,20944.47469861464
r176c1220,2019,269460.61105451203
r176c1221,2019,35313.00226163774
r176c1222,2019,548482.940847322
r176c1223,2019,226956.1998242511
r176c1224,2019,237892.91921284632
r176c1225,2019,284536.52697873046
r176c1226,2019,36643.96005950087
r176c1227,2019,24414.207013022075
r176c1228,2019,39449.92367913504
r176c1229,2019,35977.51630240513
r177c1222,2019,169066.49523982624
r177c1223,2019,651057.567779917
r177c1224,2019,563175.5175651379
r177c1225,2019,56003.914409513694
r177c1226,2019,20459.61426742446
r177c1227,2019,32495.817096000257
r177c1228,2019,278504.8041111084
r177c1229,2019,146829.4171490745
r178c1221,2019,58972.24941970158
r178c1222,2019,1925448.7553220193
r178c1223,2019,1768261.216606229
r178c1224,2019,67680.88105105289
r178c1225,2019,96001.80583312041
r178c1226,2019,40257.66262005468
r178c1227,2019,3773.327995998774
r178c1228,2019,3012.460441921673
r178c1229,2019,1122118.1036411177
r178c1230,2019,82322.52084752885
r179c1221,2019,118420.01349711967
r179c1222,2019,1151642.3814124109
r179c1223,2019,289641.9940081397
r179c1224,2019,30121.469682145595
r179c1225,2019,74971.63939554169
r179c1226,2019,42563.721474883365
r179c1227,2019,17838.3385893667
r179c1228,2019,6345.670393018308
r179c1229,2019,149327.51508725114
r179c1230,2019,12391.584241017985
r179c1231,2019,65775.35417349823
r180c1221,2019,409591.19123403233
r180c1222,2019,600265.6113783754
r180c1223,2019,466889.42321355327
r180c1224,2019,18672.51506203658
r180c1225,2019,4696.661868748857
r180c1226,2019,36395.604494840576
r180c1227,2019,14559.882452606045
r180c1228,2019,5675.62728416045
r180c1229,2019,29125.933715166284
r180c1230,2019,28615.13675268353
r180c1231,2019,10810.910338615418
r180c1232,2019,38757.31669412551
r181c1220,2019,164609.32459801342
r181c1221,2019,199599.6039771735
r181c1222,2019,245207.20154857676
r181c1223,2019,411286.58709281386
r181c1224,2019,79901.76363913999
r181c1225,2019,69575.66654638245
r181c1226,2019,30108.51798710973
r181c1227,2019,36178.02021141862
r181c1228,2019,10952.96375548328
r181c1229,2019,56022.596256765035
r181c1230,2019,18110.687201135595
r181c1231,2019,2322.5088313961437
r181c1232,2019,7822.26487438295
r182c1219,2019,83335.75418924517
r182c1220,2019,44433.29786023151
r182c1221,2019,38584.01110719736
r182c1222,2019,920453.9939679841
r182c1223,2019,109628.12742970756
r182c1224,2019,22159.215286986684
r182c1225,2019,52347.552174006036
r182c1226,2019,15230.752370363007
r182c1227,2019,18823.182390218186
r183c1220,2019,23174.103330072252
r183c1221,2019,212789.74851823738
r183c1222,2019,83610.17954603018
r183c1224,2019,65568.16254071878
r183c1226,2019,431941.5998552936
r181c1233,2019,23976.10221398848
r182c1228,2019,122410.96732582083
r182c1229,2019,96025.0667573184
r182c1230,2019,32982.37900209642
r182c1231,2019,27640.95112576037
r182c1232,2019,39901.726412033655
r182c1233,2019,7623.550142952736
r182c1234,2019,111181.07884182653
r183c1227,2019,392778.2691482653
r183c1228,2019,798552.8894397316
r183c1229,2019,82775.58638357576
r183c1230,2019,194722.08669373117
r183c1231,2019,66352.0197941289
r183c1232,2019,15364.103347185177
r183c1233,2019,10285.086398823922
r183c1234,2019,4258.221096176114
r184c1226,2019,1672258.2940275287
r184c1227,2019,5093902.766124848
r184c1228,2019,5858925.126228936
r184c1229,2019,191839.97188072317
r184c1230,2019,32698.702062914
r184c1231,2019,60208.4978009514
r184c1232,2019,25459.064232456953
r184c1233,2019,14965.887492444865
r184c1234,2019,19521.87617337361
r184c1235,2019,54040.444887592224
r185c1226,2019,2237716.0732622207
r185c1227,2019,3726197.8645629175
r185c1228,2019,2934193.2296667825
r185c1229,2019,434531.1388850103
r185c1230,2019,195193.61957836963
r185c1231,2019,322758.56473429495
r185c1232,2019,33363.928264007445
r185c1233,2019,24883.52406919331
r185c1234,2019,16399.733989476714
r185c1235,2019,7310.7745410694515
r185c1236,2019,119688.70138212596
r186c1227,2019,888345.949760006
r186c1228,2019,1479375.3673614534
r186c1229,2019,282115.2087409119
r186c1230,2019,186143.96196855136
r186c1231,2019,58206.59169358217
r186c1232,2019,122606.50362965485
r186c1233,2019,69781.20341199427
r186c1234,2019,10288.654067622112
r186c1235,2019,31681.290881369907
r186c1236,2019,22389.942600335213
r186c1237,2019,30426.291630073385
r187c1226,2019,212399.7231416068
r187c1228,2019,876442.9885374855
r187c1229,2019,200487.2613478291
r187c1230,2019,167085.55888858865
r187c1231,2019,204598.0780500696
r187c1232,2019,13417.739699768801
r187c1233,2019,19447.136342995615
r187c1234,2019,96639.84440486875
r187c1235,2019,17560.92842431034
r187c1236,2019,6254.533043237718
r187c1237,2019,18881.30737220295
r188c1225,2019,58853.13770950024
r188c1226,2019,152774.85841056614
r188c1227,2019,91195.9161377203
r188c1228,2019,108128.75924087541
r188c1229,2019,737207.9261148871
r188c1230,2019,144303.47652225255
r188c1231,2019,12488.39968842662
r188c1232,2019,69859.39311204234
r188c1233,2019,47337.86839381658
r188c1234,2019,97088.32813786196
r188c1235,2019,26684.553877623523
r188c1236,2019,24776.589519010144
r188c1237,2019,25289.120122288467
r189c1226,2019,88993.97826078773
r189c1227,2019,82350.90500782967
r189c1228,2019,132184.6692307199
r189c1229,2019,1686553.5210178036
r189c1230,2019,81860.9290235569
r189c1231,2019,34544.95609437842
r189c1232,2019,75994.81265920079
r189c1233,2019,34936.12332625227
r189c1234,2019,37439.65982012321
r189c1235,2019,14545.043064724974
r189c1236,2019,17346.638946271512
r189c1237,2019,21419.33021151151
r190c1226,2019,67617.27146305495
r190c1227,2019,100716.15648853217
r190c1228,2019,190778.5095691973
r190c1229,2019,61309.33330002715
r190c1230,2019,50390.721525270084
r190c1231,2019,34431.399512993296
r190c1232,2019,130136.06899278208
r190c1233,2019,412991.6651557511
r190c1234,2019,37561.17014013558
r190c1235,2019,29647.585526793802
r190c1236,2019,27653.457997783295
r190c1237,2019,393070.0684204323
r191c1227,2019,310989.4360283304
r191c1228,2019,695720.6160958746
r191c1229,2019,19909.015270973898
r191c1230,2019,18411.976689834526
r191c1231,2019,17271.549322017876
r191c1232,2019,19391.02421322015
r191c1233,2019,357332.7268118091
r191c1234,2019,2405570.5457755183
r191c1235,2019,281042.2411578188
r191c1236,2019,161730.22498344642
r191c1237,2019,250301.89242205897
r192c1226,2019,73390.85996094643
r192c1227,2019,144332.2912609283
r192c1228,2019,24786.74128488916
r192c1229,2019,41500.72006713496
r192c1230,2019,49304.05093428418
r192c1231,2019,71521.88353604329
r192c1232,2019,38023.013019442405
r192c1233,2019,169338.94520946997
r192c1234,2019,53976.57352076423
r192c1235,2019,39568.761109803294
r192c1236,2019,103536.71927541094
r192c1237,2019,841426.8807664104
r193c1226,2019,87254.42358870397
r193c1227,2019,74768.17027535551
r193c1228,2019,56949.57085837919
r193c1229,2019,101634.63815087006
r193c1230,2019,21432.240463857906
r193c1231,2019,36921.19308035975
r193c1232,2019,29705.826059780724
r193c1233,2019,139102.94011383643
r193c1234,2019,297841.7199523485
r193c1235,2019,283720.20640568575
r193c1236,2019,546541.4199696793
r194c1224,2019,13611.839570213375
r194c1226,2019,92602.68424590286
r194c1227,2019,1675862.9947037664
r194c1228,2019,25024.43612341697
r194c1229,2019,30669.661278548978
r194c1230,2019,25419.1049687288
r194c1231,2019,61150.2474937675
r194c1232,2019,308446.53670487046
r194c1233,2019,73981.70560269308
r194c1235,2019,1270134.699296271
r194c1236,2019,2539372.5227761497
r195c1224,2019,11419.763874922342
r195c1226,2019,82953.93737752811
r195c1227,2019,32689.55714198345
r195c1228,2019,30647.676621886956
r195c1229,2019,85950.77234424517
r195c1231,2019,101744.6642493637
r195c1233,2019,183685.8323662107
r195c1234,2019,224495.76860744538
r196c1226,2019,57578.89524811589
r196c1227,2019,64033.92816811061
r196c1229,2019,34131.033928083154
r201c1225,2019,198328.72896096672
r201c1226,2019,199197.35814333748
r201c1227,2019,56242.22632982173
r163c1239,2020,100242.90462580451
r163c1240,2020,46867.39150754173
r164c1239,2020,31722.960812951413
r164c1240,2020,31018.971857699384
r165c1237,2020,7175.926261478472
r165c1238,2020,44936.680242820294
r165c1239,2020,42843.701601280954
r165c1240,2020,3801.521910565275
r165c1241,2020,126803.59113895797
r165c1242,2020,14671.881720463753
r166c1236,2020,56867.64258307129
r166c1237,2020,37828.754718687705
r166c1238,2020,41227.16752541017
r166c1239,2020,5151.800027717035
r166c1240,2020,25689.58530493935
r167c1232,2020,6919.428712101524
r167c1233,2020,98284.69921669723
r167c1234,2020,9115.490807273633
r167c1235,2020,14542.04010323127
r167c1236,2020,14905.9974265948
r167c1237,2020,2046.78496005656
r167c1238,2020,146676.92602341683
r167c1239,2020,597572.9660451456
r168c1226,2020,5014.842890565377
r168c1227,2020,44287.764529521315
r168c1233,2020,31564.458616419943
r168c1234,2020,1152.0557242973177
r168c1235,2020,8027.269195898753
r168c1236,2020,57.48776922374964
r168c1237,2020,3144.540114913618
r168c1238,2020,355137.368982189
r169c1226,2020,30278.70342384652
r169c1227,2020,10121.482803864405
r169c1228,2020,11607.542335029917
r169c1229,2020,14831.662737536259
r169c1230,2020,9358.343493454604
r169c1231,2020,8726.253454060055
r169c1232,2020,420062.47524154215
r169c1233,2020,22595.60825168879
r169c1234,2020,3621.9114343349547
r169c1235,2020,266.80741130323975
r169c1236,2020,3113.4527557436013
r169c1237,2020,47394.20938463608
r169c1238,2020,44108.75392522878
r170c1225,2020,142526.05521802948
r170c1226,2020,26751.006337672407
r170c1227,2020,2610.8362336612727
r170c1228,2020,4226.4775764122605
r170c1229,2020,746.6642846930772
r170c1230,2020,941.6056386753917
r170c1231,2020,5486.427657663822
r170c1232,2020,6036.966851870934
r170c1233,2020,12989.615562081119
r170c1234,2020,7815.38923095526
r170c1235,2020,27960.88504926466
r170c1236,2020,1634.5549216447398
r170c1237,2020,32159.547509516535
r170c1238,2020,10582.238451630505
r171c1223,2020,21203.915282679718
r171c1224,2020,4910.86373341833
r171c1225,2020,1351.3225828551488
r171c1226,2020,520177.41492628516
r171c1227,2020,3966.102263673059
r171c1228,2020,14188.775600093091
r171c1229,2020,2537.7624912519664
r171c1230,2020,2584.2309277190884
r171c1231,2020,1786.2556468248367
r171c1232,2020,50874.12541023371
r171c1233,2020,2550.092024462665
r171c1234,2020,2760.6257868559483
r171c1235,2020,81961.46460524223
r171c1236,2020,13962.55376014633
r171c1237,2020,148791.00912883098
r171c1238,2020,38648.187377765295
r172c1221,2020,19227.961413610145
r172c1222,2020,21463.038671910243
r172c1223,2020,12094.405180203521
r172c1224,2020,6805.579120736948
r172c1225,2020,101772.83956531016
r172c1226,2020,35093.99052264368
r172c1227,2020,1911.301303230226
r172c1228,2020,1696.6016936786473
r172c1229,2020,660.044025211595
r172c1230,2020,11150.956782302
r172c1231,2020,6908.399278301467
r172c1232,2020,6103.548005419418
r172c1233,2020,785.3999394232297
r172c1234,2020,42029.34766983374
r172c1235,2020,42443.54748164876
r172c1236,2020,254231.2861420397
r173c1219,2020,99025.39735724135
r173c1220,2020,120361.4809642989
r173c1221,2020,2536.321797330188
r173c1222,2020,13816.332028752791
r173c1223,2020,519.7858706787229
r173c1224,2020,2964.987910458665
r173c1225,2020,33288.60377855878
r173c1226,2020,9911.904489211738
r173c1227,2020,2991.28455930789
r173c1228,2020,5880.831374269983
r173c1229,2020,1306.8314447941734
r173c1230,2020,17358.108161508568
r173c1231,2020,4052.2129217195234
r173c1232,2020,24597.756810478368
r173c1233,2020,64979.59923016581
r173c1234,2020,47895.47145013445
r174c1218,2020,143566.4881202596
r174c1219,2020,15882.562542293492
r174c1220,2020,138551.78505683673
r174c1221,2020,5539.1622490100635
r174c1222,2020,39934.30254848616
r174c1223,2020,99724.77800684242
r174c1224,2020,198275.0903267989
r174c1225,2020,237557.8315837473
r174c1226,2020,3369.4420862253132
r174c1227,2020,5140.867173878746
r174c1228,2020,161.94938369629375
r174c1229,2020,53818.96825939361
r174c1230,2020,76121.39008554888
r174c1231,2020,133587.0650258066
r174c1232,2020,415214.5710118249
r174c1233,2020,186249.9420784548
r175c1217,2020,185736.74765188448
r175c1218,2020,228755.81356857365
r175c1219,2020,120752.183382726
r175c1220,2020,126903.31580335158
r175c1221,2020,124993.74468110125
r175c1222,2020,93348.34667736577
r175c1223,2020,87131.4414704545
r175c1224,2020,196724.816381723
r175c1225,2020,155842.1556488419
r175c1226,2020,11272.595484228792
r175c1227,2020,2276.2752810076827
r175c1228,2020,1404.0642017811538
r175c1229,2020,112714.75974369148
r175c1230,2020,1288223.697466384
r176c1218,2020,21701.639878711467
r176c1220,2020,269656.76982687664
r176c1221,2020,35809.73530438525
r176c1222,2020,547579.5151417484
r176c1223,2020,230725.81302959163
r176c1224,2020,243690.90956655983
r176c1225,2020,287413.9582624042
r176c1226,2020,38226.592041491116
r176c1227,2020,24490.14205661295
r176c1228,2020,38759.583485717085
r176c1229,2020,35326.99753422895
r177c1222,2020,169166.9392320411
r177c1223,2020,649127.4417836383
r177c1224,2020,560936.2101431896
r177c1225,2020,58607.46706176992
r177c1226,2020,21736.88559794049
r177c1227,2020,32673.592647358088
r177c1228,2020,276969.1765289521
r177c1229,2020,149782.19259601968
r178c1221,2020,58754.21875898231
r178c1222,2020,1949501.7247670344
r178c1223,2020,1787840.0635416806
r178c1224,2020,70812.35444373474
r178c1225,2020,98954.85878639435
r178c1226,2020,41496.128458299005
r178c1227,2020,3877.1133031175527
r178c1228,2020,3133.240697429954
r178c1229,2020,1134220.3833101613
r178c1230,2020,85327.3302027261
r179c1221,2020,118735.81535618709
r179c1222,2020,1157139.5091152429
r179c1223,2020,293038.69120451814
r179c1224,2020,31648.778020130536
r179c1225,2020,75860.73544927631
r179c1226,2020,43155.34860159461
r179c1227,2020,18225.21754243991
r179c1228,2020,6301.311089536898
r179c1229,2020,148447.19506525353
r179c1230,2020,12462.554274121612
r179c1231,2020,66931.68970033247
r180c1221,2020,421416.6404598205
r180c1222,2020,603240.6337951011
r180c1223,2020,466920.9115399862
r180c1224,2020,20089.666669485803
r180c1225,2020,4695.341323619876
r180c1226,2020,37143.84175582057
r180c1227,2020,15062.073001539262
r180c1228,2020,5798.101296946663
r180c1229,2020,28906.330916219944
r180c1230,2020,29179.06884489553
r180c1231,2020,10756.328084545848
r180c1232,2020,39554.18841691528
r181c1220,2020,163498.66157011804
r181c1221,2020,198231.0243676221
r181c1222,2020,246153.8196774617
r181c1223,2020,413197.8515506837
r181c1224,2020,80940.37971227254
r181c1225,2020,71815.97998006301
r181c1226,2020,31091.99481251467
r181c1227,2020,36461.2770181322
r181c1228,2020,10997.476302075382
r181c1229,2020,55688.15064762735
r181c1230,2020,18156.785595036694
r181c1231,2020,2321.2171487398664
r181c1232,2020,7862.844276993701
r182c1219,2020,86921.2359955992
r182c1220,2020,44422.644572578254
r182c1221,2020,38393.70326492493
r182c1222,2020,916835.9775684613
r182c1223,2020,109400.70875744412
r182c1224,2020,22262.09897218363
r182c1225,2020,52718.09426724846
r182c1226,2020,15482.536135989132
r182c1227,2020,19926.876742216904
r183c1220,2020,24044.141160330422
r183c1221,2020,212858.52697520796
r183c1222,2020,84102.50258815644
r183c1224,2020,65949.09683485466
r183c1226,2020,433842.8527261403
r181c1233,2020,24326.91024780622
r182c1228,2020,125383.66832658218
r182c1229,2020,97355.712633256
r182c1230,2020,33137.01818063987
r182c1231,2020,27696.29078286638
r182c1232,2020,40100.72479522714
r182c1233,2020,7839.389157243379
r182c1234,2020,111375.10761958276
r183c1227,2020,400098.4496754216
r183c1228,2020,809972.3392154588
r183c1229,2020,85487.30867261844
r183c1230,2020,193671.52082175802
r183c1231,2020,65865.84293952539
r183c1232,2020,15764.413715993152
r183c1233,2020,10415.383659062916
r183c1234,2020,4371.726805877529
r184c1226,2020,1687467.5732383276
r184c1227,2020,5080028.969826162
r184c1228,2020,5834649.470715274
r184c1229,2020,196860.0803122723
r184c1230,2020,34454.075222071435
r184c1231,2020,59990.06866791623
r184c1232,2020,26059.422051236994
r184c1233,2020,15243.058284891484
r184c1234,2020,19730.103253406007
r184c1235,2020,53704.682268779936
r185c1226,2020,2244890.0408784854
r185c1227,2020,3741458.353509696
r185c1228,2020,2951420.8350659455
r185c1229,2020,442946.08191944245
r185c1230,2020,200120.71357514613
r185c1231,2020,319595.37872543535
r185c1232,2020,33755.80923358514
r185c1233,2020,24840.348610658395
r185c1234,2020,16308.644640495171
r185c1235,2020,7248.670173563928
r185c1236,2020,118748.97444182541
r186c1227,2020,908886.8195664618
r186c1228,2020,1510741.5908596097
r186c1229,2020,288389.4388664575
r186c1230,2020,191121.96445607627
r186c1231,2020,58692.51451079914
r186c1232,2020,121985.74352123408
r186c1233,2020,69744.14911704932
r186c1234,2020,10297.969709411404
r186c1235,2020,31351.471241204912
r186c1236,2020,22417.923125989706
r186c1237,2020,30587.9987006324
r187c1226,2020,214959.9371874341
r187c1228,2020,882733.9258231372
r187c1229,2020,201898.42205947265
r187c1230,2020,167364.6312701836
r187c1231,2020,204748.4270867904
r187c1232,2020,13601.888687485567
r187c1233,2020,19679.9835292334
r187c1234,2020,95956.14387440353
r187c1235,2020,17783.129272821025
r187c1236,2020,6206.536582646893
r187c1237,2020,19072.73698356031
r188c1225,2020,59602.26366836099
r188c1226,2020,153512.55666603195
r188c1227,2020,91886.70538626221
r188c1228,2020,113264.52209413434
r188c1229,2020,738836.3088569294
r188c1230,2020,144595.66707530187
r188c1231,2020,12647.676050922568
r188c1232,2020,69306.18858759814
r188c1233,2020,47555.00129019825
r188c1234,2020,96561.21282739521
r188c1235,2020,26949.653838026286
r188c1236,2020,24569.62131916226
r188c1237,2020,25589.02749716419
r189c1226,2020,89435.33008461563
r189c1227,2020,83123.37283167872
r189c1228,2020,134382.11452302156
r189c1229,2020,1689598.9330931352
r189c1230,2020,82379.2026538422
r189c1231,2020,35174.91831791473
r189c1232,2020,75240.54969323718
r189c1233,2020,34852.11412590602
r189c1234,2020,37173.57366176317
r189c1235,2020,14523.437742870281
r189c1236,2020,17155.161034283406
r189c1237,2020,21655.060664183897
r190c1226,2020,67892.93900813718
r190c1227,2020,101130.40416567116
r190c1228,2020,191120.7598815347
r190c1229,2020,62104.21258761863
r190c1230,2020,51270.856617134654
r190c1231,2020,35071.8379934674
r190c1232,2020,129073.58835854291
r190c1233,2020,406864.81911093835
r190c1234,2020,37656.039332499844
r190c1235,2020,29664.858008921823
r190c1236,2020,27424.016980146815
r190c1237,2020,386610.52241977456
r191c1227,2020,306909.5209400586
r191c1228,2020,688497.1486008519
r191c1229,2020,20190.023035822313
r191c1230,2020,18836.39431439364
r191c1231,2020,17692.8432816743
r191c1232,2020,19699.141699303636
r191c1233,2020,357422.5133071977
r191c1234,2020,2384052.9798385645
r191c1235,2020,279578.2968814627
r191c1236,2020,161297.8801308015
r191c1237,2020,248349.56227014368
r192c1226,2020,72949.25833132205
r192c1227,2020,142962.01592434177
r192c1228,2020,24784.901117192454
r192c1229,2020,41991.51559703924
r192c1230,2020,50083.96647335906
r192c1231,2020,72400.88799144093
r192c1232,2020,38724.759247001355
r192c1233,2020,172558.2036358365
r192c1234,2020,54149.05119297682
r192c1235,2020,40164.82469441826
r192c1236,2020,105591.93895422961
r192c1237,2020,844246.3935832558
r193c1226,2020,86597.90857704973
r193c1227,2020,74130.02498943453
r193c1228,2020,56844.05645712587
r193c1229,2020,101451.75644235115
r193c1230,2020,22245.0585788301
r193c1231,2020,37904.00998855428
r193c1232,2020,30163.725953645113
r193c1233,2020,141282.0898090363
r193c1234,2020,298991.1916454683
r193c1235,2020,286285.6833078613
r193c1236,2020,545604.9267834708
r194c1224,2020,13717.421977990218
r194c1226,2020,91683.04030619338
r194c1227,2020,1675598.9619122935
r194c1228,2020,24938.55599261049
r194c1229,2020,30497.18244335824
r194c1230,2020,25855.138880938688
r194c1231,2020,61868.707984266475
r194c1232,2020,307694.53063303215
r194c1233,2020,75212.50700667361
r194c1235,2020,1262226.1084464171
r194c1236,2020,2500250.2334771953
r195c1224,2020,11458.463510753574
r195c1226,2020,81890.07332506758
r195c1227,2020,32427.646906479313
r195c1228,2020,30447.9191168836
r195c1229,2020,85067.17356930266
r195c1231,2020,101541.56124326486
r195c1233,2020,183146.52874937607
r195c1234,2020,223380.8647223444
r196c1226,2020,56748.87234065952
r196c1227,2020,63105.831740145615
r196c1229,2020,33882.82163880151
r201c1225,2020,199878.66472312022
r201c1226,2020,200984.38708751928
r201c1227,2020,56679.84642010617
r163c1239,2021,99975.1163363756
r163c1240,2021,46848.1919147499
r164c1239,2021,31767.15202867605
r164c1240,2021,31063.009797720566
r165c1237,2021,7206.65501934229
r165c1238,2021,44836.062901296806
r165c1239,2021,42743.364216381204
r165c1240,2021,3796.3167515764853
r165c1241,2021,125960.43470708106
r165c1242,2021,14624.86787596286
r166c1236,2021,56744.90417461473
r166c1237,2021,37886.4199858798
r166c1238,2021,41151.73715012744
r166c1239,2021,5165.119206193218
r166c1240,2021,25814.023973829393
r167c1232,2021,6901.415223816143
r167c1233,2021,98202.51647651191
r167c1234,2021,9080.296901262916
r167c1235,2021,14549.518904879309
r167c1236,2021,14865.154900855157
r167c1237,2021,2052.020741435652
r167c1238,2021,146531.5557351177
r167c1239,2021,595638.9031498337
r168c1226,2021,5005.763759133053
r168c1227,2021,44202.008696943965
r168c1233,2021,31722.16028254031
r168c1234,2021,1146.2474414017854
r168c1235,2021,8009.3649862925795
r168c1236,2021,57.241561986505985
r168c1237,2021,3148.0047022940976
r168c1238,2021,354431.7683708224
r169c1226,2021,30215.722971070598
r169c1227,2021,10134.718241566792
r169c1228,2021,11578.909816738113
r169c1229,2021,14818.498105216288
r169c1230,2021,9319.740063952751
r169c1231,2021,8707.607999587552
r169c1232,2021,418255.93030080583
r169c1233,2021,22548.957222692756
r169c1234,2021,3608.174606000939
r169c1235,2021,265.4622578742311
r169c1236,2021,3100.1184830187876
r169c1237,2021,47324.066141774994
r169c1238,2021,44090.76676989791
r170c1225,2021,142055.18807339753
r170c1226,2021,26722.778160068017
r170c1227,2021,2600.3344980637526
r170c1228,2021,4209.8072319068015
r170c1229,2021,763.1349738314748
r170c1230,2021,950.0355258211493
r170c1231,2021,5465.384485095739
r170c1232,2021,6018.747134409348
r170c1233,2021,12946.143019544616
r170c1234,2021,7801.288940276074
r170c1235,2021,28210.916709001962
r170c1236,2021,1643.2397895545241
r170c1237,2021,32104.20819665207
r170c1238,2021,10612.794794981315
r171c1223,2021,21172.38108485237
r171c1224,2021,4907.87878507265
r171c1225,2021,1354.0051235877709
r171c1226,2021,518883.8787551391
r171c1227,2021,3982.673799232759
r171c1228,2021,14203.815568482978
r171c1229,2021,2545.779043628713
r171c1230,2021,2588.3982627453024
r171c1231,2021,1780.8562949895859
r171c1232,2021,50890.94424236134
r171c1233,2021,2564.65793228108
r171c1234,2021,2785.266828326454
r171c1235,2021,82293.5580546485
r171c1236,2021,14020.206252977385
r171c1237,2021,148578.09783175017
r171c1238,2021,38808.03206801986
r172c1221,2021,19354.889742524654
r172c1222,2021,21550.024115212516
r172c1223,2021,12168.59215151547
r172c1224,2021,6810.783092546762
r172c1225,2021,102008.8457692799
r172c1226,2021,35227.6566359664
r172c1227,2021,1915.3077110126615
r172c1228,2021,1691.1324274651706
r172c1229,2021,669.3240459179506
r172c1230,2021,11205.388480484151
r172c1231,2021,6935.544413924597
r172c1232,2021,6123.6260932683035
r172c1233,2021,784.4857747719423
r172c1234,2021,42072.01120844175
r172c1235,2021,42633.56400419685
r172c1236,2021,253612.87840315193
r173c1219,2021,99884.19820067465
r173c1220,2021,121431.85172713909
r173c1221,2021,2549.0660835481885
r173c1222,2021,14072.333608556013
r173c1223,2021,517.6951035223901
r173c1224,2021,2966.977361825985
r173c1225,2021,33572.225729031845
r173c1226,2021,9993.36429882422
r173c1227,2021,3002.3860329036033
r173c1228,2021,5904.957775551369
r173c1229,2021,1321.7417048629738
r173c1230,2021,17441.368683831348
r173c1231,2021,4085.8256691211213
r173c1232,2021,24819.959705673627
r173c1233,2021,65162.46856863687
r173c1234,2021,47956.268759517494
r174c1218,2021,145345.05420262122
r174c1219,2021,16086.506483544481
r174c1220,2021,139514.7027352407
r174c1221,2021,5591.442576790455
r174c1222,2021,40385.34802915758
r174c1223,2021,100460.9779027154
r174c1224,2021,199142.88722141023
r174c1225,2021,237517.44541990175
r174c1226,2021,3362.4200409122436
r174c1227,2021,5172.256126342378
r174c1228,2021,161.8037973732861
r174c1229,2021,54023.1202920175
r174c1230,2021,76453.69436633267
r174c1231,2021,133698.06215702576
r174c1232,2021,415361.9711620716
r174c1233,2021,186861.15106377058
r175c1217,2021,187220.49884197782
r175c1218,2021,230850.09874670045
r175c1219,2021,121735.70690631318
r175c1220,2021,127702.4447778343
r175c1221,2021,125884.14535937543
r175c1222,2021,94205.67412856958
r175c1223,2021,87889.86309657473
r175c1224,2021,198158.45056228372
r175c1225,2021,156350.54827887667
r175c1226,2021,11371.638056098323
r175c1227,2021,2281.976081694319
r175c1228,2021,1410.687365086289
r175c1229,2021,112904.2583530602
r175c1230,2021,1287882.8934052016
r176c1218,2021,21962.627218498114
r176c1220,2021,271613.33924918703
r176c1221,2021,36049.15275502013
r176c1222,2021,550058.2096891588
r176c1223,2021,231910.59190563654
r176c1224,2021,245805.88980367954
r176c1225,2021,289311.4477909576
r176c1226,2021,38545.220319054104
r176c1227,2021,24630.589495171953
r176c1228,2021,38767.23881590727
r176c1229,2021,35336.525063205074
r177c1222,2021,169789.21176888896
r177c1223,2021,651118.7481156411
r177c1224,2021,563184.8481973668
r177c1225,2021,59201.827524094435
r177c1226,2021,21938.79947473965
r177c1227,2021,32947.43455158812
r177c1228,2021,278317.8659537996
r177c1229,2021,151469.96032005735
r178c1221,2021,58914.52018541592
r178c1222,2021,1972894.758687187
r178c1223,2021,1807512.7043034276
r178c1224,2021,71713.02957362587
r178c1225,2021,99495.92138450895
r178c1226,2021,41776.702139304485
r178c1227,2021,3914.451553929345
r178c1228,2021,3168.802425986682
r178c1229,2021,1146611.5852400823
r178c1230,2021,86671.98103211596
r179c1221,2021,118800.15991846315
r179c1222,2021,1163788.0675830748
r179c1223,2021,297468.4043276162
r179c1224,2021,32048.58188291949
r179c1225,2021,76371.59520081787
r179c1226,2021,43402.27085690381
r179c1227,2021,18384.151241541374
r179c1228,2021,6366.7686805888425
r179c1229,2021,150150.10020569008
r179c1230,2021,12630.211994898289
r179c1231,2021,68099.19823668152
r180c1221,2021,421190.6106178288
r180c1222,2021,606048.9969156474
r180c1223,2021,468922.89992484637
r180c1224,2021,20298.662840827656
r180c1225,2021,4723.629346702759
r180c1226,2021,37498.26793549926
r180c1227,2021,15250.791840342052
r180c1228,2021,5855.654324872251
r180c1229,2021,29253.397033406414
r180c1230,2021,29536.71291978257
r180c1231,2021,10885.581044963807
r180c1232,2021,40041.3075984116
r181c1220,2021,164631.7503776583
r181c1221,2021,199324.80326243571
r181c1222,2021,247704.5883206796
r181c1223,2021,415321.7102595812
r181c1224,2021,81503.40197141161
r181c1225,2021,72388.393032376
r181c1226,2021,31384.669191662004
r181c1227,2021,36949.19729208505
r181c1228,2021,11111.49489235815
r181c1229,2021,56184.92453427715
r181c1230,2021,18323.1747924448
r181c1231,2021,2340.476578792758
r181c1232,2021,7896.010440010534
r182c1219,2021,87637.0035226665
r182c1220,2021,44716.84145770935
r182c1221,2021,38606.777314260056
r182c1222,2021,921640.9064715239
r182c1223,2021,110228.2497492079
r182c1224,2021,22433.19376033596
r182c1225,2021,53225.128567787666
r182c1226,2021,15514.307496036226
r182c1227,2021,20389.180237704226
r183c1220,2021,24482.48484326411
r183c1221,2021,214514.58668934245
r183c1222,2021,84710.0260313507
r183c1224,2021,66473.16657842483
r183c1226,2021,435201.2707369612
r181c1233,2021,24233.57172815365
r182c1228,2021,127264.35031911026
r182c1229,2021,98252.11071929938
r182c1230,2021,33076.05135356306
r182c1231,2021,27586.24631532703
r182c1232,2021,39965.17966269777
r182c1233,2021,7877.31179554196
r182c1234,2021,110757.11324872781
r183c1227,2021,406416.61089804175
r183c1228,2021,821143.2745984807
r183c1229,2021,87043.63695909733
r183c1230,2021,192879.58126154647
r183c1231,2021,65468.2369485315
r183c1232,2021,15789.57602340537
r183c1233,2021,10418.975047547592
r183c1234,2021,4384.112961147879
r184c1226,2021,1698780.09343636
r184c1227,2021,5060934.92675078
r184c1228,2021,5804932.191132438
r184c1229,2021,199972.6019194184
r184c1230,2021,35103.610427315914
r184c1231,2021,59813.12510325103
r184c1232,2021,26180.55716868767
r184c1233,2021,15303.185364111272
r184c1234,2021,19704.15094741486
r184c1235,2021,53464.06042640571
r185c1226,2021,2250912.120799745
r185c1227,2021,3760724.5198638695
r185c1228,2021,2972704.762573903
r185c1229,2021,449934.79240829055
r185c1230,2021,204013.9507980577
r185c1231,2021,317712.9638790903
r185c1232,2021,33821.31630555381
r185c1233,2021,24829.820721218526
r185c1234,2021,16282.182489011551
r185c1235,2021,7244.236202802296
r185c1236,2021,117945.45041345143
r186c1227,2021,923551.3455623818
r186c1228,2021,1532090.7091946455
r186c1229,2021,293453.58389663324
r186c1230,2021,194224.04609040002
r186c1231,2021,58840.2874937993
r186c1232,2021,121818.93812711528
r186c1233,2021,69634.24499215011
r186c1234,2021,10313.96320129924
r186c1235,2021,31192.04334009769
r186c1236,2021,22302.994594304073
r186c1237,2021,30395.725257808623
r187c1226,2021,216272.92634850682
r187c1228,2021,888500.6346364707
r187c1229,2021,202654.4842062881
r187c1230,2021,167515.520929842
r187c1231,2021,204518.4514329271
r187c1232,2021,13635.804807149172
r187c1233,2021,19684.404365499242
r187c1234,2021,95530.13148493343
r187c1235,2021,17740.963318603932
r187c1236,2021,6180.771974544535
r187c1237,2021,18972.455277555382
r188c1225,2021,59973.04659067199
r188c1226,2021,154489.82147871362
r188c1227,2021,92530.80208376535
r188c1228,2021,116894.19977398615
r188c1229,2021,742856.1378867683
r188c1230,2021,144561.25134964925
r188c1231,2021,12692.57767914368
r188c1232,2021,68994.41259795925
r188c1233,2021,47482.15904311247
r188c1234,2021,95960.86779828594
r188c1235,2021,26840.714985535797
r188c1236,2021,24456.332195622173
r188c1237,2021,25433.179075734042
r189c1226,2021,90033.16231700062
r189c1227,2021,83637.54339916917
r189c1228,2021,135908.22488762232
r189c1229,2021,1688640.574534791
r189c1230,2021,82451.9478400619
r189c1231,2021,35331.252116318
r189c1232,2021,74894.46200670477
r189c1233,2021,34875.36462840903
r189c1234,2021,36991.89012804124
r189c1235,2021,14483.330587637487
r189c1236,2021,17102.250437734558
r189c1237,2021,21561.701641316602
r190c1226,2021,68321.52735543187
r190c1227,2021,101294.80058640432
r190c1228,2021,191607.35350896712
r190c1229,2021,62458.71769767787
r190c1230,2021,51528.526377656766
r190c1231,2021,35173.842459892396
r190c1232,2021,128173.34812837653
r190c1233,2021,402979.5233429367
r190c1234,2021,37538.48645370727
r190c1235,2021,29548.861801029998
r190c1236,2021,27329.821328177397
r190c1237,2021,382762.293145993
r191c1227,2021,303786.5207847745
r191c1228,2021,680353.638523867
r191c1229,2021,20132.814986197485
r191c1230,2021,18837.978478086836
r191c1231,2021,17792.170440687107
r191c1232,2021,19731.47842655736
r191c1233,2021,354898.56201455765
r191c1234,2021,2363184.412920607
r191c1235,2021,277180.47462870687
r191c1236,2021,159966.228821796
r191c1237,2021,246076.847465655
r192c1226,2021,72509.74858289724
r192c1227,2021,142027.84897456877
r192c1228,2021,24675.995888617836
r192c1229,2021,41929.27708196921
r192c1230,2021,50129.17239071132
r192c1231,2021,72790.2880848865
r192c1232,2021,39008.820648436726
r192c1233,2021,172206.34649393283
r192c1234,2021,54075.42250997307
r192c1235,2021,40222.41145295847
r192c1236,2021,106165.4678898847
r192c1237,2021,845012.1388683668
r193c1226,2021,85990.91403030792
r193c1227,2021,73331.23574608874
r193c1228,2021,56499.786878191306
r193c1229,2021,100586.46901897571
r193c1230,2021,22330.70491401443
r193c1231,2021,38255.2333626451
r193c1232,2021,30405.10115220325
r193c1233,2021,142029.09799562243
r193c1234,2021,299294.2003143923
r193c1235,2021,286648.18666726915
r193c1236,2021,543291.4011311613
r194c1224,2021,13588.275459878245
r194c1226,2021,90992.52418779786
r194c1227,2021,1672427.3272417611
r194c1228,2021,24743.06909198699
r194c1229,2021,30210.592145601393
r194c1230,2021,25807.764923399096
r194c1231,2021,62206.72005659218
r194c1232,2021,307908.60460159334
r194c1233,2021,75630.69837612685
r194c1235,2021,1250061.9825084074
r194c1236,2021,2463410.6114449687
r195c1224,2021,11350.476528606916
r195c1226,2021,81086.24849536443
r195c1227,2021,32167.234634163786
r195c1228,2021,30167.104929651192
r195c1229,2021,83990.52643184947
r195c1231,2021,101045.04392088037
r195c1233,2021,183242.66911768893
r195c1234,2021,223487.95309359598
r196c1226,2021,56085.72330202486
r196c1227,2021,62352.16306146675
r196c1229,2021,33476.72183309539
r201c1225,2021,201104.45093024248
r201c1226,2021,202147.31112021772
r201c1227,2021,57052.34509698462
r163c1239,2022,99627.49368771745
r163c1240,2022,46800.5016175845
r164c1239,2022,31792.229397530085
r164c1240,2022,31091.110580818982
r165c1237,2022,7233.050057024473
r165c1238,2022,44712.73497207518
r165c1239,2022,42622.64821528368
r165c1240,2022,3789.268465570466
r165c1241,2022,125059.5844567947
r165c1242,2022,14569.741971020681
r166c1236,2022,56594.37717424447
r166c1237,2022,37924.699504027325
r166c1238,2022,41056.49606615389
r166c1239,2022,5175.746289907675
r166c1240,2022,25923.839189750986
r167c1232,2022,6879.835779799925
r167c1233,2022,98071.53609366955
r167c1234,2022,9040.881509422146
r167c1235,2022,14549.574223509358
r167c1236,2022,14817.278779831564
r167c1237,2022,2056.187516174104
r167c1238,2022,146314.53259214875
r167c1239,2022,593425.6964673441
r168c1226,2022,4991.218344596737
r168c1227,2022,44092.87576860386
r168c1233,2022,31862.031412341523
r168c1234,2022,1139.9206566838657
r168c1235,2022,7987.598990842334
r168c1236,2022,56.96907303482294
r168c1237,2022,3149.8705127162093
r168c1238,2022,353556.04622396675
r169c1226,2022,30136.848782818302
r169c1227,2022,10142.846605768427
r169c1228,2022,11544.720383523287
r169c1229,2022,14796.70750740666
r169c1230,2022,9273.649127485874
r169c1231,2022,8681.353082711817
r169c1232,2022,416242.79657260934
r169c1233,2022,22491.394098600656
r169c1234,2022,3592.757779216854
r169c1235,2022,263.99701842656907
r169c1236,2022,3085.3608255359327
r169c1237,2022,47230.99110506648
r169c1238,2022,44050.98706752826
r170c1225,2022,141516.26983486328
r170c1226,2022,26681.620329745296
r170c1227,2022,2588.640496020786
r170c1228,2022,4191.203912727535
r170c1229,2022,779.0471395011991
r170c1230,2022,957.9764385595918
r170c1231,2022,5441.7989366054535
r170c1232,2022,5997.675486225518
r170c1233,2022,12896.581215096201
r170c1234,2022,7783.392131567367
r170c1235,2022,28446.108207762358
r170c1236,2022,1651.028045883939
r170c1237,2022,32033.381979756392
r170c1238,2022,10637.790846356964
r171c1223,2022,21124.668814899116
r171c1224,2022,4901.861264573718
r171c1225,2022,1355.9975567427337
r171c1226,2022,517345.6197863792
r171c1227,2022,3997.141654681546
r171c1228,2022,14211.72764740392
r171c1229,2022,2552.537183962412
r171c1230,2022,2591.2819272024885
r171c1231,2022,1774.6131967008114
r171c1232,2022,50881.84924919884
r171c1233,2022,2577.802548141136
r171c1234,2022,2808.4698404163196
r171c1235,2022,82584.26853691961
r171c1236,2022,14070.357254702745
r171c1237,2022,148293.1240744886
r171c1238,2022,38947.11041835548
r172c1221,2022,19469.169888648674
r172c1222,2022,21625.507154762403
r172c1223,2022,12236.151387831569
r172c1224,2022,6812.586302767285
r172c1225,2022,102192.57309163437
r172c1226,2022,35342.825231996925
r172c1227,2022,1918.336146965623
r172c1228,2022,1684.8761879839003
r172c1229,2022,678.2490429962054
r172c1230,2022,11254.164190407395
r172c1231,2022,6958.89616627436
r172c1232,2022,6140.719154950699
r172c1233,2022,783.1886871086908
r172c1234,2022,42093.88066756401
r172c1235,2022,42802.09568129543
r172c1236,2022,252873.9647581898
r173c1219,2022,100686.04305252663
r173c1220,2022,122439.7159467274
r173c1221,2022,2560.4088063302506
r173c1222,2022,14322.385908105734
r173c1223,2022,515.366975992918
r173c1224,2022,2967.487710501823
r173c1225,2022,33836.891374006584
r173c1226,2022,10069.206597588956
r173c1227,2022,3011.916312705258
r173c1228,2022,5926.114572836704
r173c1229,2022,1335.9605024459097
r173c1230,2022,17515.824121934053
r173c1231,2022,4117.336025928048
r173c1232,2022,25029.340460465082
r173c1233,2022,65312.80243106205
r173c1234,2022,47993.32927220668
r174c1218,2022,147052.58651484933
r174c1219,2022,16282.75913937628
r174c1220,2022,140403.38869171063
r174c1221,2022,5640.875692716256
r174c1222,2022,40816.51526487673
r174c1223,2022,101144.1272729574
r174c1224,2022,199908.72618971087
r174c1225,2022,237360.3768193788
r174c1226,2022,3353.79031487635
r174c1227,2022,5201.025875269898
r174c1228,2022,161.57873673724538
r174c1229,2022,54200.150862681134
r174c1230,2022,76747.49391622425
r174c1231,2022,133743.04760093315
r174c1232,2022,415304.8485447324
r174c1233,2022,187378.81643452143
r175c1217,2022,188594.6568474296
r175c1218,2022,232826.23585594556
r175c1219,2022,122655.79774716347
r175c1220,2022,128432.85830461004
r175c1221,2022,126707.7677719478
r175c1222,2022,95014.81219534019
r175c1223,2022,88603.5088760401
r175c1224,2022,199488.3142974711
r175c1225,2022,156778.83018165952
r175c1226,2022,11464.982834903903
r175c1227,2022,2286.526599558669
r175c1228,2022,1416.598667857007
r175c1229,2022,113037.74249112686
r175c1230,2022,1286910.1836426498
r176c1218,2022,22212.95077310752
r176c1220,2022,273426.1567083872
r176c1221,2022,36269.713910359
r176c1222,2022,552252.2197845863
r176c1223,2022,232977.8253929261
r176c1224,2022,247797.6545128096
r176c1225,2022,291062.7175641276
r176c1226,2022,38844.52198255704
r176c1227,2022,24758.538173200894
r176c1228,2022,38755.82253821351
r176c1229,2022,35328.661612883414
r177c1222,2022,170324.7502110574
r177c1223,2022,652776.3678649259
r177c1224,2022,565145.9285545357
r177c1225,2022,59766.68367533058
r177c1226,2022,22129.746507606316
r177c1227,2022,33204.3895776929
r177c1228,2022,279525.24000783486
r177c1229,2022,153077.5506146867
r178c1221,2022,59044.60692409692
r178c1222,2022,1995199.3606190784
r178c1223,2022,1826210.0887448704
r178c1224,2022,72580.01664692044
r178c1225,2022,99986.46149232483
r178c1226,2022,42036.14943016588
r178c1227,2022,3949.830001016586
r178c1228,2022,3202.6302578080554
r178c1229,2022,1158365.4049794036
r178c1230,2022,87975.94451308048
r179c1221,2022,118805.0706759142
r179c1222,2022,1169828.634358379
r179c1223,2022,301754.99568363465
r179c1224,2022,32433.04765143618
r179c1225,2022,76843.97646111455
r179c1226,2022,43627.04552383144
r179c1227,2022,18533.90864082346
r179c1228,2022,6428.625579492689
r179c1229,2022,151771.01261906204
r179c1230,2022,12791.421030132315
r179c1231,2022,69236.77677205857
r180c1221,2022,420758.6055348107
r180c1222,2022,608543.4305933735
r180c1223,2022,470681.30335484294
r180c1224,2022,20497.919700254017
r180c1225,2022,4749.515874329618
r180c1226,2022,37834.26132019481
r180c1227,2022,15431.53846383319
r180c1228,2022,5909.847089067281
r180c1229,2022,29584.76970630958
r180c1230,2022,29878.64391643927
r180c1231,2022,11008.996083219272
r180c1232,2022,40507.16718714421
r181c1220,2022,165680.14139776645
r181c1221,2022,200313.74917185417
r181c1222,2022,249127.06276618375
r181c1223,2022,417232.0666886691
r181c1224,2022,82025.4696701369
r181c1225,2022,72924.896984827
r181c1226,2022,31662.060932669836
r181c1227,2022,37418.059621760636
r181c1228,2022,11212.614755290251
r181c1229,2022,56624.99154739528
r181c1230,2022,18466.048901972674
r181c1231,2022,2357.410515028651
r181c1232,2022,7911.81976100298
r182c1219,2022,88308.61099762584
r182c1220,2022,44987.921397711136
r182c1221,2022,38799.55656281226
r182c1222,2022,925959.030064532
r182c1223,2022,110999.66142654655
r182c1224,2022,22592.903173373757
r182c1225,2022,53706.07157924175
r182c1226,2022,15538.551805489373
r182c1227,2022,20811.225227994048
r183c1220,2022,24910.452229265327
r183c1221,2022,216061.763602912
r183c1222,2022,85274.17018328239
r183c1224,2022,66960.09016878708
r183c1226,2022,436228.96382255544
r181c1233,2022,24077.668813044962
r182c1228,2022,128807.10881803151
r182c1229,2022,98885.45226150111
r182c1230,2022,32928.373594224475
r182c1231,2022,27405.05712921768
r182c1232,2022,39726.09054486932
r182c1233,2022,7893.542327823218
r182c1234,2022,109856.97378321385
r183c1227,2022,411623.392575616
r183c1228,2022,830035.0876380808
r183c1229,2022,88366.22294349525
r183c1230,2022,191598.15135020053
r183c1231,2022,64904.49725896678
r183c1232,2022,15772.267287527757
r183c1233,2022,10394.799594494532
r183c1234,2022,4384.599452233167
r184c1226,2022,1705510.604049101
r184c1227,2022,5028761.500705566
r184c1228,2022,5760307.399278865
r184c1229,2022,202538.3608674959
r184c1230,2022,35661.53358949038
r184c1231,2022,59481.75104098949
r184c1232,2022,26229.69503370556
r184c1233,2022,15321.440240274494
r184c1234,2022,19626.33655712108
r184c1235,2022,53086.097844608965
r185c1226,2022,2250959.4185644896
r185c1227,2022,3769825.958509626
r185c1228,2022,2985912.141594172
r185c1229,2022,455692.9928630651
r185c1230,2022,207364.5185651021
r185c1231,2022,315025.2607695509
r185c1232,2022,33795.6198211906
r185c1233,2022,24753.49960667246
r185c1234,2022,16212.96464731738
r185c1235,2022,7220.633755509115
r185c1236,2022,116844.3566090167
r186c1227,2022,935696.8207230226
r186c1228,2022,1549198.118706418
r186c1229,2022,297731.4619156404
r186c1230,2022,196812.1298766854
r186c1231,2022,58831.950977127446
r186c1232,2022,121335.09855689142
r186c1233,2022,69343.07273923612
r186c1234,2022,10302.28141964459
r186c1235,2022,30952.809114080734
r186c1236,2022,22131.01064957033
r186c1237,2022,30125.96424485959
r187c1226,2022,217007.49591543287
r187c1228,2022,891868.8872670429
r187c1229,2022,202874.7785218815
r187c1230,2022,167226.01554226375
r187c1231,2022,203755.9642544287
r187c1232,2022,13633.364484543901
r187c1233,2022,19636.643620919996
r187c1234,2022,94855.00698187161
r187c1235,2022,17651.612901435146
r187c1236,2022,6138.845030667553
r187c1237,2022,18823.090445848764
r188c1225,2022,60183.413984636456
r188c1226,2022,155053.79652768676
r188c1227,2022,92927.199195203
r188c1228,2022,120205.95615189012
r188c1229,2022,744877.368862695
r188c1230,2022,144148.83923230707
r188c1231,2022,12703.388595234504
r188c1232,2022,68502.8489393301
r188c1233,2022,47282.033603516
r188c1234,2022,95114.58866550087
r188c1235,2022,26661.51570848596
r188c1236,2022,24279.374231039925
r188c1237,2022,25212.067478360135
r189c1226,2022,90390.0605569795
r189c1227,2022,83928.00863106266
r189c1228,2022,137057.8770830272
r189c1229,2022,1683268.1369702753
r189c1230,2022,82308.00684961265
r189c1231,2022,35391.8166645924
r189c1232,2022,74353.40247096002
r189c1233,2022,34803.2116831298
r189c1234,2022,36714.16058212158
r189c1235,2022,14404.844840466063
r189c1236,2022,17004.15999998378
r189c1237,2022,21412.04687207512
r190c1226,2022,68567.35573704925
r190c1227,2022,101189.91601090942
r190c1228,2022,191583.0162364094
r190c1229,2022,62646.449819109934
r190c1230,2022,51649.30495941377
r190c1231,2022,35182.124087968456
r190c1232,2022,126947.37753050699
r190c1233,2022,398095.47728409123
r190c1234,2022,37321.80061912258
r190c1235,2022,29355.41808868952
r190c1236,2022,27163.667750084234
r190c1237,2022,377969.3580885018
r191c1227,2022,299907.9071837233
r191c1228,2022,670551.3017742931
r191c1229,2022,20021.1754191673
r191c1230,2022,18787.276038506665
r191c1231,2022,17843.52864654807
r191c1232,2022,19710.370739336202
r191c1233,2022,351470.39449761494
r191c1234,2022,2336369.91321126
r191c1235,2022,274088.8123053554
r191c1236,2022,158232.86047704093
r191c1237,2022,243191.76310321395
r192c1226,2022,71880.9864857468
r192c1227,2022,140725.11692738807
r192c1228,2022,24501.502869724096
r192c1229,2022,41752.02012932177
r192c1230,2022,50040.72529998667
r192c1231,2022,72986.3552259375
r192c1232,2022,39188.5683174431
r192c1233,2022,171405.33775443982
r192c1234,2022,53860.51363213115
r192c1235,2022,40173.76276602737
r192c1236,2022,106458.38189418025
r192c1237,2022,843551.8075341954
r193c1226,2022,85159.05738453972
r193c1227,2022,72345.66956970133
r193c1228,2022,56005.74475451729
r193c1229,2022,99464.5836031517
r193c1230,2022,22354.693158935093
r193c1231,2022,38503.93133705665
r193c1232,2022,30565.226289214912
r193c1233,2022,142398.95371946608
r193c1234,2022,298810.41106417455
r193c1235,2022,286256.683713509
r193c1236,2022,539575.6319626741
r194c1224,2022,13423.647580535555
r194c1226,2022,90067.24087238585
r194c1227,2022,1664914.0998035916
r194c1228,2022,24482.13440937031
r194c1229,2022,29845.096780026233
r194c1230,2022,25691.717350075138
r194c1231,2022,62379.57329009414
r194c1232,2022,307313.84669091506
r194c1233,2022,75847.92742179918
r194c1235,2022,1234742.316076108
r194c1236,2022,2420551.10656012
r195c1224,2022,11212.855408700389
r195c1226,2022,80071.90815010764
r195c1227,2022,31821.167271036174
r195c1228,2022,29807.302749336002
r195c1229,2022,82704.7665888301
r195c1231,2022,100293.3631579694
r195c1233,2022,182857.65284383565
r195c1234,2022,223008.27357565478
r196c1226,2022,55280.89193215377
r196c1227,2022,61441.58391593309
r196c1229,2022,32986.43055928578
r201c1225,2022,201791.26199971512
r201c1226,2022,202768.0625253237
r201c1227,2022,57272.08301633874
r163c1239,2023,99218.55373157065
r163c1240,2023,46727.0772432923
r164c1239,2023,31799.58992023945
r164c1240,2023,31103.02415876901
r165c1237,2023,7255.288854943952
r165c1238,2023,44567.2482240876
r165c1239,2023,42481.37461066618
r165c1240,2023,3780.356038322223
r165c1241,2023,124101.30557609448
r165c1242,2023,14506.858434770154
r166c1236,2023,56416.18044654964
r166c1237,2023,37943.233145944
r166c1238,2023,40941.24278267889
r166c1239,2023,5183.624573583857
r166c1240,2023,26018.68246318857
r167c1232,2023,6854.820118053088
r167c1233,2023,97891.15303112159
r167c1234,2023,8997.225972066615
r167c1235,2023,14542.089692205016
r167c1236,2023,14762.315101207707
r167c1237,2023,2059.262827544663
r167c1238,2023,146024.96939502217
r167c1239,2023,590931.5863299791
r168c1226,2023,4972.957374362339
r168c1227,2023,43961.49304146563
r168c1233,2023,31983.70199051777
r168c1234,2023,1133.0748503758628
r168c1235,2023,7961.937010085948
r168c1236,2023,56.670214638113976
r168c1237,2023,3150.109414596826
r168c1238,2023,352508.5448846843
r169c1226,2023,30042.830427655867
r169c1227,2023,10145.773677850142
r169c1228,2023,11504.929873126333
r169c1229,2023,14766.941904825853
r169c1230,2023,9221.919107172247
r169c1231,2023,8649.44218236013
r169c1232,2023,414030.71728859766
r169c1233,2023,22422.817465791955
r169c1234,2023,3575.6531469842967
r169c1235,2023,262.4115861141945
r169c1236,2023,3069.1751408381933
r169c1237,2023,47114.729710949425
r169c1238,2023,43989.11290442722
r170c1225,2023,140910.0624496708
r170c1226,2023,26627.37150342998
r170c1227,2023,2575.749264055359
r170c1228,2023,4170.659008324146
r170c1229,2023,794.3729171343148
r170c1230,2023,965.4087852314115
r170c1231,2023,5415.659709021449
r170c1232,2023,5973.732629802034
r170c1233,2023,12840.89452246131
r170c1234,2023,7761.660755629852
r170c1235,2023,28665.883030370394
r170c1236,2023,1657.895582848528
r170c1237,2023,31946.907074669227
r170c1238,2023,10657.105901356415
r171c1223,2023,21064.13367853008
r171c1224,2023,4893.144989403051
r171c1225,2023,1357.2860705971425
r171c1226,2023,515560.5298173048
r171c1227,2023,4009.453294324816
r171c1228,2023,14212.384891689991
r171c1229,2023,2558.005635915346
r171c1230,2023,2592.856317863957
r171c1231,2023,1767.5206590294838
r171c1232,2023,50846.44665613855
r171c1233,2023,2589.4870294712578
r171c1234,2023,2830.177511373334
r171c1235,2023,82832.48887289263
r171c1236,2023,14112.823597549763
r171c1237,2023,147935.2787099217
r171c1238,2023,39064.91480310116
r172c1221,2023,19572.279813395886
r172c1222,2023,21689.290366302754
r172c1223,2023,12296.889938603406
r172c1224,2023,6810.930612993687
r172c1225,2023,102322.93314974156
r172c1226,2023,35439.04913951184
r172c1227,2023,1920.3667701482773
r172c1228,2023,1677.8278300873935
r172c1229,2023,686.8002945864573
r172c1230,2023,11297.119352365347
r172c1231,2023,6978.367251819869
r172c1232,2023,6154.750212564071
r172c1233,2023,781.5041285720381
r172c1234,2023,42094.57660746554
r172c1235,2023,42948.54143574152
r172c1236,2023,252013.5118105548
r173c1219,2023,101432.52557898016
r173c1220,2023,123382.6313026952
r173c1221,2023,2570.31394271359
r173c1222,2023,14565.975681100961
r173c1223,2023,512.8004798293114
r173c1224,2023,2966.4939956293824
r173c1225,2023,34081.95949726981
r173c1226,2023,10139.244606144726
r173c1227,2023,3019.837579275025
r173c1228,2023,5944.221775217204
r173c1229,2023,1349.4558737928232
r173c1230,2023,17581.220572474398
r173c1231,2023,4146.663707369201
r173c1232,2023,25225.384937304156
r173c1233,2023,65429.8414152424
r173c1234,2023,48006.20293895319
r174c1218,2023,148685.73497033177
r174c1219,2023,16470.884970700477
r174c1220,2023,141215.42461392004
r174c1221,2023,5687.341626934443
r174c1222,2023,41226.81329496587
r174c1223,2023,101772.41237288844
r174c1224,2023,200569.85692649672
r174c1225,2023,237084.9023040374
r174c1226,2023,3343.5375794698175
r174c1227,2023,5227.090945387733
r174c1228,2023,161.27320814887153
r174c1229,2023,54349.35241268955
r174c1230,2023,77001.72408431914
r174c1231,2023,133720.85296516068
r174c1232,2023,415039.8619127626
r174c1233,2023,187800.63122612712
r175c1217,2023,189863.60756826372
r175c1218,2023,234679.3765154403
r175c1219,2023,123510.10328482086
r175c1220,2023,129092.48218016708
r175c1221,2023,127462.39409692684
r175c1222,2023,95773.77847293664
r175c1223,2023,89270.5872205581
r175c1224,2023,200710.84357695558
r175c1225,2023,157125.10906094906
r175c1226,2023,11552.394690406763
r175c1227,2023,2289.9014039240997
r175c1228,2023,1421.7777539768786
r175c1229,2023,113114.08396524291
r175c1230,2023,1285296.392850783
r176c1218,2023,22452.04515393187
r176c1220,2023,275090.37642168475
r176c1221,2023,36470.8024706729
r176c1222,2023,554153.8834172166
r176c1223,2023,233924.02558379812
r176c1224,2023,249661.16472125432
r176c1225,2023,292662.76506143366
r176c1226,2023,39123.727163708856
r176c1227,2023,24873.59570282919
r176c1228,2023,38725.031770989095
r176c1229,2023,35303.12711849513
r177c1222,2023,170771.38872851443
r177c1223,2023,654092.6176750014
r177c1224,2023,566811.9794310883
r177c1225,2023,60300.68864851261
r177c1226,2023,22309.256123794403
r177c1227,2023,33443.80461534043
r177c1228,2023,280587.23229610414
r177c1229,2023,154601.35331206094
r178c1221,2023,59143.81444926753
r178c1222,2023,2016366.9832013547
r178c1223,2023,1843890.13232305
r178c1224,2023,73411.39685887004
r178c1225,2023,100424.93463961901
r178c1226,2023,42273.73778503148
r178c1227,2023,3983.162677073939
r178c1228,2023,3234.6492018267295
r178c1229,2023,1169455.5658871024
r178c1230,2023,89236.4986661638
r179c1221,2023,118749.57334226463
r179c1222,2023,1175242.8973093438
r179c1223,2023,305889.535132858
r179c1224,2023,32801.32648045842
r179c1225,2023,77276.54579123139
r179c1226,2023,43828.98514166149
r179c1227,2023,18674.113218658054
r179c1228,2023,6486.74203235694
r179c1229,2023,153306.3475023126
r179c1230,2023,12945.835864298633
r179c1231,2023,70342.08632716909
r180c1221,2023,420117.7851946065
r180c1222,2023,610715.3625091112
r180c1223,2023,472189.7546139355
r180c1224,2023,20686.965252562626
r180c1225,2023,4772.923742877531
r180c1226,2023,38151.00415721793
r180c1227,2023,15603.91929667136
r180c1228,2023,5960.555753805193
r180c1229,2023,29899.722712539693
r180c1230,2023,30204.11591785144
r180c1231,2023,11126.302882563878
r180c1232,2023,40950.75185449437
r181c1220,2023,166640.93725705333
r181c1221,2023,201194.80921454873
r181c1222,2023,250417.1306799768
r181c1223,2023,418922.72073010646
r181c1224,2023,82505.13156283389
r181c1225,2023,73424.08687551972
r181c1226,2023,31923.489450049376
r181c1227,2023,37866.860474386805
r181c1228,2023,11309.867674847645
r181c1229,2023,57044.04953582536
r181c1230,2023,18604.34462193971
r181c1231,2023,2373.568343620017
r181c1232,2023,7928.418967098371
r182c1219,2023,88934.33089541357
r182c1220,2023,45235.119478783185
r182c1221,2023,38971.44762260921
r182c1222,2023,929776.6498256965
r182c1223,2023,111712.89006205792
r182c1224,2023,22740.804724867074
r182c1225,2023,54159.75454055263
r182c1226,2023,15555.102751183977
r182c1227,2023,21238.122507365224
r183c1220,2023,25327.169830784587
r183c1221,2023,217495.9864155855
r183c1222,2023,85793.40423284401
r183c1224,2023,67413.35101160257
r183c1226,2023,437082.06850666023
r181c1233,2023,23932.77551756932
r182c1228,2023,130394.02714196552
r182c1229,2023,99551.8394586091
r182c1230,2023,32794.31498547754
r182c1231,2023,27236.481078118974
r182c1232,2023,39504.76822370431
r182c1233,2023,7911.904070283361
r182c1234,2023,109011.21182247605
r183c1227,2023,416939.1934951932
r183c1228,2023,839117.4249723114
r183c1229,2023,89715.94674312236
r183c1230,2023,190412.6688152028
r183c1231,2023,64373.58500077433
r183c1232,2023,15760.308782730144
r183c1233,2023,10374.43049027932
r183c1234,2023,4386.456993644229
r184c1226,2023,1712787.469231524
r184c1227,2023,4998873.2702552425
r184c1228,2023,5718410.915420332
r184c1229,2023,205157.8310527542
r184c1230,2023,36232.949075277254
r184c1231,2023,59177.43994860252
r184c1232,2023,26286.02000209566
r184c1233,2023,15344.122633514111
r184c1234,2023,19556.415073693275
r184c1235,2023,52733.16060061144
r185c1226,2023,2251841.7556772805
r185c1227,2023,3780127.301476362
r185c1228,2023,3000015.7411797047
r185c1229,2023,461571.7745220463
r185c1230,2023,210783.2717684405
r185c1231,2023,312497.69743091206
r185c1232,2023,33781.13730724695
r185c1233,2023,24686.654350961526
r185c1234,2023,16150.375252804075
r185c1235,2023,7199.824799452434
r185c1236,2023,115804.25288815552
r186c1227,2023,948095.7583104719
r186c1228,2023,1566670.4549229152
r186c1229,2023,302102.8934368604
r186c1230,2023,199468.84789612205
r186c1231,2023,58845.53864689423
r186c1232,2023,120903.55400415674
r186c1233,2023,69081.77882179497
r186c1234,2023,10294.160657369344
r186c1235,2023,30728.52384822451
r186c1236,2023,21969.725198658867
r186c1237,2023,29871.115938869643
r187c1226,2023,217816.64398129375
r187c1228,2023,895521.3727563926
r187c1229,2023,203171.94079772296
r187c1230,2023,167003.3745910088
r187c1231,2023,203080.93108053674
r187c1232,2023,13635.831923498854
r187c1233,2023,19596.347898743363
r187c1234,2023,94220.99512753954
r187c1235,2023,17568.9315905754
r187c1236,2023,6099.5310638916735
r187c1237,2023,18682.30054023762
r188c1225,2023,60414.43076090395
r188c1226,2023,155670.86134092498
r188c1227,2023,93355.11980772954
r188c1228,2023,123547.07927246195
r188c1229,2023,747144.3054746618
r188c1230,2023,143796.4424682432
r188c1231,2023,12718.500089987912
r188c1232,2023,68041.10996272473
r188c1233,2023,47098.71141523912
r188c1234,2023,94314.11488069707
r188c1235,2023,26493.58655947188
r188c1236,2023,24113.051925505264
r188c1237,2023,25003.01065215275
r189c1226,2023,90777.76610660508
r189c1227,2023,84247.28518798015
r189c1228,2023,138240.45415953218
r189c1229,2023,1678599.1623757107
r189c1230,2023,82197.05587289472
r189c1231,2023,35463.44388133656
r189c1232,2023,73844.91711882738
r189c1233,2023,34741.39411809218
r189c1234,2023,36452.78816195055
r189c1235,2023,14331.952198453655
r189c1236,2023,16912.819166963487
r189c1237,2023,21271.59844288406
r190c1226,2023,68836.68229974517
r190c1227,2023,101122.42920540599
r190c1228,2023,191627.56922982854
r190c1229,2023,62856.03376740798
r190c1230,2023,51788.85259134002
r190c1231,2023,35203.09419113213
r190c1232,2023,125785.45701906492
r190c1233,2023,393439.4517387309
r190c1234,2023,37119.96582398291
r190c1235,2023,29174.27870159682
r190c1236,2023,27008.552251949775
r190c1237,2023,373397.13020493824
r191c1227,2023,296198.94682282954
r191c1228,2023,661163.5683625361
r191c1229,2023,19916.265064980216
r191c1230,2023,18741.44788801272
r191c1231,2023,17900.66920174391
r191c1232,2023,19695.58867870755
r191c1233,2023,348217.3751445678
r191c1234,2023,2310802.646869722
r191c1235,2023,271146.78796707094
r191c1236,2023,156584.4992753011
r191c1237,2023,240443.3077374695
r192c1226,2023,71283.49526884359
r192c1227,2023,139485.84598416832
r192c1228,2023,24336.425645989762
r192c1229,2023,41587.05966102234
r192c1230,2023,49970.483108820765
r192c1231,2023,73208.93504089434
r192c1232,2023,39381.693299270555
r192c1233,2023,170677.5034978225
r192c1234,2023,53668.285223093255
r192c1235,2023,40140.65169952673
r192c1236,2023,106791.30071424833
r192c1237,2023,842424.3017097675
r193c1226,2023,84364.04431348114
r193c1227,2023,71396.90272849174
r193c1228,2023,55533.83792109564
r193c1229,2023,98392.3320410188
r193c1230,2023,22384.607888660754
r193c1231,2023,38765.38595574835
r193c1232,2023,30735.79369701083
r193c1233,2023,142820.6433836738
r193c1234,2023,298446.05841403943
r193c1235,2023,285978.9901402002
r193c1236,2023,536107.4486994211
r194c1224,2023,13264.956785278591
r194c1226,2023,89184.1190070353
r194c1227,2023,1658131.1186860497
r194c1228,2023,24231.11996346009
r194c1229,2023,29492.781115773694
r194c1230,2023,25585.311401062205
r194c1231,2023,62575.1360267171
r194c1232,2023,306842.7476508056
r194c1233,2023,76092.59429836288
r194c1235,2023,1220074.4657644373
r194c1236,2023,2379194.3464839794
r195c1224,2023,11080.197720903798
r195c1226,2023,79094.23950579687
r195c1227,2023,31487.4564779476
r195c1228,2023,29460.46026123126
r195c1229,2023,81466.1380311661
r195c1231,2023,99593.3315763295
r195c1233,2023,182546.47997937226
r195c1234,2023,222618.73632855774
r196c1226,2023,54505.44197445437
r196c1227,2023,60564.284576090795
r196c1229,2023,32514.061760025215
r201c1225,2023,202546.33154867016
r201c1226,2023,203457.16520031114
r201c1227,2023,57511.27922055681
r163c1239,2024,98826.29274097123
r163c1240,2024,46651.80302121663
r164c1239,2024,31804.446280811706
r164c1240,2024,31110.097477412124
r165c1237,2024,7276.575157972444
r165c1238,2024,44417.55966218958
r165c1239,2024,42335.07393930538
r165c1240,2024,3770.957751724742
r165c1241,2024,123131.56331543994
r165c1242,2024,14442.07565437955
r166c1236,2024,56231.75190592551
r166c1237,2024,37955.74416775581
r166c1238,2024,40820.923254605776
r166c1239,2024,5190.623482972025
r166c1240,2024,26107.893705317034
r167c1232,2024,6829.216961247324
r167c1233,2024,97697.0158649362
r167c1234,2024,8952.63400137407
r167c1235,2024,14532.34149383269
r167c1236,2024,14705.666575732612
r167c1237,2024,2061.9893649135297
r167c1238,2024,145716.04964600544
r167c1239,2024,588373.1456728885
r168c1226,2024,4956.727872696272
r168c1227,2024,43826.87818934068
r168c1233,2024,32098.801334193213
r168c1234,2024,1126.1274222305008
r168c1235,2024,7935.2894750771575
r168c1236,2024,56.36581966280937
r168c1237,2024,3149.862084555823
r168c1238,2024,351418.0057307257
r169c1226,2024,29946.604908318877
r169c1227,2024,10147.17035668157
r169c1228,2024,11463.750709726915
r169c1229,2024,14736.24808521735
r169c1230,2024,9172.031072982893
r169c1231,2024,8619.433509851326
r169c1232,2024,411790.12154343224
r169c1233,2024,22351.420207190808
r169c1234,2024,3558.1733211688843
r169c1235,2024,260.80261303269685
r169c1236,2024,3052.6895524511733
r169c1237,2024,46992.4646927683
r169c1238,2024,43921.13886249377
r170c1225,2024,140290.82337183284
r170c1226,2024,26569.728928994497
r170c1227,2024,2562.606588627259
r170c1228,2024,4149.703689575195
r170c1229,2024,809.3848173152655
r170c1230,2024,972.6736783012748
r170c1231,2024,5388.955054372549
r170c1232,2024,5949.106983249065
r170c1233,2024,12783.791110581446
r170c1234,2024,7738.928942527476
r170c1235,2024,28880.37542323292
r170c1236,2024,1664.435811088687
r170c1237,2024,31856.442089346725
r170c1238,2024,10674.57999315572
r171c1223,2024,21006.13960050713
r171c1224,2024,4884.328756272463
r171c1225,2024,1358.360836991142
r171c1226,2024,513717.1184626284
r171c1227,2024,4021.0479551647513
r171c1228,2024,14210.932933947604
r171c1229,2024,2563.103997894683
r171c1230,2024,2594.058235955823
r171c1231,2024,1760.226185142994
r171c1232,2024,50803.194332296756
r171c1233,2024,2600.6374454072293
r171c1234,2024,2851.390010168922
r171c1235,2024,83067.92357232152
r171c1236,2024,14152.673118353563
r171c1237,2024,147558.50602343338
r171c1238,2024,39175.472931263255
r172c1221,2024,19675.143258679167
r172c1222,2024,21749.343269270077
r172c1223,2024,12355.198394110535
r172c1224,2024,6808.283913855635
r172c1225,2024,102436.84434350392
r172c1226,2024,35529.06240075553
r172c1227,2024,1922.0928529277444
r172c1228,2024,1670.6021097414196
r172c1229,2024,695.2168165473267
r172c1230,2024,11338.29510230733
r172c1231,2024,6996.466717238812
r172c1232,2024,6167.9302102387355
r172c1233,2024,779.7168719621995
r172c1234,2024,42089.33554545982
r172c1235,2024,43088.28377319684
r172c1236,2024,251123.66913374636
r173c1219,2024,102167.579946268
r173c1220,2024,124304.31384848457
r173c1221,2024,2579.7026729582644
r173c1222,2024,14808.073772451326
r173c1223,2024,510.1839366182685
r173c1224,2024,2965.071399232
r173c1225,2024,34319.52083020533
r173c1226,2024,10207.078302621841
r173c1227,2024,3027.2352252120045
r173c1228,2024,5961.4107905191495
r173c1229,2024,1362.7012126343946
r173c1230,2024,17643.84876763762
r173c1231,2024,4175.276836099935
r173c1232,2024,25417.004453154386
r173c1233,2024,65537.13768974967
r173c1234,2024,48012.252189299885
r174c1218,2024,150297.4891385974
r174c1219,2024,16656.62142115067
r174c1220,2024,142001.0650520082
r174c1221,2024,5732.846015252363
r174c1222,2024,41630.68372132709
r174c1223,2024,102381.9933132987
r174c1224,2024,201198.1683962522
r174c1225,2024,236777.15253698055
r174c1226,2024,3332.8831921289984
r174c1227,2024,5252.313953757462
r174c1228,2024,160.9459368653422
r174c1229,2024,54490.23123350896
r174c1230,2024,77243.9723152607
r174c1231,2024,133679.90619903815
r174c1232,2024,414717.5429394086
r174c1233,2024,188194.1025263004
r175c1217,2024,191112.40604382352
r175c1218,2024,236492.36833028548
r175c1219,2024,124342.38569972798
r175c1220,2024,129727.3662263689
r175c1221,2024,128193.35552442554
r175c1222,2024,96516.3799325267
r175c1223,2024,89922.65294592823
r175c1224,2024,201897.35526056643
r175c1225,2024,157445.90447035106
r175c1226,2024,11637.95406191646
r175c1227,2024,2292.925917443071
r175c1228,2024,1426.7334393888714
r175c1229,2024,113174.1416799944
r175c1230,2024,1283508.5683549813
r176c1218,2024,22687.75472721312
r176c1220,2024,276703.7827310342
r176c1221,2024,36665.4019146951
r176c1222,2024,555961.7815968756
r176c1223,2024,234832.8081839116
r176c1224,2024,251484.63295893485
r176c1225,2024,294215.70438379515
r176c1226,2024,39396.674220583
r176c1227,2024,24984.63689427991
r176c1228,2024,38688.91856560914
r176c1229,2024,35272.72928906663
r177c1222,2024,171190.46808606994
r177c1223,2024,655302.9267196162
r177c1224,2024,568386.3789125581
r177c1225,2024,60825.046354135055
r177c1226,2024,22485.19513501665
r177c1227,2024,33677.51598642201
r177c1228,2024,281604.22826670634
r177c1229,2024,156095.63859864158
r178c1221,2024,59233.45440157516
r178c1222,2024,2037104.5204711196
r178c1223,2024,1861200.9520701566
r178c1224,2024,74232.76102938852
r178c1225,2024,100847.20052562369
r178c1226,2024,42504.49875732833
r178c1227,2024,4015.852677196363
r178c1228,2024,3265.9953692936288
r178c1229,2024,1180293.543747613
r178c1230,2024,90484.44795162739
r179c1221,2024,118676.72707193634
r179c1222,2024,1180450.4287849823
r179c1223,2024,309977.9578740472
r179c1224,2024,33164.861278058204
r179c1225,2024,77696.78483338388
r179c1226,2024,44023.72992121479
r179c1227,2024,18811.36362186954
r179c1228,2024,6543.405225207116
r179c1229,2024,154809.92920848768
r179c1230,2024,13097.966051316176
r179c1231,2024,71439.24851308763
r180c1221,2024,419420.9355133281
r180c1222,2024,612783.5371813874
r180c1223,2024,473617.59201732196
r180c1224,2024,20873.064906338906
r180c1225,2024,4795.554504274709
r180c1226,2024,38461.93822572141
r180c1227,2024,15773.388633741672
r180c1228,2024,6009.885899965359
r180c1229,2024,30208.73135196672
r180c1230,2024,30523.700010716067
r180c1231,2024,11241.399415349653
r180c1232,2024,41386.39103085091
r181c1220,2024,167573.3908122424
r181c1221,2024,202039.88072897698
r181c1222,2024,251664.02389806067
r181c1223,2024,420543.4692139386
r181c1224,2024,82971.70641443293
r181c1225,2024,73911.96411431996
r181c1226,2024,32180.20434219868
r181c1227,2024,38308.79755073375
r181c1228,2024,11409.038105175676
r181c1229,2024,57469.23407257924
r181c1230,2024,18748.194863160446
r181c1231,2024,2390.0729684517555
r181c1232,2024,7952.146732713976
r182c1219,2024,89545.64115027482
r182c1220,2024,45474.537593644214
r182c1221,2024,39136.37568273886
r182c1222,2024,933426.3431892262
r182c1223,2024,112407.56956766522
r182c1224,2024,22884.9627147394
r182c1225,2024,54605.25369488911
r182c1226,2024,15569.569979446915
r182c1227,2024,21687.494796806594
r183c1220,2024,25741.297140139708
r183c1221,2024,218894.36119648727
r183c1222,2024,86298.20240712733
r183c1224,2024,67857.79697698928
r183c1226,2024,437952.3827978229
r181c1233,2024,23821.057213836917
r182c1228,2024,132150.9887769209
r182c1229,2024,100346.3144412559
r182c1230,2024,32704.415511855044
r182c1231,2024,27105.733793214054
r182c1232,2024,39337.84643482565
r182c1233,2024,7939.896795228222
r182c1234,2024,108320.30494312449
r183c1227,2024,422767.79017328745
r183c1228,2024,849200.3906596933
r183c1229,2024,91180.01430142508
r183c1230,2024,189499.186120769
r183c1231,2024,63934.75281449434
r183c1232,2024,15768.513746019855
r183c1233,2024,10367.586284941233
r183c1234,2024,4393.821905664457
r184c1226,2024,1722237.9707195442
r184c1227,2024,4975900.835474175
r184c1228,2024,5684521.7417763965
r184c1229,2024,208029.7001102537
r184c1230,2024,36853.0707720742
r184c1231,2024,58955.110440591605
r184c1232,2024,26374.436778263324
r184c1233,2024,15385.74383309254
r184c1234,2024,19512.624506641805
r184c1235,2024,52453.99996821578
r185c1226,2024,2255678.3775007986
r185c1227,2024,3795208.617078996
r185c1228,2024,3017869.9650367755
r185c1229,2024,468018.12774828577
r185c1230,2024,214475.48262840937
r185c1231,2024,310417.9894831098
r185c1232,2024,33809.648996086595
r185c1233,2024,24652.3630259739
r185c1234,2024,16109.463517039303
r185c1235,2024,7188.5366556042745
r185c1236,2024,114931.51052593827
r186c1227,2024,961666.8116487789
r186c1228,2024,1586021.0223618927
r186c1229,2024,306861.1298892881
r186c1230,2024,202387.20188512772
r186c1231,2024,58936.41349149024
r186c1232,2024,120636.9542974835
r186c1233,2024,68914.70101085973
r186c1234,2024,10299.27387704973
r186c1235,2024,30547.549144522913
r186c1236,2024,21839.413357363435
r186c1237,2024,29658.66859215714
r187c1226,2024,218906.94257724533
r187c1228,2024,900308.7414726318
r187c1229,2024,203737.57270930576
r187c1230,2024,167004.07809181328
r187c1231,2024,202682.67634332296
r187c1232,2024,13656.039816095465
r187c1233,2024,19581.86295287501
r187c1234,2024,93715.30313881446
r187c1235,2024,17509.278402690816
r187c1236,2024,6068.480295589384
r187c1237,2024,18567.335418997223
r188c1225,2024,60723.40627689014
r188c1226,2024,156488.72999330232
r188c1227,2024,93903.26619408882
r188c1228,2024,127040.59755002307
r188c1229,2024,750364.8890924957
r188c1230,2024,143638.41481455078
r188c1231,2024,12749.914457027928
r188c1232,2024,67672.16011365359
r188c1233,2024,46976.15330637489
r188c1234,2024,93646.28269145955
r188c1235,2024,26361.477354402163
r188c1236,2024,23979.67204020771
r188c1237,2024,24829.037884387424
r189c1226,2024,91282.47426314067
r189c1227,2024,84675.28391783632
r189c1228,2024,139588.78548466368
r189c1229,2024,1676200.8825908597
r189c1230,2024,82196.10819577274
r189c1231,2024,35579.6843973736
r189c1232,2024,73437.32126711
r189c1233,2024,34722.54098455538
r189c1234,2024,36241.467742703266
r189c1235,2024,14277.982613468244
r189c1236,2024,16843.94362442592
r189c1237,2024,21160.051827827985
r190c1226,2024,69194.81794876358
r190c1227,2024,101187.30833971604
r190c1228,2024,191921.3770585084
r190c1229,2024,63147.02655159563
r190c1230,2024,51996.15110148777
r190c1231,2024,35269.90996206402
r190c1232,2024,124803.12956216009
r190c1233,2024,389370.06262017705
r190c1234,2024,36967.470815147724
r190c1235,2024,29032.48797600439
r190c1236,2024,26889.546261265277
r190c1237,2024,369385.53555457754
r191c1227,2024,292929.2912965881
r191c1228,2024,652789.1403540637
r191c1229,2024,19836.63255939148
r191c1230,2024,18718.093670234557
r191c1231,2024,17980.56289063577
r191c1232,2024,19705.65566144258
r191c1233,2024,345459.3360070714
r191c1234,2024,2288595.104354282
r191c1235,2024,268602.2854026986
r191c1236,2024,155164.43539360247
r191c1237,2024,238050.91121862043
r192c1226,2024,70783.02191867675
r192c1227,2024,138438.4857912672
r192c1228,2024,24203.322951666425
r192c1229,2024,41473.28331234056
r192c1230,2024,49965.316125000165
r192c1231,2024,73527.32465252798
r192c1232,2024,39625.64149303637
r192c1233,2024,170181.63584645648
r192c1234,2024,53548.755774267185
r192c1235,2024,40160.7456937632
r192c1236,2024,107265.31210250774
r192c1237,2024,842419.042766615
r193c1226,2024,83683.5227918782
r193c1227,2024,70549.95081581899
r193c1228,2024,55135.34123909234
r193c1229,2024,97459.79590840782
r193c1230,2024,22441.63013466232
r193c1231,2024,39076.60702066793
r193c1232,2024,30946.06657644592
r193c1233,2024,143429.32944035524
r193c1234,2024,298480.8474083259
r193c1235,2024,286083.2838183723
r193c1236,2024,533382.863048941
r194c1224,2024,13124.343062764572
r194c1226,2024,88425.06933962803
r194c1227,2024,1653621.2702135378
r194c1228,2024,24012.30445377107
r194c1229,2024,29180.638221564142
r194c1230,2024,25512.400420115864
r194c1231,2024,62852.64934142122
r194c1232,2024,306782.6690323918
r194c1233,2024,76436.75540345054
r194c1235,2024,1207171.5841772887
r194c1236,2024,2341480.151185653
r195c1224,2024,10962.643635385488
r195c1226,2024,78225.53059528022
r195c1227,2024,31195.05351158851
r195c1228,2024,29153.556863458136
r195c1229,2024,80348.37237776049
r195c1231,2024,99036.82895045809
r195c1233,2024,182480.03863610723
r195c1234,2024,222527.721833628
r196c1226,2024,53808.870383794834
r196c1227,2024,59775.21522793883
r196c1229,2024,32089.111221635496
r201c1225,2024,203561.79737618082
r201c1226,2024,204407.48550509376
r201c1227,2024,57824.53754281588
