record_id,source_id,source_record_id,observation_type,species,country,geography,site_id,site_name,spatial_block_id,cell_id,longitude,latitude,collection_date,year,month,value,unit,reported_individual_count,life_stage,collecting_method,sampling_effort,taxonomic_basis,molecular_method,pcr_confirmation_status,genbank_accession,presence_absence_status,license,source_url,reporting_note
MMap:KS1:MMap8210,RUEDA_2006_ROK_1998_2004,1007057,confirmed_occurrence,Anopheles sinensis,South Korea,Gyeonggi-do,MMAP_37.98722_126.85611,near Panmunjon,b+379_+1268,r183c1227,126.85611111,37.98722222,,1998,7,1,presence,,Larva,Larval collection,not reported at record level,molecular_DNA_field_record,DNA; method detail not retained in layer,molecular_DNA_source_record,,detected; no non-detection inferred,public layer terms/reuse status require review,https://experience.arcgis.com/experience/5f95c3edfbea4634b8347fec0bd1dcd6,"ArcGIS MosquitoMap2 OBJECTID=1007057; raw source=Rueda LM et al. (2006). J Vector Ecol. 31,198-205.; locality=near Panmunjon; Molecular occurrence record in the public layer; the layer does not preserve the specimen-level PCR protocol."
MMap:KS2-4:MMap8221,RUEDA_2006_ROK_1998_2004,1007058,confirmed_occurrence,Anopheles sinensis,South Korea,Gyeonggi-do,MMAP_37.98722_126.85611,near Panmunjon,b+379_+1268,r183c1227,126.85611111,37.98722222,,1998,7,1,presence,,Larva,Larval collection,not reported at record level,molecular_DNA_field_record,DNA; method detail not retained in layer,molecular_DNA_source_record,,detected; no non-detection inferred,public layer terms/reuse status require review,https://experience.arcgis.com/experience/5f95c3edfbea4634b8347fec0bd1dcd6,"ArcGIS MosquitoMap2 OBJECTID=1007058; raw source=Rueda LM et al. (2006). J Vector Ecol. 31,198-205.; locality=near Panmunjon; Molecular occurrence record in the public layer; the layer does not preserve the specimen-level PCR protocol."
MMap:KS015:MMap8187,RUEDA_2006_ROK_1998_2004,1006840,confirmed_occurrence,Anopheles sinensis,South Korea,Gyeonggi-do,MMAP_36.96861_127.10611,"Anjeong-ri, Pyeongtaek-si, Camp Humphreys",b+369_+1271,r187c1228,127.10611111,36.96861111,,1999,10,1,presence,,Larva,Larval collection,not reported at record level,molecular_DNA_field_record,DNA; method detail not retained in layer,molecular_DNA_source_record,,detected; no non-detection inferred,public layer terms/reuse status require review,https://experience.arcgis.com/experience/5f95c3edfbea4634b8347fec0bd1dcd6,"ArcGIS MosquitoMap2 OBJECTID=1006840; raw source=Rueda LM et al. (2006). J Vector Ecol. 31,198-205.; locality=Anjeong-ri, Pyeongtaek-si, Camp Humphreys; Molecular occurrence record in the public layer; the layer does not preserve the specimen-level PCR protocol."
"MMap:KS005,006:MMap8173",RUEDA_2006_ROK_1998_2004,1006863,confirmed_occurrence,Anopheles sinensis,South Korea,Gyeonggi-do,MMAP_37.54972_126.93000,"Dongducheon-si, Kyungi, Korean Trng. Ctr.",b+375_+1269,r184c1227,126.93,37.54972222,,1999,9,1,presence,,Larva,Larval collection,not reported at record level,molecular_DNA_field_record,DNA; method detail not retained in layer,molecular_DNA_source_record,,detected; no non-detection inferred,public layer terms/reuse status require review,https://experience.arcgis.com/experience/5f95c3edfbea4634b8347fec0bd1dcd6,"ArcGIS MosquitoMap2 OBJECTID=1006863; raw source=Rueda LM et al. (2006). J Vector Ecol. 31,198-205.; locality=Dongducheon-si, Kyungi, Korean Trng. Ctr.; Molecular occurrence record in the public layer; the layer does not preserve the specimen-level PCR protocol."
MMap:KS012:MMap8179,RUEDA_2006_ROK_1998_2004,1006987,confirmed_occurrence,Anopheles sinensis,South Korea,Gyeonggi-do,MMAP_37.90417_127.08917,"Dongducheon-si, Camp Hovey",b+379_+1270,r183c1228,127.08916667,37.90416667,,1999,9,1,presence,,Larva,Larval collection,not reported at record level,molecular_DNA_field_record,DNA; method detail not retained in layer,molecular_DNA_source_record,,detected; no non-detection inferred,public layer terms/reuse status require review,https://experience.arcgis.com/experience/5f95c3edfbea4634b8347fec0bd1dcd6,"ArcGIS MosquitoMap2 OBJECTID=1006987; raw source=Rueda LM et al. (2006). J Vector Ecol. 31,198-205.; locality=Dongducheon-si, Camp Hovey; Molecular occurrence record in the public layer; the layer does not preserve the specimen-level PCR protocol."
"MMap:KS014(1,3):MMap8184",RUEDA_2006_ROK_1998_2004,1006993,confirmed_occurrence,Anopheles sinensis,South Korea,Gyeonggi-do,MMAP_37.90417_127.08917,"Dongducheon-si, Camp Hovey",b+379_+1270,r183c1228,127.08916667,37.90416667,,1999,9,1,presence,,Adult,"Adult, animal shed resting",not reported at record level,molecular_DNA_field_record,DNA; method detail not retained in layer,molecular_DNA_source_record,,detected; no non-detection inferred,public layer terms/reuse status require review,https://experience.arcgis.com/experience/5f95c3edfbea4634b8347fec0bd1dcd6,"ArcGIS MosquitoMap2 OBJECTID=1006993; raw source=Rueda LM et al. (2006). J Vector Ecol. 31,198-205.; locality=Dongducheon-si, Camp Hovey; Molecular occurrence record in the public layer; the layer does not preserve the specimen-level PCR protocol."
"MMap:KS008,010:MMap8177",RUEDA_2006_ROK_1998_2004,1006986,confirmed_occurrence,Anopheles sinensis,South Korea,Gyeonggi-do,MMAP_37.90417_127.08972,"Dongducheon-si, Camp Casey",b+379_+1270,r183c1228,127.08972222,37.90416667,,1999,9,1,presence,,Larva,Larval collection,not reported at record level,molecular_DNA_field_record,DNA; method detail not retained in layer,molecular_DNA_source_record,,detected; no non-detection inferred,public layer terms/reuse status require review,https://experience.arcgis.com/experience/5f95c3edfbea4634b8347fec0bd1dcd6,"ArcGIS MosquitoMap2 OBJECTID=1006986; raw source=Rueda LM et al. (2006). J Vector Ecol. 31,198-205.; locality=Dongducheon-si, Camp Casey; Molecular occurrence record in the public layer; the layer does not preserve the specimen-level PCR protocol."
MMap:KS013:MMap8182,RUEDA_2006_ROK_1998_2004,1006991,confirmed_occurrence,Anopheles sinensis,South Korea,Gyeonggi-do,MMAP_37.90417_127.08972,"Dongducheon-si, Camp Casey",b+379_+1270,r183c1228,127.08972222,37.90416667,,1999,9,1,presence,,Larva,Larval collection,not reported at record level,molecular_DNA_field_record,DNA; method detail not retained in layer,molecular_DNA_source_record,,detected; no non-detection inferred,public layer terms/reuse status require review,https://experience.arcgis.com/experience/5f95c3edfbea4634b8347fec0bd1dcd6,"ArcGIS MosquitoMap2 OBJECTID=1006991; raw source=Rueda LM et al. (2006). J Vector Ecol. 31,198-205.; locality=Dongducheon-si, Camp Casey; Molecular occurrence record in the public layer; the layer does not preserve the specimen-level PCR protocol."
MMap:KS007:MMap8175,RUEDA_2006_ROK_1998_2004,1007039,confirmed_occurrence,Anopheles sinensis,South Korea,Gyeonggi-do,MMAP_37.92639_127.07028,"Gunnae-myeon, Paju-si, Camp Greaves",b+379_+1270,r183c1228,127.07027778,37.92638889,,1999,9,1,presence,,Larva,Larval collection,not reported at record level,molecular_DNA_field_record,DNA; method detail not retained in layer,molecular_DNA_source_record,,detected; no non-detection inferred,public layer terms/reuse status require review,https://experience.arcgis.com/experience/5f95c3edfbea4634b8347fec0bd1dcd6,"ArcGIS MosquitoMap2 OBJECTID=1007039; raw source=Rueda LM et al. (2006). J Vector Ecol. 31,198-205.; locality=Gunnae-myeon, Paju-si, Camp Greaves; Molecular occurrence record in the public layer; the layer does not preserve the specimen-level PCR protocol."
MMap:KS002-004:MMap8170,RUEDA_2006_ROK_1998_2004,1007060,confirmed_occurrence,Anopheles sinensis,South Korea,Gyeonggi-do,MMAP_37.98722_126.85611,near Panmunjon,b+379_+1268,r183c1227,126.85611111,37.98722222,,1999,9,1,presence,,Larva,Larval collection,not reported at record level,molecular_DNA_field_record,DNA; method detail not retained in layer,molecular_DNA_source_record,,detected; no non-detection inferred,public layer terms/reuse status require review,https://experience.arcgis.com/experience/5f95c3edfbea4634b8347fec0bd1dcd6,"ArcGIS MosquitoMap2 OBJECTID=1007060; raw source=Rueda LM et al. (2006). J Vector Ecol. 31,198-205.; locality=near Panmunjon; Molecular occurrence record in the public layer; the layer does not preserve the specimen-level PCR protocol."
MMap:KS10(1-6):MMap8211,RUEDA_2006_ROK_1998_2004,1006855,confirmed_occurrence,Anopheles sinensis,South Korea,Gyeonggi-do,MMAP_37.45361_126.73167,"Bangchuk-dong, Gyeyang-gu, Inchon",b+374_+1267,r185c1226,126.73166667,37.45361111,,2001,9,1,presence,,Adult,"Adult, animal shed resting",not reported at record level,molecular_DNA_field_record,DNA; method detail not retained in layer,molecular_DNA_source_record,,detected; no non-detection inferred,public layer terms/reuse status require review,https://experience.arcgis.com/experience/5f95c3edfbea4634b8347fec0bd1dcd6,"ArcGIS MosquitoMap2 OBJECTID=1006855; raw source=Rueda LM et al. (2006). J Vector Ecol. 31,198-205.; locality=Bangchuk-dong, Gyeyang-gu, Inchon; Molecular occurrence record in the public layer; the layer does not preserve the specimen-level PCR protocol."
"MMap:KS9(1-7,9-12):MMap8236",RUEDA_2006_ROK_1998_2004,1006893,confirmed_occurrence,Anopheles sinensis,South Korea,Gyeonggi-do,MMAP_37.75000_126.48333,"Ganghwa, Incheon",b+377_+1264,,126.48333333,37.75,,2001,9,1,presence,,Adult,"Adult, animal shed resting",not reported at record level,molecular_DNA_field_record,DNA; method detail not retained in layer,molecular_DNA_source_record,,detected; no non-detection inferred,public layer terms/reuse status require review,https://experience.arcgis.com/experience/5f95c3edfbea4634b8347fec0bd1dcd6,"ArcGIS MosquitoMap2 OBJECTID=1006893; raw source=Rueda LM et al. (2006). J Vector Ecol. 31,198-205.; locality=Ganghwa, Incheon; Molecular occurrence record in the public layer; the layer does not preserve the specimen-level PCR protocol. Point did not intersect the supplied 0.25-degree grid."
MMap:KS8(1):MMap8230,RUEDA_2006_ROK_1998_2004,1006901,confirmed_occurrence,Anopheles sinensis,South Korea,Gyeonggi-do,MMAP_37.81667_126.71667,"Ogeum-ri, Thanhyun-myeon, Paju-si",b+378_+1267,r183c1226,126.71666667,37.81666667,,2001,7,1,presence,,Adult,"Adult, animal shed resting",not reported at record level,molecular_DNA_field_record,DNA; method detail not retained in layer,molecular_DNA_source_record,,detected; no non-detection inferred,public layer terms/reuse status require review,https://experience.arcgis.com/experience/5f95c3edfbea4634b8347fec0bd1dcd6,"ArcGIS MosquitoMap2 OBJECTID=1006901; raw source=Rueda LM et al. (2006). J Vector Ecol. 31,198-205.; locality=Ogeum-ri, Thanhyun-myeon, Paju-si; Molecular occurrence record in the public layer; the layer does not preserve the specimen-level PCR protocol."
"MMap:KS8(5,20,27,45,67,77,94,140,143,145):MMap8233",RUEDA_2006_ROK_1998_2004,1006902,confirmed_occurrence,Anopheles sinensis,South Korea,Gyeonggi-do,MMAP_37.81667_126.71667,"Ogeum-ri, Thanhyun-myeon, Paju-si",b+378_+1267,r183c1226,126.71666667,37.81666667,,2001,7,1,presence,,Adult,"Adult, animal shed resting",not reported at record level,molecular_DNA_field_record,DNA; method detail not retained in layer,molecular_DNA_source_record,,detected; no non-detection inferred,public layer terms/reuse status require review,https://experience.arcgis.com/experience/5f95c3edfbea4634b8347fec0bd1dcd6,"ArcGIS MosquitoMap2 OBJECTID=1006902; raw source=Rueda LM et al. (2006). J Vector Ecol. 31,198-205.; locality=Ogeum-ri, Thanhyun-myeon, Paju-si; Molecular occurrence record in the public layer; the layer does not preserve the specimen-level PCR protocol."
"MMap:KS7(5,7,9-14,16,17,19,22-25,28-30,32-40):MMap8228",RUEDA_2006_ROK_1998_2004,1006912,confirmed_occurrence,Anopheles sinensis,South Korea,Gyeonggi-do,MMAP_37.85000_126.78333,"Tongilchon, Paju-si, Tongilchon",b+378_+1267,r183c1227,126.78333333,37.85,,2001,6,1,presence,,Adult,"Adult, animal shed resting",not reported at record level,molecular_DNA_field_record,DNA; method detail not retained in layer,molecular_DNA_source_record,,detected; no non-detection inferred,public layer terms/reuse status require review,https://experience.arcgis.com/experience/5f95c3edfbea4634b8347fec0bd1dcd6,"ArcGIS MosquitoMap2 OBJECTID=1006912; raw source=Rueda LM et al. (2006). J Vector Ecol. 31,198-205.; locality=Tongilchon, Paju-si, Tongilchon; Molecular occurrence record in the public layer; the layer does not preserve the specimen-level PCR protocol."
"MMap:KS5-1,7(1):MMap8224",RUEDA_2006_ROK_1998_2004,1007054,confirmed_occurrence,Anopheles sinensis,South Korea,Gyeonggi-do,MMAP_37.97000_126.79972,"Gunnae-myeon, Paju-si, Camp Greaves",b+379_+1267,r183c1227,126.79972222,37.97,,2001,6,1,presence,,Adult,"Adult, animal shed resting",not reported at record level,molecular_DNA_field_record,DNA; method detail not retained in layer,molecular_DNA_source_record,,detected; no non-detection inferred,public layer terms/reuse status require review,https://experience.arcgis.com/experience/5f95c3edfbea4634b8347fec0bd1dcd6,"ArcGIS MosquitoMap2 OBJECTID=1007054; raw source=Rueda LM et al. (2006). J Vector Ecol. 31,198-205.; locality=Gunnae-myeon, Paju-si, Camp Greaves; Molecular occurrence record in the public layer; the layer does not preserve the specimen-level PCR protocol."
MMap:KS6:MMap8226,RUEDA_2006_ROK_1998_2004,1007053,confirmed_occurrence,Anopheles sinensis,South Korea,Gyeonggi-do,MMAP_37.97000_126.79972,"Gunnae-myeon, Paju-si, Camp Greaves",b+379_+1267,r183c1227,126.79972222,37.97,,2001,6,1,presence,,Larva,Larval collection,not reported at record level,molecular_DNA_field_record,DNA; method detail not retained in layer,molecular_DNA_source_record,,detected; no non-detection inferred,public layer terms/reuse status require review,https://experience.arcgis.com/experience/5f95c3edfbea4634b8347fec0bd1dcd6,"ArcGIS MosquitoMap2 OBJECTID=1007053; raw source=Rueda LM et al. (2006). J Vector Ecol. 31,198-205.; locality=Gunnae-myeon, Paju-si, Camp Greaves; Molecular occurrence record in the public layer; the layer does not preserve the specimen-level PCR protocol."
MMap:KS4(1):MMap8222,RUEDA_2006_ROK_1998_2004,1007112,confirmed_occurrence,Anopheles sinensis,South Korea,Gangwon-do,MMAP_38.14167_128.59278,Sokcho-si,b+381_+1285,r182c1234,128.59277778,38.14166667,,2001,6,1,presence,,Adult,"Adult, animal shed resting",not reported at record level,molecular_DNA_field_record,DNA; method detail not retained in layer,molecular_DNA_source_record,,detected; no non-detection inferred,public layer terms/reuse status require review,https://experience.arcgis.com/experience/5f95c3edfbea4634b8347fec0bd1dcd6,"ArcGIS MosquitoMap2 OBJECTID=1007112; raw source=Rueda LM et al. (2006). J Vector Ecol. 31,198-205.; locality=Sokcho-si; Molecular occurrence record in the public layer; the layer does not preserve the specimen-level PCR protocol."
MMap:KS02-4(1-5):MMap8194,RUEDA_2006_ROK_1998_2004,1006758,confirmed_occurrence,Anopheles sinensis,South Korea,Jeollabuk-do,MMAP_35.82194_127.14889,Jeonju,b+358_+1271,r191c1228,127.14888889,35.82194444,,2002,7,1,presence,,Adult,"Adult, animal shed resting",not reported at record level,molecular_DNA_field_record,DNA; method detail not retained in layer,molecular_DNA_source_record,,detected; no non-detection inferred,public layer terms/reuse status require review,https://experience.arcgis.com/experience/5f95c3edfbea4634b8347fec0bd1dcd6,"ArcGIS MosquitoMap2 OBJECTID=1006758; raw source=Rueda LM et al. (2006). J Vector Ecol. 31,198-205.; locality=Jeonju; Molecular occurrence record in the public layer; the layer does not preserve the specimen-level PCR protocol."
MMap:KS02-7(1-6):MMap8199,RUEDA_2006_ROK_1998_2004,1006763,confirmed_occurrence,Anopheles sinensis,South Korea,Jeollabuk-do,MMAP_35.97861_126.79472,Kunsan,b+359_+1267,r191c1227,126.79472222,35.97861111,,2002,8,1,presence,,Adult,"Adult, animal shed resting",not reported at record level,molecular_DNA_field_record,DNA; method detail not retained in layer,molecular_DNA_source_record,,detected; no non-detection inferred,public layer terms/reuse status require review,https://experience.arcgis.com/experience/5f95c3edfbea4634b8347fec0bd1dcd6,"ArcGIS MosquitoMap2 OBJECTID=1006763; raw source=Rueda LM et al. (2006). J Vector Ecol. 31,198-205.; locality=Kunsan; Molecular occurrence record in the public layer; the layer does not preserve the specimen-level PCR protocol."
"MMap:KS02-6(1,3,5):MMap8196",RUEDA_2006_ROK_1998_2004,1006865,confirmed_occurrence,Anopheles sinensis,South Korea,Gyeonggi-do,MMAP_37.66639_127.38639,Cheongpyeong,b+376_+1273,r184c1229,127.38638889,37.66638889,,2002,8,1,presence,,Adult,"Adult, animal shed resting",not reported at record level,molecular_DNA_field_record,DNA; method detail not retained in layer,molecular_DNA_source_record,,detected; no non-detection inferred,public layer terms/reuse status require review,https://experience.arcgis.com/experience/5f95c3edfbea4634b8347fec0bd1dcd6,"ArcGIS MosquitoMap2 OBJECTID=1006865; raw source=Rueda LM et al. (2006). J Vector Ecol. 31,198-205.; locality=Cheongpyeong; Molecular occurrence record in the public layer; the layer does not preserve the specimen-level PCR protocol."
"MMap:KS02-1(4,5,7,8),KS02-3(1,5):MMap8190",RUEDA_2006_ROK_1998_2004,1006906,confirmed_occurrence,Anopheles sinensis,South Korea,Gyeonggi-do,MMAP_37.81667_126.71667,"Ogeum-ri, Thanhyun-myeon, Paju-si",b+378_+1267,r183c1226,126.71666667,37.81666667,,2002,4,1,presence,,Adult,"Adult, animal shed resting",not reported at record level,molecular_DNA_field_record,DNA; method detail not retained in layer,molecular_DNA_source_record,,detected; no non-detection inferred,public layer terms/reuse status require review,https://experience.arcgis.com/experience/5f95c3edfbea4634b8347fec0bd1dcd6,"ArcGIS MosquitoMap2 OBJECTID=1006906; raw source=Rueda LM et al. (2006). J Vector Ecol. 31,198-205.; locality=Ogeum-ri, Thanhyun-myeon, Paju-si; Molecular occurrence record in the public layer; the layer does not preserve the specimen-level PCR protocol."
MMap:KS02-2(2):MMap8192,RUEDA_2006_ROK_1998_2004,1006907,confirmed_occurrence,Anopheles sinensis,South Korea,Gyeonggi-do,MMAP_37.81667_126.71667,"Ogeum-ri, Thanhyun-myeon, Paju-si",b+378_+1267,r183c1226,126.71666667,37.81666667,,2002,4,1,presence,,Adult,"Adult, animal shed resting",not reported at record level,molecular_DNA_field_record,DNA; method detail not retained in layer,molecular_DNA_source_record,,detected; no non-detection inferred,public layer terms/reuse status require review,https://experience.arcgis.com/experience/5f95c3edfbea4634b8347fec0bd1dcd6,"ArcGIS MosquitoMap2 OBJECTID=1006907; raw source=Rueda LM et al. (2006). J Vector Ecol. 31,198-205.; locality=Ogeum-ri, Thanhyun-myeon, Paju-si; Molecular occurrence record in the public layer; the layer does not preserve the specimen-level PCR protocol."
MMap:KS83:MMap8235,RUEDA_2006_ROK_1998_2004,1006727,confirmed_occurrence,Anopheles sinensis,South Korea,Jeju-do,MMAP_33.24000_126.54556,Seogwipo-si,b+332_+1265,,126.54555556,33.24,,2003,9,1,presence,,Larva,Larval collection,not reported at record level,molecular_DNA_field_record,DNA; method detail not retained in layer,molecular_DNA_source_record,,detected; no non-detection inferred,public layer terms/reuse status require review,https://experience.arcgis.com/experience/5f95c3edfbea4634b8347fec0bd1dcd6,"ArcGIS MosquitoMap2 OBJECTID=1006727; raw source=Rueda LM et al. (2006). J Vector Ecol. 31,198-205.; locality=Seogwipo-si; Molecular occurrence record in the public layer; the layer does not preserve the specimen-level PCR protocol. Point did not intersect the supplied 0.25-degree grid."
MMap:KS102:MMap8212,RUEDA_2006_ROK_1998_2004,1006728,confirmed_occurrence,Anopheles sinensis,South Korea,Jeju-do,MMAP_33.24167_126.42111,Seogwipo-si,b+332_+1264,,126.42111111,33.24166667,,2003,9,1,presence,,Larva,Larval collection,not reported at record level,molecular_DNA_field_record,DNA; method detail not retained in layer,molecular_DNA_source_record,,detected; no non-detection inferred,public layer terms/reuse status require review,https://experience.arcgis.com/experience/5f95c3edfbea4634b8347fec0bd1dcd6,"ArcGIS MosquitoMap2 OBJECTID=1006728; raw source=Rueda LM et al. (2006). J Vector Ecol. 31,198-205.; locality=Seogwipo-si; Molecular occurrence record in the public layer; the layer does not preserve the specimen-level PCR protocol. Point did not intersect the supplied 0.25-degree grid."
"MMap:KS80,81,135:MMap8234",RUEDA_2006_ROK_1998_2004,1006729,confirmed_occurrence,Anopheles sinensis,South Korea,Jeju-do,MMAP_33.24361_126.53778,Seogwipo-si,b+332_+1265,,126.53777778,33.24361111,,2003,9,1,presence,,Larva,Larval collection,not reported at record level,molecular_DNA_field_record,DNA; method detail not retained in layer,molecular_DNA_source_record,,detected; no non-detection inferred,public layer terms/reuse status require review,https://experience.arcgis.com/experience/5f95c3edfbea4634b8347fec0bd1dcd6,"ArcGIS MosquitoMap2 OBJECTID=1006729; raw source=Rueda LM et al. (2006). J Vector Ecol. 31,198-205.; locality=Seogwipo-si; Molecular occurrence record in the public layer; the layer does not preserve the specimen-level PCR protocol. Point did not intersect the supplied 0.25-degree grid."
MMap:KS94:MMap8239,RUEDA_2006_ROK_1998_2004,1006730,confirmed_occurrence,Anopheles sinensis,South Korea,Jeju-do,MMAP_33.24694_126.27639,"Daejeong-eup, Namajeju-gun",b+332_+1262,,126.27638889,33.24694444,,2003,9,1,presence,,Larva,Larval collection,not reported at record level,molecular_DNA_field_record,DNA; method detail not retained in layer,molecular_DNA_source_record,,detected; no non-detection inferred,public layer terms/reuse status require review,https://experience.arcgis.com/experience/5f95c3edfbea4634b8347fec0bd1dcd6,"ArcGIS MosquitoMap2 OBJECTID=1006730; raw source=Rueda LM et al. (2006). J Vector Ecol. 31,198-205.; locality=Daejeong-eup, Namajeju-gun; Molecular occurrence record in the public layer; the layer does not preserve the specimen-level PCR protocol. Point did not intersect the supplied 0.25-degree grid."
MMap:KS99:MMap8242,RUEDA_2006_ROK_1998_2004,1006732,confirmed_occurrence,Anopheles sinensis,South Korea,Jeju-do,MMAP_33.25056_126.31667,"Andeok-myeon, Namjeju-gun",b+332_+1263,r201c1225,126.31666667,33.25055556,,2003,9,1,presence,,Larva,Larval collection,not reported at record level,molecular_DNA_field_record,DNA; method detail not retained in layer,molecular_DNA_source_record,,detected; no non-detection inferred,public layer terms/reuse status require review,https://experience.arcgis.com/experience/5f95c3edfbea4634b8347fec0bd1dcd6,"ArcGIS MosquitoMap2 OBJECTID=1006732; raw source=Rueda LM et al. (2006). J Vector Ecol. 31,198-205.; locality=Andeok-myeon, Namjeju-gun; Molecular occurrence record in the public layer; the layer does not preserve the specimen-level PCR protocol."
MMap:KS105:MMap8213,RUEDA_2006_ROK_1998_2004,1006733,confirmed_occurrence,Anopheles sinensis,South Korea,Jeju-do,MMAP_33.25111_126.30306,"Andeok-myeon, Namjeju-gun",b+332_+1263,r201c1225,126.30305556,33.25111111,,2003,9,1,presence,,Adult,"Adult, animal shed resting",not reported at record level,molecular_DNA_field_record,DNA; method detail not retained in layer,molecular_DNA_source_record,,detected; no non-detection inferred,public layer terms/reuse status require review,https://experience.arcgis.com/experience/5f95c3edfbea4634b8347fec0bd1dcd6,"ArcGIS MosquitoMap2 OBJECTID=1006733; raw source=Rueda LM et al. (2006). J Vector Ecol. 31,198-205.; locality=Andeok-myeon, Namjeju-gun; Molecular occurrence record in the public layer; the layer does not preserve the specimen-level PCR protocol."
MMap:KS93:MMap8238,RUEDA_2006_ROK_1998_2004,1006734,confirmed_occurrence,Anopheles sinensis,South Korea,Jeju-do,MMAP_33.25111_126.30306,"Andeok-myeon, Namjeju-gun",b+332_+1263,r201c1225,126.30305556,33.25111111,,2003,9,1,presence,,Larva,Larval collection,not reported at record level,molecular_DNA_field_record,DNA; method detail not retained in layer,molecular_DNA_source_record,,detected; no non-detection inferred,public layer terms/reuse status require review,https://experience.arcgis.com/experience/5f95c3edfbea4634b8347fec0bd1dcd6,"ArcGIS MosquitoMap2 OBJECTID=1006734; raw source=Rueda LM et al. (2006). J Vector Ecol. 31,198-205.; locality=Andeok-myeon, Namjeju-gun; Molecular occurrence record in the public layer; the layer does not preserve the specimen-level PCR protocol."
MMap:KS95:MMap8240,RUEDA_2006_ROK_1998_2004,1006731,confirmed_occurrence,Anopheles sinensis,South Korea,Jeju-do,MMAP_33.25361_126.21389,"Daejeong-eup, Namajeju-gun",b+332_+1262,,126.21388889,33.25361111,,2003,9,1,presence,,Larva,Larval collection,not reported at record level,molecular_DNA_field_record,DNA; method detail not retained in layer,molecular_DNA_source_record,,detected; no non-detection inferred,public layer terms/reuse status require review,https://experience.arcgis.com/experience/5f95c3edfbea4634b8347fec0bd1dcd6,"ArcGIS MosquitoMap2 OBJECTID=1006731; raw source=Rueda LM et al. (2006). J Vector Ecol. 31,198-205.; locality=Daejeong-eup, Namajeju-gun; Molecular occurrence record in the public layer; the layer does not preserve the specimen-level PCR protocol. Point did not intersect the supplied 0.25-degree grid."
MMap:KS147:MMap8220,RUEDA_2006_ROK_1998_2004,1006735,confirmed_occurrence,Anopheles sinensis,South Korea,Jeju-do,MMAP_33.26806_126.55806,Seogwipo-si,b+332_+1265,r201c1226,126.55805556,33.26805556,,2003,9,1,presence,,Adult,"Adult, with attraction traps",not reported at record level,molecular_DNA_field_record,DNA; method detail not retained in layer,molecular_DNA_source_record,,detected; no non-detection inferred,public layer terms/reuse status require review,https://experience.arcgis.com/experience/5f95c3edfbea4634b8347fec0bd1dcd6,"ArcGIS MosquitoMap2 OBJECTID=1006735; raw source=Rueda LM et al. (2006). J Vector Ecol. 31,198-205.; locality=Seogwipo-si; Molecular occurrence record in the public layer; the layer does not preserve the specimen-level PCR protocol."
MMap:KS146:MMap8219,RUEDA_2006_ROK_1998_2004,1006740,confirmed_occurrence,Anopheles sinensis,South Korea,Jeju-do,MMAP_33.32917_126.55806,"Namwon-eup, Namjeju-gun",b+333_+1265,r201c1226,126.55805556,33.32916667,,2003,9,1,presence,,Adult,"Adult, with attraction traps",not reported at record level,molecular_DNA_field_record,DNA; method detail not retained in layer,molecular_DNA_source_record,,detected; no non-detection inferred,public layer terms/reuse status require review,https://experience.arcgis.com/experience/5f95c3edfbea4634b8347fec0bd1dcd6,"ArcGIS MosquitoMap2 OBJECTID=1006740; raw source=Rueda LM et al. (2006). J Vector Ecol. 31,198-205.; locality=Namwon-eup, Namjeju-gun; Molecular occurrence record in the public layer; the layer does not preserve the specimen-level PCR protocol."
MMap:KS140:MMap8218,RUEDA_2006_ROK_1998_2004,1006742,confirmed_occurrence,Anopheles sinensis,South Korea,Jeju-do,MMAP_33.52694_126.63861,"Chocheon-eup, Bukjeju-gun",b+335_+1266,,126.63861111,33.52694444,,2003,9,1,presence,,Larva,Larval collection,not reported at record level,molecular_DNA_field_record,DNA; method detail not retained in layer,molecular_DNA_source_record,,detected; no non-detection inferred,public layer terms/reuse status require review,https://experience.arcgis.com/experience/5f95c3edfbea4634b8347fec0bd1dcd6,"ArcGIS MosquitoMap2 OBJECTID=1006742; raw source=Rueda LM et al. (2006). J Vector Ecol. 31,198-205.; locality=Chocheon-eup, Bukjeju-gun; Molecular occurrence record in the public layer; the layer does not preserve the specimen-level PCR protocol. Point did not intersect the supplied 0.25-degree grid."
MMap:KS03-3(1-6):MMap8206,RUEDA_2006_ROK_1998_2004,1006743,confirmed_occurrence,Anopheles sinensis,South Korea,Jeollanam-do,MMAP_34.57417_126.59750,Haenam,b+345_+1265,r196c1226,126.5975,34.57416667,,2003,8,1,presence,,Adult,"Adult, animal shed resting",not reported at record level,molecular_DNA_field_record,DNA; method detail not retained in layer,molecular_DNA_source_record,,detected; no non-detection inferred,public layer terms/reuse status require review,https://experience.arcgis.com/experience/5f95c3edfbea4634b8347fec0bd1dcd6,"ArcGIS MosquitoMap2 OBJECTID=1006743; raw source=Rueda LM et al. (2006). J Vector Ecol. 31,198-205.; locality=Haenam; Molecular occurrence record in the public layer; the layer does not preserve the specimen-level PCR protocol."
MMap:KS59:MMap8225,RUEDA_2006_ROK_1998_2004,1006757,confirmed_occurrence,Anopheles sinensis,South Korea,Gyeongsangbuk-do,MMAP_35.81667_128.58333,"Taegu, Camp Carrol",b+358_+1285,r191c1234,128.58333333,35.81666667,,2003,7,1,presence,,Larva,Larval collection,not reported at record level,molecular_DNA_field_record,DNA; method detail not retained in layer,molecular_DNA_source_record,,detected; no non-detection inferred,public layer terms/reuse status require review,https://experience.arcgis.com/experience/5f95c3edfbea4634b8347fec0bd1dcd6,"ArcGIS MosquitoMap2 OBJECTID=1006757; raw source=Rueda LM et al. (2006). J Vector Ecol. 31,198-205.; locality=Taegu, Camp Carrol; Molecular occurrence record in the public layer; the layer does not preserve the specimen-level PCR protocol."
MMap:KS51:MMap8223,RUEDA_2006_ROK_1998_2004,1006759,confirmed_occurrence,Anopheles sinensis,South Korea,Gyeongsangbuk-do,MMAP_35.82667_128.09000,"Taegu, Apsan Park",b+358_+1280,r191c1232,128.09,35.82666667,,2003,7,1,presence,,Larva,Larval collection,not reported at record level,molecular_DNA_field_record,DNA; method detail not retained in layer,molecular_DNA_source_record,,detected; no non-detection inferred,public layer terms/reuse status require review,https://experience.arcgis.com/experience/5f95c3edfbea4634b8347fec0bd1dcd6,"ArcGIS MosquitoMap2 OBJECTID=1006759; raw source=Rueda LM et al. (2006). J Vector Ecol. 31,198-205.; locality=Taegu, Apsan Park; Molecular occurrence record in the public layer; the layer does not preserve the specimen-level PCR protocol."
MMap:KS03-4(1-8):MMap8207,RUEDA_2006_ROK_1998_2004,1006842,confirmed_occurrence,Anopheles sinensis,South Korea,Chungcheongnam-do,MMAP_36.12472_127.10000,"Shingyo-ri, Bujeok-myeon, Nonsan-si",b+361_+1270,r190c1228,127.1,36.12472222,,2003,8,1,presence,,Adult,"Adult, animal shed resting",not reported at record level,molecular_DNA_field_record,DNA; method detail not retained in layer,molecular_DNA_source_record,,detected; no non-detection inferred,public layer terms/reuse status require review,https://experience.arcgis.com/experience/5f95c3edfbea4634b8347fec0bd1dcd6,"ArcGIS MosquitoMap2 OBJECTID=1006842; raw source=Rueda LM et al. (2006). J Vector Ecol. 31,198-205.; locality=Shingyo-ri, Bujeok-myeon, Nonsan-si; Molecular occurrence record in the public layer; the layer does not preserve the specimen-level PCR protocol."
MMap:KS03-4(1-8):MMap8208,RUEDA_2006_ROK_1998_2004,1006843,confirmed_occurrence,Anopheles sinensis,South Korea,Jeollabuk-do,MMAP_36.12472_127.10000,Nonsan-si,b+361_+1270,r190c1228,127.1,36.12472222,,2003,8,1,presence,,Adult,"Adult, animal shed resting",not reported at record level,molecular_DNA_field_record,DNA; method detail not retained in layer,molecular_DNA_source_record,,detected; no non-detection inferred,public layer terms/reuse status require review,https://experience.arcgis.com/experience/5f95c3edfbea4634b8347fec0bd1dcd6,"ArcGIS MosquitoMap2 OBJECTID=1006843; raw source=Rueda LM et al. (2006). J Vector Ecol. 31,198-205.; locality=Nonsan-si; Molecular occurrence record in the public layer; the layer does not preserve the specimen-level PCR protocol."
"MMap:KS03-2(3-6,8):MMap8204",RUEDA_2006_ROK_1998_2004,1006877,confirmed_occurrence,Anopheles sinensis,South Korea,Gyeonggi-do,MMAP_37.68667_126.76889,"Ilsan, Goyang-si",b+376_+1267,r184c1227,126.76888889,37.68666667,,2003,7,1,presence,,Adult,"Adult, animal shed resting",not reported at record level,molecular_DNA_field_record,DNA; method detail not retained in layer,molecular_DNA_source_record,,detected; no non-detection inferred,public layer terms/reuse status require review,https://experience.arcgis.com/experience/5f95c3edfbea4634b8347fec0bd1dcd6,"ArcGIS MosquitoMap2 OBJECTID=1006877; raw source=Rueda LM et al. (2006). J Vector Ecol. 31,198-205.; locality=Ilsan, Goyang-si; Molecular occurrence record in the public layer; the layer does not preserve the specimen-level PCR protocol."
MMap:KS136:MMap8215,RUEDA_2006_ROK_1998_2004,1006736,confirmed_occurrence,Anopheles sinensis,South Korea,Jeju-do,MMAP_33.28944_126.18611,"Hangkyeong-myeon, Namjeju-gun",b+332_+1261,,126.18611111,33.28944444,,2004,6,1,presence,,Larva,Larval collection,not reported at record level,molecular_DNA_field_record,DNA; method detail not retained in layer,molecular_DNA_source_record,,detected; no non-detection inferred,public layer terms/reuse status require review,https://experience.arcgis.com/experience/5f95c3edfbea4634b8347fec0bd1dcd6,"ArcGIS MosquitoMap2 OBJECTID=1006736; raw source=Rueda LM et al. (2006). J Vector Ecol. 31,198-205.; locality=Hangkyeong-myeon, Namjeju-gun; Molecular occurrence record in the public layer; the layer does not preserve the specimen-level PCR protocol. Point did not intersect the supplied 0.25-degree grid."
MMap:KS120:MMap8214,RUEDA_2006_ROK_1998_2004,1006737,confirmed_occurrence,Anopheles sinensis,South Korea,Jeju-do,MMAP_33.31278_126.18056,"Hangkyeong-myeon, Namjeju-gun",b+333_+1261,,126.18055556,33.31277778,,2004,6,1,presence,,Larva,Larval collection,not reported at record level,molecular_DNA_field_record,DNA; method detail not retained in layer,molecular_DNA_source_record,,detected; no non-detection inferred,public layer terms/reuse status require review,https://experience.arcgis.com/experience/5f95c3edfbea4634b8347fec0bd1dcd6,"ArcGIS MosquitoMap2 OBJECTID=1006737; raw source=Rueda LM et al. (2006). J Vector Ecol. 31,198-205.; locality=Hangkyeong-myeon, Namjeju-gun; Molecular occurrence record in the public layer; the layer does not preserve the specimen-level PCR protocol. Point did not intersect the supplied 0.25-degree grid."
"MMap:KS96,119:MMap8241",RUEDA_2006_ROK_1998_2004,1006741,confirmed_occurrence,Anopheles sinensis,South Korea,Jeju-do,MMAP_33.31833_126.17778,"Hangkyeong-myeon, Namjeju-gun",b+333_+1261,,126.17777778,33.31833333,,2004,6,1,presence,,Larva,Larval collection,not reported at record level,molecular_DNA_field_record,DNA; method detail not retained in layer,molecular_DNA_source_record,,detected; no non-detection inferred,public layer terms/reuse status require review,https://experience.arcgis.com/experience/5f95c3edfbea4634b8347fec0bd1dcd6,"ArcGIS MosquitoMap2 OBJECTID=1006741; raw source=Rueda LM et al. (2006). J Vector Ecol. 31,198-205.; locality=Hangkyeong-myeon, Namjeju-gun; Molecular occurrence record in the public layer; the layer does not preserve the specimen-level PCR protocol. Point did not intersect the supplied 0.25-degree grid."
MMap:KS137:MMap8216,RUEDA_2006_ROK_1998_2004,1006738,confirmed_occurrence,Anopheles sinensis,South Korea,Jeju-do,MMAP_33.32139_126.18389,"Hangkyeong-myeon, Namjeju-gun",b+333_+1261,,126.18388889,33.32138889,,2004,6,1,presence,,Larva,Larval collection,not reported at record level,molecular_DNA_field_record,DNA; method detail not retained in layer,molecular_DNA_source_record,,detected; no non-detection inferred,public layer terms/reuse status require review,https://experience.arcgis.com/experience/5f95c3edfbea4634b8347fec0bd1dcd6,"ArcGIS MosquitoMap2 OBJECTID=1006738; raw source=Rueda LM et al. (2006). J Vector Ecol. 31,198-205.; locality=Hangkyeong-myeon, Namjeju-gun; Molecular occurrence record in the public layer; the layer does not preserve the specimen-level PCR protocol. Point did not intersect the supplied 0.25-degree grid."
MMap:KS138:MMap8217,RUEDA_2006_ROK_1998_2004,1006739,confirmed_occurrence,Anopheles sinensis,South Korea,Jeju-do,MMAP_33.32167_126.18389,"Hangkyeong-myeon, Namjeju-gun",b+333_+1261,,126.18388889,33.32166667,,2004,6,1,presence,,Larva,Larval collection,not reported at record level,molecular_DNA_field_record,DNA; method detail not retained in layer,molecular_DNA_source_record,,detected; no non-detection inferred,public layer terms/reuse status require review,https://experience.arcgis.com/experience/5f95c3edfbea4634b8347fec0bd1dcd6,"ArcGIS MosquitoMap2 OBJECTID=1006739; raw source=Rueda LM et al. (2006). J Vector Ecol. 31,198-205.; locality=Hangkyeong-myeon, Namjeju-gun; Molecular occurrence record in the public layer; the layer does not preserve the specimen-level PCR protocol. Point did not intersect the supplied 0.25-degree grid."
MMap:KS05-109:MMap7936,KIM_2007_ROK_2005_SURVEY,1006555,confirmed_occurrence,Anopheles sinensis,South Korea,Jeju-do,MMAP_33.31200_126.18583,Jeju,b+333_+1261,,126.18583056,33.31200278,2005-09-24,2005,9,1,presence,43,Adult,"Adult, animal shed resting",not reported at record level,molecular_DNA_field_record,DNA; method detail not retained in layer,source_confirmed_molecular_ITS2,,detected; no non-detection inferred,public layer terms/reuse status require review,https://experience.arcgis.com/experience/5f95c3edfbea4634b8347fec0bd1dcd6,ArcGIS MosquitoMap2 OBJECTID=1006555; raw source=2005 general survey; locality=Jeju; The 2005 survey publication reports ITS2 molecular confirmation; the service record exposes IdentificationMethod=DNA. Point did not intersect the supplied 0.25-degree grid.
MMap:KS05-53:MMap8069,KIM_2007_ROK_2005_SURVEY,1006556,confirmed_occurrence,Anopheles sinensis,South Korea,Jeollanam-do,MMAP_34.76044_127.08333,"Woosal-ri, Boseung-up",b+347_+1270,r195c1228,127.08333333,34.76043611,2005-08-13,2005,8,1,presence,69,Adult,"Adult, animal shed resting",not reported at record level,molecular_DNA_field_record,DNA; method detail not retained in layer,source_confirmed_molecular_ITS2,,detected; no non-detection inferred,public layer terms/reuse status require review,https://experience.arcgis.com/experience/5f95c3edfbea4634b8347fec0bd1dcd6,"ArcGIS MosquitoMap2 OBJECTID=1006556; raw source=2005 general survey; locality=Woosal-ri, Boseung-up; The 2005 survey publication reports ITS2 molecular confirmation; the service record exposes IdentificationMethod=DNA."
MMap:KS05-112:MMap7947,KIM_2007_ROK_2005_SURVEY,1006557,confirmed_occurrence,Anopheles sinensis,South Korea,Gyeongsangnam-do,MMAP_34.88511_128.49914,Geoje Is.,b+348_+1284,r195c1233,128.49913889,34.88511111,2005-09-24,2005,9,1,presence,7,Adult,"Adult, animal shed resting",not reported at record level,molecular_DNA_field_record,DNA; method detail not retained in layer,source_confirmed_molecular_ITS2,,detected; no non-detection inferred,public layer terms/reuse status require review,https://experience.arcgis.com/experience/5f95c3edfbea4634b8347fec0bd1dcd6,ArcGIS MosquitoMap2 OBJECTID=1006557; raw source=2005 general survey; locality=Geoje Is.; The 2005 survey publication reports ITS2 molecular confirmation; the service record exposes IdentificationMethod=DNA.
MMap:KS05-118:MMap7964,KIM_2007_ROK_2005_SURVEY,1006559,confirmed_occurrence,Anopheles sinensis,South Korea,Gyeongsangnam-do,MMAP_35.07036_128.07839,Sacheon,b+350_+1280,r194c1232,128.07838889,35.07036111,2005-10-09,2005,10,1,presence,40,Larva,Larval collection,not reported at record level,molecular_DNA_field_record,DNA; method detail not retained in layer,source_confirmed_molecular_ITS2,,detected; no non-detection inferred,public layer terms/reuse status require review,https://experience.arcgis.com/experience/5f95c3edfbea4634b8347fec0bd1dcd6,ArcGIS MosquitoMap2 OBJECTID=1006559; raw source=2005 general survey; locality=Sacheon; The 2005 survey publication reports ITS2 molecular confirmation; the service record exposes IdentificationMethod=DNA.
MMap:KS05-86:MMap8135,KIM_2007_ROK_2005_SURVEY,1006564,confirmed_occurrence,Anopheles sinensis,South Korea,Gwangju Metropolitan City,MMAP_35.21139_126.93028,"Gwangju, Jeonnam",b+352_+1269,r194c1227,126.93027778,35.21138889,2005-09-02,2005,9,1,presence,98,Adult,"Adult, animal shed resting",not reported at record level,molecular_DNA_field_record,DNA; method detail not retained in layer,source_confirmed_molecular_ITS2,,detected; no non-detection inferred,public layer terms/reuse status require review,https://experience.arcgis.com/experience/5f95c3edfbea4634b8347fec0bd1dcd6,"ArcGIS MosquitoMap2 OBJECTID=1006564; raw source=2005 general survey; locality=Gwangju, Jeonnam; The 2005 survey publication reports ITS2 molecular confirmation; the service record exposes IdentificationMethod=DNA."
MMap:KS05-55:MMap8073,KIM_2007_ROK_2005_SURVEY,1006565,confirmed_occurrence,Anopheles sinensis,South Korea,Busan Metropolitan City,MMAP_35.23981_129.22600,Busan,b+352_+1292,r194c1236,129.226,35.23980556,2005-08-20,2005,8,1,presence,48,Adult,"Adult, animal shed resting",not reported at record level,molecular_DNA_field_record,DNA; method detail not retained in layer,source_confirmed_molecular_ITS2,,detected; no non-detection inferred,public layer terms/reuse status require review,https://experience.arcgis.com/experience/5f95c3edfbea4634b8347fec0bd1dcd6,ArcGIS MosquitoMap2 OBJECTID=1006565; raw source=2005 general survey; locality=Busan; The 2005 survey publication reports ITS2 molecular confirmation; the service record exposes IdentificationMethod=DNA.
MMap:KS05-87:MMap8137,KIM_2007_ROK_2005_SURVEY,1006566,confirmed_occurrence,Anopheles sinensis,South Korea,Busan Metropolitan City,MMAP_35.26850_129.22419,Busan,b+352_+1292,r193c1236,129.22419444,35.2685,2005-09-03,2005,9,1,presence,96,Adult,"Adult, animal shed resting",not reported at record level,molecular_DNA_field_record,DNA; method detail not retained in layer,source_confirmed_molecular_ITS2,,detected; no non-detection inferred,public layer terms/reuse status require review,https://experience.arcgis.com/experience/5f95c3edfbea4634b8347fec0bd1dcd6,ArcGIS MosquitoMap2 OBJECTID=1006566; raw source=2005 general survey; locality=Busan; The 2005 survey publication reports ITS2 molecular confirmation; the service record exposes IdentificationMethod=DNA.
MMap:KS05-117:MMap7961,KIM_2007_ROK_2005_SURVEY,1006567,confirmed_occurrence,Anopheles sinensis,South Korea,Jeollabuk-do,MMAP_35.88808_127.02803,Jeonju,b+358_+1270,r191c1228,127.02802778,35.88808333,2005-10-05,2005,10,1,presence,107,Adult,"Adult, animal shed resting",not reported at record level,molecular_DNA_field_record,DNA; method detail not retained in layer,source_confirmed_molecular_ITS2,,detected; no non-detection inferred,public layer terms/reuse status require review,https://experience.arcgis.com/experience/5f95c3edfbea4634b8347fec0bd1dcd6,ArcGIS MosquitoMap2 OBJECTID=1006567; raw source=2005 general survey; locality=Jeonju; The 2005 survey publication reports ITS2 molecular confirmation; the service record exposes IdentificationMethod=DNA.
MMap:KS05-99:MMap8167,KIM_2007_ROK_2005_SURVEY,1006571,confirmed_occurrence,Anopheles sinensis,South Korea,Gyeongsangbuk-do,MMAP_36.40253_129.07467,Cheongsong,b+364_+1290,r189c1236,129.07466667,36.40252778,2005-09-10,2005,9,1,presence,75,Adult,"Adult, animal shed resting",not reported at record level,molecular_DNA_field_record,DNA; method detail not retained in layer,source_confirmed_molecular_ITS2,,detected; no non-detection inferred,public layer terms/reuse status require review,https://experience.arcgis.com/experience/5f95c3edfbea4634b8347fec0bd1dcd6,ArcGIS MosquitoMap2 OBJECTID=1006571; raw source=2005 general survey; locality=Cheongsong; The 2005 survey publication reports ITS2 molecular confirmation; the service record exposes IdentificationMethod=DNA.
MMap:KS05-80:MMap8127,KIM_2007_ROK_2005_SURVEY,1006572,confirmed_occurrence,Anopheles sinensis,South Korea,Chungcheongnam-do,MMAP_36.50688_126.33900,"Anmyeon-do, Chungnam",b+365_+1263,r188c1225,126.33899722,36.50688056,2005-09-03,2005,9,1,presence,23,Larva,Larval collection,not reported at record level,molecular_DNA_field_record,DNA; method detail not retained in layer,source_confirmed_molecular_ITS2,,detected; no non-detection inferred,public layer terms/reuse status require review,https://experience.arcgis.com/experience/5f95c3edfbea4634b8347fec0bd1dcd6,"ArcGIS MosquitoMap2 OBJECTID=1006572; raw source=2005 general survey; locality=Anmyeon-do, Chungnam; The 2005 survey publication reports ITS2 molecular confirmation; the service record exposes IdentificationMethod=DNA."
MMap:KS05-79:MMap8125,KIM_2007_ROK_2005_SURVEY,1006573,confirmed_occurrence,Anopheles sinensis,South Korea,Chungcheongnam-do,MMAP_36.51220_126.33073,"Anmyeon-do, Chungnam",b+365_+1263,r188c1225,126.33073056,36.51220278,2005-09-03,2005,9,1,presence,18,Larva,Larval collection,not reported at record level,molecular_DNA_field_record,DNA; method detail not retained in layer,source_confirmed_molecular_ITS2,,detected; no non-detection inferred,public layer terms/reuse status require review,https://experience.arcgis.com/experience/5f95c3edfbea4634b8347fec0bd1dcd6,"ArcGIS MosquitoMap2 OBJECTID=1006573; raw source=2005 general survey; locality=Anmyeon-do, Chungnam; The 2005 survey publication reports ITS2 molecular confirmation; the service record exposes IdentificationMethod=DNA."
MMap:KS05-81:MMap8128,KIM_2007_ROK_2005_SURVEY,1006574,confirmed_occurrence,Anopheles sinensis,South Korea,Chungcheongnam-do,MMAP_36.51729_126.34784,"Anmyeon-do, Chungnam",b+365_+1263,r188c1225,126.34784167,36.51728889,2005-09-03,2005,9,1,presence,1,Larva,Larval collection,not reported at record level,molecular_DNA_field_record,DNA; method detail not retained in layer,source_confirmed_molecular_ITS2,,detected; no non-detection inferred,public layer terms/reuse status require review,https://experience.arcgis.com/experience/5f95c3edfbea4634b8347fec0bd1dcd6,"ArcGIS MosquitoMap2 OBJECTID=1006574; raw source=2005 general survey; locality=Anmyeon-do, Chungnam; The 2005 survey publication reports ITS2 molecular confirmation; the service record exposes IdentificationMethod=DNA."
MMap:KS05-85:MMap8134,KIM_2007_ROK_2005_SURVEY,1006575,confirmed_occurrence,Anopheles sinensis,South Korea,Chungcheongnam-do,MMAP_36.53817_126.35291,"Anmyeon-do, Chungnam",b+365_+1263,r188c1225,126.35291111,36.53816667,2005-09-03,2005,9,1,presence,251,Adult,"Adult, animal shed resting",not reported at record level,molecular_DNA_field_record,DNA; method detail not retained in layer,source_confirmed_molecular_ITS2,,detected; no non-detection inferred,public layer terms/reuse status require review,https://experience.arcgis.com/experience/5f95c3edfbea4634b8347fec0bd1dcd6,"ArcGIS MosquitoMap2 OBJECTID=1006575; raw source=2005 general survey; locality=Anmyeon-do, Chungnam; The 2005 survey publication reports ITS2 molecular confirmation; the service record exposes IdentificationMethod=DNA."
MMap:KS05-67:MMap8098,KIM_2007_ROK_2005_SURVEY,1006581,confirmed_occurrence,Anopheles sinensis,South Korea,Chungcheongbuk-do,MMAP_37.14442_128.24349,"Jaecheon, Chungbuk",b+371_+1282,r186c1232,128.24349444,37.144425,2005-08-27,2005,8,1,presence,76,Adult,"Adult, animal shed resting",not reported at record level,molecular_DNA_field_record,DNA; method detail not retained in layer,source_confirmed_molecular_ITS2,,detected; no non-detection inferred,public layer terms/reuse status require review,https://experience.arcgis.com/experience/5f95c3edfbea4634b8347fec0bd1dcd6,"ArcGIS MosquitoMap2 OBJECTID=1006581; raw source=2005 general survey; locality=Jaecheon, Chungbuk; The 2005 survey publication reports ITS2 molecular confirmation; the service record exposes IdentificationMethod=DNA."
MMap:KS05-66:MMap8096,KIM_2007_ROK_2005_SURVEY,1006582,confirmed_occurrence,Anopheles sinensis,South Korea,Gangwon-do,MMAP_37.16428_129.03996,Taebaek,b+371_+1290,r186c1236,129.03996111,37.16428333,2005-08-27,2005,8,1,presence,28,Adult,"Adult, animal shed resting",not reported at record level,molecular_DNA_field_record,DNA; method detail not retained in layer,source_confirmed_molecular_ITS2,,detected; no non-detection inferred,public layer terms/reuse status require review,https://experience.arcgis.com/experience/5f95c3edfbea4634b8347fec0bd1dcd6,ArcGIS MosquitoMap2 OBJECTID=1006582; raw source=2005 general survey; locality=Taebaek; The 2005 survey publication reports ITS2 molecular confirmation; the service record exposes IdentificationMethod=DNA.
MMap:KS05-70:MMap8106,KIM_2007_ROK_2005_SURVEY,1006591,confirmed_occurrence,Anopheles sinensis,South Korea,Gyeonggi-do,MMAP_37.61640_126.76425,Gimpo area,b+376_+1267,r184c1227,126.76424722,37.61640278,2005-08-30,2005,8,1,presence,11,Larva,Larval collection,not reported at record level,molecular_DNA_field_record,DNA; method detail not retained in layer,source_confirmed_molecular_ITS2,,detected; no non-detection inferred,public layer terms/reuse status require review,https://experience.arcgis.com/experience/5f95c3edfbea4634b8347fec0bd1dcd6,ArcGIS MosquitoMap2 OBJECTID=1006591; raw source=2005 general survey; locality=Gimpo area; The 2005 survey publication reports ITS2 molecular confirmation; the service record exposes IdentificationMethod=DNA.
MMap:KS05-104:MMap7934,KIM_2007_ROK_2005_SURVEY,1006597,confirmed_occurrence,Anopheles sinensis,South Korea,Gyeonggi-do,MMAP_37.66653_127.38644,Cheongpyeong,b+376_+1273,r184c1229,127.38644444,37.66652778,2005-09-22,2005,9,1,presence,24,Adult,"Adult, animal shed resting",not reported at record level,molecular_DNA_field_record,DNA; method detail not retained in layer,source_confirmed_molecular_ITS2,,detected; no non-detection inferred,public layer terms/reuse status require review,https://experience.arcgis.com/experience/5f95c3edfbea4634b8347fec0bd1dcd6,ArcGIS MosquitoMap2 OBJECTID=1006597; raw source=2005 general survey; locality=Cheongpyeong; The 2005 survey publication reports ITS2 molecular confirmation; the service record exposes IdentificationMethod=DNA.
MMap:KS05-23:MMap7995,KIM_2007_ROK_2005_SURVEY,1006592,confirmed_occurrence,Anopheles sinensis,South Korea,Gyeonggi-do,MMAP_37.66653_127.38644,Cheongpyeong,b+376_+1273,r184c1229,127.38644444,37.66652778,2005-06-25,2005,6,1,presence,96,Adult,"Adult, animal shed resting",not reported at record level,molecular_DNA_field_record,DNA; method detail not retained in layer,source_confirmed_molecular_ITS2,,detected; no non-detection inferred,public layer terms/reuse status require review,https://experience.arcgis.com/experience/5f95c3edfbea4634b8347fec0bd1dcd6,ArcGIS MosquitoMap2 OBJECTID=1006592; raw source=2005 general survey; locality=Cheongpyeong; The 2005 survey publication reports ITS2 molecular confirmation; the service record exposes IdentificationMethod=DNA.
MMap:KS05-37:MMap8044,KIM_2007_ROK_2005_SURVEY,1006594,confirmed_occurrence,Anopheles sinensis,South Korea,Gyeonggi-do,MMAP_37.66653_127.38644,Cheongpyeong,b+376_+1273,r184c1229,127.38644444,37.66652778,2005-07-30,2005,7,1,presence,57,Adult,"Adult, animal shed resting",not reported at record level,molecular_DNA_field_record,DNA; method detail not retained in layer,source_confirmed_molecular_ITS2,,detected; no non-detection inferred,public layer terms/reuse status require review,https://experience.arcgis.com/experience/5f95c3edfbea4634b8347fec0bd1dcd6,ArcGIS MosquitoMap2 OBJECTID=1006594; raw source=2005 general survey; locality=Cheongpyeong; The 2005 survey publication reports ITS2 molecular confirmation; the service record exposes IdentificationMethod=DNA.
MMap:KS05-54:MMap8071,KIM_2007_ROK_2005_SURVEY,1006595,confirmed_occurrence,Anopheles sinensis,South Korea,Gyeonggi-do,MMAP_37.66653_127.38644,Cheongpyeong,b+376_+1273,r184c1229,127.38644444,37.66652778,2005-08-19,2005,8,1,presence,28,Adult,"Adult, animal shed resting",not reported at record level,molecular_DNA_field_record,DNA; method detail not retained in layer,source_confirmed_molecular_ITS2,,detected; no non-detection inferred,public layer terms/reuse status require review,https://experience.arcgis.com/experience/5f95c3edfbea4634b8347fec0bd1dcd6,ArcGIS MosquitoMap2 OBJECTID=1006595; raw source=2005 general survey; locality=Cheongpyeong; The 2005 survey publication reports ITS2 molecular confirmation; the service record exposes IdentificationMethod=DNA.
MMap:KS05-113:MMap7948,KIM_2007_ROK_2005_SURVEY,1006601,confirmed_occurrence,Anopheles sinensis,South Korea,Gyeonggi-do,MMAP_37.66833_126.69833,Ilsan,b+376_+1266,r184c1226,126.69833333,37.66833333,2005-09-28,2005,9,1,presence,21,Adult,"Adult, animal shed resting",not reported at record level,molecular_DNA_field_record,DNA; method detail not retained in layer,source_confirmed_molecular_ITS2,,detected; no non-detection inferred,public layer terms/reuse status require review,https://experience.arcgis.com/experience/5f95c3edfbea4634b8347fec0bd1dcd6,ArcGIS MosquitoMap2 OBJECTID=1006601; raw source=2005 general survey; locality=Ilsan; The 2005 survey publication reports ITS2 molecular confirmation; the service record exposes IdentificationMethod=DNA.
MMap:KS05-28:MMap8012,KIM_2007_ROK_2005_SURVEY,1006600,confirmed_occurrence,Anopheles sinensis,South Korea,Gyeonggi-do,MMAP_37.66833_126.69833,"Gusan-dong, Ilsan",b+376_+1266,r184c1226,126.69833333,37.66833333,2005-07-13,2005,7,1,presence,90,Adult,"Adult, animal shed resting",not reported at record level,molecular_DNA_field_record,DNA; method detail not retained in layer,source_confirmed_molecular_ITS2,,detected; no non-detection inferred,public layer terms/reuse status require review,https://experience.arcgis.com/experience/5f95c3edfbea4634b8347fec0bd1dcd6,"ArcGIS MosquitoMap2 OBJECTID=1006600; raw source=2005 general survey; locality=Gusan-dong, Ilsan; The 2005 survey publication reports ITS2 molecular confirmation; the service record exposes IdentificationMethod=DNA."
MMap:KS05-114:MMap7951,KIM_2007_ROK_2005_SURVEY,1006606,confirmed_occurrence,Anopheles sinensis,South Korea,Gyeonggi-do,MMAP_37.71319_126.65192,Gimpo,b+377_+1266,r184c1226,126.65191667,37.71319444,2005-09-21,2005,9,1,presence,43,Adult,"Adult, with attraction traps",not reported at record level,molecular_DNA_field_record,DNA; method detail not retained in layer,source_confirmed_molecular_ITS2,,detected; no non-detection inferred,public layer terms/reuse status require review,https://experience.arcgis.com/experience/5f95c3edfbea4634b8347fec0bd1dcd6,ArcGIS MosquitoMap2 OBJECTID=1006606; raw source=2005 general survey; locality=Gimpo; The 2005 survey publication reports ITS2 molecular confirmation; the service record exposes IdentificationMethod=DNA.
MMap:KS05-115:MMap7956,KIM_2007_ROK_2005_SURVEY,1006608,confirmed_occurrence,Anopheles sinensis,South Korea,Gyeonggi-do,MMAP_37.71319_126.65192,Gimpo,b+377_+1266,r184c1226,126.65191667,37.71319444,2005-09-28,2005,9,1,presence,11,Adult,"Adult, with attraction traps",not reported at record level,molecular_DNA_field_record,DNA; method detail not retained in layer,source_confirmed_molecular_ITS2,,detected; no non-detection inferred,public layer terms/reuse status require review,https://experience.arcgis.com/experience/5f95c3edfbea4634b8347fec0bd1dcd6,ArcGIS MosquitoMap2 OBJECTID=1006608; raw source=2005 general survey; locality=Gimpo; The 2005 survey publication reports ITS2 molecular confirmation; the service record exposes IdentificationMethod=DNA.
MMap:KS05-116:MMap7958,KIM_2007_ROK_2005_SURVEY,1006609,confirmed_occurrence,Anopheles sinensis,South Korea,Gyeonggi-do,MMAP_37.71319_126.65192,Gimpo,b+377_+1266,r184c1226,126.65191667,37.71319444,2005-10-05,2005,10,1,presence,2,Adult,"Adult, with attraction traps",not reported at record level,molecular_DNA_field_record,DNA; method detail not retained in layer,source_confirmed_molecular_ITS2,,detected; no non-detection inferred,public layer terms/reuse status require review,https://experience.arcgis.com/experience/5f95c3edfbea4634b8347fec0bd1dcd6,ArcGIS MosquitoMap2 OBJECTID=1006609; raw source=2005 general survey; locality=Gimpo; The 2005 survey publication reports ITS2 molecular confirmation; the service record exposes IdentificationMethod=DNA.
MMap:KS05-38:MMap8047,KIM_2007_ROK_2005_SURVEY,1006603,confirmed_occurrence,Anopheles sinensis,South Korea,Gyeonggi-do,MMAP_37.71319_126.65192,Gimpo,b+377_+1266,r184c1226,126.65191667,37.71319444,2005-08-04,2005,8,1,presence,51,Adult,"Adult, with attraction traps",not reported at record level,molecular_DNA_field_record,DNA; method detail not retained in layer,source_confirmed_molecular_ITS2,,detected; no non-detection inferred,public layer terms/reuse status require review,https://experience.arcgis.com/experience/5f95c3edfbea4634b8347fec0bd1dcd6,ArcGIS MosquitoMap2 OBJECTID=1006603; raw source=2005 general survey; locality=Gimpo; The 2005 survey publication reports ITS2 molecular confirmation; the service record exposes IdentificationMethod=DNA.
MMap:KS05-58:MMap8083,KIM_2007_ROK_2005_SURVEY,1006604,confirmed_occurrence,Anopheles sinensis,South Korea,Gyeonggi-do,MMAP_37.71319_126.65192,Gimpo,b+377_+1266,r184c1226,126.65191667,37.71319444,2005-08-19,2005,8,1,presence,32,Adult,"Adult, with attraction traps",not reported at record level,molecular_DNA_field_record,DNA; method detail not retained in layer,source_confirmed_molecular_ITS2,,detected; no non-detection inferred,public layer terms/reuse status require review,https://experience.arcgis.com/experience/5f95c3edfbea4634b8347fec0bd1dcd6,ArcGIS MosquitoMap2 OBJECTID=1006604; raw source=2005 general survey; locality=Gimpo; The 2005 survey publication reports ITS2 molecular confirmation; the service record exposes IdentificationMethod=DNA.
MMap:KS05-65:MMap8095,KIM_2007_ROK_2005_SURVEY,1006610,confirmed_occurrence,Anopheles sinensis,South Korea,Gyeonggi-do,MMAP_37.74927_126.63427,Gimpo area,b+377_+1266,r184c1226,126.63426944,37.74927222,2005-08-24,2005,8,1,presence,81,Larva,Larval collection,not reported at record level,molecular_DNA_field_record,DNA; method detail not retained in layer,source_confirmed_molecular_ITS2,,detected; no non-detection inferred,public layer terms/reuse status require review,https://experience.arcgis.com/experience/5f95c3edfbea4634b8347fec0bd1dcd6,ArcGIS MosquitoMap2 OBJECTID=1006610; raw source=2005 general survey; locality=Gimpo area; The 2005 survey publication reports ITS2 molecular confirmation; the service record exposes IdentificationMethod=DNA.
MMap:KS05-73:MMap8110,KIM_2007_ROK_2005_SURVEY,1006611,confirmed_occurrence,Anopheles sinensis,South Korea,Gyeonggi-do,MMAP_37.74927_126.63427,Gimpo area,b+377_+1266,r184c1226,126.63426944,37.74927222,2005-08-30,2005,8,1,presence,38,Larva,Larval collection,not reported at record level,molecular_DNA_field_record,DNA; method detail not retained in layer,source_confirmed_molecular_ITS2,,detected; no non-detection inferred,public layer terms/reuse status require review,https://experience.arcgis.com/experience/5f95c3edfbea4634b8347fec0bd1dcd6,ArcGIS MosquitoMap2 OBJECTID=1006611; raw source=2005 general survey; locality=Gimpo area; The 2005 survey publication reports ITS2 molecular confirmation; the service record exposes IdentificationMethod=DNA.
MMap:KS05-78:MMap8122,KIM_2007_ROK_2005_SURVEY,1006613,confirmed_occurrence,Anopheles sinensis,South Korea,Gyeonggi-do,MMAP_37.75586_126.80287,Munsan area,b+377_+1268,r183c1227,126.80286944,37.75586389,2005-08-31,2005,8,1,presence,24,Larva,Larval collection,not reported at record level,molecular_DNA_field_record,DNA; method detail not retained in layer,source_confirmed_molecular_ITS2,,detected; no non-detection inferred,public layer terms/reuse status require review,https://experience.arcgis.com/experience/5f95c3edfbea4634b8347fec0bd1dcd6,ArcGIS MosquitoMap2 OBJECTID=1006613; raw source=2005 general survey; locality=Munsan area; The 2005 survey publication reports ITS2 molecular confirmation; the service record exposes IdentificationMethod=DNA.
MMap:KS05-71:MMap8107,KIM_2007_ROK_2005_SURVEY,1006614,confirmed_occurrence,Anopheles sinensis,South Korea,Gyeonggi-do,MMAP_37.76688_126.63758,Gimpo area,b+377_+1266,r183c1226,126.63757778,37.76688333,2005-08-30,2005,8,1,presence,5,Larva,Larval collection,not reported at record level,molecular_DNA_field_record,DNA; method detail not retained in layer,source_confirmed_molecular_ITS2,,detected; no non-detection inferred,public layer terms/reuse status require review,https://experience.arcgis.com/experience/5f95c3edfbea4634b8347fec0bd1dcd6,ArcGIS MosquitoMap2 OBJECTID=1006614; raw source=2005 general survey; locality=Gimpo area; The 2005 survey publication reports ITS2 molecular confirmation; the service record exposes IdentificationMethod=DNA.
MMap:KS05-74:MMap8111,KIM_2007_ROK_2005_SURVEY,1006615,confirmed_occurrence,Anopheles sinensis,South Korea,Gyeonggi-do,MMAP_37.76688_126.63758,Gimpo area,b+377_+1266,r183c1226,126.63757778,37.76688333,2005-08-30,2005,8,1,presence,4,Larva,Larval collection,not reported at record level,molecular_DNA_field_record,DNA; method detail not retained in layer,source_confirmed_molecular_ITS2,,detected; no non-detection inferred,public layer terms/reuse status require review,https://experience.arcgis.com/experience/5f95c3edfbea4634b8347fec0bd1dcd6,ArcGIS MosquitoMap2 OBJECTID=1006615; raw source=2005 general survey; locality=Gimpo area; The 2005 survey publication reports ITS2 molecular confirmation; the service record exposes IdentificationMethod=DNA.
MMap:KS05-100:MMap7923,KIM_2007_ROK_2005_SURVEY,1006644,confirmed_occurrence,Anopheles sinensis,South Korea,Gyeonggi-do,MMAP_37.87861_126.75911,"Majeong-ri, Paju",b+378_+1267,r183c1227,126.75911111,37.87861111,2005-09-09,2005,9,1,presence,75,Adult,"Adult, animal shed resting",not reported at record level,molecular_DNA_field_record,DNA; method detail not retained in layer,source_confirmed_molecular_ITS2,,detected; no non-detection inferred,public layer terms/reuse status require review,https://experience.arcgis.com/experience/5f95c3edfbea4634b8347fec0bd1dcd6,"ArcGIS MosquitoMap2 OBJECTID=1006644; raw source=2005 general survey; locality=Majeong-ri, Paju; The 2005 survey publication reports ITS2 molecular confirmation; the service record exposes IdentificationMethod=DNA."
MMap:KS05-102:MMap7928,KIM_2007_ROK_2005_SURVEY,1006646,confirmed_occurrence,Anopheles sinensis,South Korea,Gyeonggi-do,MMAP_37.87861_126.75911,"Majeong-ri, Paju",b+378_+1267,r183c1227,126.75911111,37.87861111,2005-09-16,2005,9,1,presence,62,Adult,"Adult, animal shed resting",not reported at record level,molecular_DNA_field_record,DNA; method detail not retained in layer,source_confirmed_molecular_ITS2,,detected; no non-detection inferred,public layer terms/reuse status require review,https://experience.arcgis.com/experience/5f95c3edfbea4634b8347fec0bd1dcd6,"ArcGIS MosquitoMap2 OBJECTID=1006646; raw source=2005 general survey; locality=Majeong-ri, Paju; The 2005 survey publication reports ITS2 molecular confirmation; the service record exposes IdentificationMethod=DNA."
MMap:KS05-110:MMap7942,KIM_2007_ROK_2005_SURVEY,1006648,confirmed_occurrence,Anopheles sinensis,South Korea,Gyeonggi-do,MMAP_37.87861_126.75911,"Majeong-ri, Paju",b+378_+1267,r183c1227,126.75911111,37.87861111,2005-09-23,2005,9,1,presence,51,Adult,"Adult, animal shed resting",not reported at record level,molecular_DNA_field_record,DNA; method detail not retained in layer,source_confirmed_molecular_ITS2,,detected; no non-detection inferred,public layer terms/reuse status require review,https://experience.arcgis.com/experience/5f95c3edfbea4634b8347fec0bd1dcd6,"ArcGIS MosquitoMap2 OBJECTID=1006648; raw source=2005 general survey; locality=Majeong-ri, Paju; The 2005 survey publication reports ITS2 molecular confirmation; the service record exposes IdentificationMethod=DNA."
MMap:KS05-12:MMap7966,KIM_2007_ROK_2005_SURVEY,1006619,confirmed_occurrence,Anopheles sinensis,South Korea,Gyeonggi-do,MMAP_37.87861_126.75911,"Majeong-ri, Paju",b+378_+1267,r183c1227,126.75911111,37.87861111,2005-06-09,2005,6,1,presence,14,Adult,"Adult, animal shed resting",not reported at record level,molecular_DNA_field_record,DNA; method detail not retained in layer,source_confirmed_molecular_ITS2,,detected; no non-detection inferred,public layer terms/reuse status require review,https://experience.arcgis.com/experience/5f95c3edfbea4634b8347fec0bd1dcd6,"ArcGIS MosquitoMap2 OBJECTID=1006619; raw source=2005 general survey; locality=Majeong-ri, Paju; The 2005 survey publication reports ITS2 molecular confirmation; the service record exposes IdentificationMethod=DNA."
MMap:KS05-17:MMap7977,KIM_2007_ROK_2005_SURVEY,1006621,confirmed_occurrence,Anopheles sinensis,South Korea,Gyeonggi-do,MMAP_37.87861_126.75911,"Majeong-ri, Paju",b+378_+1267,r183c1227,126.75911111,37.87861111,2005-06-16,2005,6,1,presence,34,Adult,"Adult, animal shed resting",not reported at record level,molecular_DNA_field_record,DNA; method detail not retained in layer,source_confirmed_molecular_ITS2,,detected; no non-detection inferred,public layer terms/reuse status require review,https://experience.arcgis.com/experience/5f95c3edfbea4634b8347fec0bd1dcd6,"ArcGIS MosquitoMap2 OBJECTID=1006621; raw source=2005 general survey; locality=Majeong-ri, Paju; The 2005 survey publication reports ITS2 molecular confirmation; the service record exposes IdentificationMethod=DNA."
MMap:KS05-21:MMap7990,KIM_2007_ROK_2005_SURVEY,1006623,confirmed_occurrence,Anopheles sinensis,South Korea,Gyeonggi-do,MMAP_37.87861_126.75911,"Majeong-ri, Paju",b+378_+1267,r183c1227,126.75911111,37.87861111,2005-06-22,2005,6,1,presence,33,Adult,"Adult, animal shed resting",not reported at record level,molecular_DNA_field_record,DNA; method detail not retained in layer,source_confirmed_molecular_ITS2,,detected; no non-detection inferred,public layer terms/reuse status require review,https://experience.arcgis.com/experience/5f95c3edfbea4634b8347fec0bd1dcd6,"ArcGIS MosquitoMap2 OBJECTID=1006623; raw source=2005 general survey; locality=Majeong-ri, Paju; The 2005 survey publication reports ITS2 molecular confirmation; the service record exposes IdentificationMethod=DNA."
MMap:KS05-24:MMap7998,KIM_2007_ROK_2005_SURVEY,1006625,confirmed_occurrence,Anopheles sinensis,South Korea,Gyeonggi-do,MMAP_37.87861_126.75911,"Majeong-ri, Paju",b+378_+1267,r183c1227,126.75911111,37.87861111,2005-06-30,2005,6,1,presence,22,Adult,"Adult, animal shed resting",not reported at record level,molecular_DNA_field_record,DNA; method detail not retained in layer,source_confirmed_molecular_ITS2,,detected; no non-detection inferred,public layer terms/reuse status require review,https://experience.arcgis.com/experience/5f95c3edfbea4634b8347fec0bd1dcd6,"ArcGIS MosquitoMap2 OBJECTID=1006625; raw source=2005 general survey; locality=Majeong-ri, Paju; The 2005 survey publication reports ITS2 molecular confirmation; the service record exposes IdentificationMethod=DNA."
MMap:KS05-26:MMap8005,KIM_2007_ROK_2005_SURVEY,1006627,confirmed_occurrence,Anopheles sinensis,South Korea,Gyeonggi-do,MMAP_37.87861_126.75911,"Majeong-ri, Paju",b+378_+1267,r183c1227,126.75911111,37.87861111,2005-07-06,2005,7,1,presence,42,Adult,"Adult, animal shed resting",not reported at record level,molecular_DNA_field_record,DNA; method detail not retained in layer,source_confirmed_molecular_ITS2,,detected; no non-detection inferred,public layer terms/reuse status require review,https://experience.arcgis.com/experience/5f95c3edfbea4634b8347fec0bd1dcd6,"ArcGIS MosquitoMap2 OBJECTID=1006627; raw source=2005 general survey; locality=Majeong-ri, Paju; The 2005 survey publication reports ITS2 molecular confirmation; the service record exposes IdentificationMethod=DNA."
MMap:KS05-29:MMap8017,KIM_2007_ROK_2005_SURVEY,1006629,confirmed_occurrence,Anopheles sinensis,South Korea,Gyeonggi-do,MMAP_37.87861_126.75911,"Majeong-ri, Paju",b+378_+1267,r183c1227,126.75911111,37.87861111,2005-07-14,2005,7,1,presence,27,Adult,"Adult, animal shed resting",not reported at record level,molecular_DNA_field_record,DNA; method detail not retained in layer,source_confirmed_molecular_ITS2,,detected; no non-detection inferred,public layer terms/reuse status require review,https://experience.arcgis.com/experience/5f95c3edfbea4634b8347fec0bd1dcd6,"ArcGIS MosquitoMap2 OBJECTID=1006629; raw source=2005 general survey; locality=Majeong-ri, Paju; The 2005 survey publication reports ITS2 molecular confirmation; the service record exposes IdentificationMethod=DNA."
MMap:KS05-31:MMap8030,KIM_2007_ROK_2005_SURVEY,1006631,confirmed_occurrence,Anopheles sinensis,South Korea,Gyeonggi-do,MMAP_37.87861_126.75911,"Majeong-ri, Paju",b+378_+1267,r183c1227,126.75911111,37.87861111,2005-07-21,2005,7,1,presence,44,Adult,"Adult, animal shed resting",not reported at record level,molecular_DNA_field_record,DNA; method detail not retained in layer,source_confirmed_molecular_ITS2,,detected; no non-detection inferred,public layer terms/reuse status require review,https://experience.arcgis.com/experience/5f95c3edfbea4634b8347fec0bd1dcd6,"ArcGIS MosquitoMap2 OBJECTID=1006631; raw source=2005 general survey; locality=Majeong-ri, Paju; The 2005 survey publication reports ITS2 molecular confirmation; the service record exposes IdentificationMethod=DNA."
MMap:KS05-35:MMap8036,KIM_2007_ROK_2005_SURVEY,1006633,confirmed_occurrence,Anopheles sinensis,South Korea,Gyeonggi-do,MMAP_37.87861_126.75911,"Majeong-ri, Paju",b+378_+1267,r183c1227,126.75911111,37.87861111,2005-07-29,2005,7,1,presence,33,Adult,"Adult, animal shed resting",not reported at record level,molecular_DNA_field_record,DNA; method detail not retained in layer,source_confirmed_molecular_ITS2,,detected; no non-detection inferred,public layer terms/reuse status require review,https://experience.arcgis.com/experience/5f95c3edfbea4634b8347fec0bd1dcd6,"ArcGIS MosquitoMap2 OBJECTID=1006633; raw source=2005 general survey; locality=Majeong-ri, Paju; The 2005 survey publication reports ITS2 molecular confirmation; the service record exposes IdentificationMethod=DNA."
MMap:KS05-39:MMap8050,KIM_2007_ROK_2005_SURVEY,1006634,confirmed_occurrence,Anopheles sinensis,South Korea,Gyeonggi-do,MMAP_37.87861_126.75911,"Majeong-ri, Paju",b+378_+1267,r183c1227,126.75911111,37.87861111,2005-08-04,2005,8,1,presence,61,Adult,"Adult, animal shed resting",not reported at record level,molecular_DNA_field_record,DNA; method detail not retained in layer,source_confirmed_molecular_ITS2,,detected; no non-detection inferred,public layer terms/reuse status require review,https://experience.arcgis.com/experience/5f95c3edfbea4634b8347fec0bd1dcd6,"ArcGIS MosquitoMap2 OBJECTID=1006634; raw source=2005 general survey; locality=Majeong-ri, Paju; The 2005 survey publication reports ITS2 molecular confirmation; the service record exposes IdentificationMethod=DNA."
MMap:KS05-51:MMap8063,KIM_2007_ROK_2005_SURVEY,1006636,confirmed_occurrence,Anopheles sinensis,South Korea,Gyeonggi-do,MMAP_37.87861_126.75911,"Majeong-ri, Paju",b+378_+1267,r183c1227,126.75911111,37.87861111,2005-08-13,2005,8,1,presence,64,Adult,"Adult, animal shed resting",not reported at record level,molecular_DNA_field_record,DNA; method detail not retained in layer,source_confirmed_molecular_ITS2,,detected; no non-detection inferred,public layer terms/reuse status require review,https://experience.arcgis.com/experience/5f95c3edfbea4634b8347fec0bd1dcd6,"ArcGIS MosquitoMap2 OBJECTID=1006636; raw source=2005 general survey; locality=Majeong-ri, Paju; The 2005 survey publication reports ITS2 molecular confirmation; the service record exposes IdentificationMethod=DNA."
MMap:KS05-56:MMap8076,KIM_2007_ROK_2005_SURVEY,1006638,confirmed_occurrence,Anopheles sinensis,South Korea,Gyeonggi-do,MMAP_37.87861_126.75911,"Majeong-ri, Paju",b+378_+1267,r183c1227,126.75911111,37.87861111,2005-08-19,2005,8,1,presence,52,Adult,"Adult, animal shed resting",not reported at record level,molecular_DNA_field_record,DNA; method detail not retained in layer,source_confirmed_molecular_ITS2,,detected; no non-detection inferred,public layer terms/reuse status require review,https://experience.arcgis.com/experience/5f95c3edfbea4634b8347fec0bd1dcd6,"ArcGIS MosquitoMap2 OBJECTID=1006638; raw source=2005 general survey; locality=Majeong-ri, Paju; The 2005 survey publication reports ITS2 molecular confirmation; the service record exposes IdentificationMethod=DNA."
MMap:KS05-68:MMap8101,KIM_2007_ROK_2005_SURVEY,1006640,confirmed_occurrence,Anopheles sinensis,South Korea,Gyeonggi-do,MMAP_37.87861_126.75911,"Majeong-ri, Paju",b+378_+1267,r183c1227,126.75911111,37.87861111,2005-08-25,2005,8,1,presence,56,Adult,"Adult, animal shed resting",not reported at record level,molecular_DNA_field_record,DNA; method detail not retained in layer,source_confirmed_molecular_ITS2,,detected; no non-detection inferred,public layer terms/reuse status require review,https://experience.arcgis.com/experience/5f95c3edfbea4634b8347fec0bd1dcd6,"ArcGIS MosquitoMap2 OBJECTID=1006640; raw source=2005 general survey; locality=Majeong-ri, Paju; The 2005 survey publication reports ITS2 molecular confirmation; the service record exposes IdentificationMethod=DNA."
MMap:KS05-83:MMap8130,KIM_2007_ROK_2005_SURVEY,1006642,confirmed_occurrence,Anopheles sinensis,South Korea,Gyeonggi-do,MMAP_37.87861_126.75911,"Majeong-ri, Paju",b+378_+1267,r183c1227,126.75911111,37.87861111,2005-09-02,2005,9,1,presence,50,Adult,"Adult, animal shed resting",not reported at record level,molecular_DNA_field_record,DNA; method detail not retained in layer,source_confirmed_molecular_ITS2,,detected; no non-detection inferred,public layer terms/reuse status require review,https://experience.arcgis.com/experience/5f95c3edfbea4634b8347fec0bd1dcd6,"ArcGIS MosquitoMap2 OBJECTID=1006642; raw source=2005 general survey; locality=Majeong-ri, Paju; The 2005 survey publication reports ITS2 molecular confirmation; the service record exposes IdentificationMethod=DNA."
MMap:KS05-9:MMap8145,KIM_2007_ROK_2005_SURVEY,1006617,confirmed_occurrence,Anopheles sinensis,South Korea,Gyeonggi-do,MMAP_37.87861_126.75911,"Majeong-ri, Paju",b+378_+1267,r183c1227,126.75911111,37.87861111,2005-05-31,2005,5,1,presence,10,Adult,"Adult, animal shed resting",not reported at record level,molecular_DNA_field_record,DNA; method detail not retained in layer,source_confirmed_molecular_ITS2,,detected; no non-detection inferred,public layer terms/reuse status require review,https://experience.arcgis.com/experience/5f95c3edfbea4634b8347fec0bd1dcd6,"ArcGIS MosquitoMap2 OBJECTID=1006617; raw source=2005 general survey; locality=Majeong-ri, Paju; The 2005 survey publication reports ITS2 molecular confirmation; the service record exposes IdentificationMethod=DNA."
MMap:KS05-59:MMap8085,KIM_2007_ROK_2005_SURVEY,1006649,confirmed_occurrence,Anopheles sinensis,South Korea,Gyeonggi-do,MMAP_37.89003_126.81603,Munsan area,b+378_+1268,r183c1227,126.81603333,37.89002778,2005-08-24,2005,8,1,presence,4,Larva,Larval collection,not reported at record level,molecular_DNA_field_record,DNA; method detail not retained in layer,source_confirmed_molecular_ITS2,,detected; no non-detection inferred,public layer terms/reuse status require review,https://experience.arcgis.com/experience/5f95c3edfbea4634b8347fec0bd1dcd6,ArcGIS MosquitoMap2 OBJECTID=1006649; raw source=2005 general survey; locality=Munsan area; The 2005 survey publication reports ITS2 molecular confirmation; the service record exposes IdentificationMethod=DNA.
MMap:KS05-76:MMap8116,KIM_2007_ROK_2005_SURVEY,1006651,confirmed_occurrence,Anopheles sinensis,South Korea,Gyeonggi-do,MMAP_37.89038_126.82971,Munsan area,b+378_+1268,r183c1227,126.82971389,37.89038056,2005-08-31,2005,8,1,presence,21,Larva,Larval collection,not reported at record level,molecular_DNA_field_record,DNA; method detail not retained in layer,source_confirmed_molecular_ITS2,,detected; no non-detection inferred,public layer terms/reuse status require review,https://experience.arcgis.com/experience/5f95c3edfbea4634b8347fec0bd1dcd6,ArcGIS MosquitoMap2 OBJECTID=1006651; raw source=2005 general survey; locality=Munsan area; The 2005 survey publication reports ITS2 molecular confirmation; the service record exposes IdentificationMethod=DNA.
MMap:KS05-77:MMap8119,KIM_2007_ROK_2005_SURVEY,1006652,confirmed_occurrence,Anopheles sinensis,South Korea,Gyeonggi-do,MMAP_37.89038_126.82971,Munsan area,b+378_+1268,r183c1227,126.82971389,37.89038056,2005-08-31,2005,8,1,presence,14,Larva,Larval collection,not reported at record level,molecular_DNA_field_record,DNA; method detail not retained in layer,source_confirmed_molecular_ITS2,,detected; no non-detection inferred,public layer terms/reuse status require review,https://experience.arcgis.com/experience/5f95c3edfbea4634b8347fec0bd1dcd6,ArcGIS MosquitoMap2 OBJECTID=1006652; raw source=2005 general survey; locality=Munsan area; The 2005 survey publication reports ITS2 molecular confirmation; the service record exposes IdentificationMethod=DNA.
MMap:KS05-14:MMap7970,KIM_2007_ROK_2005_SURVEY,1006654,confirmed_occurrence,Anopheles sinensis,South Korea,Gyeonggi-do,MMAP_37.89359_126.83240,Highway #3 X #37,b+378_+1268,r183c1227,126.83239722,37.89358889,2005-06-21,2005,6,1,presence,8,Larva,Larval collection,not reported at record level,molecular_DNA_field_record,DNA; method detail not retained in layer,source_confirmed_molecular_ITS2,,detected; no non-detection inferred,public layer terms/reuse status require review,https://experience.arcgis.com/experience/5f95c3edfbea4634b8347fec0bd1dcd6,ArcGIS MosquitoMap2 OBJECTID=1006654; raw source=2005 general survey; locality=Highway #3 X #37; The 2005 survey publication reports ITS2 molecular confirmation; the service record exposes IdentificationMethod=DNA.
MMap:KS05-72:MMap8109,KIM_2007_ROK_2005_SURVEY,1006657,confirmed_occurrence,Anopheles sinensis,South Korea,Gyeonggi-do,MMAP_37.89404_126.82563,Gimpo area,b+378_+1268,r183c1227,126.82563333,37.89404444,2005-08-30,2005,8,1,presence,23,Larva,Larval collection,not reported at record level,molecular_DNA_field_record,DNA; method detail not retained in layer,source_confirmed_molecular_ITS2,,detected; no non-detection inferred,public layer terms/reuse status require review,https://experience.arcgis.com/experience/5f95c3edfbea4634b8347fec0bd1dcd6,ArcGIS MosquitoMap2 OBJECTID=1006657; raw source=2005 general survey; locality=Gimpo area; The 2005 survey publication reports ITS2 molecular confirmation; the service record exposes IdentificationMethod=DNA.
MMap:KS05-60:MMap8090,KIM_2007_ROK_2005_SURVEY,1006656,confirmed_occurrence,Anopheles sinensis,South Korea,Gyeonggi-do,MMAP_37.89404_126.82566,Munsan area,b+378_+1268,r183c1227,126.82566111,37.89404444,2005-08-24,2005,8,1,presence,13,Larva,Larval collection,not reported at record level,molecular_DNA_field_record,DNA; method detail not retained in layer,source_confirmed_molecular_ITS2,,detected; no non-detection inferred,public layer terms/reuse status require review,https://experience.arcgis.com/experience/5f95c3edfbea4634b8347fec0bd1dcd6,ArcGIS MosquitoMap2 OBJECTID=1006656; raw source=2005 general survey; locality=Munsan area; The 2005 survey publication reports ITS2 molecular confirmation; the service record exposes IdentificationMethod=DNA.
MMap:KS05-75:MMap8114,KIM_2007_ROK_2005_SURVEY,1006659,confirmed_occurrence,Anopheles sinensis,South Korea,Gyeonggi-do,MMAP_37.89404_126.82566,Munsan area,b+378_+1268,r183c1227,126.82566111,37.89404444,2005-08-31,2005,8,1,presence,1,Larva,Larval collection,not reported at record level,molecular_DNA_field_record,DNA; method detail not retained in layer,source_confirmed_molecular_ITS2,,detected; no non-detection inferred,public layer terms/reuse status require review,https://experience.arcgis.com/experience/5f95c3edfbea4634b8347fec0bd1dcd6,ArcGIS MosquitoMap2 OBJECTID=1006659; raw source=2005 general survey; locality=Munsan area; The 2005 survey publication reports ITS2 molecular confirmation; the service record exposes IdentificationMethod=DNA.
MMap:KS05-96:MMap8159,KIM_2007_ROK_2005_SURVEY,1006661,confirmed_occurrence,Anopheles sinensis,South Korea,Gyeonggi-do,MMAP_37.89508_126.80189,Munsan area,b+378_+1268,r183c1227,126.80188611,37.89508056,2005-09-12,2005,9,1,presence,12,Larva,Larval collection,not reported at record level,molecular_DNA_field_record,DNA; method detail not retained in layer,source_confirmed_molecular_ITS2,,detected; no non-detection inferred,public layer terms/reuse status require review,https://experience.arcgis.com/experience/5f95c3edfbea4634b8347fec0bd1dcd6,ArcGIS MosquitoMap2 OBJECTID=1006661; raw source=2005 general survey; locality=Munsan area; The 2005 survey publication reports ITS2 molecular confirmation; the service record exposes IdentificationMethod=DNA.
MMap:KS05-61:MMap8091,KIM_2007_ROK_2005_SURVEY,1006663,confirmed_occurrence,Anopheles sinensis,South Korea,Gyeonggi-do,MMAP_37.89816_126.82127,Munsan area,b+378_+1268,r183c1227,126.821275,37.89815556,2005-08-24,2005,8,1,presence,27,Larva,Larval collection,not reported at record level,molecular_DNA_field_record,DNA; method detail not retained in layer,source_confirmed_molecular_ITS2,,detected; no non-detection inferred,public layer terms/reuse status require review,https://experience.arcgis.com/experience/5f95c3edfbea4634b8347fec0bd1dcd6,ArcGIS MosquitoMap2 OBJECTID=1006663; raw source=2005 general survey; locality=Munsan area; The 2005 survey publication reports ITS2 molecular confirmation; the service record exposes IdentificationMethod=DNA.
MMap:KS05-62:MMap8094,KIM_2007_ROK_2005_SURVEY,1006664,confirmed_occurrence,Anopheles sinensis,South Korea,Gyeonggi-do,MMAP_37.89816_126.82138,Munsan area,b+378_+1268,r183c1227,126.82138333,37.89815556,2005-08-24,2005,8,1,presence,1,Larva,Larval collection,not reported at record level,molecular_DNA_field_record,DNA; method detail not retained in layer,source_confirmed_molecular_ITS2,,detected; no non-detection inferred,public layer terms/reuse status require review,https://experience.arcgis.com/experience/5f95c3edfbea4634b8347fec0bd1dcd6,ArcGIS MosquitoMap2 OBJECTID=1006664; raw source=2005 general survey; locality=Munsan area; The 2005 survey publication reports ITS2 molecular confirmation; the service record exposes IdentificationMethod=DNA.
MMap:KS05-97:MMap8163,KIM_2007_ROK_2005_SURVEY,1006666,confirmed_occurrence,Anopheles sinensis,South Korea,Gyeonggi-do,MMAP_37.90391_126.79646,Munsan area,b+379_+1267,r183c1227,126.79645833,37.90391111,2005-09-12,2005,9,1,presence,15,Larva,Larval collection,not reported at record level,molecular_DNA_field_record,DNA; method detail not retained in layer,source_confirmed_molecular_ITS2,,detected; no non-detection inferred,public layer terms/reuse status require review,https://experience.arcgis.com/experience/5f95c3edfbea4634b8347fec0bd1dcd6,ArcGIS MosquitoMap2 OBJECTID=1006666; raw source=2005 general survey; locality=Munsan area; The 2005 survey publication reports ITS2 molecular confirmation; the service record exposes IdentificationMethod=DNA.
MMap:KS05-101:MMap7925,KIM_2007_ROK_2005_SURVEY,1006684,confirmed_occurrence,Anopheles sinensis,South Korea,Gyeonggi-do,MMAP_37.90517_126.73367,"Tongilchon, Paju",b+379_+1267,r183c1226,126.73366667,37.90516667,2005-09-09,2005,9,1,presence,65,Adult,"Adult, animal shed resting",not reported at record level,molecular_DNA_field_record,DNA; method detail not retained in layer,source_confirmed_molecular_ITS2,,detected; no non-detection inferred,public layer terms/reuse status require review,https://experience.arcgis.com/experience/5f95c3edfbea4634b8347fec0bd1dcd6,"ArcGIS MosquitoMap2 OBJECTID=1006684; raw source=2005 general survey; locality=Tongilchon, Paju; The 2005 survey publication reports ITS2 molecular confirmation; the service record exposes IdentificationMethod=DNA."
MMap:KS05-103:MMap7931,KIM_2007_ROK_2005_SURVEY,1006686,confirmed_occurrence,Anopheles sinensis,South Korea,Gyeonggi-do,MMAP_37.90517_126.73367,"Tongilchon, Paju",b+379_+1267,r183c1226,126.73366667,37.90516667,2005-09-16,2005,9,1,presence,66,Adult,"Adult, animal shed resting",not reported at record level,molecular_DNA_field_record,DNA; method detail not retained in layer,source_confirmed_molecular_ITS2,,detected; no non-detection inferred,public layer terms/reuse status require review,https://experience.arcgis.com/experience/5f95c3edfbea4634b8347fec0bd1dcd6,"ArcGIS MosquitoMap2 OBJECTID=1006686; raw source=2005 general survey; locality=Tongilchon, Paju; The 2005 survey publication reports ITS2 molecular confirmation; the service record exposes IdentificationMethod=DNA."
MMap:KS05-111:MMap7945,KIM_2007_ROK_2005_SURVEY,1006688,confirmed_occurrence,Anopheles sinensis,South Korea,Gyeonggi-do,MMAP_37.90517_126.73367,"Tongilchon, Paju",b+379_+1267,r183c1226,126.73366667,37.90516667,2005-09-23,2005,9,1,presence,38,Adult,"Adult, animal shed resting",not reported at record level,molecular_DNA_field_record,DNA; method detail not retained in layer,source_confirmed_molecular_ITS2,,detected; no non-detection inferred,public layer terms/reuse status require review,https://experience.arcgis.com/experience/5f95c3edfbea4634b8347fec0bd1dcd6,"ArcGIS MosquitoMap2 OBJECTID=1006688; raw source=2005 general survey; locality=Tongilchon, Paju; The 2005 survey publication reports ITS2 molecular confirmation; the service record exposes IdentificationMethod=DNA."
MMap:KS05-11:MMap7938,KIM_2007_ROK_2005_SURVEY,1006668,confirmed_occurrence,Anopheles sinensis,South Korea,Gyeonggi-do,MMAP_37.90517_126.73367,"Tongilchon, Paju",b+379_+1267,r183c1226,126.73366667,37.90516667,2005-06-09,2005,6,1,presence,35,Adult,"Adult, animal shed resting",not reported at record level,molecular_DNA_field_record,DNA; method detail not retained in layer,source_confirmed_molecular_ITS2,,detected; no non-detection inferred,public layer terms/reuse status require review,https://experience.arcgis.com/experience/5f95c3edfbea4634b8347fec0bd1dcd6,"ArcGIS MosquitoMap2 OBJECTID=1006668; raw source=2005 general survey; locality=Tongilchon, Paju; The 2005 survey publication reports ITS2 molecular confirmation; the service record exposes IdentificationMethod=DNA."
MMap:KS05-22:MMap7993,KIM_2007_ROK_2005_SURVEY,1006669,confirmed_occurrence,Anopheles sinensis,South Korea,Gyeonggi-do,MMAP_37.90517_126.73367,"Tongilchon, Paju",b+379_+1267,r183c1226,126.73366667,37.90516667,2005-06-22,2005,6,1,presence,7,Adult,"Adult, animal shed resting",not reported at record level,molecular_DNA_field_record,DNA; method detail not retained in layer,source_confirmed_molecular_ITS2,,detected; no non-detection inferred,public layer terms/reuse status require review,https://experience.arcgis.com/experience/5f95c3edfbea4634b8347fec0bd1dcd6,"ArcGIS MosquitoMap2 OBJECTID=1006669; raw source=2005 general survey; locality=Tongilchon, Paju; The 2005 survey publication reports ITS2 molecular confirmation; the service record exposes IdentificationMethod=DNA."
MMap:KS05-25:MMap8001,KIM_2007_ROK_2005_SURVEY,1006670,confirmed_occurrence,Anopheles sinensis,South Korea,Gyeonggi-do,MMAP_37.90517_126.73367,"Tongilchon, Paju",b+379_+1267,r183c1226,126.73366667,37.90516667,2005-06-30,2005,6,1,presence,39,Adult,"Adult, animal shed resting",not reported at record level,molecular_DNA_field_record,DNA; method detail not retained in layer,source_confirmed_molecular_ITS2,,detected; no non-detection inferred,public layer terms/reuse status require review,https://experience.arcgis.com/experience/5f95c3edfbea4634b8347fec0bd1dcd6,"ArcGIS MosquitoMap2 OBJECTID=1006670; raw source=2005 general survey; locality=Tongilchon, Paju; The 2005 survey publication reports ITS2 molecular confirmation; the service record exposes IdentificationMethod=DNA."
MMap:KS05-27:MMap8008,KIM_2007_ROK_2005_SURVEY,1006672,confirmed_occurrence,Anopheles sinensis,South Korea,Gyeonggi-do,MMAP_37.90517_126.73367,"Tongilchon, Paju",b+379_+1267,r183c1226,126.73366667,37.90516667,2005-07-06,2005,7,1,presence,29,Adult,"Adult, animal shed resting",not reported at record level,molecular_DNA_field_record,DNA; method detail not retained in layer,source_confirmed_molecular_ITS2,,detected; no non-detection inferred,public layer terms/reuse status require review,https://experience.arcgis.com/experience/5f95c3edfbea4634b8347fec0bd1dcd6,"ArcGIS MosquitoMap2 OBJECTID=1006672; raw source=2005 general survey; locality=Tongilchon, Paju; The 2005 survey publication reports ITS2 molecular confirmation; the service record exposes IdentificationMethod=DNA."
MMap:KS05-30:MMap8026,KIM_2007_ROK_2005_SURVEY,1006674,confirmed_occurrence,Anopheles sinensis,South Korea,Gyeonggi-do,MMAP_37.90517_126.73367,"Tongilchon, Paju",b+379_+1267,r183c1226,126.73366667,37.90516667,2005-07-14,2005,7,1,presence,41,Adult,"Adult, animal shed resting",not reported at record level,molecular_DNA_field_record,DNA; method detail not retained in layer,source_confirmed_molecular_ITS2,,detected; no non-detection inferred,public layer terms/reuse status require review,https://experience.arcgis.com/experience/5f95c3edfbea4634b8347fec0bd1dcd6,"ArcGIS MosquitoMap2 OBJECTID=1006674; raw source=2005 general survey; locality=Tongilchon, Paju; The 2005 survey publication reports ITS2 molecular confirmation; the service record exposes IdentificationMethod=DNA."
MMap:KS05-32:MMap8033,KIM_2007_ROK_2005_SURVEY,1006675,confirmed_occurrence,Anopheles sinensis,South Korea,Gyeonggi-do,MMAP_37.90517_126.73367,"Tongilchon, Paju",b+379_+1267,r183c1226,126.73366667,37.90516667,2005-07-21,2005,7,1,presence,44,Adult,"Adult, animal shed resting",not reported at record level,molecular_DNA_field_record,DNA; method detail not retained in layer,source_confirmed_molecular_ITS2,,detected; no non-detection inferred,public layer terms/reuse status require review,https://experience.arcgis.com/experience/5f95c3edfbea4634b8347fec0bd1dcd6,"ArcGIS MosquitoMap2 OBJECTID=1006675; raw source=2005 general survey; locality=Tongilchon, Paju; The 2005 survey publication reports ITS2 molecular confirmation; the service record exposes IdentificationMethod=DNA."
MMap:KS05-36:MMap8040,KIM_2007_ROK_2005_SURVEY,1006676,confirmed_occurrence,Anopheles sinensis,South Korea,Gyeonggi-do,MMAP_37.90517_126.73367,"Tongilchon, Paju",b+379_+1267,r183c1226,126.73366667,37.90516667,2005-07-29,2005,7,1,presence,52,Adult,"Adult, animal shed resting",not reported at record level,molecular_DNA_field_record,DNA; method detail not retained in layer,source_confirmed_molecular_ITS2,,detected; no non-detection inferred,public layer terms/reuse status require review,https://experience.arcgis.com/experience/5f95c3edfbea4634b8347fec0bd1dcd6,"ArcGIS MosquitoMap2 OBJECTID=1006676; raw source=2005 general survey; locality=Tongilchon, Paju; The 2005 survey publication reports ITS2 molecular confirmation; the service record exposes IdentificationMethod=DNA."
MMap:KS05-40:MMap8055,KIM_2007_ROK_2005_SURVEY,1006677,confirmed_occurrence,Anopheles sinensis,South Korea,Gyeonggi-do,MMAP_37.90517_126.73367,"Tongilchon, Paju",b+379_+1267,r183c1226,126.73366667,37.90516667,2005-08-04,2005,8,1,presence,53,Adult,"Adult, animal shed resting",not reported at record level,molecular_DNA_field_record,DNA; method detail not retained in layer,source_confirmed_molecular_ITS2,,detected; no non-detection inferred,public layer terms/reuse status require review,https://experience.arcgis.com/experience/5f95c3edfbea4634b8347fec0bd1dcd6,"ArcGIS MosquitoMap2 OBJECTID=1006677; raw source=2005 general survey; locality=Tongilchon, Paju; The 2005 survey publication reports ITS2 molecular confirmation; the service record exposes IdentificationMethod=DNA."
MMap:KS05-52:MMap8066,KIM_2007_ROK_2005_SURVEY,1006679,confirmed_occurrence,Anopheles sinensis,South Korea,Gyeonggi-do,MMAP_37.90517_126.73367,"Tongilchon, Paju",b+379_+1267,r183c1226,126.73366667,37.90516667,2005-08-10,2005,8,1,presence,44,Adult,"Adult, animal shed resting",not reported at record level,molecular_DNA_field_record,DNA; method detail not retained in layer,source_confirmed_molecular_ITS2,,detected; no non-detection inferred,public layer terms/reuse status require review,https://experience.arcgis.com/experience/5f95c3edfbea4634b8347fec0bd1dcd6,"ArcGIS MosquitoMap2 OBJECTID=1006679; raw source=2005 general survey; locality=Tongilchon, Paju; The 2005 survey publication reports ITS2 molecular confirmation; the service record exposes IdentificationMethod=DNA."
MMap:KS05-57:MMap8081,KIM_2007_ROK_2005_SURVEY,1006681,confirmed_occurrence,Anopheles sinensis,South Korea,Gyeonggi-do,MMAP_37.90517_126.73367,"Tongilchon, Paju",b+379_+1267,r183c1226,126.73366667,37.90516667,2005-08-19,2005,8,1,presence,17,Adult,"Adult, animal shed resting",not reported at record level,molecular_DNA_field_record,DNA; method detail not retained in layer,source_confirmed_molecular_ITS2,,detected; no non-detection inferred,public layer terms/reuse status require review,https://experience.arcgis.com/experience/5f95c3edfbea4634b8347fec0bd1dcd6,"ArcGIS MosquitoMap2 OBJECTID=1006681; raw source=2005 general survey; locality=Tongilchon, Paju; The 2005 survey publication reports ITS2 molecular confirmation; the service record exposes IdentificationMethod=DNA."
MMap:KS05-69:MMap8104,KIM_2007_ROK_2005_SURVEY,1006682,confirmed_occurrence,Anopheles sinensis,South Korea,Gyeonggi-do,MMAP_37.90517_126.73367,"Tongilchon, Paju",b+379_+1267,r183c1226,126.73366667,37.90516667,2005-08-25,2005,8,1,presence,47,Adult,"Adult, animal shed resting",not reported at record level,molecular_DNA_field_record,DNA; method detail not retained in layer,source_confirmed_molecular_ITS2,,detected; no non-detection inferred,public layer terms/reuse status require review,https://experience.arcgis.com/experience/5f95c3edfbea4634b8347fec0bd1dcd6,"ArcGIS MosquitoMap2 OBJECTID=1006682; raw source=2005 general survey; locality=Tongilchon, Paju; The 2005 survey publication reports ITS2 molecular confirmation; the service record exposes IdentificationMethod=DNA."
MMap:KS05-84:MMap8132,KIM_2007_ROK_2005_SURVEY,1006683,confirmed_occurrence,Anopheles sinensis,South Korea,Gyeonggi-do,MMAP_37.90517_126.73367,"Tongilchon, Paju",b+379_+1267,r183c1226,126.73366667,37.90516667,2005-09-02,2005,9,1,presence,40,Adult,"Adult, animal shed resting",not reported at record level,molecular_DNA_field_record,DNA; method detail not retained in layer,source_confirmed_molecular_ITS2,,detected; no non-detection inferred,public layer terms/reuse status require review,https://experience.arcgis.com/experience/5f95c3edfbea4634b8347fec0bd1dcd6,"ArcGIS MosquitoMap2 OBJECTID=1006683; raw source=2005 general survey; locality=Tongilchon, Paju; The 2005 survey publication reports ITS2 molecular confirmation; the service record exposes IdentificationMethod=DNA."
MMap:KS05-6:MMap8086,KIM_2007_ROK_2005_SURVEY,1006689,confirmed_occurrence,Anopheles sinensis,South Korea,Gyeonggi-do,MMAP_37.90802_126.73730,near Tongil bridge,b+379_+1267,r183c1226,126.73729722,37.90801944,2005-05-17,2005,5,1,presence,1,Larva,Larval collection,not reported at record level,molecular_DNA_field_record,DNA; method detail not retained in layer,source_confirmed_molecular_ITS2,,detected; no non-detection inferred,public layer terms/reuse status require review,https://experience.arcgis.com/experience/5f95c3edfbea4634b8347fec0bd1dcd6,ArcGIS MosquitoMap2 OBJECTID=1006689; raw source=2005 general survey; locality=near Tongil bridge; The 2005 survey publication reports ITS2 molecular confirmation; the service record exposes IdentificationMethod=DNA.
MMap:KS05-3:MMap8022,KIM_2007_ROK_2005_SURVEY,1006696,confirmed_occurrence,Anopheles sinensis,South Korea,Gyeonggi-do,MMAP_37.92204_126.74172,Near Warrior Base,b+379_+1267,r183c1226,126.74172222,37.92204167,2005-05-17,2005,5,1,presence,4,Larva,Larval collection,not reported at record level,molecular_DNA_field_record,DNA; method detail not retained in layer,source_confirmed_molecular_ITS2,,detected; no non-detection inferred,public layer terms/reuse status require review,https://experience.arcgis.com/experience/5f95c3edfbea4634b8347fec0bd1dcd6,ArcGIS MosquitoMap2 OBJECTID=1006696; raw source=2005 general survey; locality=Near Warrior Base; The 2005 survey publication reports ITS2 molecular confirmation; the service record exposes IdentificationMethod=DNA.
MMap:KS05-42:MMap8059,KIM_2007_ROK_2005_SURVEY,1006699,confirmed_occurrence,Anopheles sinensis,South Korea,Gyeonggi-do,MMAP_37.92309_127.08970,Near Pangyo,b+379_+1270,r183c1228,127.0897,37.92309167,2005-08-08,2005,8,1,presence,9,Larva,Larval collection,not reported at record level,molecular_DNA_field_record,DNA; method detail not retained in layer,source_confirmed_molecular_ITS2,,detected; no non-detection inferred,public layer terms/reuse status require review,https://experience.arcgis.com/experience/5f95c3edfbea4634b8347fec0bd1dcd6,ArcGIS MosquitoMap2 OBJECTID=1006699; raw source=2005 general survey; locality=Near Pangyo; The 2005 survey publication reports ITS2 molecular confirmation; the service record exposes IdentificationMethod=DNA.
MMap:KS05-43:MMap8061,KIM_2007_ROK_2005_SURVEY,1006705,confirmed_occurrence,Anopheles sinensis,South Korea,Gyeonggi-do,MMAP_37.93312_126.79560,Near Pangyo,b+379_+1267,r183c1227,126.7956,37.93311944,2005-08-08,2005,8,1,presence,7,Larva,Larval collection,not reported at record level,molecular_DNA_field_record,DNA; method detail not retained in layer,source_confirmed_molecular_ITS2,,detected; no non-detection inferred,public layer terms/reuse status require review,https://experience.arcgis.com/experience/5f95c3edfbea4634b8347fec0bd1dcd6,ArcGIS MosquitoMap2 OBJECTID=1006705; raw source=2005 general survey; locality=Near Pangyo; The 2005 survey publication reports ITS2 molecular confirmation; the service record exposes IdentificationMethod=DNA.
MMap:KS05-18:MMap7983,KIM_2007_ROK_2005_SURVEY,1006708,confirmed_occurrence,Anopheles sinensis,South Korea,Gyeonggi-do,MMAP_37.97792_126.94910,Neat LTA 130,b+379_+1269,r183c1227,126.9491,37.977925,2005-06-22,2005,6,1,presence,12,Larva,Larval collection,not reported at record level,molecular_DNA_field_record,DNA; method detail not retained in layer,source_confirmed_molecular_ITS2,,detected; no non-detection inferred,public layer terms/reuse status require review,https://experience.arcgis.com/experience/5f95c3edfbea4634b8347fec0bd1dcd6,ArcGIS MosquitoMap2 OBJECTID=1006708; raw source=2005 general survey; locality=Neat LTA 130; The 2005 survey publication reports ITS2 molecular confirmation; the service record exposes IdentificationMethod=DNA.
MMap:KS05-19:MMap7987,KIM_2007_ROK_2005_SURVEY,1006710,confirmed_occurrence,Anopheles sinensis,South Korea,Gyeonggi-do,MMAP_37.99222_126.98611,Janghyun-ri,b+379_+1269,r183c1227,126.98610833,37.992225,2005-06-22,2005,6,1,presence,18,Larva,Larval collection,not reported at record level,molecular_DNA_field_record,DNA; method detail not retained in layer,source_confirmed_molecular_ITS2,,detected; no non-detection inferred,public layer terms/reuse status require review,https://experience.arcgis.com/experience/5f95c3edfbea4634b8347fec0bd1dcd6,ArcGIS MosquitoMap2 OBJECTID=1006710; raw source=2005 general survey; locality=Janghyun-ri; The 2005 survey publication reports ITS2 molecular confirmation; the service record exposes IdentificationMethod=DNA.
MMap:KS05-88:MMap8140,KIM_2007_ROK_2005_SURVEY,1006712,confirmed_occurrence,Anopheles sinensis,South Korea,Gyeonggi-do,MMAP_38.01699_126.99102,Munsan area,b+380_+1269,r182c1227,126.99101944,38.01699167,2005-09-08,2005,9,1,presence,7,Larva,"Adult, animal shed resting",not reported at record level,molecular_DNA_field_record,DNA; method detail not retained in layer,source_confirmed_molecular_ITS2,,detected; no non-detection inferred,public layer terms/reuse status require review,https://experience.arcgis.com/experience/5f95c3edfbea4634b8347fec0bd1dcd6,ArcGIS MosquitoMap2 OBJECTID=1006712; raw source=2005 general survey; locality=Munsan area; The 2005 survey publication reports ITS2 molecular confirmation; the service record exposes IdentificationMethod=DNA.
MMap:KS05-89:MMap8142,KIM_2007_ROK_2005_SURVEY,1006713,confirmed_occurrence,Anopheles sinensis,South Korea,Gyeonggi-do,MMAP_38.01699_126.99102,Munsan area,b+380_+1269,r182c1227,126.99101944,38.01699167,2005-09-08,2005,9,1,presence,9,Larva,Larval collection,not reported at record level,molecular_DNA_field_record,DNA; method detail not retained in layer,source_confirmed_molecular_ITS2,,detected; no non-detection inferred,public layer terms/reuse status require review,https://experience.arcgis.com/experience/5f95c3edfbea4634b8347fec0bd1dcd6,ArcGIS MosquitoMap2 OBJECTID=1006713; raw source=2005 general survey; locality=Munsan area; The 2005 survey publication reports ITS2 molecular confirmation; the service record exposes IdentificationMethod=DNA.
MMap:KS05-95:MMap8156,KIM_2007_ROK_2005_SURVEY,1006720,confirmed_occurrence,Anopheles sinensis,South Korea,Gyeonggi-do,MMAP_38.04430_126.99399,Munsan area,b+380_+1269,r182c1227,126.99399167,38.04430278,2005-09-12,2005,9,1,presence,2,Larva,Larval collection,not reported at record level,molecular_DNA_field_record,DNA; method detail not retained in layer,source_confirmed_molecular_ITS2,,detected; no non-detection inferred,public layer terms/reuse status require review,https://experience.arcgis.com/experience/5f95c3edfbea4634b8347fec0bd1dcd6,ArcGIS MosquitoMap2 OBJECTID=1006720; raw source=2005 general survey; locality=Munsan area; The 2005 survey publication reports ITS2 molecular confirmation; the service record exposes IdentificationMethod=DNA.
MMap:KS05-98:MMap8165,KIM_2007_ROK_2005_SURVEY,1006721,confirmed_occurrence,Anopheles sinensis,South Korea,Gyeonggi-do,MMAP_38.04430_126.99399,Munsan area,b+380_+1269,r182c1227,126.99399167,38.04430278,2005-09-12,2005,9,1,presence,15,Larva,Larval collection,not reported at record level,molecular_DNA_field_record,DNA; method detail not retained in layer,source_confirmed_molecular_ITS2,,detected; no non-detection inferred,public layer terms/reuse status require review,https://experience.arcgis.com/experience/5f95c3edfbea4634b8347fec0bd1dcd6,ArcGIS MosquitoMap2 OBJECTID=1006721; raw source=2005 general survey; locality=Munsan area; The 2005 survey publication reports ITS2 molecular confirmation; the service record exposes IdentificationMethod=DNA.
MMap:KS05-90:MMap8150,KIM_2007_ROK_2005_SURVEY,1006723,confirmed_occurrence,Anopheles sinensis,South Korea,Gyeonggi-do,MMAP_38.04484_127.01256,Munsan area,b+380_+1270,r182c1228,127.01256111,38.04483611,2005-09-08,2005,9,1,presence,2,Larva,Larval collection,not reported at record level,molecular_DNA_field_record,DNA; method detail not retained in layer,source_confirmed_molecular_ITS2,,detected; no non-detection inferred,public layer terms/reuse status require review,https://experience.arcgis.com/experience/5f95c3edfbea4634b8347fec0bd1dcd6,ArcGIS MosquitoMap2 OBJECTID=1006723; raw source=2005 general survey; locality=Munsan area; The 2005 survey publication reports ITS2 molecular confirmation; the service record exposes IdentificationMethod=DNA.
MMap:KS05-92:MMap8153,KIM_2007_ROK_2005_SURVEY,1006724,confirmed_occurrence,Anopheles sinensis,South Korea,Gyeonggi-do,MMAP_38.04663_127.10816,Munsan area,b+380_+1271,r182c1228,127.10815556,38.04662778,2005-09-08,2005,9,1,presence,9,Larva,Larval collection,not reported at record level,molecular_DNA_field_record,DNA; method detail not retained in layer,source_confirmed_molecular_ITS2,,detected; no non-detection inferred,public layer terms/reuse status require review,https://experience.arcgis.com/experience/5f95c3edfbea4634b8347fec0bd1dcd6,ArcGIS MosquitoMap2 OBJECTID=1006724; raw source=2005 general survey; locality=Munsan area; The 2005 survey publication reports ITS2 molecular confirmation; the service record exposes IdentificationMethod=DNA.
MMap:KS05-16:MMap7974,KIM_2007_ROK_2005_SURVEY,1006726,confirmed_occurrence,Anopheles sinensis,South Korea,Gyeonggi-do,MMAP_38.06074_127.31845,Chapprarel,b+380_+1273,r182c1229,127.31845,38.06073889,2005-06-21,2005,6,1,presence,15,Larva,Larval collection,not reported at record level,molecular_DNA_field_record,DNA; method detail not retained in layer,source_confirmed_molecular_ITS2,,detected; no non-detection inferred,public layer terms/reuse status require review,https://experience.arcgis.com/experience/5f95c3edfbea4634b8347fec0bd1dcd6,ArcGIS MosquitoMap2 OBJECTID=1006726; raw source=2005 general survey; locality=Chapprarel; The 2005 survey publication reports ITS2 molecular confirmation; the service record exposes IdentificationMethod=DNA.
MMap:MMap:MMap7889,USFK_2005_INSTALLATION_SURVEY,1006563,confirmed_occurrence,Anopheles sinensis,South Korea,Gwangju Metropolitan City,MMAP_35.12422_126.80320,Gwangju AB,b+351_+1268,r194c1227,126.8032,35.12422222,,2005,,1,presence,619,,"Adult, with attraction traps",not reported at record level,molecular_DNA_field_record,DNA; method detail not retained in layer,molecular_DNA_layer_record_protocol_pending,,detected; no non-detection inferred,public layer terms/reuse status require review,https://experience.arcgis.com/experience/5f95c3edfbea4634b8347fec0bd1dcd6,ArcGIS MosquitoMap2 OBJECTID=1006563; raw source=USFK_Installation survey 2005; locality=Gwangju AB; The public layer reports IdentificationMethod=DNA; the underlying specimen protocol is not reproduced in the layer.
MMap:MMap:MMap7891,USFK_2005_INSTALLATION_SURVEY,1006569,confirmed_occurrence,Anopheles sinensis,South Korea,Jeollabuk-do,MMAP_35.90998_126.62283,Gunsan Air Base,b+359_+1266,,126.622825,35.90998333,,2005,,1,presence,22,,"Adult, with attraction traps",not reported at record level,molecular_DNA_field_record,DNA; method detail not retained in layer,molecular_DNA_layer_record_protocol_pending,,detected; no non-detection inferred,public layer terms/reuse status require review,https://experience.arcgis.com/experience/5f95c3edfbea4634b8347fec0bd1dcd6,ArcGIS MosquitoMap2 OBJECTID=1006569; raw source=USFK_Installation survey 2005; locality=Gunsan Air Base; The public layer reports IdentificationMethod=DNA; the underlying specimen protocol is not reproduced in the layer. Point did not intersect the supplied 0.25-degree grid.
MMap:MMap:MMap7892,USFK_2005_INSTALLATION_SURVEY,1006570,confirmed_occurrence,Anopheles sinensis,South Korea,Gyeongsangbuk-do,MMAP_35.99608_128.41408,CAMP CARROLL,b+359_+1284,r191c1233,128.41408056,35.99608056,,2005,,1,presence,62,,"Adult, with attraction traps",not reported at record level,molecular_DNA_field_record,DNA; method detail not retained in layer,molecular_DNA_layer_record_protocol_pending,,detected; no non-detection inferred,public layer terms/reuse status require review,https://experience.arcgis.com/experience/5f95c3edfbea4634b8347fec0bd1dcd6,ArcGIS MosquitoMap2 OBJECTID=1006570; raw source=USFK_Installation survey 2005; locality=CAMP CARROLL; The public layer reports IdentificationMethod=DNA; the underlying specimen protocol is not reproduced in the layer.
MMap:MMap:MMap7896,USFK_2005_INSTALLATION_SURVEY,1006579,confirmed_occurrence,Anopheles sinensis,South Korea,Gyeonggi-do,MMAP_36.95795_127.03031,CAMP HUMPHREYS,b+369_+1270,r187c1228,127.03030556,36.95795278,,2005,,1,presence,467,,"Adult, with attraction traps",not reported at record level,molecular_DNA_field_record,DNA; method detail not retained in layer,molecular_DNA_layer_record_protocol_pending,,detected; no non-detection inferred,public layer terms/reuse status require review,https://experience.arcgis.com/experience/5f95c3edfbea4634b8347fec0bd1dcd6,ArcGIS MosquitoMap2 OBJECTID=1006579; raw source=USFK_Installation survey 2005; locality=CAMP HUMPHREYS; The public layer reports IdentificationMethod=DNA; the underlying specimen protocol is not reproduced in the layer.
MMap:MMap:MMap7900,USFK_2005_INSTALLATION_SURVEY,1006586,confirmed_occurrence,Anopheles sinensis,South Korea,Gangwon-do,MMAP_37.39079_127.95293,CAMP LONG,b+373_+1279,r185c1231,127.95293056,37.39078611,,2005,,1,presence,16,,"Adult, with attraction traps",not reported at record level,molecular_DNA_field_record,DNA; method detail not retained in layer,molecular_DNA_layer_record_protocol_pending,,detected; no non-detection inferred,public layer terms/reuse status require review,https://experience.arcgis.com/experience/5f95c3edfbea4634b8347fec0bd1dcd6,ArcGIS MosquitoMap2 OBJECTID=1006586; raw source=USFK_Installation survey 2005; locality=CAMP LONG; The public layer reports IdentificationMethod=DNA; the underlying specimen protocol is not reproduced in the layer.
MMap:MMap:MMap7904,USFK_2005_INSTALLATION_SURVEY,1006590,confirmed_occurrence,Anopheles sinensis,South Korea,Gangwon-do,MMAP_37.45056_127.97342,CAMP EAGLE,b+374_+1279,r185c1231,127.97341667,37.45055833,,2005,,1,presence,29,,"Adult, with attraction traps",not reported at record level,molecular_DNA_field_record,DNA; method detail not retained in layer,molecular_DNA_layer_record_protocol_pending,,detected; no non-detection inferred,public layer terms/reuse status require review,https://experience.arcgis.com/experience/5f95c3edfbea4634b8347fec0bd1dcd6,ArcGIS MosquitoMap2 OBJECTID=1006590; raw source=USFK_Installation survey 2005; locality=CAMP EAGLE; The public layer reports IdentificationMethod=DNA; the underlying specimen protocol is not reproduced in the layer.
MMap:MMap:MMap7908,USFK_2005_INSTALLATION_SURVEY,1006693,confirmed_occurrence,Anopheles sinensis,South Korea,Gyeonggi-do,MMAP_37.91911_126.74159,Camp Warrior Base,b+379_+1267,r183c1226,126.74159444,37.91911111,,2005,,1,presence,24,,"Adult, with attraction traps",not reported at record level,molecular_DNA_field_record,DNA; method detail not retained in layer,molecular_DNA_layer_record_protocol_pending,,detected; no non-detection inferred,public layer terms/reuse status require review,https://experience.arcgis.com/experience/5f95c3edfbea4634b8347fec0bd1dcd6,ArcGIS MosquitoMap2 OBJECTID=1006693; raw source=USFK_Installation survey 2005; locality=Camp Warrior Base; The public layer reports IdentificationMethod=DNA; the underlying specimen protocol is not reproduced in the layer.
MMap:MMap:MMap7913,USFK_2005_INSTALLATION_SURVEY,1006704,confirmed_occurrence,Anopheles sinensis,South Korea,Gyeonggi-do,MMAP_37.93156_126.72362,Camp Bonifas,b+379_+1267,r183c1226,126.72361667,37.93155556,,2005,,1,presence,7,,"Adult, with attraction traps",not reported at record level,molecular_DNA_field_record,DNA; method detail not retained in layer,molecular_DNA_layer_record_protocol_pending,,detected; no non-detection inferred,public layer terms/reuse status require review,https://experience.arcgis.com/experience/5f95c3edfbea4634b8347fec0bd1dcd6,ArcGIS MosquitoMap2 OBJECTID=1006704; raw source=USFK_Installation survey 2005; locality=Camp Bonifas; The public layer reports IdentificationMethod=DNA; the underlying specimen protocol is not reproduced in the layer.
MMap:MMap:MMap7918,USFK_2005_INSTALLATION_SURVEY,1006718,confirmed_occurrence,Anopheles sinensis,South Korea,Gyeonggi-do,MMAP_38.03663_127.23071,KTC (Rodrigquez Range),b+380_+1272,r182c1228,127.23070833,38.036625,,2005,,1,presence,37,,"Adult, with attraction traps",not reported at record level,molecular_DNA_field_record,DNA; method detail not retained in layer,molecular_DNA_layer_record_protocol_pending,,detected; no non-detection inferred,public layer terms/reuse status require review,https://experience.arcgis.com/experience/5f95c3edfbea4634b8347fec0bd1dcd6,ArcGIS MosquitoMap2 OBJECTID=1006718; raw source=USFK_Installation survey 2005; locality=KTC (Rodrigquez Range); The public layer reports IdentificationMethod=DNA; the underlying specimen protocol is not reproduced in the layer.
MMap:KSK-4:MMap8365,KLEIN_2006_FIELD_COLLECTION,1006745,confirmed_occurrence,Anopheles sinensis,South Korea,Jeollanam-do,MMAP_34.77311_126.64078,Yeongam,b+347_+1266,r195c1226,126.64077778,34.77311111,,2006,5,1,presence,2,Larva,Larval collection,not reported at record level,molecular_DNA_field_record,DNA; method detail not retained in layer,molecular_DNA_layer_record_protocol_pending,,detected; no non-detection inferred,public layer terms/reuse status require review,https://experience.arcgis.com/experience/5f95c3edfbea4634b8347fec0bd1dcd6,ArcGIS MosquitoMap2 OBJECTID=1006745; raw source=Klein et al. field collection 2006; locality=Yeongam; The public layer reports IdentificationMethod=DNA; the underlying specimen protocol is not reproduced in the layer.
MMap:KSK-7:MMap8436,KLEIN_2006_FIELD_COLLECTION,1006746,confirmed_occurrence,Anopheles sinensis,South Korea,Jeollanam-do,MMAP_34.89625_126.98844,Hwasoon,b+348_+1269,r195c1227,126.98844444,34.89625,,2006,5,1,presence,9,Larva,Larval collection,not reported at record level,molecular_DNA_field_record,DNA; method detail not retained in layer,molecular_DNA_layer_record_protocol_pending,,detected; no non-detection inferred,public layer terms/reuse status require review,https://experience.arcgis.com/experience/5f95c3edfbea4634b8347fec0bd1dcd6,ArcGIS MosquitoMap2 OBJECTID=1006746; raw source=Klein et al. field collection 2006; locality=Hwasoon; The public layer reports IdentificationMethod=DNA; the underlying specimen protocol is not reproduced in the layer.
MMap:KSK-6:MMap8420,KLEIN_2006_FIELD_COLLECTION,1006747,confirmed_occurrence,Anopheles sinensis,South Korea,Jeollanam-do,MMAP_34.96697_126.96183,Hwasoon,b+349_+1269,r195c1227,126.96183333,34.96697222,,2006,5,1,presence,8,Larva,Larval collection,not reported at record level,molecular_DNA_field_record,DNA; method detail not retained in layer,molecular_DNA_layer_record_protocol_pending,,detected; no non-detection inferred,public layer terms/reuse status require review,https://experience.arcgis.com/experience/5f95c3edfbea4634b8347fec0bd1dcd6,ArcGIS MosquitoMap2 OBJECTID=1006747; raw source=Klein et al. field collection 2006; locality=Hwasoon; The public layer reports IdentificationMethod=DNA; the underlying specimen protocol is not reproduced in the layer.
MMap:KSK-5:MMap8389,KLEIN_2006_FIELD_COLLECTION,1006748,confirmed_occurrence,Anopheles sinensis,South Korea,Jeollanam-do,MMAP_35.01586_126.95300,Hwasoon,b+350_+1269,r194c1227,126.953,35.01586111,,2006,5,1,presence,37,Larva,Larval collection,not reported at record level,molecular_DNA_field_record,DNA; method detail not retained in layer,molecular_DNA_layer_record_protocol_pending,,detected; no non-detection inferred,public layer terms/reuse status require review,https://experience.arcgis.com/experience/5f95c3edfbea4634b8347fec0bd1dcd6,ArcGIS MosquitoMap2 OBJECTID=1006748; raw source=Klein et al. field collection 2006; locality=Hwasoon; The public layer reports IdentificationMethod=DNA; the underlying specimen protocol is not reproduced in the layer.
MMap:KSK-19:MMap8293,KLEIN_2006_FIELD_COLLECTION,1006755,confirmed_occurrence,Anopheles sinensis,South Korea,Gyeongsangbuk-do,MMAP_35.80222_129.24178,Gyeongju,b+358_+1292,r191c1236,129.24177778,35.80222222,,2006,5,1,presence,17,Larva,Larval collection,not reported at record level,molecular_DNA_field_record,DNA; method detail not retained in layer,molecular_DNA_layer_record_protocol_pending,,detected; no non-detection inferred,public layer terms/reuse status require review,https://experience.arcgis.com/experience/5f95c3edfbea4634b8347fec0bd1dcd6,ArcGIS MosquitoMap2 OBJECTID=1006755; raw source=Klein et al. field collection 2006; locality=Gyeongju; The public layer reports IdentificationMethod=DNA; the underlying specimen protocol is not reproduced in the layer.
MMap:KSK-20:MMap8299,KLEIN_2006_FIELD_COLLECTION,1006760,confirmed_occurrence,Anopheles sinensis,South Korea,Gyeongsangbuk-do,MMAP_35.81914_129.24128,Gyeongju,b+358_+1292,r191c1236,129.24127778,35.81913889,,2006,5,1,presence,5,Larva,Larval collection,not reported at record level,molecular_DNA_field_record,DNA; method detail not retained in layer,molecular_DNA_layer_record_protocol_pending,,detected; no non-detection inferred,public layer terms/reuse status require review,https://experience.arcgis.com/experience/5f95c3edfbea4634b8347fec0bd1dcd6,ArcGIS MosquitoMap2 OBJECTID=1006760; raw source=Klein et al. field collection 2006; locality=Gyeongju; The public layer reports IdentificationMethod=DNA; the underlying specimen protocol is not reproduced in the layer.
MMap:KSK-21:MMap8300,KLEIN_2006_FIELD_COLLECTION,1006762,confirmed_occurrence,Anopheles sinensis,South Korea,Gyeongsangbuk-do,MMAP_35.93178_128.85197,Gyeongju,b+359_+1288,r191c1235,128.85197222,35.93177778,,2006,5,1,presence,55,Larva,Larval collection,not reported at record level,molecular_DNA_field_record,DNA; method detail not retained in layer,molecular_DNA_layer_record_protocol_pending,,detected; no non-detection inferred,public layer terms/reuse status require review,https://experience.arcgis.com/experience/5f95c3edfbea4634b8347fec0bd1dcd6,ArcGIS MosquitoMap2 OBJECTID=1006762; raw source=Klein et al. field collection 2006; locality=Gyeongju; The public layer reports IdentificationMethod=DNA; the underlying specimen protocol is not reproduced in the layer.
MMap:KSK-9:MMap8446,KLEIN_2006_FIELD_COLLECTION,1006764,confirmed_occurrence,Anopheles sinensis,South Korea,Jeollabuk-do,MMAP_35.99931_127.09922,Iksan,b+359_+1270,r191c1228,127.09922222,35.99930556,,2006,5,1,presence,10,Larva,Larval collection,not reported at record level,molecular_DNA_field_record,DNA; method detail not retained in layer,molecular_DNA_layer_record_protocol_pending,,detected; no non-detection inferred,public layer terms/reuse status require review,https://experience.arcgis.com/experience/5f95c3edfbea4634b8347fec0bd1dcd6,ArcGIS MosquitoMap2 OBJECTID=1006764; raw source=Klein et al. field collection 2006; locality=Iksan; The public layer reports IdentificationMethod=DNA; the underlying specimen protocol is not reproduced in the layer.
MMap:KSK-22:MMap8301,KLEIN_2006_FIELD_COLLECTION,1006844,confirmed_occurrence,Anopheles sinensis,South Korea,Gyeongsangbuk-do,MMAP_36.16200_128.17736,Gimcheon,b+361_+1281,r190c1232,128.17736111,36.162,,2006,5,1,presence,45,Larva,Larval collection,not reported at record level,molecular_DNA_field_record,DNA; method detail not retained in layer,molecular_DNA_layer_record_protocol_pending,,detected; no non-detection inferred,public layer terms/reuse status require review,https://experience.arcgis.com/experience/5f95c3edfbea4634b8347fec0bd1dcd6,ArcGIS MosquitoMap2 OBJECTID=1006844; raw source=Klein et al. field collection 2006; locality=Gimcheon; The public layer reports IdentificationMethod=DNA; the underlying specimen protocol is not reproduced in the layer.
MMap:KSK-65:MMap8428,KLEIN_2006_FIELD_COLLECTION,1006771,confirmed_occurrence,Anopheles sinensis,South Korea,Gyeongsangbuk-do,MMAP_36.43581_128.12931,Sangju,b+364_+1281,r189c1232,128.12930556,36.43580556,,2006,10,1,presence,38,Larva,Larval collection,not reported at record level,molecular_DNA_field_record,DNA; method detail not retained in layer,molecular_DNA_layer_record_protocol_pending,,detected; no non-detection inferred,public layer terms/reuse status require review,https://experience.arcgis.com/experience/5f95c3edfbea4634b8347fec0bd1dcd6,ArcGIS MosquitoMap2 OBJECTID=1006771; raw source=Klein et al. field collection 2006; locality=Sangju; The public layer reports IdentificationMethod=DNA; the underlying specimen protocol is not reproduced in the layer.
MMap:KSK-66:MMap8429,KLEIN_2006_FIELD_COLLECTION,1006772,confirmed_occurrence,Anopheles sinensis,South Korea,Gyeongsangbuk-do,MMAP_36.43581_128.12931,Sangju,b+364_+1281,r189c1232,128.12930556,36.43580556,,2006,10,1,presence,39,Larva,Larval collection,not reported at record level,molecular_DNA_field_record,DNA; method detail not retained in layer,molecular_DNA_layer_record_protocol_pending,,detected; no non-detection inferred,public layer terms/reuse status require review,https://experience.arcgis.com/experience/5f95c3edfbea4634b8347fec0bd1dcd6,ArcGIS MosquitoMap2 OBJECTID=1006772; raw source=Klein et al. field collection 2006; locality=Sangju; The public layer reports IdentificationMethod=DNA; the underlying specimen protocol is not reproduced in the layer.
MMap:KSK-67:MMap8432,KLEIN_2006_FIELD_COLLECTION,1006773,confirmed_occurrence,Anopheles sinensis,South Korea,Gyeongsangbuk-do,MMAP_36.43581_128.12931,Sangju,b+364_+1281,r189c1232,128.12930556,36.43580556,,2006,10,1,presence,42,Larva,Larval collection,not reported at record level,molecular_DNA_field_record,DNA; method detail not retained in layer,molecular_DNA_layer_record_protocol_pending,,detected; no non-detection inferred,public layer terms/reuse status require review,https://experience.arcgis.com/experience/5f95c3edfbea4634b8347fec0bd1dcd6,ArcGIS MosquitoMap2 OBJECTID=1006773; raw source=Klein et al. field collection 2006; locality=Sangju; The public layer reports IdentificationMethod=DNA; the underlying specimen protocol is not reproduced in the layer.
MMap:KSK-70:MMap8438,KLEIN_2006_FIELD_COLLECTION,1006768,confirmed_occurrence,Anopheles sinensis,South Korea,Gyeongsangbuk-do,MMAP_36.44167_127.88678,Sangju,b+364_+1278,r189c1231,127.88677778,36.44166667,,2006,10,1,presence,19,Larva,Larval collection,not reported at record level,molecular_DNA_field_record,DNA; method detail not retained in layer,molecular_DNA_layer_record_protocol_pending,,detected; no non-detection inferred,public layer terms/reuse status require review,https://experience.arcgis.com/experience/5f95c3edfbea4634b8347fec0bd1dcd6,ArcGIS MosquitoMap2 OBJECTID=1006768; raw source=Klein et al. field collection 2006; locality=Sangju; The public layer reports IdentificationMethod=DNA; the underlying specimen protocol is not reproduced in the layer.
MMap:KSK-57:MMap8414,KLEIN_2006_FIELD_COLLECTION,1006776,confirmed_occurrence,Anopheles sinensis,South Korea,Chungcheongbuk-do,MMAP_36.46786_128.21264,Jaecheon,b+364_+1282,r189c1232,128.21263889,36.46786111,,2006,10,1,presence,8,Larva,Larval collection,not reported at record level,molecular_DNA_field_record,DNA; method detail not retained in layer,molecular_DNA_layer_record_protocol_pending,,detected; no non-detection inferred,public layer terms/reuse status require review,https://experience.arcgis.com/experience/5f95c3edfbea4634b8347fec0bd1dcd6,ArcGIS MosquitoMap2 OBJECTID=1006776; raw source=Klein et al. field collection 2006; locality=Jaecheon; The public layer reports IdentificationMethod=DNA; the underlying specimen protocol is not reproduced in the layer.
MMap:KSK-62:MMap8425,KLEIN_2006_FIELD_COLLECTION,1006777,confirmed_occurrence,Anopheles sinensis,South Korea,Gyeongsangbuk-do,MMAP_36.46786_128.21264,Yaecheon,b+364_+1282,r189c1232,128.21263889,36.46786111,,2006,10,1,presence,54,Larva,Larval collection,not reported at record level,molecular_DNA_field_record,DNA; method detail not retained in layer,molecular_DNA_layer_record_protocol_pending,,detected; no non-detection inferred,public layer terms/reuse status require review,https://experience.arcgis.com/experience/5f95c3edfbea4634b8347fec0bd1dcd6,ArcGIS MosquitoMap2 OBJECTID=1006777; raw source=Klein et al. field collection 2006; locality=Yaecheon; The public layer reports IdentificationMethod=DNA; the underlying specimen protocol is not reproduced in the layer.
MMap:KSK-68:MMap8434,KLEIN_2006_FIELD_COLLECTION,1006781,confirmed_occurrence,Anopheles sinensis,South Korea,Gyeongsangbuk-do,MMAP_36.47881_128.00450,Sangju,b+364_+1280,r189c1232,128.0045,36.47880556,,2006,10,1,presence,3,Larva,Larval collection,not reported at record level,molecular_DNA_field_record,DNA; method detail not retained in layer,molecular_DNA_layer_record_protocol_pending,,detected; no non-detection inferred,public layer terms/reuse status require review,https://experience.arcgis.com/experience/5f95c3edfbea4634b8347fec0bd1dcd6,ArcGIS MosquitoMap2 OBJECTID=1006781; raw source=Klein et al. field collection 2006; locality=Sangju; The public layer reports IdentificationMethod=DNA; the underlying specimen protocol is not reproduced in the layer.
MMap:KSK-60:MMap8422,KLEIN_2006_FIELD_COLLECTION,1006784,confirmed_occurrence,Anopheles sinensis,South Korea,Gyeongsangbuk-do,MMAP_36.53678_128.31144,Mungyeong,b+365_+1283,r188c1233,128.31144444,36.53677778,,2006,10,1,presence,28,Larva,Larval collection,not reported at record level,molecular_DNA_field_record,DNA; method detail not retained in layer,molecular_DNA_layer_record_protocol_pending,,detected; no non-detection inferred,public layer terms/reuse status require review,https://experience.arcgis.com/experience/5f95c3edfbea4634b8347fec0bd1dcd6,ArcGIS MosquitoMap2 OBJECTID=1006784; raw source=Klein et al. field collection 2006; locality=Mungyeong; The public layer reports IdentificationMethod=DNA; the underlying specimen protocol is not reproduced in the layer.
MMap:KSK-61:MMap8424,KLEIN_2006_FIELD_COLLECTION,1006785,confirmed_occurrence,Anopheles sinensis,South Korea,Gyeongsangbuk-do,MMAP_36.53678_128.31144,Mungyeong,b+365_+1283,r188c1233,128.31144444,36.53677778,,2006,10,1,presence,40,Larva,Larval collection,not reported at record level,molecular_DNA_field_record,DNA; method detail not retained in layer,molecular_DNA_layer_record_protocol_pending,,detected; no non-detection inferred,public layer terms/reuse status require review,https://experience.arcgis.com/experience/5f95c3edfbea4634b8347fec0bd1dcd6,ArcGIS MosquitoMap2 OBJECTID=1006785; raw source=Klein et al. field collection 2006; locality=Mungyeong; The public layer reports IdentificationMethod=DNA; the underlying specimen protocol is not reproduced in the layer.
MMap:KSK-71:MMap8439,KLEIN_2006_FIELD_COLLECTION,1006786,confirmed_occurrence,Anopheles sinensis,South Korea,Chungcheongbuk-do,MMAP_36.53906_127.67419,Boeun,b+365_+1276,r188c1230,127.67419444,36.53905556,,2006,10,1,presence,33,Larva,Larval collection,not reported at record level,molecular_DNA_field_record,DNA; method detail not retained in layer,molecular_DNA_layer_record_protocol_pending,,detected; no non-detection inferred,public layer terms/reuse status require review,https://experience.arcgis.com/experience/5f95c3edfbea4634b8347fec0bd1dcd6,ArcGIS MosquitoMap2 OBJECTID=1006786; raw source=Klein et al. field collection 2006; locality=Boeun; The public layer reports IdentificationMethod=DNA; the underlying specimen protocol is not reproduced in the layer.
MMap:KSK-18:MMap8288,KLEIN_2006_FIELD_COLLECTION,1006789,confirmed_occurrence,Anopheles sinensis,South Korea,Gyeongsangbuk-do,MMAP_36.54125_129.37517,Uljin,b+365_+1293,r188c1237,129.37516667,36.54125,,2006,5,1,presence,11,Larva,Larval collection,not reported at record level,molecular_DNA_field_record,DNA; method detail not retained in layer,molecular_DNA_layer_record_protocol_pending,,detected; no non-detection inferred,public layer terms/reuse status require review,https://experience.arcgis.com/experience/5f95c3edfbea4634b8347fec0bd1dcd6,ArcGIS MosquitoMap2 OBJECTID=1006789; raw source=Klein et al. field collection 2006; locality=Uljin; The public layer reports IdentificationMethod=DNA; the underlying specimen protocol is not reproduced in the layer.
MMap:KSK-59:MMap8419,KLEIN_2006_FIELD_COLLECTION,1006792,confirmed_occurrence,Anopheles sinensis,South Korea,Gyeongsangbuk-do,MMAP_36.55658_128.19664,Mungyeong,b+365_+1281,r188c1232,128.19663889,36.55658333,,2006,10,1,presence,80,Larva,Larval collection,not reported at record level,molecular_DNA_field_record,DNA; method detail not retained in layer,molecular_DNA_layer_record_protocol_pending,,detected; no non-detection inferred,public layer terms/reuse status require review,https://experience.arcgis.com/experience/5f95c3edfbea4634b8347fec0bd1dcd6,ArcGIS MosquitoMap2 OBJECTID=1006792; raw source=Klein et al. field collection 2006; locality=Mungyeong; The public layer reports IdentificationMethod=DNA; the underlying specimen protocol is not reproduced in the layer.
MMap:KSK-73:MMap8441,KLEIN_2006_FIELD_COLLECTION,1006793,confirmed_occurrence,Anopheles sinensis,South Korea,Chungcheongbuk-do,MMAP_36.55976_127.65125,Boeun,b+365_+1276,r188c1230,127.65125,36.55976111,,2006,10,1,presence,12,Larva,Larval collection,not reported at record level,molecular_DNA_field_record,DNA; method detail not retained in layer,molecular_DNA_layer_record_protocol_pending,,detected; no non-detection inferred,public layer terms/reuse status require review,https://experience.arcgis.com/experience/5f95c3edfbea4634b8347fec0bd1dcd6,ArcGIS MosquitoMap2 OBJECTID=1006793; raw source=Klein et al. field collection 2006; locality=Boeun; The public layer reports IdentificationMethod=DNA; the underlying specimen protocol is not reproduced in the layer.
MMap:KSK-72:MMap8440,KLEIN_2006_FIELD_COLLECTION,1006794,confirmed_occurrence,Anopheles sinensis,South Korea,Chungcheongbuk-do,MMAP_36.56111_127.65186,Boeun,b+365_+1276,r188c1230,127.65186111,36.56111111,,2006,10,1,presence,28,Larva,Larval collection,not reported at record level,molecular_DNA_field_record,DNA; method detail not retained in layer,molecular_DNA_layer_record_protocol_pending,,detected; no non-detection inferred,public layer terms/reuse status require review,https://experience.arcgis.com/experience/5f95c3edfbea4634b8347fec0bd1dcd6,ArcGIS MosquitoMap2 OBJECTID=1006794; raw source=Klein et al. field collection 2006; locality=Boeun; The public layer reports IdentificationMethod=DNA; the underlying specimen protocol is not reproduced in the layer.
MMap:KSK-17:MMap8284,KLEIN_2006_FIELD_COLLECTION,1006796,confirmed_occurrence,Anopheles sinensis,South Korea,Gyeongsangbuk-do,MMAP_36.76947_129.46200,Uljin,b+367_+1294,r187c1237,129.462,36.76947222,,2006,5,1,presence,2,Larva,Larval collection,not reported at record level,molecular_DNA_field_record,DNA; method detail not retained in layer,molecular_DNA_layer_record_protocol_pending,,detected; no non-detection inferred,public layer terms/reuse status require review,https://experience.arcgis.com/experience/5f95c3edfbea4634b8347fec0bd1dcd6,ArcGIS MosquitoMap2 OBJECTID=1006796; raw source=Klein et al. field collection 2006; locality=Uljin; The public layer reports IdentificationMethod=DNA; the underlying specimen protocol is not reproduced in the layer.
MMap:KSK-75:MMap8444,KLEIN_2006_FIELD_COLLECTION,1006799,confirmed_occurrence,Anopheles sinensis,South Korea,Chungcheongbuk-do,MMAP_36.77192_127.62317,Jeungpyeong,b+367_+1276,r187c1230,127.62316667,36.77191944,,2006,10,1,presence,3,Larva,Larval collection,not reported at record level,molecular_DNA_field_record,DNA; method detail not retained in layer,molecular_DNA_layer_record_protocol_pending,,detected; no non-detection inferred,public layer terms/reuse status require review,https://experience.arcgis.com/experience/5f95c3edfbea4634b8347fec0bd1dcd6,ArcGIS MosquitoMap2 OBJECTID=1006799; raw source=Klein et al. field collection 2006; locality=Jeungpyeong; The public layer reports IdentificationMethod=DNA; the underlying specimen protocol is not reproduced in the layer.
MMap:KSK-74:MMap8442,KLEIN_2006_FIELD_COLLECTION,1006800,confirmed_occurrence,Anopheles sinensis,South Korea,Chungcheongbuk-do,MMAP_36.77409_127.63681,Jeungpyeong,b+367_+1276,r187c1230,127.63680556,36.77409444,,2006,10,1,presence,67,Larva,Larval collection,not reported at record level,molecular_DNA_field_record,DNA; method detail not retained in layer,molecular_DNA_layer_record_protocol_pending,,detected; no non-detection inferred,public layer terms/reuse status require review,https://experience.arcgis.com/experience/5f95c3edfbea4634b8347fec0bd1dcd6,ArcGIS MosquitoMap2 OBJECTID=1006800; raw source=Klein et al. field collection 2006; locality=Jeungpyeong; The public layer reports IdentificationMethod=DNA; the underlying specimen protocol is not reproduced in the layer.
MMap:KSK-16:MMap8281,KLEIN_2006_FIELD_COLLECTION,1007114,confirmed_occurrence,Anopheles sinensis,South Korea,Gyeongsangbuk-do,MMAP_36.82447_129.43772,Uljin,b+368_+1294,r187c1237,129.43772222,36.82447222,,2006,5,1,presence,17,Larva,Larval collection,not reported at record level,molecular_DNA_field_record,DNA; method detail not retained in layer,molecular_DNA_layer_record_protocol_pending,,detected; no non-detection inferred,public layer terms/reuse status require review,https://experience.arcgis.com/experience/5f95c3edfbea4634b8347fec0bd1dcd6,ArcGIS MosquitoMap2 OBJECTID=1007114; raw source=Klein et al. field collection 2006; locality=Uljin; The public layer reports IdentificationMethod=DNA; the underlying specimen protocol is not reproduced in the layer.
MMap:KSK-56:MMap8412,KLEIN_2006_FIELD_COLLECTION,1006801,confirmed_occurrence,Anopheles sinensis,South Korea,Chungcheongbuk-do,MMAP_36.89892_128.00219,Chungju,b+368_+1280,r187c1232,128.00219444,36.89891667,,2006,10,1,presence,50,Larva,Larval collection,not reported at record level,molecular_DNA_field_record,DNA; method detail not retained in layer,molecular_DNA_layer_record_protocol_pending,,detected; no non-detection inferred,public layer terms/reuse status require review,https://experience.arcgis.com/experience/5f95c3edfbea4634b8347fec0bd1dcd6,ArcGIS MosquitoMap2 OBJECTID=1006801; raw source=Klein et al. field collection 2006; locality=Chungju; The public layer reports IdentificationMethod=DNA; the underlying specimen protocol is not reproduced in the layer.
MMap:KSK-15:MMap8278,KLEIN_2006_FIELD_COLLECTION,1006805,confirmed_occurrence,Anopheles sinensis,South Korea,Gyeongsangbuk-do,MMAP_36.90150_129.39436,Uljin,b+369_+1293,r187c1237,129.39436111,36.9015,,2006,5,1,presence,28,Larva,Larval collection,not reported at record level,molecular_DNA_field_record,DNA; method detail not retained in layer,molecular_DNA_layer_record_protocol_pending,,detected; no non-detection inferred,public layer terms/reuse status require review,https://experience.arcgis.com/experience/5f95c3edfbea4634b8347fec0bd1dcd6,ArcGIS MosquitoMap2 OBJECTID=1006805; raw source=Klein et al. field collection 2006; locality=Uljin; The public layer reports IdentificationMethod=DNA; the underlying specimen protocol is not reproduced in the layer.
MMap:KSK-55A:MMap8409,KLEIN_2006_FIELD_COLLECTION,1006808,confirmed_occurrence,Anopheles sinensis,South Korea,Chungcheongbuk-do,MMAP_36.91592_128.94711,Chungju,b+369_+1289,r187c1235,128.94711111,36.91591667,,2006,10,1,presence,39,Larva,Larval collection,not reported at record level,molecular_DNA_field_record,DNA; method detail not retained in layer,molecular_DNA_layer_record_protocol_pending,,detected; no non-detection inferred,public layer terms/reuse status require review,https://experience.arcgis.com/experience/5f95c3edfbea4634b8347fec0bd1dcd6,ArcGIS MosquitoMap2 OBJECTID=1006808; raw source=Klein et al. field collection 2006; locality=Chungju; The public layer reports IdentificationMethod=DNA; the underlying specimen protocol is not reproduced in the layer.
MMap:KSK-55B:MMap8411,KLEIN_2006_FIELD_COLLECTION,1006809,confirmed_occurrence,Anopheles sinensis,South Korea,Chungcheongbuk-do,MMAP_36.91592_128.94711,Chungju,b+369_+1289,r187c1235,128.94711111,36.91591667,,2006,10,1,presence,54,Larva,Larval collection,not reported at record level,molecular_DNA_field_record,DNA; method detail not retained in layer,molecular_DNA_layer_record_protocol_pending,,detected; no non-detection inferred,public layer terms/reuse status require review,https://experience.arcgis.com/experience/5f95c3edfbea4634b8347fec0bd1dcd6,ArcGIS MosquitoMap2 OBJECTID=1006809; raw source=Klein et al. field collection 2006; locality=Chungju; The public layer reports IdentificationMethod=DNA; the underlying specimen protocol is not reproduced in the layer.
MMap:KSK-58:MMap8416,KLEIN_2006_FIELD_COLLECTION,1006811,confirmed_occurrence,Anopheles sinensis,South Korea,Chungcheongbuk-do,MMAP_36.92800_128.13942,Jaecheon,b+369_+1281,r187c1232,128.13941667,36.928,,2006,10,1,presence,4,Larva,Larval collection,not reported at record level,molecular_DNA_field_record,DNA; method detail not retained in layer,molecular_DNA_layer_record_protocol_pending,,detected; no non-detection inferred,public layer terms/reuse status require review,https://experience.arcgis.com/experience/5f95c3edfbea4634b8347fec0bd1dcd6,ArcGIS MosquitoMap2 OBJECTID=1006811; raw source=Klein et al. field collection 2006; locality=Jaecheon; The public layer reports IdentificationMethod=DNA; the underlying specimen protocol is not reproduced in the layer.
MMap:KSH-482:MMap8263,KLEIN_2006_FIELD_COLLECTION,1006814,confirmed_occurrence,Anopheles sinensis,South Korea,Gyeonggi-do,MMAP_36.94711_127.00291,Pyeongtaek (WP178),b+369_+1270,r187c1228,127.00291389,36.94711111,,2006,9,1,presence,26,Larva,Larval collection,not reported at record level,molecular_DNA_field_record,DNA; method detail not retained in layer,molecular_DNA_layer_record_protocol_pending,,detected; no non-detection inferred,public layer terms/reuse status require review,https://experience.arcgis.com/experience/5f95c3edfbea4634b8347fec0bd1dcd6,ArcGIS MosquitoMap2 OBJECTID=1006814; raw source=Klein et al. field collection 2006; locality=Pyeongtaek (WP178); The public layer reports IdentificationMethod=DNA; the underlying specimen protocol is not reproduced in the layer.
MMap:KSH-111:MMap8243,KLEIN_2006_FIELD_COLLECTION,1006815,confirmed_occurrence,Anopheles sinensis,South Korea,Gyeonggi-do,MMAP_36.94845_127.02628,Pyeongtaek (WP170),b+369_+1270,r187c1228,127.02628056,36.94845,,2006,9,1,presence,28,Larva,Larval collection,not reported at record level,molecular_DNA_field_record,DNA; method detail not retained in layer,molecular_DNA_layer_record_protocol_pending,,detected; no non-detection inferred,public layer terms/reuse status require review,https://experience.arcgis.com/experience/5f95c3edfbea4634b8347fec0bd1dcd6,ArcGIS MosquitoMap2 OBJECTID=1006815; raw source=Klein et al. field collection 2006; locality=Pyeongtaek (WP170); The public layer reports IdentificationMethod=DNA; the underlying specimen protocol is not reproduced in the layer.
MMap:KSH-364:MMap8262,KLEIN_2006_FIELD_COLLECTION,1006817,confirmed_occurrence,Anopheles sinensis,South Korea,Gyeonggi-do,MMAP_36.94865_127.02383,Pyeongtaek (WP179),b+369_+1270,r187c1228,127.02383056,36.94865,,2006,9,1,presence,28,Larva,Larval collection,not reported at record level,molecular_DNA_field_record,DNA; method detail not retained in layer,molecular_DNA_layer_record_protocol_pending,,detected; no non-detection inferred,public layer terms/reuse status require review,https://experience.arcgis.com/experience/5f95c3edfbea4634b8347fec0bd1dcd6,ArcGIS MosquitoMap2 OBJECTID=1006817; raw source=Klein et al. field collection 2006; locality=Pyeongtaek (WP179); The public layer reports IdentificationMethod=DNA; the underlying specimen protocol is not reproduced in the layer.
MMap:KSH-256:MMap8260,KLEIN_2006_FIELD_COLLECTION,1006818,confirmed_occurrence,Anopheles sinensis,South Korea,Gyeonggi-do,MMAP_36.94921_127.02928,Pyeongtaek (WP172),b+369_+1270,r187c1228,127.02928056,36.94921111,,2006,9,1,presence,4,Larva,Larval collection,not reported at record level,molecular_DNA_field_record,DNA; method detail not retained in layer,molecular_DNA_layer_record_protocol_pending,,detected; no non-detection inferred,public layer terms/reuse status require review,https://experience.arcgis.com/experience/5f95c3edfbea4634b8347fec0bd1dcd6,ArcGIS MosquitoMap2 OBJECTID=1006818; raw source=Klein et al. field collection 2006; locality=Pyeongtaek (WP172); The public layer reports IdentificationMethod=DNA; the underlying specimen protocol is not reproduced in the layer.
MMap:KSH-258:MMap8261,KLEIN_2006_FIELD_COLLECTION,1006819,confirmed_occurrence,Anopheles sinensis,South Korea,Gyeonggi-do,MMAP_36.94921_127.02928,Pyeongtaek (WP173),b+369_+1270,r187c1228,127.02928056,36.94921111,,2006,9,1,presence,1,Larva,Larval collection,not reported at record level,molecular_DNA_field_record,DNA; method detail not retained in layer,molecular_DNA_layer_record_protocol_pending,,detected; no non-detection inferred,public layer terms/reuse status require review,https://experience.arcgis.com/experience/5f95c3edfbea4634b8347fec0bd1dcd6,ArcGIS MosquitoMap2 OBJECTID=1006819; raw source=Klein et al. field collection 2006; locality=Pyeongtaek (WP173); The public layer reports IdentificationMethod=DNA; the underlying specimen protocol is not reproduced in the layer.
MMap:KSH-200:MMap8253,KLEIN_2006_FIELD_COLLECTION,1006820,confirmed_occurrence,Anopheles sinensis,South Korea,Gyeonggi-do,MMAP_36.95366_127.04126,Pyeongtaek (WP200 ),b+369_+1270,r187c1228,127.04126111,36.95366111,,2006,9,1,presence,23,Larva,Larval collection,not reported at record level,molecular_DNA_field_record,DNA; method detail not retained in layer,molecular_DNA_layer_record_protocol_pending,,detected; no non-detection inferred,public layer terms/reuse status require review,https://experience.arcgis.com/experience/5f95c3edfbea4634b8347fec0bd1dcd6,ArcGIS MosquitoMap2 OBJECTID=1006820; raw source=Klein et al. field collection 2006; locality=Pyeongtaek (WP200 ); The public layer reports IdentificationMethod=DNA; the underlying specimen protocol is not reproduced in the layer.
MMap:KSH-209:MMap8258,KLEIN_2006_FIELD_COLLECTION,1006821,confirmed_occurrence,Anopheles sinensis,South Korea,Gyeonggi-do,MMAP_36.95462_127.02159,Pyeongtaek (WP209 ),b+369_+1270,r187c1228,127.02158889,36.95461944,,2006,9,1,presence,15,Larva,Larval collection,not reported at record level,molecular_DNA_field_record,DNA; method detail not retained in layer,molecular_DNA_layer_record_protocol_pending,,detected; no non-detection inferred,public layer terms/reuse status require review,https://experience.arcgis.com/experience/5f95c3edfbea4634b8347fec0bd1dcd6,ArcGIS MosquitoMap2 OBJECTID=1006821; raw source=Klein et al. field collection 2006; locality=Pyeongtaek (WP209 ); The public layer reports IdentificationMethod=DNA; the underlying specimen protocol is not reproduced in the layer.
MMap:KSH-206:MMap8256,KLEIN_2006_FIELD_COLLECTION,1006822,confirmed_occurrence,Anopheles sinensis,South Korea,Gyeonggi-do,MMAP_36.95558_127.02346,Pyeongtaek (WP206 ),b+369_+1270,r187c1228,127.02346111,36.95558056,,2006,9,1,presence,36,Larva,Larval collection,not reported at record level,molecular_DNA_field_record,DNA; method detail not retained in layer,molecular_DNA_layer_record_protocol_pending,,detected; no non-detection inferred,public layer terms/reuse status require review,https://experience.arcgis.com/experience/5f95c3edfbea4634b8347fec0bd1dcd6,ArcGIS MosquitoMap2 OBJECTID=1006822; raw source=Klein et al. field collection 2006; locality=Pyeongtaek (WP206 ); The public layer reports IdentificationMethod=DNA; the underlying specimen protocol is not reproduced in the layer.
MMap:KSH-2060:MMap8257,KLEIN_2006_FIELD_COLLECTION,1006823,confirmed_occurrence,Anopheles sinensis,South Korea,Gyeonggi-do,MMAP_36.95957_127.02112,Pyeongtaek (WP185),b+369_+1270,r187c1228,127.02111944,36.95956944,,2006,9,1,presence,9,Larva,Larval collection,not reported at record level,molecular_DNA_field_record,DNA; method detail not retained in layer,molecular_DNA_layer_record_protocol_pending,,detected; no non-detection inferred,public layer terms/reuse status require review,https://experience.arcgis.com/experience/5f95c3edfbea4634b8347fec0bd1dcd6,ArcGIS MosquitoMap2 OBJECTID=1006823; raw source=Klein et al. field collection 2006; locality=Pyeongtaek (WP185); The public layer reports IdentificationMethod=DNA; the underlying specimen protocol is not reproduced in the layer.
MMap:KSH-1243:MMap8249,KLEIN_2006_FIELD_COLLECTION,1006824,confirmed_occurrence,Anopheles sinensis,South Korea,Gyeonggi-do,MMAP_36.96014_127.03726,Pyeongtaek (WP187),b+369_+1270,r187c1228,127.03726111,36.96013889,,2006,9,1,presence,8,Larva,Larval collection,not reported at record level,molecular_DNA_field_record,DNA; method detail not retained in layer,molecular_DNA_layer_record_protocol_pending,,detected; no non-detection inferred,public layer terms/reuse status require review,https://experience.arcgis.com/experience/5f95c3edfbea4634b8347fec0bd1dcd6,ArcGIS MosquitoMap2 OBJECTID=1006824; raw source=Klein et al. field collection 2006; locality=Pyeongtaek (WP187); The public layer reports IdentificationMethod=DNA; the underlying specimen protocol is not reproduced in the layer.
MMap:KSH-204:MMap8254,KLEIN_2006_FIELD_COLLECTION,1006825,confirmed_occurrence,Anopheles sinensis,South Korea,Gyeonggi-do,MMAP_36.96025_127.02721,Pyeongtaek (WP204 ),b+369_+1270,r187c1228,127.02721111,36.96025,,2006,9,1,presence,21,Larva,Larval collection,not reported at record level,molecular_DNA_field_record,DNA; method detail not retained in layer,molecular_DNA_layer_record_protocol_pending,,detected; no non-detection inferred,public layer terms/reuse status require review,https://experience.arcgis.com/experience/5f95c3edfbea4634b8347fec0bd1dcd6,ArcGIS MosquitoMap2 OBJECTID=1006825; raw source=Klein et al. field collection 2006; locality=Pyeongtaek (WP204 ); The public layer reports IdentificationMethod=DNA; the underlying specimen protocol is not reproduced in the layer.
MMap:KSH-195:MMap8250,KLEIN_2006_FIELD_COLLECTION,1006826,confirmed_occurrence,Anopheles sinensis,South Korea,Gyeonggi-do,MMAP_36.96064_127.04024,Pyeongtaek (WP195),b+369_+1270,r187c1228,127.04023889,36.96063889,,2006,9,1,presence,26,Larva,Larval collection,not reported at record level,molecular_DNA_field_record,DNA; method detail not retained in layer,molecular_DNA_layer_record_protocol_pending,,detected; no non-detection inferred,public layer terms/reuse status require review,https://experience.arcgis.com/experience/5f95c3edfbea4634b8347fec0bd1dcd6,ArcGIS MosquitoMap2 OBJECTID=1006826; raw source=Klein et al. field collection 2006; locality=Pyeongtaek (WP195); The public layer reports IdentificationMethod=DNA; the underlying specimen protocol is not reproduced in the layer.
MMap:KSH-2107:MMap8259,KLEIN_2006_FIELD_COLLECTION,1006828,confirmed_occurrence,Anopheles sinensis,South Korea,Gyeonggi-do,MMAP_36.96097_127.02187,Pyeongtaek (WP186),b+369_+1270,r187c1228,127.02186944,36.96096944,,2006,9,1,presence,6,Larva,Larval collection,not reported at record level,molecular_DNA_field_record,DNA; method detail not retained in layer,molecular_DNA_layer_record_protocol_pending,,detected; no non-detection inferred,public layer terms/reuse status require review,https://experience.arcgis.com/experience/5f95c3edfbea4634b8347fec0bd1dcd6,ArcGIS MosquitoMap2 OBJECTID=1006828; raw source=Klein et al. field collection 2006; locality=Pyeongtaek (WP186); The public layer reports IdentificationMethod=DNA; the underlying specimen protocol is not reproduced in the layer.
MMap:KSH-1226:MMap8248,KLEIN_2006_FIELD_COLLECTION,1006830,confirmed_occurrence,Anopheles sinensis,South Korea,Gyeonggi-do,MMAP_36.96114_127.03830,Pyeongtaek (WP190),b+369_+1270,r187c1228,127.0383,36.96113889,,2006,9,1,presence,22,Larva,Larval collection,not reported at record level,molecular_DNA_field_record,DNA; method detail not retained in layer,molecular_DNA_layer_record_protocol_pending,,detected; no non-detection inferred,public layer terms/reuse status require review,https://experience.arcgis.com/experience/5f95c3edfbea4634b8347fec0bd1dcd6,ArcGIS MosquitoMap2 OBJECTID=1006830; raw source=Klein et al. field collection 2006; locality=Pyeongtaek (WP190); The public layer reports IdentificationMethod=DNA; the underlying specimen protocol is not reproduced in the layer.
MMap:KSH-1225:MMap8246,KLEIN_2006_FIELD_COLLECTION,1006831,confirmed_occurrence,Anopheles sinensis,South Korea,Gyeonggi-do,MMAP_36.96140_127.03860,Pyeongtaek (WP189),b+369_+1270,r187c1228,127.0386,36.9614,,2006,9,1,presence,46,Larva,Larval collection,not reported at record level,molecular_DNA_field_record,DNA; method detail not retained in layer,molecular_DNA_layer_record_protocol_pending,,detected; no non-detection inferred,public layer terms/reuse status require review,https://experience.arcgis.com/experience/5f95c3edfbea4634b8347fec0bd1dcd6,ArcGIS MosquitoMap2 OBJECTID=1006831; raw source=Klein et al. field collection 2006; locality=Pyeongtaek (WP189); The public layer reports IdentificationMethod=DNA; the underlying specimen protocol is not reproduced in the layer.
MMap:KSH-196:MMap8252,KLEIN_2006_FIELD_COLLECTION,1006832,confirmed_occurrence,Anopheles sinensis,South Korea,Gyeonggi-do,MMAP_36.96179_127.03947,Pyeongtaek (WP196),b+369_+1270,r187c1228,127.03946944,36.96178889,,2006,9,1,presence,20,Larva,Larval collection,not reported at record level,molecular_DNA_field_record,DNA; method detail not retained in layer,molecular_DNA_layer_record_protocol_pending,,detected; no non-detection inferred,public layer terms/reuse status require review,https://experience.arcgis.com/experience/5f95c3edfbea4634b8347fec0bd1dcd6,ArcGIS MosquitoMap2 OBJECTID=1006832; raw source=Klein et al. field collection 2006; locality=Pyeongtaek (WP196); The public layer reports IdentificationMethod=DNA; the underlying specimen protocol is not reproduced in the layer.
MMap:KSH-1224:MMap8245,KLEIN_2006_FIELD_COLLECTION,1006833,confirmed_occurrence,Anopheles sinensis,South Korea,Gyeonggi-do,MMAP_36.96189_127.03828,Pyeongtaek (WP192),b+369_+1270,r187c1228,127.03828056,36.96188889,,2006,9,1,presence,37,Larva,Larval collection,not reported at record level,molecular_DNA_field_record,DNA; method detail not retained in layer,molecular_DNA_layer_record_protocol_pending,,detected; no non-detection inferred,public layer terms/reuse status require review,https://experience.arcgis.com/experience/5f95c3edfbea4634b8347fec0bd1dcd6,ArcGIS MosquitoMap2 OBJECTID=1006833; raw source=Klein et al. field collection 2006; locality=Pyeongtaek (WP192); The public layer reports IdentificationMethod=DNA; the underlying specimen protocol is not reproduced in the layer.
MMap:KSH-205:MMap8255,KLEIN_2006_FIELD_COLLECTION,1006837,confirmed_occurrence,Anopheles sinensis,South Korea,Gyeonggi-do,MMAP_36.97154_127.01940,Pyeongtaek (WP205 ),b+369_+1270,r187c1228,127.0194,36.97153889,,2006,9,1,presence,27,Larva,Larval collection,not reported at record level,molecular_DNA_field_record,DNA; method detail not retained in layer,molecular_DNA_layer_record_protocol_pending,,detected; no non-detection inferred,public layer terms/reuse status require review,https://experience.arcgis.com/experience/5f95c3edfbea4634b8347fec0bd1dcd6,ArcGIS MosquitoMap2 OBJECTID=1006837; raw source=Klein et al. field collection 2006; locality=Pyeongtaek (WP205 ); The public layer reports IdentificationMethod=DNA; the underlying specimen protocol is not reproduced in the layer.
MMap:KSK-52A:MMap8396,KLEIN_2006_FIELD_COLLECTION,1007067,confirmed_occurrence,Anopheles sinensis,South Korea,Chungcheongbuk-do,MMAP_37.12158_127.96047,Jaecheon,b+371_+1279,r186c1231,127.96047222,37.12158333,,2006,10,1,presence,31,Larva,Larval collection,not reported at record level,molecular_DNA_field_record,DNA; method detail not retained in layer,molecular_DNA_layer_record_protocol_pending,,detected; no non-detection inferred,public layer terms/reuse status require review,https://experience.arcgis.com/experience/5f95c3edfbea4634b8347fec0bd1dcd6,ArcGIS MosquitoMap2 OBJECTID=1007067; raw source=Klein et al. field collection 2006; locality=Jaecheon; The public layer reports IdentificationMethod=DNA; the underlying specimen protocol is not reproduced in the layer.
MMap:KSK-52B:MMap8399,KLEIN_2006_FIELD_COLLECTION,1007068,confirmed_occurrence,Anopheles sinensis,South Korea,Chungcheongbuk-do,MMAP_37.12158_127.96047,Jaecheon,b+371_+1279,r186c1231,127.96047222,37.12158333,,2006,10,1,presence,31,Larva,Larval collection,not reported at record level,molecular_DNA_field_record,DNA; method detail not retained in layer,molecular_DNA_layer_record_protocol_pending,,detected; no non-detection inferred,public layer terms/reuse status require review,https://experience.arcgis.com/experience/5f95c3edfbea4634b8347fec0bd1dcd6,ArcGIS MosquitoMap2 OBJECTID=1007068; raw source=Klein et al. field collection 2006; locality=Jaecheon; The public layer reports IdentificationMethod=DNA; the underlying specimen protocol is not reproduced in the layer.
MMap:KSK-52C:MMap8402,KLEIN_2006_FIELD_COLLECTION,1007069,confirmed_occurrence,Anopheles sinensis,South Korea,Chungcheongbuk-do,MMAP_37.12158_127.96047,Jaecheon,b+371_+1279,r186c1231,127.96047222,37.12158333,,2006,10,1,presence,40,Larva,Larval collection,not reported at record level,molecular_DNA_field_record,DNA; method detail not retained in layer,molecular_DNA_layer_record_protocol_pending,,detected; no non-detection inferred,public layer terms/reuse status require review,https://experience.arcgis.com/experience/5f95c3edfbea4634b8347fec0bd1dcd6,ArcGIS MosquitoMap2 OBJECTID=1007069; raw source=Klein et al. field collection 2006; locality=Jaecheon; The public layer reports IdentificationMethod=DNA; the underlying specimen protocol is not reproduced in the layer.
MMap:KSK-12:MMap8271,KLEIN_2006_FIELD_COLLECTION,1007075,confirmed_occurrence,Anopheles sinensis,South Korea,Gangwon-do,MMAP_37.13942_129.19161,Samcheok,b+371_+1291,r186c1236,129.19161111,37.13941667,,2006,5,1,presence,1,Larva,Larval collection,not reported at record level,molecular_DNA_field_record,DNA; method detail not retained in layer,molecular_DNA_layer_record_protocol_pending,,detected; no non-detection inferred,public layer terms/reuse status require review,https://experience.arcgis.com/experience/5f95c3edfbea4634b8347fec0bd1dcd6,ArcGIS MosquitoMap2 OBJECTID=1007075; raw source=Klein et al. field collection 2006; locality=Samcheok; The public layer reports IdentificationMethod=DNA; the underlying specimen protocol is not reproduced in the layer.
MMap:KSK-13:MMap8273,KLEIN_2006_FIELD_COLLECTION,1007078,confirmed_occurrence,Anopheles sinensis,South Korea,Gangwon-do,MMAP_37.15372_129.31133,Samcheok,b+371_+1293,r186c1237,129.31133333,37.15372222,,2006,5,1,presence,11,Larva,Larval collection,not reported at record level,molecular_DNA_field_record,DNA; method detail not retained in layer,molecular_DNA_layer_record_protocol_pending,,detected; no non-detection inferred,public layer terms/reuse status require review,https://experience.arcgis.com/experience/5f95c3edfbea4634b8347fec0bd1dcd6,ArcGIS MosquitoMap2 OBJECTID=1007078; raw source=Klein et al. field collection 2006; locality=Samcheok; The public layer reports IdentificationMethod=DNA; the underlying specimen protocol is not reproduced in the layer.
MMap:KSK-54:MMap8408,KLEIN_2006_FIELD_COLLECTION,1006847,confirmed_occurrence,Anopheles sinensis,South Korea,Gangwon-do,MMAP_37.31828_127.82461,Wonju,b+373_+1278,r185c1231,127.82461111,37.31827778,,2006,10,1,presence,59,Larva,Larval collection,not reported at record level,molecular_DNA_field_record,DNA; method detail not retained in layer,molecular_DNA_layer_record_protocol_pending,,detected; no non-detection inferred,public layer terms/reuse status require review,https://experience.arcgis.com/experience/5f95c3edfbea4634b8347fec0bd1dcd6,ArcGIS MosquitoMap2 OBJECTID=1006847; raw source=Klein et al. field collection 2006; locality=Wonju; The public layer reports IdentificationMethod=DNA; the underlying specimen protocol is not reproduced in the layer.
MMap:KSK-43:MMap8369,KLEIN_2006_FIELD_COLLECTION,1006850,confirmed_occurrence,Anopheles sinensis,South Korea,Gyeonggi-do,MMAP_37.37981_127.15597,Dongducheon,b+373_+1271,r185c1228,127.15597222,37.37980556,,2006,10,1,presence,29,Larva,Larval collection,not reported at record level,molecular_DNA_field_record,DNA; method detail not retained in layer,molecular_DNA_layer_record_protocol_pending,,detected; no non-detection inferred,public layer terms/reuse status require review,https://experience.arcgis.com/experience/5f95c3edfbea4634b8347fec0bd1dcd6,ArcGIS MosquitoMap2 OBJECTID=1006850; raw source=Klein et al. field collection 2006; locality=Dongducheon; The public layer reports IdentificationMethod=DNA; the underlying specimen protocol is not reproduced in the layer.
MMap:KSK-53:MMap8406,KLEIN_2006_FIELD_COLLECTION,1006853,confirmed_occurrence,Anopheles sinensis,South Korea,Gangwon-do,MMAP_37.40658_127.95644,Wonju,b+374_+1279,r185c1231,127.95644444,37.40658333,,2006,10,1,presence,4,Larva,Larval collection,not reported at record level,molecular_DNA_field_record,DNA; method detail not retained in layer,molecular_DNA_layer_record_protocol_pending,,detected; no non-detection inferred,public layer terms/reuse status require review,https://experience.arcgis.com/experience/5f95c3edfbea4634b8347fec0bd1dcd6,ArcGIS MosquitoMap2 OBJECTID=1006853; raw source=Klein et al. field collection 2006; locality=Wonju; The public layer reports IdentificationMethod=DNA; the underlying specimen protocol is not reproduced in the layer.
MMap:KSK-36A:MMap8360,KLEIN_2006_FIELD_COLLECTION,1006858,confirmed_occurrence,Anopheles sinensis,South Korea,Gyeonggi-do,MMAP_37.47650_127.19567,Seongnam,b+374_+1271,r185c1228,127.19566667,37.4765,,2006,10,1,presence,4,Larva,Larval collection,not reported at record level,molecular_DNA_field_record,DNA; method detail not retained in layer,molecular_DNA_layer_record_protocol_pending,,detected; no non-detection inferred,public layer terms/reuse status require review,https://experience.arcgis.com/experience/5f95c3edfbea4634b8347fec0bd1dcd6,ArcGIS MosquitoMap2 OBJECTID=1006858; raw source=Klein et al. field collection 2006; locality=Seongnam; The public layer reports IdentificationMethod=DNA; the underlying specimen protocol is not reproduced in the layer.
MMap:KSK-36B:MMap8363,KLEIN_2006_FIELD_COLLECTION,1006859,confirmed_occurrence,Anopheles sinensis,South Korea,Gyeonggi-do,MMAP_37.47650_127.19567,Seongnam,b+374_+1271,r185c1228,127.19566667,37.4765,,2006,10,1,presence,26,Larva,Larval collection,not reported at record level,molecular_DNA_field_record,DNA; method detail not retained in layer,molecular_DNA_layer_record_protocol_pending,,detected; no non-detection inferred,public layer terms/reuse status require review,https://experience.arcgis.com/experience/5f95c3edfbea4634b8347fec0bd1dcd6,ArcGIS MosquitoMap2 OBJECTID=1006859; raw source=Klein et al. field collection 2006; locality=Seongnam; The public layer reports IdentificationMethod=DNA; the underlying specimen protocol is not reproduced in the layer.
MMap:KSK-51A:MMap8390,KLEIN_2006_FIELD_COLLECTION,1006888,confirmed_occurrence,Anopheles sinensis,South Korea,Gangwon-do,MMAP_37.72811_128.84192,Gangneung,b+377_+1288,r184c1235,128.84191667,37.72811111,,2006,10,1,presence,17,Larva,Larval collection,not reported at record level,molecular_DNA_field_record,DNA; method detail not retained in layer,molecular_DNA_layer_record_protocol_pending,,detected; no non-detection inferred,public layer terms/reuse status require review,https://experience.arcgis.com/experience/5f95c3edfbea4634b8347fec0bd1dcd6,ArcGIS MosquitoMap2 OBJECTID=1006888; raw source=Klein et al. field collection 2006; locality=Gangneung; The public layer reports IdentificationMethod=DNA; the underlying specimen protocol is not reproduced in the layer.
MMap:KSK-51B:MMap8393,KLEIN_2006_FIELD_COLLECTION,1006889,confirmed_occurrence,Anopheles sinensis,South Korea,Gangwon-do,MMAP_37.72811_128.84192,Gangneung,b+377_+1288,r184c1235,128.84191667,37.72811111,,2006,10,1,presence,9,Larva,Larval collection,not reported at record level,molecular_DNA_field_record,DNA; method detail not retained in layer,molecular_DNA_layer_record_protocol_pending,,detected; no non-detection inferred,public layer terms/reuse status require review,https://experience.arcgis.com/experience/5f95c3edfbea4634b8347fec0bd1dcd6,ArcGIS MosquitoMap2 OBJECTID=1006889; raw source=Klein et al. field collection 2006; locality=Gangneung; The public layer reports IdentificationMethod=DNA; the underlying specimen protocol is not reproduced in the layer.
MMap:KSK-11:MMap8266,KLEIN_2006_FIELD_COLLECTION,1006898,confirmed_occurrence,Anopheles sinensis,South Korea,Gangwon-do,MMAP_37.78878_128.80458,Gangneung,b+377_+1288,,128.80458333,37.78877778,,2006,5,1,presence,1,Larva,Larval collection,not reported at record level,molecular_DNA_field_record,DNA; method detail not retained in layer,molecular_DNA_layer_record_protocol_pending,,detected; no non-detection inferred,public layer terms/reuse status require review,https://experience.arcgis.com/experience/5f95c3edfbea4634b8347fec0bd1dcd6,ArcGIS MosquitoMap2 OBJECTID=1006898; raw source=Klein et al. field collection 2006; locality=Gangneung; The public layer reports IdentificationMethod=DNA; the underlying specimen protocol is not reproduced in the layer. Point did not intersect the supplied 0.25-degree grid.
MMap:KSK-32:MMap8337,KLEIN_2006_FIELD_COLLECTION,1006918,confirmed_occurrence,Anopheles sinensis,South Korea,Gangwon-do,MMAP_37.86369_127.70719,Chuncheon,b+378_+1277,r183c1230,127.70719444,37.86369444,,2006,9,1,presence,75,Larva,Larval collection,not reported at record level,molecular_DNA_field_record,DNA; method detail not retained in layer,molecular_DNA_layer_record_protocol_pending,,detected; no non-detection inferred,public layer terms/reuse status require review,https://experience.arcgis.com/experience/5f95c3edfbea4634b8347fec0bd1dcd6,ArcGIS MosquitoMap2 OBJECTID=1006918; raw source=Klein et al. field collection 2006; locality=Chuncheon; The public layer reports IdentificationMethod=DNA; the underlying specimen protocol is not reproduced in the layer.
MMap:KSK-34A:MMap8351,KLEIN_2006_FIELD_COLLECTION,1006922,confirmed_occurrence,Anopheles sinensis,South Korea,Gangwon-do,MMAP_37.87008_127.78336,Chuncheon,b+378_+1277,r183c1231,127.78336111,37.87008333,,2006,9,1,presence,6,Larva,Larval collection,not reported at record level,molecular_DNA_field_record,DNA; method detail not retained in layer,molecular_DNA_layer_record_protocol_pending,,detected; no non-detection inferred,public layer terms/reuse status require review,https://experience.arcgis.com/experience/5f95c3edfbea4634b8347fec0bd1dcd6,ArcGIS MosquitoMap2 OBJECTID=1006922; raw source=Klein et al. field collection 2006; locality=Chuncheon; The public layer reports IdentificationMethod=DNA; the underlying specimen protocol is not reproduced in the layer.
MMap:KSK-34B:MMap8353,KLEIN_2006_FIELD_COLLECTION,1006923,confirmed_occurrence,Anopheles sinensis,South Korea,Gangwon-do,MMAP_37.87008_127.78336,Chuncheon,b+378_+1277,r183c1231,127.78336111,37.87008333,,2006,9,1,presence,1,Larva,Larval collection,not reported at record level,molecular_DNA_field_record,DNA; method detail not retained in layer,molecular_DNA_layer_record_protocol_pending,,detected; no non-detection inferred,public layer terms/reuse status require review,https://experience.arcgis.com/experience/5f95c3edfbea4634b8347fec0bd1dcd6,ArcGIS MosquitoMap2 OBJECTID=1006923; raw source=Klein et al. field collection 2006; locality=Chuncheon; The public layer reports IdentificationMethod=DNA; the underlying specimen protocol is not reproduced in the layer.
MMap:KSK-34C:MMap8356,KLEIN_2006_FIELD_COLLECTION,1006924,confirmed_occurrence,Anopheles sinensis,South Korea,Gangwon-do,MMAP_37.87008_127.78336,Chuncheon,b+378_+1277,r183c1231,127.78336111,37.87008333,,2006,9,1,presence,27,Larva,Larval collection,not reported at record level,molecular_DNA_field_record,DNA; method detail not retained in layer,molecular_DNA_layer_record_protocol_pending,,detected; no non-detection inferred,public layer terms/reuse status require review,https://experience.arcgis.com/experience/5f95c3edfbea4634b8347fec0bd1dcd6,ArcGIS MosquitoMap2 OBJECTID=1006924; raw source=Klein et al. field collection 2006; locality=Chuncheon; The public layer reports IdentificationMethod=DNA; the underlying specimen protocol is not reproduced in the layer.
MMap:KSK-33B:MMap8343,KLEIN_2006_FIELD_COLLECTION,1006932,confirmed_occurrence,Anopheles sinensis,South Korea,Gangwon-do,MMAP_37.87364_127.78053,Chuncheon,b+378_+1277,r183c1231,127.78052778,37.87363889,,2006,9,1,presence,8,Larva,Larval collection,not reported at record level,molecular_DNA_field_record,DNA; method detail not retained in layer,molecular_DNA_layer_record_protocol_pending,,detected; no non-detection inferred,public layer terms/reuse status require review,https://experience.arcgis.com/experience/5f95c3edfbea4634b8347fec0bd1dcd6,ArcGIS MosquitoMap2 OBJECTID=1006932; raw source=Klein et al. field collection 2006; locality=Chuncheon; The public layer reports IdentificationMethod=DNA; the underlying specimen protocol is not reproduced in the layer.
MMap:KSK-33C:MMap8346,KLEIN_2006_FIELD_COLLECTION,1006933,confirmed_occurrence,Anopheles sinensis,South Korea,Gangwon-do,MMAP_37.87364_127.78053,Chuncheon,b+378_+1277,r183c1231,127.78052778,37.87363889,,2006,9,1,presence,2,Larva,Larval collection,not reported at record level,molecular_DNA_field_record,DNA; method detail not retained in layer,molecular_DNA_layer_record_protocol_pending,,detected; no non-detection inferred,public layer terms/reuse status require review,https://experience.arcgis.com/experience/5f95c3edfbea4634b8347fec0bd1dcd6,ArcGIS MosquitoMap2 OBJECTID=1006933; raw source=Klein et al. field collection 2006; locality=Chuncheon; The public layer reports IdentificationMethod=DNA; the underlying specimen protocol is not reproduced in the layer.
MMap:KSK-33D:MMap8349,KLEIN_2006_FIELD_COLLECTION,1006934,confirmed_occurrence,Anopheles sinensis,South Korea,Gangwon-do,MMAP_37.87364_127.78053,Chuncheon,b+378_+1277,r183c1231,127.78052778,37.87363889,,2006,9,1,presence,15,Larva,Larval collection,not reported at record level,molecular_DNA_field_record,DNA; method detail not retained in layer,molecular_DNA_layer_record_protocol_pending,,detected; no non-detection inferred,public layer terms/reuse status require review,https://experience.arcgis.com/experience/5f95c3edfbea4634b8347fec0bd1dcd6,ArcGIS MosquitoMap2 OBJECTID=1006934; raw source=Klein et al. field collection 2006; locality=Chuncheon; The public layer reports IdentificationMethod=DNA; the underlying specimen protocol is not reproduced in the layer.
MMap:KSK-44:MMap8371,KLEIN_2006_FIELD_COLLECTION,1007022,confirmed_occurrence,Anopheles sinensis,South Korea,Gyeonggi-do,MMAP_37.90156_127.08394,Dongducheon,b+379_+1270,r183c1228,127.08394444,37.90155556,,2006,10,1,presence,21,Larva,Larval collection,not reported at record level,molecular_DNA_field_record,DNA; method detail not retained in layer,molecular_DNA_layer_record_protocol_pending,,detected; no non-detection inferred,public layer terms/reuse status require review,https://experience.arcgis.com/experience/5f95c3edfbea4634b8347fec0bd1dcd6,ArcGIS MosquitoMap2 OBJECTID=1007022; raw source=Klein et al. field collection 2006; locality=Dongducheon; The public layer reports IdentificationMethod=DNA; the underlying specimen protocol is not reproduced in the layer.
MMap:KSK-23:MMap8302,KLEIN_2006_FIELD_COLLECTION,1007016,confirmed_occurrence,Anopheles sinensis,South Korea,Gyeonggi-do,MMAP_37.90681_127.08683,Dongducheon,b+379_+1270,r183c1228,127.08683333,37.90680556,,2006,9,1,presence,42,Larva,Larval collection,not reported at record level,molecular_DNA_field_record,DNA; method detail not retained in layer,molecular_DNA_layer_record_protocol_pending,,detected; no non-detection inferred,public layer terms/reuse status require review,https://experience.arcgis.com/experience/5f95c3edfbea4634b8347fec0bd1dcd6,ArcGIS MosquitoMap2 OBJECTID=1007016; raw source=Klein et al. field collection 2006; locality=Dongducheon; The public layer reports IdentificationMethod=DNA; the underlying specimen protocol is not reproduced in the layer.
MMap:KSK-25A:MMap8307,KLEIN_2006_FIELD_COLLECTION,1007034,confirmed_occurrence,Anopheles sinensis,South Korea,Gyeonggi-do,MMAP_37.92381_127.07506,Dongducheon,b+379_+1270,r183c1228,127.07505556,37.92380556,,2006,9,1,presence,17,Larva,Larval collection,not reported at record level,molecular_DNA_field_record,DNA; method detail not retained in layer,molecular_DNA_layer_record_protocol_pending,,detected; no non-detection inferred,public layer terms/reuse status require review,https://experience.arcgis.com/experience/5f95c3edfbea4634b8347fec0bd1dcd6,ArcGIS MosquitoMap2 OBJECTID=1007034; raw source=Klein et al. field collection 2006; locality=Dongducheon; The public layer reports IdentificationMethod=DNA; the underlying specimen protocol is not reproduced in the layer.
MMap:KSK-25B:MMap8311,KLEIN_2006_FIELD_COLLECTION,1007035,confirmed_occurrence,Anopheles sinensis,South Korea,Gyeonggi-do,MMAP_37.92381_127.07506,Dongducheon,b+379_+1270,r183c1228,127.07505556,37.92380556,,2006,9,1,presence,52,Larva,Larval collection,not reported at record level,molecular_DNA_field_record,DNA; method detail not retained in layer,molecular_DNA_layer_record_protocol_pending,,detected; no non-detection inferred,public layer terms/reuse status require review,https://experience.arcgis.com/experience/5f95c3edfbea4634b8347fec0bd1dcd6,ArcGIS MosquitoMap2 OBJECTID=1007035; raw source=Klein et al. field collection 2006; locality=Dongducheon; The public layer reports IdentificationMethod=DNA; the underlying specimen protocol is not reproduced in the layer.
MMap:KSK-26A:MMap8316,KLEIN_2006_FIELD_COLLECTION,1007048,confirmed_occurrence,Anopheles sinensis,South Korea,Gyeonggi-do,MMAP_37.96286_127.26153,Pocheon,b+379_+1272,r183c1229,127.26152778,37.96286111,,2006,9,1,presence,1,Larva,Larval collection,not reported at record level,molecular_DNA_field_record,DNA; method detail not retained in layer,molecular_DNA_layer_record_protocol_pending,,detected; no non-detection inferred,public layer terms/reuse status require review,https://experience.arcgis.com/experience/5f95c3edfbea4634b8347fec0bd1dcd6,ArcGIS MosquitoMap2 OBJECTID=1007048; raw source=Klein et al. field collection 2006; locality=Pocheon; The public layer reports IdentificationMethod=DNA; the underlying specimen protocol is not reproduced in the layer.
MMap:KSK-26C:MMap8323,KLEIN_2006_FIELD_COLLECTION,1007049,confirmed_occurrence,Anopheles sinensis,South Korea,Gyeonggi-do,MMAP_37.96286_127.26153,Pocheon,b+379_+1272,r183c1229,127.26152778,37.96286111,,2006,9,1,presence,1,Larva,Larval collection,not reported at record level,molecular_DNA_field_record,DNA; method detail not retained in layer,molecular_DNA_layer_record_protocol_pending,,detected; no non-detection inferred,public layer terms/reuse status require review,https://experience.arcgis.com/experience/5f95c3edfbea4634b8347fec0bd1dcd6,ArcGIS MosquitoMap2 OBJECTID=1007049; raw source=Klein et al. field collection 2006; locality=Pocheon; The public layer reports IdentificationMethod=DNA; the underlying specimen protocol is not reproduced in the layer.
MMap:KSK-46:MMap8373,KLEIN_2006_FIELD_COLLECTION,1007083,confirmed_occurrence,Anopheles sinensis,South Korea,Gyeonggi-do,MMAP_38.02564_127.25975,Pocheon,b+380_+1272,r182c1229,127.25975,38.02563889,,2006,10,1,presence,9,Larva,Larval collection,not reported at record level,molecular_DNA_field_record,DNA; method detail not retained in layer,molecular_DNA_layer_record_protocol_pending,,detected; no non-detection inferred,public layer terms/reuse status require review,https://experience.arcgis.com/experience/5f95c3edfbea4634b8347fec0bd1dcd6,ArcGIS MosquitoMap2 OBJECTID=1007083; raw source=Klein et al. field collection 2006; locality=Pocheon; The public layer reports IdentificationMethod=DNA; the underlying specimen protocol is not reproduced in the layer.
MMap:KSK-49A:MMap8384,KLEIN_2006_FIELD_COLLECTION,1007092,confirmed_occurrence,Anopheles sinensis,South Korea,Gangwon-do,MMAP_38.04956_127.52522,Hwacheon,b+380_+1275,r182c1230,127.52522222,38.04955556,,2006,10,1,presence,7,Larva,Larval collection,not reported at record level,molecular_DNA_field_record,DNA; method detail not retained in layer,molecular_DNA_layer_record_protocol_pending,,detected; no non-detection inferred,public layer terms/reuse status require review,https://experience.arcgis.com/experience/5f95c3edfbea4634b8347fec0bd1dcd6,ArcGIS MosquitoMap2 OBJECTID=1007092; raw source=Klein et al. field collection 2006; locality=Hwacheon; The public layer reports IdentificationMethod=DNA; the underlying specimen protocol is not reproduced in the layer.
MMap:KSK-49B:MMap8388,KLEIN_2006_FIELD_COLLECTION,1007093,confirmed_occurrence,Anopheles sinensis,South Korea,Gangwon-do,MMAP_38.04956_127.52522,Hwacheon,b+380_+1275,r182c1230,127.52522222,38.04955556,,2006,10,1,presence,28,Larva,Larval collection,not reported at record level,molecular_DNA_field_record,DNA; method detail not retained in layer,molecular_DNA_layer_record_protocol_pending,,detected; no non-detection inferred,public layer terms/reuse status require review,https://experience.arcgis.com/experience/5f95c3edfbea4634b8347fec0bd1dcd6,ArcGIS MosquitoMap2 OBJECTID=1007093; raw source=Klein et al. field collection 2006; locality=Hwacheon; The public layer reports IdentificationMethod=DNA; the underlying specimen protocol is not reproduced in the layer.
MMap:KSK-30:MMap8330,KLEIN_2006_FIELD_COLLECTION,1007101,confirmed_occurrence,Anopheles sinensis,South Korea,Gangwon-do,MMAP_38.06811_127.52564,Hwacheon,b+380_+1275,r182c1230,127.52563889,38.06811111,,2006,9,1,presence,9,Larva,Larval collection,not reported at record level,molecular_DNA_field_record,DNA; method detail not retained in layer,molecular_DNA_layer_record_protocol_pending,,detected; no non-detection inferred,public layer terms/reuse status require review,https://experience.arcgis.com/experience/5f95c3edfbea4634b8347fec0bd1dcd6,ArcGIS MosquitoMap2 OBJECTID=1007101; raw source=Klein et al. field collection 2006; locality=Hwacheon; The public layer reports IdentificationMethod=DNA; the underlying specimen protocol is not reproduced in the layer.
MMap:KSK-48A:MMap8376,KLEIN_2006_FIELD_COLLECTION,1007110,confirmed_occurrence,Anopheles sinensis,South Korea,Gangwon-do,MMAP_38.08531_127.52703,Hwacheon,b+380_+1275,r182c1230,127.52702778,38.08530556,,2006,10,1,presence,6,Larva,Larval collection,not reported at record level,molecular_DNA_field_record,DNA; method detail not retained in layer,molecular_DNA_layer_record_protocol_pending,,detected; no non-detection inferred,public layer terms/reuse status require review,https://experience.arcgis.com/experience/5f95c3edfbea4634b8347fec0bd1dcd6,ArcGIS MosquitoMap2 OBJECTID=1007110; raw source=Klein et al. field collection 2006; locality=Hwacheon; The public layer reports IdentificationMethod=DNA; the underlying specimen protocol is not reproduced in the layer.
MMap:KSK-48B:MMap8380,KLEIN_2006_FIELD_COLLECTION,1007111,confirmed_occurrence,Anopheles sinensis,South Korea,Gangwon-do,MMAP_38.08531_127.52703,Hwacheon,b+380_+1275,r182c1230,127.52702778,38.08530556,,2006,10,1,presence,1,Larva,Larval collection,not reported at record level,molecular_DNA_field_record,DNA; method detail not retained in layer,molecular_DNA_layer_record_protocol_pending,,detected; no non-detection inferred,public layer terms/reuse status require review,https://experience.arcgis.com/experience/5f95c3edfbea4634b8347fec0bd1dcd6,ArcGIS MosquitoMap2 OBJECTID=1007111; raw source=Klein et al. field collection 2006; locality=Hwacheon; The public layer reports IdentificationMethod=DNA; the underlying specimen protocol is not reproduced in the layer.
WG_AA_22_1,HONG_2023_GIMPO_GANGHWA,WG_AA_22_1,confirmed_specimen,Anopheles sinensis,South Korea,"Wolgot-myeon, Gimpo-si, Gyeonggi-do",HONG_2023_GIMPO_GANGHWA_WG,"Wolgot-myeon, Gimpo-si, Gyeonggi-do",b+377_+1265,r184c1226,126.534444,37.745,2022-08-04,2022,8,1,specimen,1,,published supplementary individual record,10 dip larval sampling description; individual denominator not attached to row,molecular_species_confirmation,,verified_species_source_table_method_not_printed,,detected; no non-detection inferred,CC BY 4.0 article; derivative-data reuse should be reviewed,https://doi.org/10.1186/s12936-023-04821-x,Individual row extracted from the published supplementary table; place code=WG; date range=2022.08.04-05; the table is detection-positive and does not create non-detections. The per-row method cell is blank.
WG_AA_22_10,HONG_2023_GIMPO_GANGHWA,WG_AA_22_10,confirmed_specimen,Anopheles sinensis,South Korea,"Wolgot-myeon, Gimpo-si, Gyeonggi-do",HONG_2023_GIMPO_GANGHWA_WG,"Wolgot-myeon, Gimpo-si, Gyeonggi-do",b+377_+1265,r184c1226,126.534444,37.745,2022-08-10,2022,8,1,specimen,1,,published supplementary individual record,10 dip larval sampling description; individual denominator not attached to row,molecular_species_confirmation,,verified_species_source_table_method_not_printed,,detected; no non-detection inferred,CC BY 4.0 article; derivative-data reuse should be reviewed,https://doi.org/10.1186/s12936-023-04821-x,Individual row extracted from the published supplementary table; place code=WG; date range=2022.08.10-11; the table is detection-positive and does not create non-detections. The per-row method cell is blank.
WG_AA_22_11,HONG_2023_GIMPO_GANGHWA,WG_AA_22_11,confirmed_specimen,Anopheles sinensis,South Korea,"Wolgot-myeon, Gimpo-si, Gyeonggi-do",HONG_2023_GIMPO_GANGHWA_WG,"Wolgot-myeon, Gimpo-si, Gyeonggi-do",b+377_+1265,r184c1226,126.534444,37.745,2022-08-10,2022,8,1,specimen,1,,published supplementary individual record,10 dip larval sampling description; individual denominator not attached to row,molecular_species_confirmation,,verified_species_source_table_method_not_printed,,detected; no non-detection inferred,CC BY 4.0 article; derivative-data reuse should be reviewed,https://doi.org/10.1186/s12936-023-04821-x,Individual row extracted from the published supplementary table; place code=WG; date range=2022.08.10-11; the table is detection-positive and does not create non-detections. The per-row method cell is blank.
WG_AA_22_12,HONG_2023_GIMPO_GANGHWA,WG_AA_22_12,confirmed_specimen,Anopheles sinensis,South Korea,"Wolgot-myeon, Gimpo-si, Gyeonggi-do",HONG_2023_GIMPO_GANGHWA_WG,"Wolgot-myeon, Gimpo-si, Gyeonggi-do",b+377_+1265,r184c1226,126.534444,37.745,2022-08-10,2022,8,1,specimen,1,,published supplementary individual record,10 dip larval sampling description; individual denominator not attached to row,molecular_species_confirmation,,verified_species_source_table_method_not_printed,,detected; no non-detection inferred,CC BY 4.0 article; derivative-data reuse should be reviewed,https://doi.org/10.1186/s12936-023-04821-x,Individual row extracted from the published supplementary table; place code=WG; date range=2022.08.10-11; the table is detection-positive and does not create non-detections. The per-row method cell is blank.
WG_AA_22_13,HONG_2023_GIMPO_GANGHWA,WG_AA_22_13,confirmed_specimen,Anopheles sinensis,South Korea,"Wolgot-myeon, Gimpo-si, Gyeonggi-do",HONG_2023_GIMPO_GANGHWA_WG,"Wolgot-myeon, Gimpo-si, Gyeonggi-do",b+377_+1265,r184c1226,126.534444,37.745,2022-08-10,2022,8,1,specimen,1,,published supplementary individual record,10 dip larval sampling description; individual denominator not attached to row,molecular_species_confirmation,,verified_species_source_table_method_not_printed,,detected; no non-detection inferred,CC BY 4.0 article; derivative-data reuse should be reviewed,https://doi.org/10.1186/s12936-023-04821-x,Individual row extracted from the published supplementary table; place code=WG; date range=2022.08.10-11; the table is detection-positive and does not create non-detections. The per-row method cell is blank.
WG_AA_22_14,HONG_2023_GIMPO_GANGHWA,WG_AA_22_14,confirmed_specimen,Anopheles sinensis,South Korea,"Wolgot-myeon, Gimpo-si, Gyeonggi-do",HONG_2023_GIMPO_GANGHWA_WG,"Wolgot-myeon, Gimpo-si, Gyeonggi-do",b+377_+1265,r184c1226,126.534444,37.745,2022-08-10,2022,8,1,specimen,1,,published supplementary individual record,10 dip larval sampling description; individual denominator not attached to row,molecular_species_confirmation,,verified_species_source_table_method_not_printed,,detected; no non-detection inferred,CC BY 4.0 article; derivative-data reuse should be reviewed,https://doi.org/10.1186/s12936-023-04821-x,Individual row extracted from the published supplementary table; place code=WG; date range=2022.08.10-11; the table is detection-positive and does not create non-detections. The per-row method cell is blank.
WG_AA_22_15,HONG_2023_GIMPO_GANGHWA,WG_AA_22_15,confirmed_specimen,Anopheles sinensis,South Korea,"Wolgot-myeon, Gimpo-si, Gyeonggi-do",HONG_2023_GIMPO_GANGHWA_WG,"Wolgot-myeon, Gimpo-si, Gyeonggi-do",b+377_+1265,r184c1226,126.534444,37.745,2022-08-10,2022,8,1,specimen,1,,published supplementary individual record,10 dip larval sampling description; individual denominator not attached to row,molecular_species_confirmation,,verified_species_source_table_method_not_printed,,detected; no non-detection inferred,CC BY 4.0 article; derivative-data reuse should be reviewed,https://doi.org/10.1186/s12936-023-04821-x,Individual row extracted from the published supplementary table; place code=WG; date range=2022.08.10-11; the table is detection-positive and does not create non-detections. The per-row method cell is blank.
WG_AA_22_16,HONG_2023_GIMPO_GANGHWA,WG_AA_22_16,confirmed_specimen,Anopheles sinensis,South Korea,"Wolgot-myeon, Gimpo-si, Gyeonggi-do",HONG_2023_GIMPO_GANGHWA_WG,"Wolgot-myeon, Gimpo-si, Gyeonggi-do",b+377_+1265,r184c1226,126.534444,37.745,2022-08-10,2022,8,1,specimen,1,,published supplementary individual record,10 dip larval sampling description; individual denominator not attached to row,molecular_species_confirmation,,verified_species_source_table_method_not_printed,,detected; no non-detection inferred,CC BY 4.0 article; derivative-data reuse should be reviewed,https://doi.org/10.1186/s12936-023-04821-x,Individual row extracted from the published supplementary table; place code=WG; date range=2022.08.10-11; the table is detection-positive and does not create non-detections. The per-row method cell is blank.
WG_AA_22_17,HONG_2023_GIMPO_GANGHWA,WG_AA_22_17,confirmed_specimen,Anopheles sinensis,South Korea,"Wolgot-myeon, Gimpo-si, Gyeonggi-do",HONG_2023_GIMPO_GANGHWA_WG,"Wolgot-myeon, Gimpo-si, Gyeonggi-do",b+377_+1265,r184c1226,126.534444,37.745,2022-08-10,2022,8,1,specimen,1,,published supplementary individual record,10 dip larval sampling description; individual denominator not attached to row,molecular_species_confirmation,,verified_species_source_table_method_not_printed,,detected; no non-detection inferred,CC BY 4.0 article; derivative-data reuse should be reviewed,https://doi.org/10.1186/s12936-023-04821-x,Individual row extracted from the published supplementary table; place code=WG; date range=2022.08.10-11; the table is detection-positive and does not create non-detections. The per-row method cell is blank.
WG_AA_22_2,HONG_2023_GIMPO_GANGHWA,WG_AA_22_2,confirmed_specimen,Anopheles sinensis,South Korea,"Wolgot-myeon, Gimpo-si, Gyeonggi-do",HONG_2023_GIMPO_GANGHWA_WG,"Wolgot-myeon, Gimpo-si, Gyeonggi-do",b+377_+1265,r184c1226,126.534444,37.745,2022-08-04,2022,8,1,specimen,1,,published supplementary individual record,10 dip larval sampling description; individual denominator not attached to row,molecular_species_confirmation,,verified_species_source_table_method_not_printed,,detected; no non-detection inferred,CC BY 4.0 article; derivative-data reuse should be reviewed,https://doi.org/10.1186/s12936-023-04821-x,Individual row extracted from the published supplementary table; place code=WG; date range=2022.08.04-05; the table is detection-positive and does not create non-detections. The per-row method cell is blank.
WG_AA_22_20,HONG_2023_GIMPO_GANGHWA,WG_AA_22_20,confirmed_specimen,Anopheles sinensis,South Korea,"Wolgot-myeon, Gimpo-si, Gyeonggi-do",HONG_2023_GIMPO_GANGHWA_WG,"Wolgot-myeon, Gimpo-si, Gyeonggi-do",b+377_+1265,r184c1226,126.534444,37.745,2022-08-24,2022,8,1,specimen,1,,published supplementary individual record,10 dip larval sampling description; individual denominator not attached to row,molecular_species_confirmation,,verified_species_source_table_method_not_printed,,detected; no non-detection inferred,CC BY 4.0 article; derivative-data reuse should be reviewed,https://doi.org/10.1186/s12936-023-04821-x,Individual row extracted from the published supplementary table; place code=WG; date range=2022.08.24 - 25; the table is detection-positive and does not create non-detections. The per-row method cell is blank.
WG_AA_22_21,HONG_2023_GIMPO_GANGHWA,WG_AA_22_21,confirmed_specimen,Anopheles sinensis,South Korea,"Wolgot-myeon, Gimpo-si, Gyeonggi-do",HONG_2023_GIMPO_GANGHWA_WG,"Wolgot-myeon, Gimpo-si, Gyeonggi-do",b+377_+1265,r184c1226,126.534444,37.745,2022-08-24,2022,8,1,specimen,1,,published supplementary individual record,10 dip larval sampling description; individual denominator not attached to row,molecular_species_confirmation,,verified_species_source_table_method_not_printed,,detected; no non-detection inferred,CC BY 4.0 article; derivative-data reuse should be reviewed,https://doi.org/10.1186/s12936-023-04821-x,Individual row extracted from the published supplementary table; place code=WG; date range=2022.08.24 - 25; the table is detection-positive and does not create non-detections. The per-row method cell is blank.
WG_AA_22_23,HONG_2023_GIMPO_GANGHWA,WG_AA_22_23,confirmed_specimen,Anopheles sinensis,South Korea,"Wolgot-myeon, Gimpo-si, Gyeonggi-do",HONG_2023_GIMPO_GANGHWA_WG,"Wolgot-myeon, Gimpo-si, Gyeonggi-do",b+377_+1265,r184c1226,126.534444,37.745,2022-08-31,2022,8,1,specimen,1,,published supplementary individual record,10 dip larval sampling description; individual denominator not attached to row,molecular_species_confirmation,,verified_species_source_table_method_not_printed,,detected; no non-detection inferred,CC BY 4.0 article; derivative-data reuse should be reviewed,https://doi.org/10.1186/s12936-023-04821-x,Individual row extracted from the published supplementary table; place code=WG; date range=2022.08.31 - 09.01; the table is detection-positive and does not create non-detections. The per-row method cell is blank.
WG_AA_22_24,HONG_2023_GIMPO_GANGHWA,WG_AA_22_24,confirmed_specimen,Anopheles sinensis,South Korea,"Wolgot-myeon, Gimpo-si, Gyeonggi-do",HONG_2023_GIMPO_GANGHWA_WG,"Wolgot-myeon, Gimpo-si, Gyeonggi-do",b+377_+1265,r184c1226,126.534444,37.745,2022-08-31,2022,8,1,specimen,1,,published supplementary individual record,10 dip larval sampling description; individual denominator not attached to row,molecular_species_confirmation,,verified_species_source_table_method_not_printed,,detected; no non-detection inferred,CC BY 4.0 article; derivative-data reuse should be reviewed,https://doi.org/10.1186/s12936-023-04821-x,Individual row extracted from the published supplementary table; place code=WG; date range=2022.08.31 - 09.01; the table is detection-positive and does not create non-detections. The per-row method cell is blank.
WG_AA_22_25,HONG_2023_GIMPO_GANGHWA,WG_AA_22_25,confirmed_specimen,Anopheles sinensis,South Korea,"Wolgot-myeon, Gimpo-si, Gyeonggi-do",HONG_2023_GIMPO_GANGHWA_WG,"Wolgot-myeon, Gimpo-si, Gyeonggi-do",b+377_+1265,r184c1226,126.534444,37.745,2022-09-20,2022,9,1,specimen,1,,published supplementary individual record,10 dip larval sampling description; individual denominator not attached to row,molecular_species_confirmation,,verified_species_source_table_method_not_printed,,detected; no non-detection inferred,CC BY 4.0 article; derivative-data reuse should be reviewed,https://doi.org/10.1186/s12936-023-04821-x,Individual row extracted from the published supplementary table; place code=WG; date range=2022.09.20-21; the table is detection-positive and does not create non-detections. The per-row method cell is blank.
WG_AA_22_26,HONG_2023_GIMPO_GANGHWA,WG_AA_22_26,confirmed_specimen,Anopheles sinensis,South Korea,"Wolgot-myeon, Gimpo-si, Gyeonggi-do",HONG_2023_GIMPO_GANGHWA_WG,"Wolgot-myeon, Gimpo-si, Gyeonggi-do",b+377_+1265,r184c1226,126.534444,37.745,2022-09-20,2022,9,1,specimen,1,,published supplementary individual record,10 dip larval sampling description; individual denominator not attached to row,molecular_species_confirmation,,verified_species_source_table_method_not_printed,,detected; no non-detection inferred,CC BY 4.0 article; derivative-data reuse should be reviewed,https://doi.org/10.1186/s12936-023-04821-x,Individual row extracted from the published supplementary table; place code=WG; date range=2022.09.20-21; the table is detection-positive and does not create non-detections. The per-row method cell is blank.
WG_AA_22_3,HONG_2023_GIMPO_GANGHWA,WG_AA_22_3,confirmed_specimen,Anopheles sinensis,South Korea,"Wolgot-myeon, Gimpo-si, Gyeonggi-do",HONG_2023_GIMPO_GANGHWA_WG,"Wolgot-myeon, Gimpo-si, Gyeonggi-do",b+377_+1265,r184c1226,126.534444,37.745,2022-08-04,2022,8,1,specimen,1,,published supplementary individual record,10 dip larval sampling description; individual denominator not attached to row,molecular_species_confirmation,,verified_species_source_table_method_not_printed,,detected; no non-detection inferred,CC BY 4.0 article; derivative-data reuse should be reviewed,https://doi.org/10.1186/s12936-023-04821-x,Individual row extracted from the published supplementary table; place code=WG; date range=2022.08.04-05; the table is detection-positive and does not create non-detections. The per-row method cell is blank.
WG_AA_22_36,HONG_2023_GIMPO_GANGHWA,WG_AA_22_36,confirmed_specimen,Anopheles sinensis,South Korea,"Wolgot-myeon, Gimpo-si, Gyeonggi-do",HONG_2023_GIMPO_GANGHWA_WG,"Wolgot-myeon, Gimpo-si, Gyeonggi-do",b+377_+1265,r184c1226,126.534444,37.745,2022-09-28,2022,9,1,specimen,1,,published supplementary individual record,10 dip larval sampling description; individual denominator not attached to row,molecular_species_confirmation,,verified_species_source_table_method_not_printed,,detected; no non-detection inferred,CC BY 4.0 article; derivative-data reuse should be reviewed,https://doi.org/10.1186/s12936-023-04821-x,Individual row extracted from the published supplementary table; place code=WG; date range=2022.09.28-29; the table is detection-positive and does not create non-detections. The per-row method cell is blank.
WG_AA_22_37,HONG_2023_GIMPO_GANGHWA,WG_AA_22_37,confirmed_specimen,Anopheles sinensis,South Korea,"Wolgot-myeon, Gimpo-si, Gyeonggi-do",HONG_2023_GIMPO_GANGHWA_WG,"Wolgot-myeon, Gimpo-si, Gyeonggi-do",b+377_+1265,r184c1226,126.534444,37.745,2022-09-28,2022,9,1,specimen,1,,published supplementary individual record,10 dip larval sampling description; individual denominator not attached to row,molecular_species_confirmation,,verified_species_source_table_method_not_printed,,detected; no non-detection inferred,CC BY 4.0 article; derivative-data reuse should be reviewed,https://doi.org/10.1186/s12936-023-04821-x,Individual row extracted from the published supplementary table; place code=WG; date range=2022.09.28-29; the table is detection-positive and does not create non-detections. The per-row method cell is blank.
WG_AA_22_38,HONG_2023_GIMPO_GANGHWA,WG_AA_22_38,confirmed_specimen,Anopheles sinensis,South Korea,"Wolgot-myeon, Gimpo-si, Gyeonggi-do",HONG_2023_GIMPO_GANGHWA_WG,"Wolgot-myeon, Gimpo-si, Gyeonggi-do",b+377_+1265,r184c1226,126.534444,37.745,2022-10-06,2022,10,1,specimen,1,,published supplementary individual record,10 dip larval sampling description; individual denominator not attached to row,molecular_species_confirmation,,verified_species_source_table_method_not_printed,,detected; no non-detection inferred,CC BY 4.0 article; derivative-data reuse should be reviewed,https://doi.org/10.1186/s12936-023-04821-x,Individual row extracted from the published supplementary table; place code=WG; date range=2022.10.06-07; the table is detection-positive and does not create non-detections. The per-row method cell is blank.
WG_AA_22_5,HONG_2023_GIMPO_GANGHWA,WG_AA_22_5,confirmed_specimen,Anopheles sinensis,South Korea,"Wolgot-myeon, Gimpo-si, Gyeonggi-do",HONG_2023_GIMPO_GANGHWA_WG,"Wolgot-myeon, Gimpo-si, Gyeonggi-do",b+377_+1265,r184c1226,126.534444,37.745,2022-08-10,2022,8,1,specimen,1,,published supplementary individual record,10 dip larval sampling description; individual denominator not attached to row,molecular_species_confirmation,,verified_species_source_table_method_not_printed,,detected; no non-detection inferred,CC BY 4.0 article; derivative-data reuse should be reviewed,https://doi.org/10.1186/s12936-023-04821-x,Individual row extracted from the published supplementary table; place code=WG; date range=2022.08.10-11; the table is detection-positive and does not create non-detections. The per-row method cell is blank.
WG_AA_22_6,HONG_2023_GIMPO_GANGHWA,WG_AA_22_6,confirmed_specimen,Anopheles sinensis,South Korea,"Wolgot-myeon, Gimpo-si, Gyeonggi-do",HONG_2023_GIMPO_GANGHWA_WG,"Wolgot-myeon, Gimpo-si, Gyeonggi-do",b+377_+1265,r184c1226,126.534444,37.745,2022-08-10,2022,8,1,specimen,1,,published supplementary individual record,10 dip larval sampling description; individual denominator not attached to row,molecular_species_confirmation,,verified_species_source_table_method_not_printed,,detected; no non-detection inferred,CC BY 4.0 article; derivative-data reuse should be reviewed,https://doi.org/10.1186/s12936-023-04821-x,Individual row extracted from the published supplementary table; place code=WG; date range=2022.08.10-11; the table is detection-positive and does not create non-detections. The per-row method cell is blank.
WG_AA_22_7,HONG_2023_GIMPO_GANGHWA,WG_AA_22_7,confirmed_specimen,Anopheles sinensis,South Korea,"Wolgot-myeon, Gimpo-si, Gyeonggi-do",HONG_2023_GIMPO_GANGHWA_WG,"Wolgot-myeon, Gimpo-si, Gyeonggi-do",b+377_+1265,r184c1226,126.534444,37.745,2022-08-10,2022,8,1,specimen,1,,published supplementary individual record,10 dip larval sampling description; individual denominator not attached to row,molecular_species_confirmation,,verified_species_source_table_method_not_printed,,detected; no non-detection inferred,CC BY 4.0 article; derivative-data reuse should be reviewed,https://doi.org/10.1186/s12936-023-04821-x,Individual row extracted from the published supplementary table; place code=WG; date range=2022.08.10-11; the table is detection-positive and does not create non-detections. The per-row method cell is blank.
WG_AA_22_8,HONG_2023_GIMPO_GANGHWA,WG_AA_22_8,confirmed_specimen,Anopheles sinensis,South Korea,"Wolgot-myeon, Gimpo-si, Gyeonggi-do",HONG_2023_GIMPO_GANGHWA_WG,"Wolgot-myeon, Gimpo-si, Gyeonggi-do",b+377_+1265,r184c1226,126.534444,37.745,2022-08-10,2022,8,1,specimen,1,,published supplementary individual record,10 dip larval sampling description; individual denominator not attached to row,molecular_species_confirmation,,verified_species_source_table_method_not_printed,,detected; no non-detection inferred,CC BY 4.0 article; derivative-data reuse should be reviewed,https://doi.org/10.1186/s12936-023-04821-x,Individual row extracted from the published supplementary table; place code=WG; date range=2022.08.10-11; the table is detection-positive and does not create non-detections. The per-row method cell is blank.
WG_AA_22_9,HONG_2023_GIMPO_GANGHWA,WG_AA_22_9,confirmed_specimen,Anopheles sinensis,South Korea,"Wolgot-myeon, Gimpo-si, Gyeonggi-do",HONG_2023_GIMPO_GANGHWA_WG,"Wolgot-myeon, Gimpo-si, Gyeonggi-do",b+377_+1265,r184c1226,126.534444,37.745,2022-08-10,2022,8,1,specimen,1,,published supplementary individual record,10 dip larval sampling description; individual denominator not attached to row,molecular_species_confirmation,,verified_species_source_table_method_not_printed,,detected; no non-detection inferred,CC BY 4.0 article; derivative-data reuse should be reviewed,https://doi.org/10.1186/s12936-023-04821-x,Individual row extracted from the published supplementary table; place code=WG; date range=2022.08.10-11; the table is detection-positive and does not create non-detections. The per-row method cell is blank.
WG_AL_22_1,HONG_2023_GIMPO_GANGHWA,WG_AL_22_1,confirmed_specimen,Anopheles sinensis,South Korea,"Wolgot-myeon, Gimpo-si, Gyeonggi-do",HONG_2023_GIMPO_GANGHWA_WG,"Wolgot-myeon, Gimpo-si, Gyeonggi-do",b+377_+1265,r184c1226,126.534444,37.745,2022-10-06,2022,10,1,specimen,1,,published supplementary individual record,10 dip larval sampling description; individual denominator not attached to row,molecular_species_confirmation,ITS2,verified_PCR_or_ITS2_source_table,,detected; no non-detection inferred,CC BY 4.0 article; derivative-data reuse should be reviewed,https://doi.org/10.1186/s12936-023-04821-x,Individual row extracted from the published supplementary table; place code=WG; date range=2022.10.06-07; the table is detection-positive and does not create non-detections.
NG_AA_23_1,HONG_2023_GIMPO_GANGHWA,NG_AA_23_1,confirmed_specimen,Anopheles sinensis,South Korea,"Naega-myeon, Ganghwa-gun, Incheon",HONG_2023_GIMPO_GANGHWA_NG,"Naega-myeon, Ganghwa-gun, Incheon",b+377_+1264,,126.415278,37.731111,2023-08-01,2023,8,1,specimen,1,,published supplementary individual record,10 dip larval sampling description; individual denominator not attached to row,molecular_species_confirmation,"Multiplex PCR, ITS2, COI",verified_PCR_or_ITS2_source_table,,detected; no non-detection inferred,CC BY 4.0 article; derivative-data reuse should be reviewed,https://doi.org/10.1186/s12936-023-04821-x,Individual row extracted from the published supplementary table; place code=NG; date range=2023.08.01-08.02; the table is detection-positive and does not create non-detections.
NG_AA_23_10,HONG_2023_GIMPO_GANGHWA,NG_AA_23_10,confirmed_specimen,Anopheles sinensis,South Korea,"Naega-myeon, Ganghwa-gun, Incheon",HONG_2023_GIMPO_GANGHWA_NG,"Naega-myeon, Ganghwa-gun, Incheon",b+377_+1264,,126.415278,37.731111,2023-08-01,2023,8,1,specimen,1,,published supplementary individual record,10 dip larval sampling description; individual denominator not attached to row,molecular_species_confirmation,"Multiplex PCR, ITS2",verified_PCR_or_ITS2_source_table,,detected; no non-detection inferred,CC BY 4.0 article; derivative-data reuse should be reviewed,https://doi.org/10.1186/s12936-023-04821-x,Individual row extracted from the published supplementary table; place code=NG; date range=2023.08.01-08.02; the table is detection-positive and does not create non-detections.
NG_AA_23_11,HONG_2023_GIMPO_GANGHWA,NG_AA_23_11,confirmed_specimen,Anopheles sinensis,South Korea,"Naega-myeon, Ganghwa-gun, Incheon",HONG_2023_GIMPO_GANGHWA_NG,"Naega-myeon, Ganghwa-gun, Incheon",b+377_+1264,,126.415278,37.731111,2023-08-01,2023,8,1,specimen,1,,published supplementary individual record,10 dip larval sampling description; individual denominator not attached to row,molecular_species_confirmation,Multiplex PCR,verified_PCR_or_ITS2_source_table,,detected; no non-detection inferred,CC BY 4.0 article; derivative-data reuse should be reviewed,https://doi.org/10.1186/s12936-023-04821-x,Individual row extracted from the published supplementary table; place code=NG; date range=2023.08.01-08.02; the table is detection-positive and does not create non-detections.
NG_AA_23_12,HONG_2023_GIMPO_GANGHWA,NG_AA_23_12,confirmed_specimen,Anopheles sinensis,South Korea,"Naega-myeon, Ganghwa-gun, Incheon",HONG_2023_GIMPO_GANGHWA_NG,"Naega-myeon, Ganghwa-gun, Incheon",b+377_+1264,,126.415278,37.731111,2023-08-01,2023,8,1,specimen,1,,published supplementary individual record,10 dip larval sampling description; individual denominator not attached to row,molecular_species_confirmation,Multiplex PCR,verified_PCR_or_ITS2_source_table,,detected; no non-detection inferred,CC BY 4.0 article; derivative-data reuse should be reviewed,https://doi.org/10.1186/s12936-023-04821-x,Individual row extracted from the published supplementary table; place code=NG; date range=2023.08.01-08.02; the table is detection-positive and does not create non-detections.
NG_AA_23_13,HONG_2023_GIMPO_GANGHWA,NG_AA_23_13,confirmed_specimen,Anopheles sinensis,South Korea,"Naega-myeon, Ganghwa-gun, Incheon",HONG_2023_GIMPO_GANGHWA_NG,"Naega-myeon, Ganghwa-gun, Incheon",b+377_+1264,,126.415278,37.731111,2023-08-16,2023,8,1,specimen,1,,published supplementary individual record,10 dip larval sampling description; individual denominator not attached to row,molecular_species_confirmation,"Multiplex PCR, ITS2, COI",verified_PCR_or_ITS2_source_table,,detected; no non-detection inferred,CC BY 4.0 article; derivative-data reuse should be reviewed,https://doi.org/10.1186/s12936-023-04821-x,Individual row extracted from the published supplementary table; place code=NG; date range=2023.08.16-08.17; the table is detection-positive and does not create non-detections.
NG_AA_23_14,HONG_2023_GIMPO_GANGHWA,NG_AA_23_14,confirmed_specimen,Anopheles sinensis,South Korea,"Naega-myeon, Ganghwa-gun, Incheon",HONG_2023_GIMPO_GANGHWA_NG,"Naega-myeon, Ganghwa-gun, Incheon",b+377_+1264,,126.415278,37.731111,2023-08-16,2023,8,1,specimen,1,,published supplementary individual record,10 dip larval sampling description; individual denominator not attached to row,molecular_species_confirmation,"Multiplex PCR, ITS2, COI",verified_PCR_or_ITS2_source_table,,detected; no non-detection inferred,CC BY 4.0 article; derivative-data reuse should be reviewed,https://doi.org/10.1186/s12936-023-04821-x,Individual row extracted from the published supplementary table; place code=NG; date range=2023.08.16-08.17; the table is detection-positive and does not create non-detections.
NG_AA_23_15,HONG_2023_GIMPO_GANGHWA,NG_AA_23_15,confirmed_specimen,Anopheles sinensis,South Korea,"Naega-myeon, Ganghwa-gun, Incheon",HONG_2023_GIMPO_GANGHWA_NG,"Naega-myeon, Ganghwa-gun, Incheon",b+377_+1264,,126.415278,37.731111,2023-08-16,2023,8,1,specimen,1,,published supplementary individual record,10 dip larval sampling description; individual denominator not attached to row,molecular_species_confirmation,Multiplex PCR,verified_PCR_or_ITS2_source_table,,detected; no non-detection inferred,CC BY 4.0 article; derivative-data reuse should be reviewed,https://doi.org/10.1186/s12936-023-04821-x,Individual row extracted from the published supplementary table; place code=NG; date range=2023.08.16-08.17; the table is detection-positive and does not create non-detections.
NG_AA_23_16,HONG_2023_GIMPO_GANGHWA,NG_AA_23_16,confirmed_specimen,Anopheles sinensis,South Korea,"Naega-myeon, Ganghwa-gun, Incheon",HONG_2023_GIMPO_GANGHWA_NG,"Naega-myeon, Ganghwa-gun, Incheon",b+377_+1264,,126.415278,37.731111,2023-08-16,2023,8,1,specimen,1,,published supplementary individual record,10 dip larval sampling description; individual denominator not attached to row,molecular_species_confirmation,Multiplex PCR,verified_PCR_or_ITS2_source_table,,detected; no non-detection inferred,CC BY 4.0 article; derivative-data reuse should be reviewed,https://doi.org/10.1186/s12936-023-04821-x,Individual row extracted from the published supplementary table; place code=NG; date range=2023.08.16-08.17; the table is detection-positive and does not create non-detections.
NG_AA_23_17,HONG_2023_GIMPO_GANGHWA,NG_AA_23_17,confirmed_specimen,Anopheles sinensis,South Korea,"Naega-myeon, Ganghwa-gun, Incheon",HONG_2023_GIMPO_GANGHWA_NG,"Naega-myeon, Ganghwa-gun, Incheon",b+377_+1264,,126.415278,37.731111,2023-08-16,2023,8,1,specimen,1,,published supplementary individual record,10 dip larval sampling description; individual denominator not attached to row,molecular_species_confirmation,"Multiplex PCR, COI",verified_PCR_or_ITS2_source_table,,detected; no non-detection inferred,CC BY 4.0 article; derivative-data reuse should be reviewed,https://doi.org/10.1186/s12936-023-04821-x,Individual row extracted from the published supplementary table; place code=NG; date range=2023.08.16-08.17; the table is detection-positive and does not create non-detections.
NG_AA_23_18,HONG_2023_GIMPO_GANGHWA,NG_AA_23_18,confirmed_specimen,Anopheles sinensis,South Korea,"Naega-myeon, Ganghwa-gun, Incheon",HONG_2023_GIMPO_GANGHWA_NG,"Naega-myeon, Ganghwa-gun, Incheon",b+377_+1264,,126.415278,37.731111,2023-08-16,2023,8,1,specimen,1,,published supplementary individual record,10 dip larval sampling description; individual denominator not attached to row,molecular_species_confirmation,Multiplex PCR,verified_PCR_or_ITS2_source_table,,detected; no non-detection inferred,CC BY 4.0 article; derivative-data reuse should be reviewed,https://doi.org/10.1186/s12936-023-04821-x,Individual row extracted from the published supplementary table; place code=NG; date range=2023.08.16-08.17; the table is detection-positive and does not create non-detections.
NG_AA_23_19,HONG_2023_GIMPO_GANGHWA,NG_AA_23_19,confirmed_specimen,Anopheles sinensis,South Korea,"Naega-myeon, Ganghwa-gun, Incheon",HONG_2023_GIMPO_GANGHWA_NG,"Naega-myeon, Ganghwa-gun, Incheon",b+377_+1264,,126.415278,37.731111,2023-08-16,2023,8,1,specimen,1,,published supplementary individual record,10 dip larval sampling description; individual denominator not attached to row,molecular_species_confirmation,Multiplex PCR,verified_PCR_or_ITS2_source_table,,detected; no non-detection inferred,CC BY 4.0 article; derivative-data reuse should be reviewed,https://doi.org/10.1186/s12936-023-04821-x,Individual row extracted from the published supplementary table; place code=NG; date range=2023.08.16-08.17; the table is detection-positive and does not create non-detections.
NG_AA_23_2,HONG_2023_GIMPO_GANGHWA,NG_AA_23_2,confirmed_specimen,Anopheles sinensis,South Korea,"Naega-myeon, Ganghwa-gun, Incheon",HONG_2023_GIMPO_GANGHWA_NG,"Naega-myeon, Ganghwa-gun, Incheon",b+377_+1264,,126.415278,37.731111,2023-08-01,2023,8,1,specimen,1,,published supplementary individual record,10 dip larval sampling description; individual denominator not attached to row,molecular_species_confirmation,"Multiplex PCR, COI",verified_PCR_or_ITS2_source_table,,detected; no non-detection inferred,CC BY 4.0 article; derivative-data reuse should be reviewed,https://doi.org/10.1186/s12936-023-04821-x,Individual row extracted from the published supplementary table; place code=NG; date range=2023.08.01-08.02; the table is detection-positive and does not create non-detections.
NG_AA_23_20,HONG_2023_GIMPO_GANGHWA,NG_AA_23_20,confirmed_specimen,Anopheles sinensis,South Korea,"Naega-myeon, Ganghwa-gun, Incheon",HONG_2023_GIMPO_GANGHWA_NG,"Naega-myeon, Ganghwa-gun, Incheon",b+377_+1264,,126.415278,37.731111,2023-08-16,2023,8,1,specimen,1,,published supplementary individual record,10 dip larval sampling description; individual denominator not attached to row,molecular_species_confirmation,Multiplex PCR,verified_PCR_or_ITS2_source_table,,detected; no non-detection inferred,CC BY 4.0 article; derivative-data reuse should be reviewed,https://doi.org/10.1186/s12936-023-04821-x,Individual row extracted from the published supplementary table; place code=NG; date range=2023.08.16-08.17; the table is detection-positive and does not create non-detections.
NG_AA_23_21,HONG_2023_GIMPO_GANGHWA,NG_AA_23_21,confirmed_specimen,Anopheles sinensis,South Korea,"Naega-myeon, Ganghwa-gun, Incheon",HONG_2023_GIMPO_GANGHWA_NG,"Naega-myeon, Ganghwa-gun, Incheon",b+377_+1264,,126.415278,37.731111,2023-08-16,2023,8,1,specimen,1,,published supplementary individual record,10 dip larval sampling description; individual denominator not attached to row,molecular_species_confirmation,"Multiplex PCR, ITS2, COI",verified_PCR_or_ITS2_source_table,,detected; no non-detection inferred,CC BY 4.0 article; derivative-data reuse should be reviewed,https://doi.org/10.1186/s12936-023-04821-x,Individual row extracted from the published supplementary table; place code=NG; date range=2023.08.16-08.17; the table is detection-positive and does not create non-detections.
NG_AA_23_22,HONG_2023_GIMPO_GANGHWA,NG_AA_23_22,confirmed_specimen,Anopheles sinensis,South Korea,"Naega-myeon, Ganghwa-gun, Incheon",HONG_2023_GIMPO_GANGHWA_NG,"Naega-myeon, Ganghwa-gun, Incheon",b+377_+1264,,126.415278,37.731111,2023-08-16,2023,8,1,specimen,1,,published supplementary individual record,10 dip larval sampling description; individual denominator not attached to row,molecular_species_confirmation,"Multiplex PCR, ITS2, COI",verified_PCR_or_ITS2_source_table,,detected; no non-detection inferred,CC BY 4.0 article; derivative-data reuse should be reviewed,https://doi.org/10.1186/s12936-023-04821-x,Individual row extracted from the published supplementary table; place code=NG; date range=2023.08.16-08.17; the table is detection-positive and does not create non-detections.
NG_AA_23_23,HONG_2023_GIMPO_GANGHWA,NG_AA_23_23,confirmed_specimen,Anopheles sinensis,South Korea,"Naega-myeon, Ganghwa-gun, Incheon",HONG_2023_GIMPO_GANGHWA_NG,"Naega-myeon, Ganghwa-gun, Incheon",b+377_+1264,,126.415278,37.731111,2023-08-16,2023,8,1,specimen,1,,published supplementary individual record,10 dip larval sampling description; individual denominator not attached to row,molecular_species_confirmation,"Multiplex PCR, ITS2, COI",verified_PCR_or_ITS2_source_table,,detected; no non-detection inferred,CC BY 4.0 article; derivative-data reuse should be reviewed,https://doi.org/10.1186/s12936-023-04821-x,Individual row extracted from the published supplementary table; place code=NG; date range=2023.08.16-08.17; the table is detection-positive and does not create non-detections.
NG_AA_23_24,HONG_2023_GIMPO_GANGHWA,NG_AA_23_24,confirmed_specimen,Anopheles sinensis,South Korea,"Naega-myeon, Ganghwa-gun, Incheon",HONG_2023_GIMPO_GANGHWA_NG,"Naega-myeon, Ganghwa-gun, Incheon",b+377_+1264,,126.415278,37.731111,2023-08-16,2023,8,1,specimen,1,,published supplementary individual record,10 dip larval sampling description; individual denominator not attached to row,molecular_species_confirmation,"Multiplex PCR, ITS2, COI",verified_PCR_or_ITS2_source_table,,detected; no non-detection inferred,CC BY 4.0 article; derivative-data reuse should be reviewed,https://doi.org/10.1186/s12936-023-04821-x,Individual row extracted from the published supplementary table; place code=NG; date range=2023.08.16-08.17; the table is detection-positive and does not create non-detections.
NG_AA_23_25,HONG_2023_GIMPO_GANGHWA,NG_AA_23_25,confirmed_specimen,Anopheles sinensis,South Korea,"Naega-myeon, Ganghwa-gun, Incheon",HONG_2023_GIMPO_GANGHWA_NG,"Naega-myeon, Ganghwa-gun, Incheon",b+377_+1264,,126.415278,37.731111,2023-08-16,2023,8,1,specimen,1,,published supplementary individual record,10 dip larval sampling description; individual denominator not attached to row,molecular_species_confirmation,"Multiplex PCR, ITS2, COI",verified_PCR_or_ITS2_source_table,,detected; no non-detection inferred,CC BY 4.0 article; derivative-data reuse should be reviewed,https://doi.org/10.1186/s12936-023-04821-x,Individual row extracted from the published supplementary table; place code=NG; date range=2023.08.16-08.17; the table is detection-positive and does not create non-detections.
NG_AA_23_26,HONG_2023_GIMPO_GANGHWA,NG_AA_23_26,confirmed_specimen,Anopheles sinensis,South Korea,"Naega-myeon, Ganghwa-gun, Incheon",HONG_2023_GIMPO_GANGHWA_NG,"Naega-myeon, Ganghwa-gun, Incheon",b+377_+1264,,126.415278,37.731111,2023-08-16,2023,8,1,specimen,1,,published supplementary individual record,10 dip larval sampling description; individual denominator not attached to row,molecular_species_confirmation,"Multiplex PCR, ITS2",verified_PCR_or_ITS2_source_table,,detected; no non-detection inferred,CC BY 4.0 article; derivative-data reuse should be reviewed,https://doi.org/10.1186/s12936-023-04821-x,Individual row extracted from the published supplementary table; place code=NG; date range=2023.08.16-08.17; the table is detection-positive and does not create non-detections.
NG_AA_23_27,HONG_2023_GIMPO_GANGHWA,NG_AA_23_27,confirmed_specimen,Anopheles sinensis,South Korea,"Naega-myeon, Ganghwa-gun, Incheon",HONG_2023_GIMPO_GANGHWA_NG,"Naega-myeon, Ganghwa-gun, Incheon",b+377_+1264,,126.415278,37.731111,2023-08-16,2023,8,1,specimen,1,,published supplementary individual record,10 dip larval sampling description; individual denominator not attached to row,molecular_species_confirmation,Multiplex PCR,verified_PCR_or_ITS2_source_table,,detected; no non-detection inferred,CC BY 4.0 article; derivative-data reuse should be reviewed,https://doi.org/10.1186/s12936-023-04821-x,Individual row extracted from the published supplementary table; place code=NG; date range=2023.08.16-08.17; the table is detection-positive and does not create non-detections.
NG_AA_23_28,HONG_2023_GIMPO_GANGHWA,NG_AA_23_28,confirmed_specimen,Anopheles sinensis,South Korea,"Naega-myeon, Ganghwa-gun, Incheon",HONG_2023_GIMPO_GANGHWA_NG,"Naega-myeon, Ganghwa-gun, Incheon",b+377_+1264,,126.415278,37.731111,2023-08-16,2023,8,1,specimen,1,,published supplementary individual record,10 dip larval sampling description; individual denominator not attached to row,molecular_species_confirmation,Multiplex PCR,verified_PCR_or_ITS2_source_table,,detected; no non-detection inferred,CC BY 4.0 article; derivative-data reuse should be reviewed,https://doi.org/10.1186/s12936-023-04821-x,Individual row extracted from the published supplementary table; place code=NG; date range=2023.08.16-08.17; the table is detection-positive and does not create non-detections.
NG_AA_23_29,HONG_2023_GIMPO_GANGHWA,NG_AA_23_29,confirmed_specimen,Anopheles sinensis,South Korea,"Naega-myeon, Ganghwa-gun, Incheon",HONG_2023_GIMPO_GANGHWA_NG,"Naega-myeon, Ganghwa-gun, Incheon",b+377_+1264,,126.415278,37.731111,2023-08-16,2023,8,1,specimen,1,,published supplementary individual record,10 dip larval sampling description; individual denominator not attached to row,molecular_species_confirmation,"Multiplex PCR, ITS2, COI",verified_PCR_or_ITS2_source_table,,detected; no non-detection inferred,CC BY 4.0 article; derivative-data reuse should be reviewed,https://doi.org/10.1186/s12936-023-04821-x,Individual row extracted from the published supplementary table; place code=NG; date range=2023.08.16-08.17; the table is detection-positive and does not create non-detections.
NG_AA_23_3,HONG_2023_GIMPO_GANGHWA,NG_AA_23_3,confirmed_specimen,Anopheles sinensis,South Korea,"Naega-myeon, Ganghwa-gun, Incheon",HONG_2023_GIMPO_GANGHWA_NG,"Naega-myeon, Ganghwa-gun, Incheon",b+377_+1264,,126.415278,37.731111,2023-08-01,2023,8,1,specimen,1,,published supplementary individual record,10 dip larval sampling description; individual denominator not attached to row,molecular_species_confirmation,"Multiplex PCR, ITS2",verified_PCR_or_ITS2_source_table,,detected; no non-detection inferred,CC BY 4.0 article; derivative-data reuse should be reviewed,https://doi.org/10.1186/s12936-023-04821-x,Individual row extracted from the published supplementary table; place code=NG; date range=2023.08.01-08.02; the table is detection-positive and does not create non-detections.
NG_AA_23_30,HONG_2023_GIMPO_GANGHWA,NG_AA_23_30,confirmed_specimen,Anopheles sinensis,South Korea,"Naega-myeon, Ganghwa-gun, Incheon",HONG_2023_GIMPO_GANGHWA_NG,"Naega-myeon, Ganghwa-gun, Incheon",b+377_+1264,,126.415278,37.731111,2023-08-16,2023,8,1,specimen,1,,published supplementary individual record,10 dip larval sampling description; individual denominator not attached to row,molecular_species_confirmation,"Multiplex PCR, ITS2, COI",verified_PCR_or_ITS2_source_table,,detected; no non-detection inferred,CC BY 4.0 article; derivative-data reuse should be reviewed,https://doi.org/10.1186/s12936-023-04821-x,Individual row extracted from the published supplementary table; place code=NG; date range=2023.08.16-08.17; the table is detection-positive and does not create non-detections.
NG_AA_23_31,HONG_2023_GIMPO_GANGHWA,NG_AA_23_31,confirmed_specimen,Anopheles sinensis,South Korea,"Naega-myeon, Ganghwa-gun, Incheon",HONG_2023_GIMPO_GANGHWA_NG,"Naega-myeon, Ganghwa-gun, Incheon",b+377_+1264,,126.415278,37.731111,2023-08-16,2023,8,1,specimen,1,,published supplementary individual record,10 dip larval sampling description; individual denominator not attached to row,molecular_species_confirmation,"Multiplex PCR, ITS2, COI",verified_PCR_or_ITS2_source_table,,detected; no non-detection inferred,CC BY 4.0 article; derivative-data reuse should be reviewed,https://doi.org/10.1186/s12936-023-04821-x,Individual row extracted from the published supplementary table; place code=NG; date range=2023.08.16-08.17; the table is detection-positive and does not create non-detections.
NG_AA_23_32,HONG_2023_GIMPO_GANGHWA,NG_AA_23_32,confirmed_specimen,Anopheles sinensis,South Korea,"Naega-myeon, Ganghwa-gun, Incheon",HONG_2023_GIMPO_GANGHWA_NG,"Naega-myeon, Ganghwa-gun, Incheon",b+377_+1264,,126.415278,37.731111,2023-08-16,2023,8,1,specimen,1,,published supplementary individual record,10 dip larval sampling description; individual denominator not attached to row,molecular_species_confirmation,Multiplex PCR,verified_PCR_or_ITS2_source_table,,detected; no non-detection inferred,CC BY 4.0 article; derivative-data reuse should be reviewed,https://doi.org/10.1186/s12936-023-04821-x,Individual row extracted from the published supplementary table; place code=NG; date range=2023.08.16-08.17; the table is detection-positive and does not create non-detections.
NG_AA_23_33,HONG_2023_GIMPO_GANGHWA,NG_AA_23_33,confirmed_specimen,Anopheles sinensis,South Korea,"Naega-myeon, Ganghwa-gun, Incheon",HONG_2023_GIMPO_GANGHWA_NG,"Naega-myeon, Ganghwa-gun, Incheon",b+377_+1264,,126.415278,37.731111,2023-08-16,2023,8,1,specimen,1,,published supplementary individual record,10 dip larval sampling description; individual denominator not attached to row,molecular_species_confirmation,"Multiplex PCR, ITS2, COI",verified_PCR_or_ITS2_source_table,,detected; no non-detection inferred,CC BY 4.0 article; derivative-data reuse should be reviewed,https://doi.org/10.1186/s12936-023-04821-x,Individual row extracted from the published supplementary table; place code=NG; date range=2023.08.16-08.17; the table is detection-positive and does not create non-detections.
NG_AA_23_36,HONG_2023_GIMPO_GANGHWA,NG_AA_23_36,confirmed_specimen,Anopheles sinensis,South Korea,"Naega-myeon, Ganghwa-gun, Incheon",HONG_2023_GIMPO_GANGHWA_NG,"Naega-myeon, Ganghwa-gun, Incheon",b+377_+1264,,126.415278,37.731111,2023-09-11,2023,9,1,specimen,1,,published supplementary individual record,10 dip larval sampling description; individual denominator not attached to row,molecular_species_confirmation,"Multiplex PCR, COI",verified_PCR_or_ITS2_source_table,,detected; no non-detection inferred,CC BY 4.0 article; derivative-data reuse should be reviewed,https://doi.org/10.1186/s12936-023-04821-x,Individual row extracted from the published supplementary table; place code=NG; date range=2023.09.11-09.12; the table is detection-positive and does not create non-detections.
NG_AA_23_37,HONG_2023_GIMPO_GANGHWA,NG_AA_23_37,confirmed_specimen,Anopheles sinensis,South Korea,"Naega-myeon, Ganghwa-gun, Incheon",HONG_2023_GIMPO_GANGHWA_NG,"Naega-myeon, Ganghwa-gun, Incheon",b+377_+1264,,126.415278,37.731111,2023-09-11,2023,9,1,specimen,1,,published supplementary individual record,10 dip larval sampling description; individual denominator not attached to row,molecular_species_confirmation,"Multiplex PCR, COI",verified_PCR_or_ITS2_source_table,,detected; no non-detection inferred,CC BY 4.0 article; derivative-data reuse should be reviewed,https://doi.org/10.1186/s12936-023-04821-x,Individual row extracted from the published supplementary table; place code=NG; date range=2023.09.11-09.12; the table is detection-positive and does not create non-detections.
NG_AA_23_38,HONG_2023_GIMPO_GANGHWA,NG_AA_23_38,confirmed_specimen,Anopheles sinensis,South Korea,"Naega-myeon, Ganghwa-gun, Incheon",HONG_2023_GIMPO_GANGHWA_NG,"Naega-myeon, Ganghwa-gun, Incheon",b+377_+1264,,126.415278,37.731111,2023-09-11,2023,9,1,specimen,1,,published supplementary individual record,10 dip larval sampling description; individual denominator not attached to row,molecular_species_confirmation,Multiplex PCR,verified_PCR_or_ITS2_source_table,,detected; no non-detection inferred,CC BY 4.0 article; derivative-data reuse should be reviewed,https://doi.org/10.1186/s12936-023-04821-x,Individual row extracted from the published supplementary table; place code=NG; date range=2023.09.11-09.12; the table is detection-positive and does not create non-detections.
NG_AA_23_39,HONG_2023_GIMPO_GANGHWA,NG_AA_23_39,confirmed_specimen,Anopheles sinensis,South Korea,"Naega-myeon, Ganghwa-gun, Incheon",HONG_2023_GIMPO_GANGHWA_NG,"Naega-myeon, Ganghwa-gun, Incheon",b+377_+1264,,126.415278,37.731111,2023-09-11,2023,9,1,specimen,1,,published supplementary individual record,10 dip larval sampling description; individual denominator not attached to row,molecular_species_confirmation,"Multiplex PCR, ITS2, COI",verified_PCR_or_ITS2_source_table,,detected; no non-detection inferred,CC BY 4.0 article; derivative-data reuse should be reviewed,https://doi.org/10.1186/s12936-023-04821-x,Individual row extracted from the published supplementary table; place code=NG; date range=2023.09.11-09.12; the table is detection-positive and does not create non-detections.
NG_AA_23_4,HONG_2023_GIMPO_GANGHWA,NG_AA_23_4,confirmed_specimen,Anopheles sinensis,South Korea,"Naega-myeon, Ganghwa-gun, Incheon",HONG_2023_GIMPO_GANGHWA_NG,"Naega-myeon, Ganghwa-gun, Incheon",b+377_+1264,,126.415278,37.731111,2023-08-01,2023,8,1,specimen,1,,published supplementary individual record,10 dip larval sampling description; individual denominator not attached to row,molecular_species_confirmation,"Multiplex PCR, ITS2, COI",verified_PCR_or_ITS2_source_table,,detected; no non-detection inferred,CC BY 4.0 article; derivative-data reuse should be reviewed,https://doi.org/10.1186/s12936-023-04821-x,Individual row extracted from the published supplementary table; place code=NG; date range=2023.08.01-08.02; the table is detection-positive and does not create non-detections.
NG_AA_23_40,HONG_2023_GIMPO_GANGHWA,NG_AA_23_40,confirmed_specimen,Anopheles sinensis,South Korea,"Naega-myeon, Ganghwa-gun, Incheon",HONG_2023_GIMPO_GANGHWA_NG,"Naega-myeon, Ganghwa-gun, Incheon",b+377_+1264,,126.415278,37.731111,2023-09-11,2023,9,1,specimen,1,,published supplementary individual record,10 dip larval sampling description; individual denominator not attached to row,molecular_species_confirmation,"Multiplex PCR, COI",verified_PCR_or_ITS2_source_table,,detected; no non-detection inferred,CC BY 4.0 article; derivative-data reuse should be reviewed,https://doi.org/10.1186/s12936-023-04821-x,Individual row extracted from the published supplementary table; place code=NG; date range=2023.09.11-09.12; the table is detection-positive and does not create non-detections.
NG_AA_23_41,HONG_2023_GIMPO_GANGHWA,NG_AA_23_41,confirmed_specimen,Anopheles sinensis,South Korea,"Naega-myeon, Ganghwa-gun, Incheon",HONG_2023_GIMPO_GANGHWA_NG,"Naega-myeon, Ganghwa-gun, Incheon",b+377_+1264,,126.415278,37.731111,2023-09-11,2023,9,1,specimen,1,,published supplementary individual record,10 dip larval sampling description; individual denominator not attached to row,molecular_species_confirmation,"Multiplex PCR, ITS2, COI",verified_PCR_or_ITS2_source_table,,detected; no non-detection inferred,CC BY 4.0 article; derivative-data reuse should be reviewed,https://doi.org/10.1186/s12936-023-04821-x,Individual row extracted from the published supplementary table; place code=NG; date range=2023.09.11-09.12; the table is detection-positive and does not create non-detections.
NG_AA_23_42,HONG_2023_GIMPO_GANGHWA,NG_AA_23_42,confirmed_specimen,Anopheles sinensis,South Korea,"Naega-myeon, Ganghwa-gun, Incheon",HONG_2023_GIMPO_GANGHWA_NG,"Naega-myeon, Ganghwa-gun, Incheon",b+377_+1264,,126.415278,37.731111,2023-09-11,2023,9,1,specimen,1,,published supplementary individual record,10 dip larval sampling description; individual denominator not attached to row,molecular_species_confirmation,"Multiplex PCR, ITS2, COI",verified_PCR_or_ITS2_source_table,,detected; no non-detection inferred,CC BY 4.0 article; derivative-data reuse should be reviewed,https://doi.org/10.1186/s12936-023-04821-x,Individual row extracted from the published supplementary table; place code=NG; date range=2023.09.11-09.12; the table is detection-positive and does not create non-detections.
NG_AA_23_43,HONG_2023_GIMPO_GANGHWA,NG_AA_23_43,confirmed_specimen,Anopheles sinensis,South Korea,"Naega-myeon, Ganghwa-gun, Incheon",HONG_2023_GIMPO_GANGHWA_NG,"Naega-myeon, Ganghwa-gun, Incheon",b+377_+1264,,126.415278,37.731111,2023-09-11,2023,9,1,specimen,1,,published supplementary individual record,10 dip larval sampling description; individual denominator not attached to row,molecular_species_confirmation,"Multiplex PCR, ITS2, COI",verified_PCR_or_ITS2_source_table,,detected; no non-detection inferred,CC BY 4.0 article; derivative-data reuse should be reviewed,https://doi.org/10.1186/s12936-023-04821-x,Individual row extracted from the published supplementary table; place code=NG; date range=2023.09.11-09.12; the table is detection-positive and does not create non-detections.
NG_AA_23_44,HONG_2023_GIMPO_GANGHWA,NG_AA_23_44,confirmed_specimen,Anopheles sinensis,South Korea,"Naega-myeon, Ganghwa-gun, Incheon",HONG_2023_GIMPO_GANGHWA_NG,"Naega-myeon, Ganghwa-gun, Incheon",b+377_+1264,,126.415278,37.731111,2023-09-11,2023,9,1,specimen,1,,published supplementary individual record,10 dip larval sampling description; individual denominator not attached to row,molecular_species_confirmation,"Multiplex PCR, ITS2, COI",verified_PCR_or_ITS2_source_table,,detected; no non-detection inferred,CC BY 4.0 article; derivative-data reuse should be reviewed,https://doi.org/10.1186/s12936-023-04821-x,Individual row extracted from the published supplementary table; place code=NG; date range=2023.09.11-09.12; the table is detection-positive and does not create non-detections.
NG_AA_23_45,HONG_2023_GIMPO_GANGHWA,NG_AA_23_45,confirmed_specimen,Anopheles sinensis,South Korea,"Naega-myeon, Ganghwa-gun, Incheon",HONG_2023_GIMPO_GANGHWA_NG,"Naega-myeon, Ganghwa-gun, Incheon",b+377_+1264,,126.415278,37.731111,2023-09-11,2023,9,1,specimen,1,,published supplementary individual record,10 dip larval sampling description; individual denominator not attached to row,molecular_species_confirmation,"Multiplex PCR, ITS2, COI",verified_PCR_or_ITS2_source_table,,detected; no non-detection inferred,CC BY 4.0 article; derivative-data reuse should be reviewed,https://doi.org/10.1186/s12936-023-04821-x,Individual row extracted from the published supplementary table; place code=NG; date range=2023.09.11-09.12; the table is detection-positive and does not create non-detections.
NG_AA_23_46,HONG_2023_GIMPO_GANGHWA,NG_AA_23_46,confirmed_specimen,Anopheles sinensis,South Korea,"Naega-myeon, Ganghwa-gun, Incheon",HONG_2023_GIMPO_GANGHWA_NG,"Naega-myeon, Ganghwa-gun, Incheon",b+377_+1264,,126.415278,37.731111,2023-09-11,2023,9,1,specimen,1,,published supplementary individual record,10 dip larval sampling description; individual denominator not attached to row,molecular_species_confirmation,"Multiplex PCR, ITS2, COI",verified_PCR_or_ITS2_source_table,,detected; no non-detection inferred,CC BY 4.0 article; derivative-data reuse should be reviewed,https://doi.org/10.1186/s12936-023-04821-x,Individual row extracted from the published supplementary table; place code=NG; date range=2023.09.11-09.12; the table is detection-positive and does not create non-detections.
NG_AA_23_47,HONG_2023_GIMPO_GANGHWA,NG_AA_23_47,confirmed_specimen,Anopheles sinensis,South Korea,"Naega-myeon, Ganghwa-gun, Incheon",HONG_2023_GIMPO_GANGHWA_NG,"Naega-myeon, Ganghwa-gun, Incheon",b+377_+1264,,126.415278,37.731111,2023-09-11,2023,9,1,specimen,1,,published supplementary individual record,10 dip larval sampling description; individual denominator not attached to row,molecular_species_confirmation,"Multiplex PCR, ITS2, COI",verified_PCR_or_ITS2_source_table,,detected; no non-detection inferred,CC BY 4.0 article; derivative-data reuse should be reviewed,https://doi.org/10.1186/s12936-023-04821-x,Individual row extracted from the published supplementary table; place code=NG; date range=2023.09.11-09.12; the table is detection-positive and does not create non-detections.
NG_AA_23_48,HONG_2023_GIMPO_GANGHWA,NG_AA_23_48,confirmed_specimen,Anopheles sinensis,South Korea,"Naega-myeon, Ganghwa-gun, Incheon",HONG_2023_GIMPO_GANGHWA_NG,"Naega-myeon, Ganghwa-gun, Incheon",b+377_+1264,,126.415278,37.731111,2023-09-11,2023,9,1,specimen,1,,published supplementary individual record,10 dip larval sampling description; individual denominator not attached to row,molecular_species_confirmation,"Multiplex PCR, ITS2, COI",verified_PCR_or_ITS2_source_table,,detected; no non-detection inferred,CC BY 4.0 article; derivative-data reuse should be reviewed,https://doi.org/10.1186/s12936-023-04821-x,Individual row extracted from the published supplementary table; place code=NG; date range=2023.09.11-09.12; the table is detection-positive and does not create non-detections.
NG_AA_23_49,HONG_2023_GIMPO_GANGHWA,NG_AA_23_49,confirmed_specimen,Anopheles sinensis,South Korea,"Naega-myeon, Ganghwa-gun, Incheon",HONG_2023_GIMPO_GANGHWA_NG,"Naega-myeon, Ganghwa-gun, Incheon",b+377_+1264,,126.415278,37.731111,2023-09-11,2023,9,1,specimen,1,,published supplementary individual record,10 dip larval sampling description; individual denominator not attached to row,molecular_species_confirmation,"Multiplex PCR, ITS2, COI",verified_PCR_or_ITS2_source_table,,detected; no non-detection inferred,CC BY 4.0 article; derivative-data reuse should be reviewed,https://doi.org/10.1186/s12936-023-04821-x,Individual row extracted from the published supplementary table; place code=NG; date range=2023.09.11-09.12; the table is detection-positive and does not create non-detections.
NG_AA_23_5,HONG_2023_GIMPO_GANGHWA,NG_AA_23_5,confirmed_specimen,Anopheles sinensis,South Korea,"Naega-myeon, Ganghwa-gun, Incheon",HONG_2023_GIMPO_GANGHWA_NG,"Naega-myeon, Ganghwa-gun, Incheon",b+377_+1264,,126.415278,37.731111,2023-08-01,2023,8,1,specimen,1,,published supplementary individual record,10 dip larval sampling description; individual denominator not attached to row,molecular_species_confirmation,"Multiplex PCR, COI",verified_PCR_or_ITS2_source_table,,detected; no non-detection inferred,CC BY 4.0 article; derivative-data reuse should be reviewed,https://doi.org/10.1186/s12936-023-04821-x,Individual row extracted from the published supplementary table; place code=NG; date range=2023.08.01-08.02; the table is detection-positive and does not create non-detections.
NG_AA_23_50,HONG_2023_GIMPO_GANGHWA,NG_AA_23_50,confirmed_specimen,Anopheles sinensis,South Korea,"Naega-myeon, Ganghwa-gun, Incheon",HONG_2023_GIMPO_GANGHWA_NG,"Naega-myeon, Ganghwa-gun, Incheon",b+377_+1264,,126.415278,37.731111,2023-09-11,2023,9,1,specimen,1,,published supplementary individual record,10 dip larval sampling description; individual denominator not attached to row,molecular_species_confirmation,"Multiplex PCR, ITS2, COI",verified_PCR_or_ITS2_source_table,,detected; no non-detection inferred,CC BY 4.0 article; derivative-data reuse should be reviewed,https://doi.org/10.1186/s12936-023-04821-x,Individual row extracted from the published supplementary table; place code=NG; date range=2023.09.11-09.12; the table is detection-positive and does not create non-detections.
NG_AA_23_51,HONG_2023_GIMPO_GANGHWA,NG_AA_23_51,confirmed_specimen,Anopheles sinensis,South Korea,"Naega-myeon, Ganghwa-gun, Incheon",HONG_2023_GIMPO_GANGHWA_NG,"Naega-myeon, Ganghwa-gun, Incheon",b+377_+1264,,126.415278,37.731111,2023-09-11,2023,9,1,specimen,1,,published supplementary individual record,10 dip larval sampling description; individual denominator not attached to row,molecular_species_confirmation,Multiplex PCR,verified_PCR_or_ITS2_source_table,,detected; no non-detection inferred,CC BY 4.0 article; derivative-data reuse should be reviewed,https://doi.org/10.1186/s12936-023-04821-x,Individual row extracted from the published supplementary table; place code=NG; date range=2023.09.11-09.12; the table is detection-positive and does not create non-detections.
NG_AA_23_52,HONG_2023_GIMPO_GANGHWA,NG_AA_23_52,confirmed_specimen,Anopheles sinensis,South Korea,"Naega-myeon, Ganghwa-gun, Incheon",HONG_2023_GIMPO_GANGHWA_NG,"Naega-myeon, Ganghwa-gun, Incheon",b+377_+1264,,126.415278,37.731111,2023-09-11,2023,9,1,specimen,1,,published supplementary individual record,10 dip larval sampling description; individual denominator not attached to row,molecular_species_confirmation,Multiplex PCR,verified_PCR_or_ITS2_source_table,,detected; no non-detection inferred,CC BY 4.0 article; derivative-data reuse should be reviewed,https://doi.org/10.1186/s12936-023-04821-x,Individual row extracted from the published supplementary table; place code=NG; date range=2023.09.11-09.12; the table is detection-positive and does not create non-detections.
NG_AA_23_53,HONG_2023_GIMPO_GANGHWA,NG_AA_23_53,confirmed_specimen,Anopheles sinensis,South Korea,"Naega-myeon, Ganghwa-gun, Incheon",HONG_2023_GIMPO_GANGHWA_NG,"Naega-myeon, Ganghwa-gun, Incheon",b+377_+1264,,126.415278,37.731111,2023-09-11,2023,9,1,specimen,1,,published supplementary individual record,10 dip larval sampling description; individual denominator not attached to row,molecular_species_confirmation,Multiplex PCR,verified_PCR_or_ITS2_source_table,,detected; no non-detection inferred,CC BY 4.0 article; derivative-data reuse should be reviewed,https://doi.org/10.1186/s12936-023-04821-x,Individual row extracted from the published supplementary table; place code=NG; date range=2023.09.11-09.12; the table is detection-positive and does not create non-detections.
NG_AA_23_54,HONG_2023_GIMPO_GANGHWA,NG_AA_23_54,confirmed_specimen,Anopheles sinensis,South Korea,"Naega-myeon, Ganghwa-gun, Incheon",HONG_2023_GIMPO_GANGHWA_NG,"Naega-myeon, Ganghwa-gun, Incheon",b+377_+1264,,126.415278,37.731111,2023-09-11,2023,9,1,specimen,1,,published supplementary individual record,10 dip larval sampling description; individual denominator not attached to row,molecular_species_confirmation,"Multiplex PCR, ITS2, COI",verified_PCR_or_ITS2_source_table,,detected; no non-detection inferred,CC BY 4.0 article; derivative-data reuse should be reviewed,https://doi.org/10.1186/s12936-023-04821-x,Individual row extracted from the published supplementary table; place code=NG; date range=2023.09.11-09.12; the table is detection-positive and does not create non-detections.
NG_AA_23_55,HONG_2023_GIMPO_GANGHWA,NG_AA_23_55,confirmed_specimen,Anopheles sinensis,South Korea,"Naega-myeon, Ganghwa-gun, Incheon",HONG_2023_GIMPO_GANGHWA_NG,"Naega-myeon, Ganghwa-gun, Incheon",b+377_+1264,,126.415278,37.731111,2023-09-11,2023,9,1,specimen,1,,published supplementary individual record,10 dip larval sampling description; individual denominator not attached to row,molecular_species_confirmation,Multiplex PCR,verified_PCR_or_ITS2_source_table,,detected; no non-detection inferred,CC BY 4.0 article; derivative-data reuse should be reviewed,https://doi.org/10.1186/s12936-023-04821-x,Individual row extracted from the published supplementary table; place code=NG; date range=2023.09.11-09.12; the table is detection-positive and does not create non-detections.
NG_AA_23_56,HONG_2023_GIMPO_GANGHWA,NG_AA_23_56,confirmed_specimen,Anopheles sinensis,South Korea,"Naega-myeon, Ganghwa-gun, Incheon",HONG_2023_GIMPO_GANGHWA_NG,"Naega-myeon, Ganghwa-gun, Incheon",b+377_+1264,,126.415278,37.731111,2023-09-11,2023,9,1,specimen,1,,published supplementary individual record,10 dip larval sampling description; individual denominator not attached to row,molecular_species_confirmation,"Multiplex PCR, COI",verified_PCR_or_ITS2_source_table,,detected; no non-detection inferred,CC BY 4.0 article; derivative-data reuse should be reviewed,https://doi.org/10.1186/s12936-023-04821-x,Individual row extracted from the published supplementary table; place code=NG; date range=2023.09.11-09.12; the table is detection-positive and does not create non-detections.
NG_AA_23_57,HONG_2023_GIMPO_GANGHWA,NG_AA_23_57,confirmed_specimen,Anopheles sinensis,South Korea,"Naega-myeon, Ganghwa-gun, Incheon",HONG_2023_GIMPO_GANGHWA_NG,"Naega-myeon, Ganghwa-gun, Incheon",b+377_+1264,,126.415278,37.731111,2023-09-11,2023,9,1,specimen,1,,published supplementary individual record,10 dip larval sampling description; individual denominator not attached to row,molecular_species_confirmation,"Multiplex PCR, ITS2, COI",verified_PCR_or_ITS2_source_table,,detected; no non-detection inferred,CC BY 4.0 article; derivative-data reuse should be reviewed,https://doi.org/10.1186/s12936-023-04821-x,Individual row extracted from the published supplementary table; place code=NG; date range=2023.09.11-09.12; the table is detection-positive and does not create non-detections.
NG_AA_23_58,HONG_2023_GIMPO_GANGHWA,NG_AA_23_58,confirmed_specimen,Anopheles sinensis,South Korea,"Naega-myeon, Ganghwa-gun, Incheon",HONG_2023_GIMPO_GANGHWA_NG,"Naega-myeon, Ganghwa-gun, Incheon",b+377_+1264,,126.415278,37.731111,2023-09-11,2023,9,1,specimen,1,,published supplementary individual record,10 dip larval sampling description; individual denominator not attached to row,molecular_species_confirmation,Multiplex PCR,verified_PCR_or_ITS2_source_table,,detected; no non-detection inferred,CC BY 4.0 article; derivative-data reuse should be reviewed,https://doi.org/10.1186/s12936-023-04821-x,Individual row extracted from the published supplementary table; place code=NG; date range=2023.09.11-09.12; the table is detection-positive and does not create non-detections.
NG_AA_23_59,HONG_2023_GIMPO_GANGHWA,NG_AA_23_59,confirmed_specimen,Anopheles sinensis,South Korea,"Naega-myeon, Ganghwa-gun, Incheon",HONG_2023_GIMPO_GANGHWA_NG,"Naega-myeon, Ganghwa-gun, Incheon",b+377_+1264,,126.415278,37.731111,2023-09-11,2023,9,1,specimen,1,,published supplementary individual record,10 dip larval sampling description; individual denominator not attached to row,molecular_species_confirmation,"Multiplex PCR, ITS2, COI",verified_PCR_or_ITS2_source_table,,detected; no non-detection inferred,CC BY 4.0 article; derivative-data reuse should be reviewed,https://doi.org/10.1186/s12936-023-04821-x,Individual row extracted from the published supplementary table; place code=NG; date range=2023.09.11-09.12; the table is detection-positive and does not create non-detections.
NG_AA_23_6,HONG_2023_GIMPO_GANGHWA,NG_AA_23_6,confirmed_specimen,Anopheles sinensis,South Korea,"Naega-myeon, Ganghwa-gun, Incheon",HONG_2023_GIMPO_GANGHWA_NG,"Naega-myeon, Ganghwa-gun, Incheon",b+377_+1264,,126.415278,37.731111,2023-08-01,2023,8,1,specimen,1,,published supplementary individual record,10 dip larval sampling description; individual denominator not attached to row,molecular_species_confirmation,"Multiplex PCR, COI",verified_PCR_or_ITS2_source_table,,detected; no non-detection inferred,CC BY 4.0 article; derivative-data reuse should be reviewed,https://doi.org/10.1186/s12936-023-04821-x,Individual row extracted from the published supplementary table; place code=NG; date range=2023.08.01-08.02; the table is detection-positive and does not create non-detections.
NG_AA_23_60,HONG_2023_GIMPO_GANGHWA,NG_AA_23_60,confirmed_specimen,Anopheles sinensis,South Korea,"Naega-myeon, Ganghwa-gun, Incheon",HONG_2023_GIMPO_GANGHWA_NG,"Naega-myeon, Ganghwa-gun, Incheon",b+377_+1264,,126.415278,37.731111,2023-09-11,2023,9,1,specimen,1,,published supplementary individual record,10 dip larval sampling description; individual denominator not attached to row,molecular_species_confirmation,Multiplex PCR,verified_PCR_or_ITS2_source_table,,detected; no non-detection inferred,CC BY 4.0 article; derivative-data reuse should be reviewed,https://doi.org/10.1186/s12936-023-04821-x,Individual row extracted from the published supplementary table; place code=NG; date range=2023.09.11-09.12; the table is detection-positive and does not create non-detections.
NG_AA_23_61,HONG_2023_GIMPO_GANGHWA,NG_AA_23_61,confirmed_specimen,Anopheles sinensis,South Korea,"Naega-myeon, Ganghwa-gun, Incheon",HONG_2023_GIMPO_GANGHWA_NG,"Naega-myeon, Ganghwa-gun, Incheon",b+377_+1264,,126.415278,37.731111,2023-09-11,2023,9,1,specimen,1,,published supplementary individual record,10 dip larval sampling description; individual denominator not attached to row,molecular_species_confirmation,Multiplex PCR,verified_PCR_or_ITS2_source_table,,detected; no non-detection inferred,CC BY 4.0 article; derivative-data reuse should be reviewed,https://doi.org/10.1186/s12936-023-04821-x,Individual row extracted from the published supplementary table; place code=NG; date range=2023.09.11-09.12; the table is detection-positive and does not create non-detections.
NG_AA_23_62,HONG_2023_GIMPO_GANGHWA,NG_AA_23_62,confirmed_specimen,Anopheles sinensis,South Korea,"Naega-myeon, Ganghwa-gun, Incheon",HONG_2023_GIMPO_GANGHWA_NG,"Naega-myeon, Ganghwa-gun, Incheon",b+377_+1264,,126.415278,37.731111,2023-09-11,2023,9,1,specimen,1,,published supplementary individual record,10 dip larval sampling description; individual denominator not attached to row,molecular_species_confirmation,Multiplex PCR,verified_PCR_or_ITS2_source_table,,detected; no non-detection inferred,CC BY 4.0 article; derivative-data reuse should be reviewed,https://doi.org/10.1186/s12936-023-04821-x,Individual row extracted from the published supplementary table; place code=NG; date range=2023.09.11-09.12; the table is detection-positive and does not create non-detections.
NG_AA_23_63,HONG_2023_GIMPO_GANGHWA,NG_AA_23_63,confirmed_specimen,Anopheles sinensis,South Korea,"Naega-myeon, Ganghwa-gun, Incheon",HONG_2023_GIMPO_GANGHWA_NG,"Naega-myeon, Ganghwa-gun, Incheon",b+377_+1264,,126.415278,37.731111,2023-09-11,2023,9,1,specimen,1,,published supplementary individual record,10 dip larval sampling description; individual denominator not attached to row,molecular_species_confirmation,Multiplex PCR,verified_PCR_or_ITS2_source_table,,detected; no non-detection inferred,CC BY 4.0 article; derivative-data reuse should be reviewed,https://doi.org/10.1186/s12936-023-04821-x,Individual row extracted from the published supplementary table; place code=NG; date range=2023.09.11-09.12; the table is detection-positive and does not create non-detections.
NG_AA_23_64,HONG_2023_GIMPO_GANGHWA,NG_AA_23_64,confirmed_specimen,Anopheles sinensis,South Korea,"Naega-myeon, Ganghwa-gun, Incheon",HONG_2023_GIMPO_GANGHWA_NG,"Naega-myeon, Ganghwa-gun, Incheon",b+377_+1264,,126.415278,37.731111,2023-09-11,2023,9,1,specimen,1,,published supplementary individual record,10 dip larval sampling description; individual denominator not attached to row,molecular_species_confirmation,Multiplex PCR,verified_PCR_or_ITS2_source_table,,detected; no non-detection inferred,CC BY 4.0 article; derivative-data reuse should be reviewed,https://doi.org/10.1186/s12936-023-04821-x,Individual row extracted from the published supplementary table; place code=NG; date range=2023.09.11-09.12; the table is detection-positive and does not create non-detections.
NG_AA_23_65,HONG_2023_GIMPO_GANGHWA,NG_AA_23_65,confirmed_specimen,Anopheles sinensis,South Korea,"Naega-myeon, Ganghwa-gun, Incheon",HONG_2023_GIMPO_GANGHWA_NG,"Naega-myeon, Ganghwa-gun, Incheon",b+377_+1264,,126.415278,37.731111,2023-09-11,2023,9,1,specimen,1,,published supplementary individual record,10 dip larval sampling description; individual denominator not attached to row,molecular_species_confirmation,"Multiplex PCR, ITS2, COI",verified_PCR_or_ITS2_source_table,,detected; no non-detection inferred,CC BY 4.0 article; derivative-data reuse should be reviewed,https://doi.org/10.1186/s12936-023-04821-x,Individual row extracted from the published supplementary table; place code=NG; date range=2023.09.11-09.12; the table is detection-positive and does not create non-detections.
NG_AA_23_66,HONG_2023_GIMPO_GANGHWA,NG_AA_23_66,confirmed_specimen,Anopheles sinensis,South Korea,"Naega-myeon, Ganghwa-gun, Incheon",HONG_2023_GIMPO_GANGHWA_NG,"Naega-myeon, Ganghwa-gun, Incheon",b+377_+1264,,126.415278,37.731111,2023-09-11,2023,9,1,specimen,1,,published supplementary individual record,10 dip larval sampling description; individual denominator not attached to row,molecular_species_confirmation,Multiplex PCR,verified_PCR_or_ITS2_source_table,,detected; no non-detection inferred,CC BY 4.0 article; derivative-data reuse should be reviewed,https://doi.org/10.1186/s12936-023-04821-x,Individual row extracted from the published supplementary table; place code=NG; date range=2023.09.11-09.12; the table is detection-positive and does not create non-detections.
NG_AA_23_67,HONG_2023_GIMPO_GANGHWA,NG_AA_23_67,confirmed_specimen,Anopheles sinensis,South Korea,"Naega-myeon, Ganghwa-gun, Incheon",HONG_2023_GIMPO_GANGHWA_NG,"Naega-myeon, Ganghwa-gun, Incheon",b+377_+1264,,126.415278,37.731111,2023-09-11,2023,9,1,specimen,1,,published supplementary individual record,10 dip larval sampling description; individual denominator not attached to row,molecular_species_confirmation,"Multiplex PCR, ITS2, COI",verified_PCR_or_ITS2_source_table,,detected; no non-detection inferred,CC BY 4.0 article; derivative-data reuse should be reviewed,https://doi.org/10.1186/s12936-023-04821-x,Individual row extracted from the published supplementary table; place code=NG; date range=2023.09.11-09.12; the table is detection-positive and does not create non-detections.
NG_AA_23_68,HONG_2023_GIMPO_GANGHWA,NG_AA_23_68,confirmed_specimen,Anopheles sinensis,South Korea,"Naega-myeon, Ganghwa-gun, Incheon",HONG_2023_GIMPO_GANGHWA_NG,"Naega-myeon, Ganghwa-gun, Incheon",b+377_+1264,,126.415278,37.731111,2023-09-11,2023,9,1,specimen,1,,published supplementary individual record,10 dip larval sampling description; individual denominator not attached to row,molecular_species_confirmation,"Multiplex PCR, ITS2, COI",verified_PCR_or_ITS2_source_table,,detected; no non-detection inferred,CC BY 4.0 article; derivative-data reuse should be reviewed,https://doi.org/10.1186/s12936-023-04821-x,Individual row extracted from the published supplementary table; place code=NG; date range=2023.09.11-09.12; the table is detection-positive and does not create non-detections.
NG_AA_23_69,HONG_2023_GIMPO_GANGHWA,NG_AA_23_69,confirmed_specimen,Anopheles sinensis,South Korea,"Naega-myeon, Ganghwa-gun, Incheon",HONG_2023_GIMPO_GANGHWA_NG,"Naega-myeon, Ganghwa-gun, Incheon",b+377_+1264,,126.415278,37.731111,2023-09-11,2023,9,1,specimen,1,,published supplementary individual record,10 dip larval sampling description; individual denominator not attached to row,molecular_species_confirmation,"Multiplex PCR, ITS2, COI",verified_PCR_or_ITS2_source_table,,detected; no non-detection inferred,CC BY 4.0 article; derivative-data reuse should be reviewed,https://doi.org/10.1186/s12936-023-04821-x,Individual row extracted from the published supplementary table; place code=NG; date range=2023.09.11-09.12; the table is detection-positive and does not create non-detections.
NG_AA_23_7,HONG_2023_GIMPO_GANGHWA,NG_AA_23_7,confirmed_specimen,Anopheles sinensis,South Korea,"Naega-myeon, Ganghwa-gun, Incheon",HONG_2023_GIMPO_GANGHWA_NG,"Naega-myeon, Ganghwa-gun, Incheon",b+377_+1264,,126.415278,37.731111,2023-08-01,2023,8,1,specimen,1,,published supplementary individual record,10 dip larval sampling description; individual denominator not attached to row,molecular_species_confirmation,"Multiplex PCR, COI",verified_PCR_or_ITS2_source_table,,detected; no non-detection inferred,CC BY 4.0 article; derivative-data reuse should be reviewed,https://doi.org/10.1186/s12936-023-04821-x,Individual row extracted from the published supplementary table; place code=NG; date range=2023.08.01-08.02; the table is detection-positive and does not create non-detections.
NG_AA_23_70,HONG_2023_GIMPO_GANGHWA,NG_AA_23_70,confirmed_specimen,Anopheles sinensis,South Korea,"Naega-myeon, Ganghwa-gun, Incheon",HONG_2023_GIMPO_GANGHWA_NG,"Naega-myeon, Ganghwa-gun, Incheon",b+377_+1264,,126.415278,37.731111,2023-09-11,2023,9,1,specimen,1,,published supplementary individual record,10 dip larval sampling description; individual denominator not attached to row,molecular_species_confirmation,"Multiplex PCR, ITS2, COI",verified_PCR_or_ITS2_source_table,,detected; no non-detection inferred,CC BY 4.0 article; derivative-data reuse should be reviewed,https://doi.org/10.1186/s12936-023-04821-x,Individual row extracted from the published supplementary table; place code=NG; date range=2023.09.11-09.12; the table is detection-positive and does not create non-detections.
NG_AA_23_71,HONG_2023_GIMPO_GANGHWA,NG_AA_23_71,confirmed_specimen,Anopheles sinensis,South Korea,"Naega-myeon, Ganghwa-gun, Incheon",HONG_2023_GIMPO_GANGHWA_NG,"Naega-myeon, Ganghwa-gun, Incheon",b+377_+1264,,126.415278,37.731111,2023-09-11,2023,9,1,specimen,1,,published supplementary individual record,10 dip larval sampling description; individual denominator not attached to row,molecular_species_confirmation,"Multiplex PCR, ITS2, COI",verified_PCR_or_ITS2_source_table,,detected; no non-detection inferred,CC BY 4.0 article; derivative-data reuse should be reviewed,https://doi.org/10.1186/s12936-023-04821-x,Individual row extracted from the published supplementary table; place code=NG; date range=2023.09.11-09.12; the table is detection-positive and does not create non-detections.
NG_AA_23_72,HONG_2023_GIMPO_GANGHWA,NG_AA_23_72,confirmed_specimen,Anopheles sinensis,South Korea,"Naega-myeon, Ganghwa-gun, Incheon",HONG_2023_GIMPO_GANGHWA_NG,"Naega-myeon, Ganghwa-gun, Incheon",b+377_+1264,,126.415278,37.731111,2023-09-11,2023,9,1,specimen,1,,published supplementary individual record,10 dip larval sampling description; individual denominator not attached to row,molecular_species_confirmation,"Multiplex PCR, ITS2, COI",verified_PCR_or_ITS2_source_table,,detected; no non-detection inferred,CC BY 4.0 article; derivative-data reuse should be reviewed,https://doi.org/10.1186/s12936-023-04821-x,Individual row extracted from the published supplementary table; place code=NG; date range=2023.09.11-09.12; the table is detection-positive and does not create non-detections.
NG_AA_23_73,HONG_2023_GIMPO_GANGHWA,NG_AA_23_73,confirmed_specimen,Anopheles sinensis,South Korea,"Naega-myeon, Ganghwa-gun, Incheon",HONG_2023_GIMPO_GANGHWA_NG,"Naega-myeon, Ganghwa-gun, Incheon",b+377_+1264,,126.415278,37.731111,2023-09-11,2023,9,1,specimen,1,,published supplementary individual record,10 dip larval sampling description; individual denominator not attached to row,molecular_species_confirmation,"Multiplex PCR, ITS2, COI",verified_PCR_or_ITS2_source_table,,detected; no non-detection inferred,CC BY 4.0 article; derivative-data reuse should be reviewed,https://doi.org/10.1186/s12936-023-04821-x,Individual row extracted from the published supplementary table; place code=NG; date range=2023.09.11-09.12; the table is detection-positive and does not create non-detections.
NG_AA_23_74,HONG_2023_GIMPO_GANGHWA,NG_AA_23_74,confirmed_specimen,Anopheles sinensis,South Korea,"Naega-myeon, Ganghwa-gun, Incheon",HONG_2023_GIMPO_GANGHWA_NG,"Naega-myeon, Ganghwa-gun, Incheon",b+377_+1264,,126.415278,37.731111,2023-09-11,2023,9,1,specimen,1,,published supplementary individual record,10 dip larval sampling description; individual denominator not attached to row,molecular_species_confirmation,"Multiplex PCR, ITS2, COI",verified_PCR_or_ITS2_source_table,,detected; no non-detection inferred,CC BY 4.0 article; derivative-data reuse should be reviewed,https://doi.org/10.1186/s12936-023-04821-x,Individual row extracted from the published supplementary table; place code=NG; date range=2023.09.11-09.12; the table is detection-positive and does not create non-detections.
NG_AA_23_75,HONG_2023_GIMPO_GANGHWA,NG_AA_23_75,confirmed_specimen,Anopheles sinensis,South Korea,"Naega-myeon, Ganghwa-gun, Incheon",HONG_2023_GIMPO_GANGHWA_NG,"Naega-myeon, Ganghwa-gun, Incheon",b+377_+1264,,126.415278,37.731111,2023-09-11,2023,9,1,specimen,1,,published supplementary individual record,10 dip larval sampling description; individual denominator not attached to row,molecular_species_confirmation,Multiplex PCR,verified_PCR_or_ITS2_source_table,,detected; no non-detection inferred,CC BY 4.0 article; derivative-data reuse should be reviewed,https://doi.org/10.1186/s12936-023-04821-x,Individual row extracted from the published supplementary table; place code=NG; date range=2023.09.11-09.12; the table is detection-positive and does not create non-detections.
NG_AA_23_76,HONG_2023_GIMPO_GANGHWA,NG_AA_23_76,confirmed_specimen,Anopheles sinensis,South Korea,"Naega-myeon, Ganghwa-gun, Incheon",HONG_2023_GIMPO_GANGHWA_NG,"Naega-myeon, Ganghwa-gun, Incheon",b+377_+1264,,126.415278,37.731111,2023-09-11,2023,9,1,specimen,1,,published supplementary individual record,10 dip larval sampling description; individual denominator not attached to row,molecular_species_confirmation,"Multiplex PCR, ITS2",verified_PCR_or_ITS2_source_table,,detected; no non-detection inferred,CC BY 4.0 article; derivative-data reuse should be reviewed,https://doi.org/10.1186/s12936-023-04821-x,Individual row extracted from the published supplementary table; place code=NG; date range=2023.09.11-09.12; the table is detection-positive and does not create non-detections.
NG_AA_23_77,HONG_2023_GIMPO_GANGHWA,NG_AA_23_77,confirmed_specimen,Anopheles sinensis,South Korea,"Naega-myeon, Ganghwa-gun, Incheon",HONG_2023_GIMPO_GANGHWA_NG,"Naega-myeon, Ganghwa-gun, Incheon",b+377_+1264,,126.415278,37.731111,2023-09-11,2023,9,1,specimen,1,,published supplementary individual record,10 dip larval sampling description; individual denominator not attached to row,molecular_species_confirmation,Multiplex PCR,verified_PCR_or_ITS2_source_table,,detected; no non-detection inferred,CC BY 4.0 article; derivative-data reuse should be reviewed,https://doi.org/10.1186/s12936-023-04821-x,Individual row extracted from the published supplementary table; place code=NG; date range=2023.09.11-09.12; the table is detection-positive and does not create non-detections.
NG_AA_23_78,HONG_2023_GIMPO_GANGHWA,NG_AA_23_78,confirmed_specimen,Anopheles sinensis,South Korea,"Naega-myeon, Ganghwa-gun, Incheon",HONG_2023_GIMPO_GANGHWA_NG,"Naega-myeon, Ganghwa-gun, Incheon",b+377_+1264,,126.415278,37.731111,2023-09-11,2023,9,1,specimen,1,,published supplementary individual record,10 dip larval sampling description; individual denominator not attached to row,molecular_species_confirmation,"Multiplex PCR, ITS2, COI",verified_PCR_or_ITS2_source_table,,detected; no non-detection inferred,CC BY 4.0 article; derivative-data reuse should be reviewed,https://doi.org/10.1186/s12936-023-04821-x,Individual row extracted from the published supplementary table; place code=NG; date range=2023.09.11-09.12; the table is detection-positive and does not create non-detections.
NG_AA_23_79,HONG_2023_GIMPO_GANGHWA,NG_AA_23_79,confirmed_specimen,Anopheles sinensis,South Korea,"Naega-myeon, Ganghwa-gun, Incheon",HONG_2023_GIMPO_GANGHWA_NG,"Naega-myeon, Ganghwa-gun, Incheon",b+377_+1264,,126.415278,37.731111,2023-09-11,2023,9,1,specimen,1,,published supplementary individual record,10 dip larval sampling description; individual denominator not attached to row,molecular_species_confirmation,"Multiplex PCR, ITS2",verified_PCR_or_ITS2_source_table,,detected; no non-detection inferred,CC BY 4.0 article; derivative-data reuse should be reviewed,https://doi.org/10.1186/s12936-023-04821-x,Individual row extracted from the published supplementary table; place code=NG; date range=2023.09.11-09.12; the table is detection-positive and does not create non-detections.
NG_AA_23_8,HONG_2023_GIMPO_GANGHWA,NG_AA_23_8,confirmed_specimen,Anopheles sinensis,South Korea,"Naega-myeon, Ganghwa-gun, Incheon",HONG_2023_GIMPO_GANGHWA_NG,"Naega-myeon, Ganghwa-gun, Incheon",b+377_+1264,,126.415278,37.731111,2023-08-01,2023,8,1,specimen,1,,published supplementary individual record,10 dip larval sampling description; individual denominator not attached to row,molecular_species_confirmation,"Multiplex PCR, COI",verified_PCR_or_ITS2_source_table,,detected; no non-detection inferred,CC BY 4.0 article; derivative-data reuse should be reviewed,https://doi.org/10.1186/s12936-023-04821-x,Individual row extracted from the published supplementary table; place code=NG; date range=2023.08.01-08.02; the table is detection-positive and does not create non-detections.
NG_AA_23_80,HONG_2023_GIMPO_GANGHWA,NG_AA_23_80,confirmed_specimen,Anopheles sinensis,South Korea,"Naega-myeon, Ganghwa-gun, Incheon",HONG_2023_GIMPO_GANGHWA_NG,"Naega-myeon, Ganghwa-gun, Incheon",b+377_+1264,,126.415278,37.731111,2023-09-11,2023,9,1,specimen,1,,published supplementary individual record,10 dip larval sampling description; individual denominator not attached to row,molecular_species_confirmation,"Multiplex PCR, ITS2",verified_PCR_or_ITS2_source_table,,detected; no non-detection inferred,CC BY 4.0 article; derivative-data reuse should be reviewed,https://doi.org/10.1186/s12936-023-04821-x,Individual row extracted from the published supplementary table; place code=NG; date range=2023.09.11-09.12; the table is detection-positive and does not create non-detections.
NG_AA_23_81,HONG_2023_GIMPO_GANGHWA,NG_AA_23_81,confirmed_specimen,Anopheles sinensis,South Korea,"Naega-myeon, Ganghwa-gun, Incheon",HONG_2023_GIMPO_GANGHWA_NG,"Naega-myeon, Ganghwa-gun, Incheon",b+377_+1264,,126.415278,37.731111,2023-09-11,2023,9,1,specimen,1,,published supplementary individual record,10 dip larval sampling description; individual denominator not attached to row,molecular_species_confirmation,"Multiplex PCR, ITS2, COI",verified_PCR_or_ITS2_source_table,,detected; no non-detection inferred,CC BY 4.0 article; derivative-data reuse should be reviewed,https://doi.org/10.1186/s12936-023-04821-x,Individual row extracted from the published supplementary table; place code=NG; date range=2023.09.11-09.12; the table is detection-positive and does not create non-detections.
NG_AA_23_82,HONG_2023_GIMPO_GANGHWA,NG_AA_23_82,confirmed_specimen,Anopheles sinensis,South Korea,"Naega-myeon, Ganghwa-gun, Incheon",HONG_2023_GIMPO_GANGHWA_NG,"Naega-myeon, Ganghwa-gun, Incheon",b+377_+1264,,126.415278,37.731111,2023-09-11,2023,9,1,specimen,1,,published supplementary individual record,10 dip larval sampling description; individual denominator not attached to row,molecular_species_confirmation,"Multiplex PCR, ITS2, COI",verified_PCR_or_ITS2_source_table,,detected; no non-detection inferred,CC BY 4.0 article; derivative-data reuse should be reviewed,https://doi.org/10.1186/s12936-023-04821-x,Individual row extracted from the published supplementary table; place code=NG; date range=2023.09.11-09.12; the table is detection-positive and does not create non-detections.
NG_AA_23_83,HONG_2023_GIMPO_GANGHWA,NG_AA_23_83,confirmed_specimen,Anopheles sinensis,South Korea,"Naega-myeon, Ganghwa-gun, Incheon",HONG_2023_GIMPO_GANGHWA_NG,"Naega-myeon, Ganghwa-gun, Incheon",b+377_+1264,,126.415278,37.731111,2023-09-11,2023,9,1,specimen,1,,published supplementary individual record,10 dip larval sampling description; individual denominator not attached to row,molecular_species_confirmation,"Multiplex PCR, ITS2, COI",verified_PCR_or_ITS2_source_table,,detected; no non-detection inferred,CC BY 4.0 article; derivative-data reuse should be reviewed,https://doi.org/10.1186/s12936-023-04821-x,Individual row extracted from the published supplementary table; place code=NG; date range=2023.09.11-09.12; the table is detection-positive and does not create non-detections.
NG_AA_23_84,HONG_2023_GIMPO_GANGHWA,NG_AA_23_84,confirmed_specimen,Anopheles sinensis,South Korea,"Naega-myeon, Ganghwa-gun, Incheon",HONG_2023_GIMPO_GANGHWA_NG,"Naega-myeon, Ganghwa-gun, Incheon",b+377_+1264,,126.415278,37.731111,2023-09-11,2023,9,1,specimen,1,,published supplementary individual record,10 dip larval sampling description; individual denominator not attached to row,molecular_species_confirmation,"Multiplex PCR, ITS2, COI",verified_PCR_or_ITS2_source_table,,detected; no non-detection inferred,CC BY 4.0 article; derivative-data reuse should be reviewed,https://doi.org/10.1186/s12936-023-04821-x,Individual row extracted from the published supplementary table; place code=NG; date range=2023.09.11-09.12; the table is detection-positive and does not create non-detections.
NG_AA_23_85,HONG_2023_GIMPO_GANGHWA,NG_AA_23_85,confirmed_specimen,Anopheles sinensis,South Korea,"Naega-myeon, Ganghwa-gun, Incheon",HONG_2023_GIMPO_GANGHWA_NG,"Naega-myeon, Ganghwa-gun, Incheon",b+377_+1264,,126.415278,37.731111,2023-09-11,2023,9,1,specimen,1,,published supplementary individual record,10 dip larval sampling description; individual denominator not attached to row,molecular_species_confirmation,"Multiplex PCR, ITS2, COI",verified_PCR_or_ITS2_source_table,,detected; no non-detection inferred,CC BY 4.0 article; derivative-data reuse should be reviewed,https://doi.org/10.1186/s12936-023-04821-x,Individual row extracted from the published supplementary table; place code=NG; date range=2023.09.11-09.12; the table is detection-positive and does not create non-detections.
NG_AA_23_86,HONG_2023_GIMPO_GANGHWA,NG_AA_23_86,confirmed_specimen,Anopheles sinensis,South Korea,"Naega-myeon, Ganghwa-gun, Incheon",HONG_2023_GIMPO_GANGHWA_NG,"Naega-myeon, Ganghwa-gun, Incheon",b+377_+1264,,126.415278,37.731111,2023-09-11,2023,9,1,specimen,1,,published supplementary individual record,10 dip larval sampling description; individual denominator not attached to row,molecular_species_confirmation,"Multiplex PCR, ITS2, COI",verified_PCR_or_ITS2_source_table,,detected; no non-detection inferred,CC BY 4.0 article; derivative-data reuse should be reviewed,https://doi.org/10.1186/s12936-023-04821-x,Individual row extracted from the published supplementary table; place code=NG; date range=2023.09.11-09.12; the table is detection-positive and does not create non-detections.
NG_AA_23_87,HONG_2023_GIMPO_GANGHWA,NG_AA_23_87,confirmed_specimen,Anopheles sinensis,South Korea,"Naega-myeon, Ganghwa-gun, Incheon",HONG_2023_GIMPO_GANGHWA_NG,"Naega-myeon, Ganghwa-gun, Incheon",b+377_+1264,,126.415278,37.731111,2023-09-11,2023,9,1,specimen,1,,published supplementary individual record,10 dip larval sampling description; individual denominator not attached to row,molecular_species_confirmation,"Multiplex PCR, ITS2, COI",verified_PCR_or_ITS2_source_table,,detected; no non-detection inferred,CC BY 4.0 article; derivative-data reuse should be reviewed,https://doi.org/10.1186/s12936-023-04821-x,Individual row extracted from the published supplementary table; place code=NG; date range=2023.09.11-09.12; the table is detection-positive and does not create non-detections.
NG_AA_23_88,HONG_2023_GIMPO_GANGHWA,NG_AA_23_88,confirmed_specimen,Anopheles sinensis,South Korea,"Naega-myeon, Ganghwa-gun, Incheon",HONG_2023_GIMPO_GANGHWA_NG,"Naega-myeon, Ganghwa-gun, Incheon",b+377_+1264,,126.415278,37.731111,2023-09-11,2023,9,1,specimen,1,,published supplementary individual record,10 dip larval sampling description; individual denominator not attached to row,molecular_species_confirmation,"Multiplex PCR, ITS2, COI",verified_PCR_or_ITS2_source_table,,detected; no non-detection inferred,CC BY 4.0 article; derivative-data reuse should be reviewed,https://doi.org/10.1186/s12936-023-04821-x,Individual row extracted from the published supplementary table; place code=NG; date range=2023.09.11-09.12; the table is detection-positive and does not create non-detections.
NG_AA_23_89,HONG_2023_GIMPO_GANGHWA,NG_AA_23_89,confirmed_specimen,Anopheles sinensis,South Korea,"Naega-myeon, Ganghwa-gun, Incheon",HONG_2023_GIMPO_GANGHWA_NG,"Naega-myeon, Ganghwa-gun, Incheon",b+377_+1264,,126.415278,37.731111,2023-09-11,2023,9,1,specimen,1,,published supplementary individual record,10 dip larval sampling description; individual denominator not attached to row,molecular_species_confirmation,Multiplex PCR,verified_PCR_or_ITS2_source_table,,detected; no non-detection inferred,CC BY 4.0 article; derivative-data reuse should be reviewed,https://doi.org/10.1186/s12936-023-04821-x,Individual row extracted from the published supplementary table; place code=NG; date range=2023.09.11-09.12; the table is detection-positive and does not create non-detections.
NG_AA_23_9,HONG_2023_GIMPO_GANGHWA,NG_AA_23_9,confirmed_specimen,Anopheles sinensis,South Korea,"Naega-myeon, Ganghwa-gun, Incheon",HONG_2023_GIMPO_GANGHWA_NG,"Naega-myeon, Ganghwa-gun, Incheon",b+377_+1264,,126.415278,37.731111,2023-08-01,2023,8,1,specimen,1,,published supplementary individual record,10 dip larval sampling description; individual denominator not attached to row,molecular_species_confirmation,"Multiplex PCR, ITS2",verified_PCR_or_ITS2_source_table,,detected; no non-detection inferred,CC BY 4.0 article; derivative-data reuse should be reviewed,https://doi.org/10.1186/s12936-023-04821-x,Individual row extracted from the published supplementary table; place code=NG; date range=2023.08.01-08.02; the table is detection-positive and does not create non-detections.
NG_AA_23_90,HONG_2023_GIMPO_GANGHWA,NG_AA_23_90,confirmed_specimen,Anopheles sinensis,South Korea,"Naega-myeon, Ganghwa-gun, Incheon",HONG_2023_GIMPO_GANGHWA_NG,"Naega-myeon, Ganghwa-gun, Incheon",b+377_+1264,,126.415278,37.731111,2023-09-11,2023,9,1,specimen,1,,published supplementary individual record,10 dip larval sampling description; individual denominator not attached to row,molecular_species_confirmation,Multiplex PCR,verified_PCR_or_ITS2_source_table,,detected; no non-detection inferred,CC BY 4.0 article; derivative-data reuse should be reviewed,https://doi.org/10.1186/s12936-023-04821-x,Individual row extracted from the published supplementary table; place code=NG; date range=2023.09.11-09.12; the table is detection-positive and does not create non-detections.
NG_AA_23_91,HONG_2023_GIMPO_GANGHWA,NG_AA_23_91,confirmed_specimen,Anopheles sinensis,South Korea,"Naega-myeon, Ganghwa-gun, Incheon",HONG_2023_GIMPO_GANGHWA_NG,"Naega-myeon, Ganghwa-gun, Incheon",b+377_+1264,,126.415278,37.731111,2023-09-11,2023,9,1,specimen,1,,published supplementary individual record,10 dip larval sampling description; individual denominator not attached to row,molecular_species_confirmation,"Multiplex PCR, ITS2",verified_PCR_or_ITS2_source_table,,detected; no non-detection inferred,CC BY 4.0 article; derivative-data reuse should be reviewed,https://doi.org/10.1186/s12936-023-04821-x,Individual row extracted from the published supplementary table; place code=NG; date range=2023.09.11-09.13; the table is detection-positive and does not create non-detections.
WG_AA_23_19,HONG_2023_GIMPO_GANGHWA,WG_AA_23_19,confirmed_specimen,Anopheles sinensis,South Korea,"Wolgot-myeon, Gimpo-si, Gyeonggi-do",HONG_2023_GIMPO_GANGHWA_WG,"Wolgot-myeon, Gimpo-si, Gyeonggi-do",b+377_+1265,r184c1226,126.534444,37.745,2023-08-16,2023,8,1,specimen,1,,published supplementary individual record,10 dip larval sampling description; individual denominator not attached to row,molecular_species_confirmation,Multiplex PCR,verified_PCR_or_ITS2_source_table,,detected; no non-detection inferred,CC BY 4.0 article; derivative-data reuse should be reviewed,https://doi.org/10.1186/s12936-023-04821-x,Individual row extracted from the published supplementary table; place code=WG; date range=2023.08.16-08.17; the table is detection-positive and does not create non-detections.
WG_AA_23_20,HONG_2023_GIMPO_GANGHWA,WG_AA_23_20,confirmed_specimen,Anopheles sinensis,South Korea,"Wolgot-myeon, Gimpo-si, Gyeonggi-do",HONG_2023_GIMPO_GANGHWA_WG,"Wolgot-myeon, Gimpo-si, Gyeonggi-do",b+377_+1265,r184c1226,126.534444,37.745,2023-08-16,2023,8,1,specimen,1,,published supplementary individual record,10 dip larval sampling description; individual denominator not attached to row,molecular_species_confirmation,Multiplex PCR,verified_PCR_or_ITS2_source_table,,detected; no non-detection inferred,CC BY 4.0 article; derivative-data reuse should be reviewed,https://doi.org/10.1186/s12936-023-04821-x,Individual row extracted from the published supplementary table; place code=WG; date range=2023.08.16-08.17; the table is detection-positive and does not create non-detections.
WG_AA_23_21,HONG_2023_GIMPO_GANGHWA,WG_AA_23_21,confirmed_specimen,Anopheles sinensis,South Korea,"Wolgot-myeon, Gimpo-si, Gyeonggi-do",HONG_2023_GIMPO_GANGHWA_WG,"Wolgot-myeon, Gimpo-si, Gyeonggi-do",b+377_+1265,r184c1226,126.534444,37.745,2023-08-16,2023,8,1,specimen,1,,published supplementary individual record,10 dip larval sampling description; individual denominator not attached to row,molecular_species_confirmation,Multiplex PCR,verified_PCR_or_ITS2_source_table,,detected; no non-detection inferred,CC BY 4.0 article; derivative-data reuse should be reviewed,https://doi.org/10.1186/s12936-023-04821-x,Individual row extracted from the published supplementary table; place code=WG; date range=2023.08.16-08.17; the table is detection-positive and does not create non-detections.
KH_AA_24_07_1,JEON_2025_GANGHWA_2024,KH_AA_24_07_1,confirmed_specimen,Anopheles sinensis,South Korea,"Kukhwa-ri, Ganghwa-gun, Incheon",JEON_2025_GANGHWA_2024_KH,"Kukhwa-ri, Ganghwa-gun, Incheon",b+377_+1264,,126.459417,37.743444,2024-07-10,2024,7,1,specimen,1,Adult,published supplementary individual record,"Blackhole Mosquito Buster adult trap, 20:00-08:00; event denominator not attached to individual row",molecular_species_confirmation,Multiplex PCR,verified_PCR_or_ITS2_source_table,,detected; no non-detection inferred,CC BY-NC-ND 4.0 article; derivative-data reuse should be reviewed,https://doi.org/10.1038/s41598-025-29307-5,Individual row extracted from the published supplementary table; place code=KH; date range=2024.07.10-11; the table is detection-positive and does not create non-detections. The main article reports 124 An. sinensis in the kdr-analysis subset; this row belongs to the 146-row species table and is not assumed to be part of that subset.
KH_AA_24_07_11,JEON_2025_GANGHWA_2024,KH_AA_24_07_11,confirmed_specimen,Anopheles sinensis,South Korea,"Kukhwa-ri, Ganghwa-gun, Incheon",JEON_2025_GANGHWA_2024_KH,"Kukhwa-ri, Ganghwa-gun, Incheon",b+377_+1264,,126.459417,37.743444,2024-07-10,2024,7,1,specimen,1,Adult,published supplementary individual record,"Blackhole Mosquito Buster adult trap, 20:00-08:00; event denominator not attached to individual row",molecular_species_confirmation,Multiplex PCR,verified_PCR_or_ITS2_source_table,,detected; no non-detection inferred,CC BY-NC-ND 4.0 article; derivative-data reuse should be reviewed,https://doi.org/10.1038/s41598-025-29307-5,Individual row extracted from the published supplementary table; place code=KH; date range=2024.07.10-11; the table is detection-positive and does not create non-detections. The main article reports 124 An. sinensis in the kdr-analysis subset; this row belongs to the 146-row species table and is not assumed to be part of that subset.
KH_AA_24_07_12,JEON_2025_GANGHWA_2024,KH_AA_24_07_12,confirmed_specimen,Anopheles sinensis,South Korea,"Kukhwa-ri, Ganghwa-gun, Incheon",JEON_2025_GANGHWA_2024_KH,"Kukhwa-ri, Ganghwa-gun, Incheon",b+377_+1264,,126.459417,37.743444,2024-07-10,2024,7,1,specimen,1,Adult,published supplementary individual record,"Blackhole Mosquito Buster adult trap, 20:00-08:00; event denominator not attached to individual row",molecular_species_confirmation,Multiplex PCR,verified_PCR_or_ITS2_source_table,,detected; no non-detection inferred,CC BY-NC-ND 4.0 article; derivative-data reuse should be reviewed,https://doi.org/10.1038/s41598-025-29307-5,Individual row extracted from the published supplementary table; place code=KH; date range=2024.07.10-11; the table is detection-positive and does not create non-detections. The main article reports 124 An. sinensis in the kdr-analysis subset; this row belongs to the 146-row species table and is not assumed to be part of that subset.
KH_AA_24_07_13,JEON_2025_GANGHWA_2024,KH_AA_24_07_13,confirmed_specimen,Anopheles sinensis,South Korea,"Kukhwa-ri, Ganghwa-gun, Incheon",JEON_2025_GANGHWA_2024_KH,"Kukhwa-ri, Ganghwa-gun, Incheon",b+377_+1264,,126.459417,37.743444,2024-07-10,2024,7,1,specimen,1,Adult,published supplementary individual record,"Blackhole Mosquito Buster adult trap, 20:00-08:00; event denominator not attached to individual row",molecular_species_confirmation,Multiplex PCR,verified_PCR_or_ITS2_source_table,,detected; no non-detection inferred,CC BY-NC-ND 4.0 article; derivative-data reuse should be reviewed,https://doi.org/10.1038/s41598-025-29307-5,Individual row extracted from the published supplementary table; place code=KH; date range=2024.07.10-11; the table is detection-positive and does not create non-detections. The main article reports 124 An. sinensis in the kdr-analysis subset; this row belongs to the 146-row species table and is not assumed to be part of that subset.
KH_AA_24_07_2,JEON_2025_GANGHWA_2024,KH_AA_24_07_2,confirmed_specimen,Anopheles sinensis,South Korea,"Kukhwa-ri, Ganghwa-gun, Incheon",JEON_2025_GANGHWA_2024_KH,"Kukhwa-ri, Ganghwa-gun, Incheon",b+377_+1264,,126.459417,37.743444,2024-07-10,2024,7,1,specimen,1,Adult,published supplementary individual record,"Blackhole Mosquito Buster adult trap, 20:00-08:00; event denominator not attached to individual row",molecular_species_confirmation,Multiplex PCR,verified_PCR_or_ITS2_source_table,,detected; no non-detection inferred,CC BY-NC-ND 4.0 article; derivative-data reuse should be reviewed,https://doi.org/10.1038/s41598-025-29307-5,Individual row extracted from the published supplementary table; place code=KH; date range=2024.07.10-11; the table is detection-positive and does not create non-detections. The main article reports 124 An. sinensis in the kdr-analysis subset; this row belongs to the 146-row species table and is not assumed to be part of that subset.
KH_AA_24_07_3,JEON_2025_GANGHWA_2024,KH_AA_24_07_3,confirmed_specimen,Anopheles sinensis,South Korea,"Kukhwa-ri, Ganghwa-gun, Incheon",JEON_2025_GANGHWA_2024_KH,"Kukhwa-ri, Ganghwa-gun, Incheon",b+377_+1264,,126.459417,37.743444,2024-07-10,2024,7,1,specimen,1,Adult,published supplementary individual record,"Blackhole Mosquito Buster adult trap, 20:00-08:00; event denominator not attached to individual row",molecular_species_confirmation,Multiplex PCR,verified_PCR_or_ITS2_source_table,,detected; no non-detection inferred,CC BY-NC-ND 4.0 article; derivative-data reuse should be reviewed,https://doi.org/10.1038/s41598-025-29307-5,Individual row extracted from the published supplementary table; place code=KH; date range=2024.07.10-11; the table is detection-positive and does not create non-detections. The main article reports 124 An. sinensis in the kdr-analysis subset; this row belongs to the 146-row species table and is not assumed to be part of that subset.
KH_AA_24_07_4,JEON_2025_GANGHWA_2024,KH_AA_24_07_4,confirmed_specimen,Anopheles sinensis,South Korea,"Kukhwa-ri, Ganghwa-gun, Incheon",JEON_2025_GANGHWA_2024_KH,"Kukhwa-ri, Ganghwa-gun, Incheon",b+377_+1264,,126.459417,37.743444,2024-07-10,2024,7,1,specimen,1,Adult,published supplementary individual record,"Blackhole Mosquito Buster adult trap, 20:00-08:00; event denominator not attached to individual row",molecular_species_confirmation,Multiplex PCR,verified_PCR_or_ITS2_source_table,,detected; no non-detection inferred,CC BY-NC-ND 4.0 article; derivative-data reuse should be reviewed,https://doi.org/10.1038/s41598-025-29307-5,Individual row extracted from the published supplementary table; place code=KH; date range=2024.07.10-11; the table is detection-positive and does not create non-detections. The main article reports 124 An. sinensis in the kdr-analysis subset; this row belongs to the 146-row species table and is not assumed to be part of that subset.
KH_AA_24_07_5,JEON_2025_GANGHWA_2024,KH_AA_24_07_5,confirmed_specimen,Anopheles sinensis,South Korea,"Kukhwa-ri, Ganghwa-gun, Incheon",JEON_2025_GANGHWA_2024_KH,"Kukhwa-ri, Ganghwa-gun, Incheon",b+377_+1264,,126.459417,37.743444,2024-07-10,2024,7,1,specimen,1,Adult,published supplementary individual record,"Blackhole Mosquito Buster adult trap, 20:00-08:00; event denominator not attached to individual row",molecular_species_confirmation,Multiplex PCR,verified_PCR_or_ITS2_source_table,,detected; no non-detection inferred,CC BY-NC-ND 4.0 article; derivative-data reuse should be reviewed,https://doi.org/10.1038/s41598-025-29307-5,Individual row extracted from the published supplementary table; place code=KH; date range=2024.07.10-11; the table is detection-positive and does not create non-detections. The main article reports 124 An. sinensis in the kdr-analysis subset; this row belongs to the 146-row species table and is not assumed to be part of that subset.
KH_AA_24_07_6,JEON_2025_GANGHWA_2024,KH_AA_24_07_6,confirmed_specimen,Anopheles sinensis,South Korea,"Kukhwa-ri, Ganghwa-gun, Incheon",JEON_2025_GANGHWA_2024_KH,"Kukhwa-ri, Ganghwa-gun, Incheon",b+377_+1264,,126.459417,37.743444,2024-07-10,2024,7,1,specimen,1,Adult,published supplementary individual record,"Blackhole Mosquito Buster adult trap, 20:00-08:00; event denominator not attached to individual row",molecular_species_confirmation,Multiplex PCR,verified_PCR_or_ITS2_source_table,,detected; no non-detection inferred,CC BY-NC-ND 4.0 article; derivative-data reuse should be reviewed,https://doi.org/10.1038/s41598-025-29307-5,Individual row extracted from the published supplementary table; place code=KH; date range=2024.07.10-11; the table is detection-positive and does not create non-detections. The main article reports 124 An. sinensis in the kdr-analysis subset; this row belongs to the 146-row species table and is not assumed to be part of that subset.
KH_AA_24_07_7,JEON_2025_GANGHWA_2024,KH_AA_24_07_7,confirmed_specimen,Anopheles sinensis,South Korea,"Kukhwa-ri, Ganghwa-gun, Incheon",JEON_2025_GANGHWA_2024_KH,"Kukhwa-ri, Ganghwa-gun, Incheon",b+377_+1264,,126.459417,37.743444,2024-07-10,2024,7,1,specimen,1,Adult,published supplementary individual record,"Blackhole Mosquito Buster adult trap, 20:00-08:00; event denominator not attached to individual row",molecular_species_confirmation,Multiplex PCR,verified_PCR_or_ITS2_source_table,,detected; no non-detection inferred,CC BY-NC-ND 4.0 article; derivative-data reuse should be reviewed,https://doi.org/10.1038/s41598-025-29307-5,Individual row extracted from the published supplementary table; place code=KH; date range=2024.07.10-11; the table is detection-positive and does not create non-detections. The main article reports 124 An. sinensis in the kdr-analysis subset; this row belongs to the 146-row species table and is not assumed to be part of that subset.
KH_AA_24_07_8,JEON_2025_GANGHWA_2024,KH_AA_24_07_8,confirmed_specimen,Anopheles sinensis,South Korea,"Kukhwa-ri, Ganghwa-gun, Incheon",JEON_2025_GANGHWA_2024_KH,"Kukhwa-ri, Ganghwa-gun, Incheon",b+377_+1264,,126.459417,37.743444,2024-07-10,2024,7,1,specimen,1,Adult,published supplementary individual record,"Blackhole Mosquito Buster adult trap, 20:00-08:00; event denominator not attached to individual row",molecular_species_confirmation,Multiplex PCR,verified_PCR_or_ITS2_source_table,,detected; no non-detection inferred,CC BY-NC-ND 4.0 article; derivative-data reuse should be reviewed,https://doi.org/10.1038/s41598-025-29307-5,Individual row extracted from the published supplementary table; place code=KH; date range=2024.07.10-11; the table is detection-positive and does not create non-detections. The main article reports 124 An. sinensis in the kdr-analysis subset; this row belongs to the 146-row species table and is not assumed to be part of that subset.
KH_AA_24_07_9,JEON_2025_GANGHWA_2024,KH_AA_24_07_9,confirmed_specimen,Anopheles sinensis,South Korea,"Kukhwa-ri, Ganghwa-gun, Incheon",JEON_2025_GANGHWA_2024_KH,"Kukhwa-ri, Ganghwa-gun, Incheon",b+377_+1264,,126.459417,37.743444,2024-07-10,2024,7,1,specimen,1,Adult,published supplementary individual record,"Blackhole Mosquito Buster adult trap, 20:00-08:00; event denominator not attached to individual row",molecular_species_confirmation,Multiplex PCR,verified_PCR_or_ITS2_source_table,,detected; no non-detection inferred,CC BY-NC-ND 4.0 article; derivative-data reuse should be reviewed,https://doi.org/10.1038/s41598-025-29307-5,Individual row extracted from the published supplementary table; place code=KH; date range=2024.07.10-11; the table is detection-positive and does not create non-detections. The main article reports 124 An. sinensis in the kdr-analysis subset; this row belongs to the 146-row species table and is not assumed to be part of that subset.
KH_AA_24_08_1,JEON_2025_GANGHWA_2024,KH_AA_24_08_1,confirmed_specimen,Anopheles sinensis,South Korea,"Kukhwa-ri, Ganghwa-gun, Incheon",JEON_2025_GANGHWA_2024_KH,"Kukhwa-ri, Ganghwa-gun, Incheon",b+377_+1264,,126.459417,37.743444,2024-08-06,2024,8,1,specimen,1,Adult,published supplementary individual record,"Blackhole Mosquito Buster adult trap, 20:00-08:00; event denominator not attached to individual row",molecular_species_confirmation,Multiplex PCR,verified_PCR_or_ITS2_source_table,,detected; no non-detection inferred,CC BY-NC-ND 4.0 article; derivative-data reuse should be reviewed,https://doi.org/10.1038/s41598-025-29307-5,Individual row extracted from the published supplementary table; place code=KH; date range=2024.08.06-07; the table is detection-positive and does not create non-detections. The main article reports 124 An. sinensis in the kdr-analysis subset; this row belongs to the 146-row species table and is not assumed to be part of that subset.
KH_AA_24_08_2,JEON_2025_GANGHWA_2024,KH_AA_24_08_2,confirmed_specimen,Anopheles sinensis,South Korea,"Kukhwa-ri, Ganghwa-gun, Incheon",JEON_2025_GANGHWA_2024_KH,"Kukhwa-ri, Ganghwa-gun, Incheon",b+377_+1264,,126.459417,37.743444,2024-08-06,2024,8,1,specimen,1,Adult,published supplementary individual record,"Blackhole Mosquito Buster adult trap, 20:00-08:00; event denominator not attached to individual row",molecular_species_confirmation,Multiplex PCR,verified_PCR_or_ITS2_source_table,,detected; no non-detection inferred,CC BY-NC-ND 4.0 article; derivative-data reuse should be reviewed,https://doi.org/10.1038/s41598-025-29307-5,Individual row extracted from the published supplementary table; place code=KH; date range=2024.08.06-07; the table is detection-positive and does not create non-detections. The main article reports 124 An. sinensis in the kdr-analysis subset; this row belongs to the 146-row species table and is not assumed to be part of that subset.
KH_AA_24_08_3,JEON_2025_GANGHWA_2024,KH_AA_24_08_3,confirmed_specimen,Anopheles sinensis,South Korea,"Kukhwa-ri, Ganghwa-gun, Incheon",JEON_2025_GANGHWA_2024_KH,"Kukhwa-ri, Ganghwa-gun, Incheon",b+377_+1264,,126.459417,37.743444,2024-08-06,2024,8,1,specimen,1,Adult,published supplementary individual record,"Blackhole Mosquito Buster adult trap, 20:00-08:00; event denominator not attached to individual row",molecular_species_confirmation,Multiplex PCR,verified_PCR_or_ITS2_source_table,,detected; no non-detection inferred,CC BY-NC-ND 4.0 article; derivative-data reuse should be reviewed,https://doi.org/10.1038/s41598-025-29307-5,Individual row extracted from the published supplementary table; place code=KH; date range=2024.08.06-07; the table is detection-positive and does not create non-detections. The main article reports 124 An. sinensis in the kdr-analysis subset; this row belongs to the 146-row species table and is not assumed to be part of that subset.
SH_AA_24_08_1,JEON_2025_GANGHWA_2024,SH_AA_24_08_1,confirmed_specimen,Anopheles sinensis,South Korea,"Seonhaeng-ri, Ganghwa-gun, Incheon",JEON_2025_GANGHWA_2024_SH,"Seonhaeng-ri, Ganghwa-gun, Incheon",b+377_+1264,,126.452639,37.730694,2024-08-06,2024,8,1,specimen,1,Adult,published supplementary individual record,"Blackhole Mosquito Buster adult trap, 20:00-08:00; event denominator not attached to individual row",molecular_species_confirmation,Multiplex PCR,verified_PCR_or_ITS2_source_table,,detected; no non-detection inferred,CC BY-NC-ND 4.0 article; derivative-data reuse should be reviewed,https://doi.org/10.1038/s41598-025-29307-5,Individual row extracted from the published supplementary table; place code=SH; date range=2024.08.06-07; the table is detection-positive and does not create non-detections. The main article reports 124 An. sinensis in the kdr-analysis subset; this row belongs to the 146-row species table and is not assumed to be part of that subset.
SH_AA_24_08_10,JEON_2025_GANGHWA_2024,SH_AA_24_08_10,confirmed_specimen,Anopheles sinensis,South Korea,"Seonhaeng-ri, Ganghwa-gun, Incheon",JEON_2025_GANGHWA_2024_SH,"Seonhaeng-ri, Ganghwa-gun, Incheon",b+377_+1264,,126.452639,37.730694,2024-08-06,2024,8,1,specimen,1,Adult,published supplementary individual record,"Blackhole Mosquito Buster adult trap, 20:00-08:00; event denominator not attached to individual row",molecular_species_confirmation,Multiplex PCR,verified_PCR_or_ITS2_source_table,,detected; no non-detection inferred,CC BY-NC-ND 4.0 article; derivative-data reuse should be reviewed,https://doi.org/10.1038/s41598-025-29307-5,Individual row extracted from the published supplementary table; place code=SH; date range=2024.08.06-07; the table is detection-positive and does not create non-detections. The main article reports 124 An. sinensis in the kdr-analysis subset; this row belongs to the 146-row species table and is not assumed to be part of that subset.
SH_AA_24_08_12,JEON_2025_GANGHWA_2024,SH_AA_24_08_12,confirmed_specimen,Anopheles sinensis,South Korea,"Seonhaeng-ri, Ganghwa-gun, Incheon",JEON_2025_GANGHWA_2024_SH,"Seonhaeng-ri, Ganghwa-gun, Incheon",b+377_+1264,,126.452639,37.730694,2024-08-06,2024,8,1,specimen,1,Adult,published supplementary individual record,"Blackhole Mosquito Buster adult trap, 20:00-08:00; event denominator not attached to individual row",molecular_species_confirmation,ITS2,verified_PCR_or_ITS2_source_table,,detected; no non-detection inferred,CC BY-NC-ND 4.0 article; derivative-data reuse should be reviewed,https://doi.org/10.1038/s41598-025-29307-5,Individual row extracted from the published supplementary table; place code=SH; date range=2024.08.06-07; the table is detection-positive and does not create non-detections. The main article reports 124 An. sinensis in the kdr-analysis subset; this row belongs to the 146-row species table and is not assumed to be part of that subset.
SH_AA_24_08_13,JEON_2025_GANGHWA_2024,SH_AA_24_08_13,confirmed_specimen,Anopheles sinensis,South Korea,"Seonhaeng-ri, Ganghwa-gun, Incheon",JEON_2025_GANGHWA_2024_SH,"Seonhaeng-ri, Ganghwa-gun, Incheon",b+377_+1264,,126.452639,37.730694,2024-08-06,2024,8,1,specimen,1,Adult,published supplementary individual record,"Blackhole Mosquito Buster adult trap, 20:00-08:00; event denominator not attached to individual row",molecular_species_confirmation,Multiplex PCR,verified_PCR_or_ITS2_source_table,,detected; no non-detection inferred,CC BY-NC-ND 4.0 article; derivative-data reuse should be reviewed,https://doi.org/10.1038/s41598-025-29307-5,Individual row extracted from the published supplementary table; place code=SH; date range=2024.08.06-07; the table is detection-positive and does not create non-detections. The main article reports 124 An. sinensis in the kdr-analysis subset; this row belongs to the 146-row species table and is not assumed to be part of that subset.
SH_AA_24_08_14,JEON_2025_GANGHWA_2024,SH_AA_24_08_14,confirmed_specimen,Anopheles sinensis,South Korea,"Seonhaeng-ri, Ganghwa-gun, Incheon",JEON_2025_GANGHWA_2024_SH,"Seonhaeng-ri, Ganghwa-gun, Incheon",b+377_+1264,,126.452639,37.730694,2024-08-06,2024,8,1,specimen,1,Adult,published supplementary individual record,"Blackhole Mosquito Buster adult trap, 20:00-08:00; event denominator not attached to individual row",molecular_species_confirmation,Multiplex PCR,verified_PCR_or_ITS2_source_table,,detected; no non-detection inferred,CC BY-NC-ND 4.0 article; derivative-data reuse should be reviewed,https://doi.org/10.1038/s41598-025-29307-5,Individual row extracted from the published supplementary table; place code=SH; date range=2024.08.06-07; the table is detection-positive and does not create non-detections. The main article reports 124 An. sinensis in the kdr-analysis subset; this row belongs to the 146-row species table and is not assumed to be part of that subset.
SH_AA_24_08_15,JEON_2025_GANGHWA_2024,SH_AA_24_08_15,confirmed_specimen,Anopheles sinensis,South Korea,"Seonhaeng-ri, Ganghwa-gun, Incheon",JEON_2025_GANGHWA_2024_SH,"Seonhaeng-ri, Ganghwa-gun, Incheon",b+377_+1264,,126.452639,37.730694,2024-08-06,2024,8,1,specimen,1,Adult,published supplementary individual record,"Blackhole Mosquito Buster adult trap, 20:00-08:00; event denominator not attached to individual row",molecular_species_confirmation,Multiplex PCR,verified_PCR_or_ITS2_source_table,,detected; no non-detection inferred,CC BY-NC-ND 4.0 article; derivative-data reuse should be reviewed,https://doi.org/10.1038/s41598-025-29307-5,Individual row extracted from the published supplementary table; place code=SH; date range=2024.08.06-07; the table is detection-positive and does not create non-detections. The main article reports 124 An. sinensis in the kdr-analysis subset; this row belongs to the 146-row species table and is not assumed to be part of that subset.
SH_AA_24_08_17,JEON_2025_GANGHWA_2024,SH_AA_24_08_17,confirmed_specimen,Anopheles sinensis,South Korea,"Seonhaeng-ri, Ganghwa-gun, Incheon",JEON_2025_GANGHWA_2024_SH,"Seonhaeng-ri, Ganghwa-gun, Incheon",b+377_+1264,,126.452639,37.730694,2024-08-06,2024,8,1,specimen,1,Adult,published supplementary individual record,"Blackhole Mosquito Buster adult trap, 20:00-08:00; event denominator not attached to individual row",molecular_species_confirmation,Multiplex PCR,verified_PCR_or_ITS2_source_table,,detected; no non-detection inferred,CC BY-NC-ND 4.0 article; derivative-data reuse should be reviewed,https://doi.org/10.1038/s41598-025-29307-5,Individual row extracted from the published supplementary table; place code=SH; date range=2024.08.06-07; the table is detection-positive and does not create non-detections. The main article reports 124 An. sinensis in the kdr-analysis subset; this row belongs to the 146-row species table and is not assumed to be part of that subset.
SH_AA_24_08_18,JEON_2025_GANGHWA_2024,SH_AA_24_08_18,confirmed_specimen,Anopheles sinensis,South Korea,"Seonhaeng-ri, Ganghwa-gun, Incheon",JEON_2025_GANGHWA_2024_SH,"Seonhaeng-ri, Ganghwa-gun, Incheon",b+377_+1264,,126.452639,37.730694,2024-08-06,2024,8,1,specimen,1,Adult,published supplementary individual record,"Blackhole Mosquito Buster adult trap, 20:00-08:00; event denominator not attached to individual row",molecular_species_confirmation,Multiplex PCR,verified_PCR_or_ITS2_source_table,,detected; no non-detection inferred,CC BY-NC-ND 4.0 article; derivative-data reuse should be reviewed,https://doi.org/10.1038/s41598-025-29307-5,Individual row extracted from the published supplementary table; place code=SH; date range=2024.08.06-07; the table is detection-positive and does not create non-detections. The main article reports 124 An. sinensis in the kdr-analysis subset; this row belongs to the 146-row species table and is not assumed to be part of that subset.
SH_AA_24_08_19,JEON_2025_GANGHWA_2024,SH_AA_24_08_19,confirmed_specimen,Anopheles sinensis,South Korea,"Seonhaeng-ri, Ganghwa-gun, Incheon",JEON_2025_GANGHWA_2024_SH,"Seonhaeng-ri, Ganghwa-gun, Incheon",b+377_+1264,,126.452639,37.730694,2024-08-06,2024,8,1,specimen,1,Adult,published supplementary individual record,"Blackhole Mosquito Buster adult trap, 20:00-08:00; event denominator not attached to individual row",molecular_species_confirmation,Multiplex PCR,verified_PCR_or_ITS2_source_table,,detected; no non-detection inferred,CC BY-NC-ND 4.0 article; derivative-data reuse should be reviewed,https://doi.org/10.1038/s41598-025-29307-5,Individual row extracted from the published supplementary table; place code=SH; date range=2024.08.06-07; the table is detection-positive and does not create non-detections. The main article reports 124 An. sinensis in the kdr-analysis subset; this row belongs to the 146-row species table and is not assumed to be part of that subset.
SH_AA_24_08_2,JEON_2025_GANGHWA_2024,SH_AA_24_08_2,confirmed_specimen,Anopheles sinensis,South Korea,"Seonhaeng-ri, Ganghwa-gun, Incheon",JEON_2025_GANGHWA_2024_SH,"Seonhaeng-ri, Ganghwa-gun, Incheon",b+377_+1264,,126.452639,37.730694,2024-08-06,2024,8,1,specimen,1,Adult,published supplementary individual record,"Blackhole Mosquito Buster adult trap, 20:00-08:00; event denominator not attached to individual row",molecular_species_confirmation,Multiplex PCR,verified_PCR_or_ITS2_source_table,,detected; no non-detection inferred,CC BY-NC-ND 4.0 article; derivative-data reuse should be reviewed,https://doi.org/10.1038/s41598-025-29307-5,Individual row extracted from the published supplementary table; place code=SH; date range=2024.08.06-07; the table is detection-positive and does not create non-detections. The main article reports 124 An. sinensis in the kdr-analysis subset; this row belongs to the 146-row species table and is not assumed to be part of that subset.
SH_AA_24_08_20,JEON_2025_GANGHWA_2024,SH_AA_24_08_20,confirmed_specimen,Anopheles sinensis,South Korea,"Seonhaeng-ri, Ganghwa-gun, Incheon",JEON_2025_GANGHWA_2024_SH,"Seonhaeng-ri, Ganghwa-gun, Incheon",b+377_+1264,,126.452639,37.730694,2024-08-06,2024,8,1,specimen,1,Adult,published supplementary individual record,"Blackhole Mosquito Buster adult trap, 20:00-08:00; event denominator not attached to individual row",molecular_species_confirmation,Multiplex PCR,verified_PCR_or_ITS2_source_table,,detected; no non-detection inferred,CC BY-NC-ND 4.0 article; derivative-data reuse should be reviewed,https://doi.org/10.1038/s41598-025-29307-5,Individual row extracted from the published supplementary table; place code=SH; date range=2024.08.06-07; the table is detection-positive and does not create non-detections. The main article reports 124 An. sinensis in the kdr-analysis subset; this row belongs to the 146-row species table and is not assumed to be part of that subset.
SH_AA_24_08_23,JEON_2025_GANGHWA_2024,SH_AA_24_08_23,confirmed_specimen,Anopheles sinensis,South Korea,"Seonhaeng-ri, Ganghwa-gun, Incheon",JEON_2025_GANGHWA_2024_SH,"Seonhaeng-ri, Ganghwa-gun, Incheon",b+377_+1264,,126.452639,37.730694,2024-08-06,2024,8,1,specimen,1,Adult,published supplementary individual record,"Blackhole Mosquito Buster adult trap, 20:00-08:00; event denominator not attached to individual row",molecular_species_confirmation,Multiplex PCR,verified_PCR_or_ITS2_source_table,,detected; no non-detection inferred,CC BY-NC-ND 4.0 article; derivative-data reuse should be reviewed,https://doi.org/10.1038/s41598-025-29307-5,Individual row extracted from the published supplementary table; place code=SH; date range=2024.08.06-07; the table is detection-positive and does not create non-detections. The main article reports 124 An. sinensis in the kdr-analysis subset; this row belongs to the 146-row species table and is not assumed to be part of that subset.
SH_AA_24_08_24,JEON_2025_GANGHWA_2024,SH_AA_24_08_24,confirmed_specimen,Anopheles sinensis,South Korea,"Seonhaeng-ri, Ganghwa-gun, Incheon",JEON_2025_GANGHWA_2024_SH,"Seonhaeng-ri, Ganghwa-gun, Incheon",b+377_+1264,,126.452639,37.730694,2024-08-06,2024,8,1,specimen,1,Adult,published supplementary individual record,"Blackhole Mosquito Buster adult trap, 20:00-08:00; event denominator not attached to individual row",molecular_species_confirmation,Multiplex PCR,verified_PCR_or_ITS2_source_table,,detected; no non-detection inferred,CC BY-NC-ND 4.0 article; derivative-data reuse should be reviewed,https://doi.org/10.1038/s41598-025-29307-5,Individual row extracted from the published supplementary table; place code=SH; date range=2024.08.06-07; the table is detection-positive and does not create non-detections. The main article reports 124 An. sinensis in the kdr-analysis subset; this row belongs to the 146-row species table and is not assumed to be part of that subset.
SH_AA_24_08_25,JEON_2025_GANGHWA_2024,SH_AA_24_08_25,confirmed_specimen,Anopheles sinensis,South Korea,"Seonhaeng-ri, Ganghwa-gun, Incheon",JEON_2025_GANGHWA_2024_SH,"Seonhaeng-ri, Ganghwa-gun, Incheon",b+377_+1264,,126.452639,37.730694,2024-08-06,2024,8,1,specimen,1,Adult,published supplementary individual record,"Blackhole Mosquito Buster adult trap, 20:00-08:00; event denominator not attached to individual row",molecular_species_confirmation,Multiplex PCR,verified_PCR_or_ITS2_source_table,,detected; no non-detection inferred,CC BY-NC-ND 4.0 article; derivative-data reuse should be reviewed,https://doi.org/10.1038/s41598-025-29307-5,Individual row extracted from the published supplementary table; place code=SH; date range=2024.08.06-07; the table is detection-positive and does not create non-detections. The main article reports 124 An. sinensis in the kdr-analysis subset; this row belongs to the 146-row species table and is not assumed to be part of that subset.
SH_AA_24_08_26,JEON_2025_GANGHWA_2024,SH_AA_24_08_26,confirmed_specimen,Anopheles sinensis,South Korea,"Seonhaeng-ri, Ganghwa-gun, Incheon",JEON_2025_GANGHWA_2024_SH,"Seonhaeng-ri, Ganghwa-gun, Incheon",b+377_+1264,,126.452639,37.730694,2024-08-06,2024,8,1,specimen,1,Adult,published supplementary individual record,"Blackhole Mosquito Buster adult trap, 20:00-08:00; event denominator not attached to individual row",molecular_species_confirmation,Multiplex PCR,verified_PCR_or_ITS2_source_table,,detected; no non-detection inferred,CC BY-NC-ND 4.0 article; derivative-data reuse should be reviewed,https://doi.org/10.1038/s41598-025-29307-5,Individual row extracted from the published supplementary table; place code=SH; date range=2024.08.06-07; the table is detection-positive and does not create non-detections. The main article reports 124 An. sinensis in the kdr-analysis subset; this row belongs to the 146-row species table and is not assumed to be part of that subset.
SH_AA_24_08_27,JEON_2025_GANGHWA_2024,SH_AA_24_08_27,confirmed_specimen,Anopheles sinensis,South Korea,"Seonhaeng-ri, Ganghwa-gun, Incheon",JEON_2025_GANGHWA_2024_SH,"Seonhaeng-ri, Ganghwa-gun, Incheon",b+377_+1264,,126.452639,37.730694,2024-08-06,2024,8,1,specimen,1,Adult,published supplementary individual record,"Blackhole Mosquito Buster adult trap, 20:00-08:00; event denominator not attached to individual row",molecular_species_confirmation,Multiplex PCR,verified_PCR_or_ITS2_source_table,,detected; no non-detection inferred,CC BY-NC-ND 4.0 article; derivative-data reuse should be reviewed,https://doi.org/10.1038/s41598-025-29307-5,Individual row extracted from the published supplementary table; place code=SH; date range=2024.08.06-07; the table is detection-positive and does not create non-detections. The main article reports 124 An. sinensis in the kdr-analysis subset; this row belongs to the 146-row species table and is not assumed to be part of that subset.
SH_AA_24_08_28,JEON_2025_GANGHWA_2024,SH_AA_24_08_28,confirmed_specimen,Anopheles sinensis,South Korea,"Seonhaeng-ri, Ganghwa-gun, Incheon",JEON_2025_GANGHWA_2024_SH,"Seonhaeng-ri, Ganghwa-gun, Incheon",b+377_+1264,,126.452639,37.730694,2024-08-06,2024,8,1,specimen,1,Adult,published supplementary individual record,"Blackhole Mosquito Buster adult trap, 20:00-08:00; event denominator not attached to individual row",molecular_species_confirmation,Multiplex PCR,verified_PCR_or_ITS2_source_table,,detected; no non-detection inferred,CC BY-NC-ND 4.0 article; derivative-data reuse should be reviewed,https://doi.org/10.1038/s41598-025-29307-5,Individual row extracted from the published supplementary table; place code=SH; date range=2024.08.06-07; the table is detection-positive and does not create non-detections. The main article reports 124 An. sinensis in the kdr-analysis subset; this row belongs to the 146-row species table and is not assumed to be part of that subset.
SH_AA_24_08_29,JEON_2025_GANGHWA_2024,SH_AA_24_08_29,confirmed_specimen,Anopheles sinensis,South Korea,"Seonhaeng-ri, Ganghwa-gun, Incheon",JEON_2025_GANGHWA_2024_SH,"Seonhaeng-ri, Ganghwa-gun, Incheon",b+377_+1264,,126.452639,37.730694,2024-08-06,2024,8,1,specimen,1,Adult,published supplementary individual record,"Blackhole Mosquito Buster adult trap, 20:00-08:00; event denominator not attached to individual row",molecular_species_confirmation,Multiplex PCR,verified_PCR_or_ITS2_source_table,,detected; no non-detection inferred,CC BY-NC-ND 4.0 article; derivative-data reuse should be reviewed,https://doi.org/10.1038/s41598-025-29307-5,Individual row extracted from the published supplementary table; place code=SH; date range=2024.08.06-07; the table is detection-positive and does not create non-detections. The main article reports 124 An. sinensis in the kdr-analysis subset; this row belongs to the 146-row species table and is not assumed to be part of that subset.
SH_AA_24_08_3,JEON_2025_GANGHWA_2024,SH_AA_24_08_3,confirmed_specimen,Anopheles sinensis,South Korea,"Seonhaeng-ri, Ganghwa-gun, Incheon",JEON_2025_GANGHWA_2024_SH,"Seonhaeng-ri, Ganghwa-gun, Incheon",b+377_+1264,,126.452639,37.730694,2024-08-06,2024,8,1,specimen,1,Adult,published supplementary individual record,"Blackhole Mosquito Buster adult trap, 20:00-08:00; event denominator not attached to individual row",molecular_species_confirmation,Multiplex PCR,verified_PCR_or_ITS2_source_table,,detected; no non-detection inferred,CC BY-NC-ND 4.0 article; derivative-data reuse should be reviewed,https://doi.org/10.1038/s41598-025-29307-5,Individual row extracted from the published supplementary table; place code=SH; date range=2024.08.06-07; the table is detection-positive and does not create non-detections. The main article reports 124 An. sinensis in the kdr-analysis subset; this row belongs to the 146-row species table and is not assumed to be part of that subset.
SH_AA_24_08_30,JEON_2025_GANGHWA_2024,SH_AA_24_08_30,confirmed_specimen,Anopheles sinensis,South Korea,"Seonhaeng-ri, Ganghwa-gun, Incheon",JEON_2025_GANGHWA_2024_SH,"Seonhaeng-ri, Ganghwa-gun, Incheon",b+377_+1264,,126.452639,37.730694,2024-08-06,2024,8,1,specimen,1,Adult,published supplementary individual record,"Blackhole Mosquito Buster adult trap, 20:00-08:00; event denominator not attached to individual row",molecular_species_confirmation,Multiplex PCR,verified_PCR_or_ITS2_source_table,,detected; no non-detection inferred,CC BY-NC-ND 4.0 article; derivative-data reuse should be reviewed,https://doi.org/10.1038/s41598-025-29307-5,Individual row extracted from the published supplementary table; place code=SH; date range=2024.08.06-07; the table is detection-positive and does not create non-detections. The main article reports 124 An. sinensis in the kdr-analysis subset; this row belongs to the 146-row species table and is not assumed to be part of that subset.
SH_AA_24_08_31,JEON_2025_GANGHWA_2024,SH_AA_24_08_31,confirmed_specimen,Anopheles sinensis,South Korea,"Seonhaeng-ri, Ganghwa-gun, Incheon",JEON_2025_GANGHWA_2024_SH,"Seonhaeng-ri, Ganghwa-gun, Incheon",b+377_+1264,,126.452639,37.730694,2024-08-06,2024,8,1,specimen,1,Adult,published supplementary individual record,"Blackhole Mosquito Buster adult trap, 20:00-08:00; event denominator not attached to individual row",molecular_species_confirmation,Multiplex PCR,verified_PCR_or_ITS2_source_table,,detected; no non-detection inferred,CC BY-NC-ND 4.0 article; derivative-data reuse should be reviewed,https://doi.org/10.1038/s41598-025-29307-5,Individual row extracted from the published supplementary table; place code=SH; date range=2024.08.06-07; the table is detection-positive and does not create non-detections. The main article reports 124 An. sinensis in the kdr-analysis subset; this row belongs to the 146-row species table and is not assumed to be part of that subset.
SH_AA_24_08_32,JEON_2025_GANGHWA_2024,SH_AA_24_08_32,confirmed_specimen,Anopheles sinensis,South Korea,"Seonhaeng-ri, Ganghwa-gun, Incheon",JEON_2025_GANGHWA_2024_SH,"Seonhaeng-ri, Ganghwa-gun, Incheon",b+377_+1264,,126.452639,37.730694,2024-08-06,2024,8,1,specimen,1,Adult,published supplementary individual record,"Blackhole Mosquito Buster adult trap, 20:00-08:00; event denominator not attached to individual row",molecular_species_confirmation,Multiplex PCR,verified_PCR_or_ITS2_source_table,,detected; no non-detection inferred,CC BY-NC-ND 4.0 article; derivative-data reuse should be reviewed,https://doi.org/10.1038/s41598-025-29307-5,Individual row extracted from the published supplementary table; place code=SH; date range=2024.08.06-07; the table is detection-positive and does not create non-detections. The main article reports 124 An. sinensis in the kdr-analysis subset; this row belongs to the 146-row species table and is not assumed to be part of that subset.
SH_AA_24_08_33,JEON_2025_GANGHWA_2024,SH_AA_24_08_33,confirmed_specimen,Anopheles sinensis,South Korea,"Seonhaeng-ri, Ganghwa-gun, Incheon",JEON_2025_GANGHWA_2024_SH,"Seonhaeng-ri, Ganghwa-gun, Incheon",b+377_+1264,,126.452639,37.730694,2024-08-06,2024,8,1,specimen,1,Adult,published supplementary individual record,"Blackhole Mosquito Buster adult trap, 20:00-08:00; event denominator not attached to individual row",molecular_species_confirmation,Multiplex PCR,verified_PCR_or_ITS2_source_table,,detected; no non-detection inferred,CC BY-NC-ND 4.0 article; derivative-data reuse should be reviewed,https://doi.org/10.1038/s41598-025-29307-5,Individual row extracted from the published supplementary table; place code=SH; date range=2024.08.06-07; the table is detection-positive and does not create non-detections. The main article reports 124 An. sinensis in the kdr-analysis subset; this row belongs to the 146-row species table and is not assumed to be part of that subset.
SH_AA_24_08_34,JEON_2025_GANGHWA_2024,SH_AA_24_08_34,confirmed_specimen,Anopheles sinensis,South Korea,"Seonhaeng-ri, Ganghwa-gun, Incheon",JEON_2025_GANGHWA_2024_SH,"Seonhaeng-ri, Ganghwa-gun, Incheon",b+377_+1264,,126.452639,37.730694,2024-08-06,2024,8,1,specimen,1,Adult,published supplementary individual record,"Blackhole Mosquito Buster adult trap, 20:00-08:00; event denominator not attached to individual row",molecular_species_confirmation,Multiplex PCR,verified_PCR_or_ITS2_source_table,,detected; no non-detection inferred,CC BY-NC-ND 4.0 article; derivative-data reuse should be reviewed,https://doi.org/10.1038/s41598-025-29307-5,Individual row extracted from the published supplementary table; place code=SH; date range=2024.08.06-07; the table is detection-positive and does not create non-detections. The main article reports 124 An. sinensis in the kdr-analysis subset; this row belongs to the 146-row species table and is not assumed to be part of that subset.
SH_AA_24_08_35,JEON_2025_GANGHWA_2024,SH_AA_24_08_35,confirmed_specimen,Anopheles sinensis,South Korea,"Seonhaeng-ri, Ganghwa-gun, Incheon",JEON_2025_GANGHWA_2024_SH,"Seonhaeng-ri, Ganghwa-gun, Incheon",b+377_+1264,,126.452639,37.730694,2024-08-06,2024,8,1,specimen,1,Adult,published supplementary individual record,"Blackhole Mosquito Buster adult trap, 20:00-08:00; event denominator not attached to individual row",molecular_species_confirmation,Multiplex PCR,verified_PCR_or_ITS2_source_table,,detected; no non-detection inferred,CC BY-NC-ND 4.0 article; derivative-data reuse should be reviewed,https://doi.org/10.1038/s41598-025-29307-5,Individual row extracted from the published supplementary table; place code=SH; date range=2024.08.06-07; the table is detection-positive and does not create non-detections. The main article reports 124 An. sinensis in the kdr-analysis subset; this row belongs to the 146-row species table and is not assumed to be part of that subset.
SH_AA_24_08_36,JEON_2025_GANGHWA_2024,SH_AA_24_08_36,confirmed_specimen,Anopheles sinensis,South Korea,"Seonhaeng-ri, Ganghwa-gun, Incheon",JEON_2025_GANGHWA_2024_SH,"Seonhaeng-ri, Ganghwa-gun, Incheon",b+377_+1264,,126.452639,37.730694,2024-08-06,2024,8,1,specimen,1,Adult,published supplementary individual record,"Blackhole Mosquito Buster adult trap, 20:00-08:00; event denominator not attached to individual row",molecular_species_confirmation,Multiplex PCR,verified_PCR_or_ITS2_source_table,,detected; no non-detection inferred,CC BY-NC-ND 4.0 article; derivative-data reuse should be reviewed,https://doi.org/10.1038/s41598-025-29307-5,Individual row extracted from the published supplementary table; place code=SH; date range=2024.08.06-07; the table is detection-positive and does not create non-detections. The main article reports 124 An. sinensis in the kdr-analysis subset; this row belongs to the 146-row species table and is not assumed to be part of that subset.
SH_AA_24_08_37,JEON_2025_GANGHWA_2024,SH_AA_24_08_37,confirmed_specimen,Anopheles sinensis,South Korea,"Seonhaeng-ri, Ganghwa-gun, Incheon",JEON_2025_GANGHWA_2024_SH,"Seonhaeng-ri, Ganghwa-gun, Incheon",b+377_+1264,,126.452639,37.730694,2024-08-06,2024,8,1,specimen,1,Adult,published supplementary individual record,"Blackhole Mosquito Buster adult trap, 20:00-08:00; event denominator not attached to individual row",molecular_species_confirmation,Multiplex PCR,verified_PCR_or_ITS2_source_table,,detected; no non-detection inferred,CC BY-NC-ND 4.0 article; derivative-data reuse should be reviewed,https://doi.org/10.1038/s41598-025-29307-5,Individual row extracted from the published supplementary table; place code=SH; date range=2024.08.06-07; the table is detection-positive and does not create non-detections. The main article reports 124 An. sinensis in the kdr-analysis subset; this row belongs to the 146-row species table and is not assumed to be part of that subset.
SH_AA_24_08_38,JEON_2025_GANGHWA_2024,SH_AA_24_08_38,confirmed_specimen,Anopheles sinensis,South Korea,"Seonhaeng-ri, Ganghwa-gun, Incheon",JEON_2025_GANGHWA_2024_SH,"Seonhaeng-ri, Ganghwa-gun, Incheon",b+377_+1264,,126.452639,37.730694,2024-08-06,2024,8,1,specimen,1,Adult,published supplementary individual record,"Blackhole Mosquito Buster adult trap, 20:00-08:00; event denominator not attached to individual row",molecular_species_confirmation,Multiplex PCR,verified_PCR_or_ITS2_source_table,,detected; no non-detection inferred,CC BY-NC-ND 4.0 article; derivative-data reuse should be reviewed,https://doi.org/10.1038/s41598-025-29307-5,Individual row extracted from the published supplementary table; place code=SH; date range=2024.08.06-07; the table is detection-positive and does not create non-detections. The main article reports 124 An. sinensis in the kdr-analysis subset; this row belongs to the 146-row species table and is not assumed to be part of that subset.
SH_AA_24_08_39,JEON_2025_GANGHWA_2024,SH_AA_24_08_39,confirmed_specimen,Anopheles sinensis,South Korea,"Seonhaeng-ri, Ganghwa-gun, Incheon",JEON_2025_GANGHWA_2024_SH,"Seonhaeng-ri, Ganghwa-gun, Incheon",b+377_+1264,,126.452639,37.730694,2024-08-06,2024,8,1,specimen,1,Adult,published supplementary individual record,"Blackhole Mosquito Buster adult trap, 20:00-08:00; event denominator not attached to individual row",molecular_species_confirmation,Multiplex PCR,verified_PCR_or_ITS2_source_table,,detected; no non-detection inferred,CC BY-NC-ND 4.0 article; derivative-data reuse should be reviewed,https://doi.org/10.1038/s41598-025-29307-5,Individual row extracted from the published supplementary table; place code=SH; date range=2024.08.06-07; the table is detection-positive and does not create non-detections. The main article reports 124 An. sinensis in the kdr-analysis subset; this row belongs to the 146-row species table and is not assumed to be part of that subset.
SH_AA_24_08_4,JEON_2025_GANGHWA_2024,SH_AA_24_08_4,confirmed_specimen,Anopheles sinensis,South Korea,"Seonhaeng-ri, Ganghwa-gun, Incheon",JEON_2025_GANGHWA_2024_SH,"Seonhaeng-ri, Ganghwa-gun, Incheon",b+377_+1264,,126.452639,37.730694,2024-08-06,2024,8,1,specimen,1,Adult,published supplementary individual record,"Blackhole Mosquito Buster adult trap, 20:00-08:00; event denominator not attached to individual row",molecular_species_confirmation,Multiplex PCR,verified_PCR_or_ITS2_source_table,,detected; no non-detection inferred,CC BY-NC-ND 4.0 article; derivative-data reuse should be reviewed,https://doi.org/10.1038/s41598-025-29307-5,Individual row extracted from the published supplementary table; place code=SH; date range=2024.08.06-07; the table is detection-positive and does not create non-detections. The main article reports 124 An. sinensis in the kdr-analysis subset; this row belongs to the 146-row species table and is not assumed to be part of that subset.
SH_AA_24_08_40,JEON_2025_GANGHWA_2024,SH_AA_24_08_40,confirmed_specimen,Anopheles sinensis,South Korea,"Seonhaeng-ri, Ganghwa-gun, Incheon",JEON_2025_GANGHWA_2024_SH,"Seonhaeng-ri, Ganghwa-gun, Incheon",b+377_+1264,,126.452639,37.730694,2024-08-06,2024,8,1,specimen,1,Adult,published supplementary individual record,"Blackhole Mosquito Buster adult trap, 20:00-08:00; event denominator not attached to individual row",molecular_species_confirmation,Multiplex PCR,verified_PCR_or_ITS2_source_table,,detected; no non-detection inferred,CC BY-NC-ND 4.0 article; derivative-data reuse should be reviewed,https://doi.org/10.1038/s41598-025-29307-5,Individual row extracted from the published supplementary table; place code=SH; date range=2024.08.06-07; the table is detection-positive and does not create non-detections. The main article reports 124 An. sinensis in the kdr-analysis subset; this row belongs to the 146-row species table and is not assumed to be part of that subset.
SH_AA_24_08_41,JEON_2025_GANGHWA_2024,SH_AA_24_08_41,confirmed_specimen,Anopheles sinensis,South Korea,"Seonhaeng-ri, Ganghwa-gun, Incheon",JEON_2025_GANGHWA_2024_SH,"Seonhaeng-ri, Ganghwa-gun, Incheon",b+377_+1264,,126.452639,37.730694,2024-08-06,2024,8,1,specimen,1,Adult,published supplementary individual record,"Blackhole Mosquito Buster adult trap, 20:00-08:00; event denominator not attached to individual row",molecular_species_confirmation,Multiplex PCR,verified_PCR_or_ITS2_source_table,,detected; no non-detection inferred,CC BY-NC-ND 4.0 article; derivative-data reuse should be reviewed,https://doi.org/10.1038/s41598-025-29307-5,Individual row extracted from the published supplementary table; place code=SH; date range=2024.08.06-07; the table is detection-positive and does not create non-detections. The main article reports 124 An. sinensis in the kdr-analysis subset; this row belongs to the 146-row species table and is not assumed to be part of that subset.
SH_AA_24_08_43,JEON_2025_GANGHWA_2024,SH_AA_24_08_43,confirmed_specimen,Anopheles sinensis,South Korea,"Seonhaeng-ri, Ganghwa-gun, Incheon",JEON_2025_GANGHWA_2024_SH,"Seonhaeng-ri, Ganghwa-gun, Incheon",b+377_+1264,,126.452639,37.730694,2024-08-06,2024,8,1,specimen,1,Adult,published supplementary individual record,"Blackhole Mosquito Buster adult trap, 20:00-08:00; event denominator not attached to individual row",molecular_species_confirmation,Multiplex PCR,verified_PCR_or_ITS2_source_table,,detected; no non-detection inferred,CC BY-NC-ND 4.0 article; derivative-data reuse should be reviewed,https://doi.org/10.1038/s41598-025-29307-5,Individual row extracted from the published supplementary table; place code=SH; date range=2024.08.06-07; the table is detection-positive and does not create non-detections. The main article reports 124 An. sinensis in the kdr-analysis subset; this row belongs to the 146-row species table and is not assumed to be part of that subset.
SH_AA_24_08_44,JEON_2025_GANGHWA_2024,SH_AA_24_08_44,confirmed_specimen,Anopheles sinensis,South Korea,"Seonhaeng-ri, Ganghwa-gun, Incheon",JEON_2025_GANGHWA_2024_SH,"Seonhaeng-ri, Ganghwa-gun, Incheon",b+377_+1264,,126.452639,37.730694,2024-08-06,2024,8,1,specimen,1,Adult,published supplementary individual record,"Blackhole Mosquito Buster adult trap, 20:00-08:00; event denominator not attached to individual row",molecular_species_confirmation,Multiplex PCR,verified_PCR_or_ITS2_source_table,,detected; no non-detection inferred,CC BY-NC-ND 4.0 article; derivative-data reuse should be reviewed,https://doi.org/10.1038/s41598-025-29307-5,Individual row extracted from the published supplementary table; place code=SH; date range=2024.08.06-07; the table is detection-positive and does not create non-detections. The main article reports 124 An. sinensis in the kdr-analysis subset; this row belongs to the 146-row species table and is not assumed to be part of that subset.
SH_AA_24_08_45,JEON_2025_GANGHWA_2024,SH_AA_24_08_45,confirmed_specimen,Anopheles sinensis,South Korea,"Seonhaeng-ri, Ganghwa-gun, Incheon",JEON_2025_GANGHWA_2024_SH,"Seonhaeng-ri, Ganghwa-gun, Incheon",b+377_+1264,,126.452639,37.730694,2024-08-06,2024,8,1,specimen,1,Adult,published supplementary individual record,"Blackhole Mosquito Buster adult trap, 20:00-08:00; event denominator not attached to individual row",molecular_species_confirmation,Multiplex PCR,verified_PCR_or_ITS2_source_table,,detected; no non-detection inferred,CC BY-NC-ND 4.0 article; derivative-data reuse should be reviewed,https://doi.org/10.1038/s41598-025-29307-5,Individual row extracted from the published supplementary table; place code=SH; date range=2024.08.06-07; the table is detection-positive and does not create non-detections. The main article reports 124 An. sinensis in the kdr-analysis subset; this row belongs to the 146-row species table and is not assumed to be part of that subset.
SH_AA_24_08_47,JEON_2025_GANGHWA_2024,SH_AA_24_08_47,confirmed_specimen,Anopheles sinensis,South Korea,"Seonhaeng-ri, Ganghwa-gun, Incheon",JEON_2025_GANGHWA_2024_SH,"Seonhaeng-ri, Ganghwa-gun, Incheon",b+377_+1264,,126.452639,37.730694,2024-08-06,2024,8,1,specimen,1,Adult,published supplementary individual record,"Blackhole Mosquito Buster adult trap, 20:00-08:00; event denominator not attached to individual row",molecular_species_confirmation,Multiplex PCR,verified_PCR_or_ITS2_source_table,,detected; no non-detection inferred,CC BY-NC-ND 4.0 article; derivative-data reuse should be reviewed,https://doi.org/10.1038/s41598-025-29307-5,Individual row extracted from the published supplementary table; place code=SH; date range=2024.08.06-07; the table is detection-positive and does not create non-detections. The main article reports 124 An. sinensis in the kdr-analysis subset; this row belongs to the 146-row species table and is not assumed to be part of that subset.
SH_AA_24_08_48,JEON_2025_GANGHWA_2024,SH_AA_24_08_48,confirmed_specimen,Anopheles sinensis,South Korea,"Seonhaeng-ri, Ganghwa-gun, Incheon",JEON_2025_GANGHWA_2024_SH,"Seonhaeng-ri, Ganghwa-gun, Incheon",b+377_+1264,,126.452639,37.730694,2024-08-06,2024,8,1,specimen,1,Adult,published supplementary individual record,"Blackhole Mosquito Buster adult trap, 20:00-08:00; event denominator not attached to individual row",molecular_species_confirmation,Multiplex PCR,verified_PCR_or_ITS2_source_table,,detected; no non-detection inferred,CC BY-NC-ND 4.0 article; derivative-data reuse should be reviewed,https://doi.org/10.1038/s41598-025-29307-5,Individual row extracted from the published supplementary table; place code=SH; date range=2024.08.06-07; the table is detection-positive and does not create non-detections. The main article reports 124 An. sinensis in the kdr-analysis subset; this row belongs to the 146-row species table and is not assumed to be part of that subset.
SH_AA_24_08_49,JEON_2025_GANGHWA_2024,SH_AA_24_08_49,confirmed_specimen,Anopheles sinensis,South Korea,"Seonhaeng-ri, Ganghwa-gun, Incheon",JEON_2025_GANGHWA_2024_SH,"Seonhaeng-ri, Ganghwa-gun, Incheon",b+377_+1264,,126.452639,37.730694,2024-08-06,2024,8,1,specimen,1,Adult,published supplementary individual record,"Blackhole Mosquito Buster adult trap, 20:00-08:00; event denominator not attached to individual row",molecular_species_confirmation,Multiplex PCR,verified_PCR_or_ITS2_source_table,,detected; no non-detection inferred,CC BY-NC-ND 4.0 article; derivative-data reuse should be reviewed,https://doi.org/10.1038/s41598-025-29307-5,Individual row extracted from the published supplementary table; place code=SH; date range=2024.08.06-07; the table is detection-positive and does not create non-detections. The main article reports 124 An. sinensis in the kdr-analysis subset; this row belongs to the 146-row species table and is not assumed to be part of that subset.
SH_AA_24_08_5,JEON_2025_GANGHWA_2024,SH_AA_24_08_5,confirmed_specimen,Anopheles sinensis,South Korea,"Seonhaeng-ri, Ganghwa-gun, Incheon",JEON_2025_GANGHWA_2024_SH,"Seonhaeng-ri, Ganghwa-gun, Incheon",b+377_+1264,,126.452639,37.730694,2024-08-06,2024,8,1,specimen,1,Adult,published supplementary individual record,"Blackhole Mosquito Buster adult trap, 20:00-08:00; event denominator not attached to individual row",molecular_species_confirmation,Multiplex PCR,verified_PCR_or_ITS2_source_table,,detected; no non-detection inferred,CC BY-NC-ND 4.0 article; derivative-data reuse should be reviewed,https://doi.org/10.1038/s41598-025-29307-5,Individual row extracted from the published supplementary table; place code=SH; date range=2024.08.06-07; the table is detection-positive and does not create non-detections. The main article reports 124 An. sinensis in the kdr-analysis subset; this row belongs to the 146-row species table and is not assumed to be part of that subset.
SH_AA_24_08_50,JEON_2025_GANGHWA_2024,SH_AA_24_08_50,confirmed_specimen,Anopheles sinensis,South Korea,"Seonhaeng-ri, Ganghwa-gun, Incheon",JEON_2025_GANGHWA_2024_SH,"Seonhaeng-ri, Ganghwa-gun, Incheon",b+377_+1264,,126.452639,37.730694,2024-08-06,2024,8,1,specimen,1,Adult,published supplementary individual record,"Blackhole Mosquito Buster adult trap, 20:00-08:00; event denominator not attached to individual row",molecular_species_confirmation,Multiplex PCR,verified_PCR_or_ITS2_source_table,,detected; no non-detection inferred,CC BY-NC-ND 4.0 article; derivative-data reuse should be reviewed,https://doi.org/10.1038/s41598-025-29307-5,Individual row extracted from the published supplementary table; place code=SH; date range=2024.08.06-07; the table is detection-positive and does not create non-detections. The main article reports 124 An. sinensis in the kdr-analysis subset; this row belongs to the 146-row species table and is not assumed to be part of that subset.
SH_AA_24_08_51,JEON_2025_GANGHWA_2024,SH_AA_24_08_51,confirmed_specimen,Anopheles sinensis,South Korea,"Seonhaeng-ri, Ganghwa-gun, Incheon",JEON_2025_GANGHWA_2024_SH,"Seonhaeng-ri, Ganghwa-gun, Incheon",b+377_+1264,,126.452639,37.730694,2024-08-06,2024,8,1,specimen,1,Adult,published supplementary individual record,"Blackhole Mosquito Buster adult trap, 20:00-08:00; event denominator not attached to individual row",molecular_species_confirmation,Multiplex PCR,verified_PCR_or_ITS2_source_table,,detected; no non-detection inferred,CC BY-NC-ND 4.0 article; derivative-data reuse should be reviewed,https://doi.org/10.1038/s41598-025-29307-5,Individual row extracted from the published supplementary table; place code=SH; date range=2024.08.06-07; the table is detection-positive and does not create non-detections. The main article reports 124 An. sinensis in the kdr-analysis subset; this row belongs to the 146-row species table and is not assumed to be part of that subset.
SH_AA_24_08_52,JEON_2025_GANGHWA_2024,SH_AA_24_08_52,confirmed_specimen,Anopheles sinensis,South Korea,"Seonhaeng-ri, Ganghwa-gun, Incheon",JEON_2025_GANGHWA_2024_SH,"Seonhaeng-ri, Ganghwa-gun, Incheon",b+377_+1264,,126.452639,37.730694,2024-08-06,2024,8,1,specimen,1,Adult,published supplementary individual record,"Blackhole Mosquito Buster adult trap, 20:00-08:00; event denominator not attached to individual row",molecular_species_confirmation,Multiplex PCR,verified_PCR_or_ITS2_source_table,,detected; no non-detection inferred,CC BY-NC-ND 4.0 article; derivative-data reuse should be reviewed,https://doi.org/10.1038/s41598-025-29307-5,Individual row extracted from the published supplementary table; place code=SH; date range=2024.08.06-07; the table is detection-positive and does not create non-detections. The main article reports 124 An. sinensis in the kdr-analysis subset; this row belongs to the 146-row species table and is not assumed to be part of that subset.
SH_AA_24_08_53,JEON_2025_GANGHWA_2024,SH_AA_24_08_53,confirmed_specimen,Anopheles sinensis,South Korea,"Seonhaeng-ri, Ganghwa-gun, Incheon",JEON_2025_GANGHWA_2024_SH,"Seonhaeng-ri, Ganghwa-gun, Incheon",b+377_+1264,,126.452639,37.730694,2024-08-06,2024,8,1,specimen,1,Adult,published supplementary individual record,"Blackhole Mosquito Buster adult trap, 20:00-08:00; event denominator not attached to individual row",molecular_species_confirmation,Multiplex PCR,verified_PCR_or_ITS2_source_table,,detected; no non-detection inferred,CC BY-NC-ND 4.0 article; derivative-data reuse should be reviewed,https://doi.org/10.1038/s41598-025-29307-5,Individual row extracted from the published supplementary table; place code=SH; date range=2024.08.06-07; the table is detection-positive and does not create non-detections. The main article reports 124 An. sinensis in the kdr-analysis subset; this row belongs to the 146-row species table and is not assumed to be part of that subset.
SH_AA_24_08_54,JEON_2025_GANGHWA_2024,SH_AA_24_08_54,confirmed_specimen,Anopheles sinensis,South Korea,"Seonhaeng-ri, Ganghwa-gun, Incheon",JEON_2025_GANGHWA_2024_SH,"Seonhaeng-ri, Ganghwa-gun, Incheon",b+377_+1264,,126.452639,37.730694,2024-08-06,2024,8,1,specimen,1,Adult,published supplementary individual record,"Blackhole Mosquito Buster adult trap, 20:00-08:00; event denominator not attached to individual row",molecular_species_confirmation,Multiplex PCR,verified_PCR_or_ITS2_source_table,,detected; no non-detection inferred,CC BY-NC-ND 4.0 article; derivative-data reuse should be reviewed,https://doi.org/10.1038/s41598-025-29307-5,Individual row extracted from the published supplementary table; place code=SH; date range=2024.08.06-07; the table is detection-positive and does not create non-detections. The main article reports 124 An. sinensis in the kdr-analysis subset; this row belongs to the 146-row species table and is not assumed to be part of that subset.
SH_AA_24_08_55,JEON_2025_GANGHWA_2024,SH_AA_24_08_55,confirmed_specimen,Anopheles sinensis,South Korea,"Seonhaeng-ri, Ganghwa-gun, Incheon",JEON_2025_GANGHWA_2024_SH,"Seonhaeng-ri, Ganghwa-gun, Incheon",b+377_+1264,,126.452639,37.730694,2024-08-06,2024,8,1,specimen,1,Adult,published supplementary individual record,"Blackhole Mosquito Buster adult trap, 20:00-08:00; event denominator not attached to individual row",molecular_species_confirmation,Multiplex PCR,verified_PCR_or_ITS2_source_table,,detected; no non-detection inferred,CC BY-NC-ND 4.0 article; derivative-data reuse should be reviewed,https://doi.org/10.1038/s41598-025-29307-5,Individual row extracted from the published supplementary table; place code=SH; date range=2024.08.06-07; the table is detection-positive and does not create non-detections. The main article reports 124 An. sinensis in the kdr-analysis subset; this row belongs to the 146-row species table and is not assumed to be part of that subset.
SH_AA_24_08_56,JEON_2025_GANGHWA_2024,SH_AA_24_08_56,confirmed_specimen,Anopheles sinensis,South Korea,"Seonhaeng-ri, Ganghwa-gun, Incheon",JEON_2025_GANGHWA_2024_SH,"Seonhaeng-ri, Ganghwa-gun, Incheon",b+377_+1264,,126.452639,37.730694,2024-08-06,2024,8,1,specimen,1,Adult,published supplementary individual record,"Blackhole Mosquito Buster adult trap, 20:00-08:00; event denominator not attached to individual row",molecular_species_confirmation,Multiplex PCR,verified_PCR_or_ITS2_source_table,,detected; no non-detection inferred,CC BY-NC-ND 4.0 article; derivative-data reuse should be reviewed,https://doi.org/10.1038/s41598-025-29307-5,Individual row extracted from the published supplementary table; place code=SH; date range=2024.08.06-07; the table is detection-positive and does not create non-detections. The main article reports 124 An. sinensis in the kdr-analysis subset; this row belongs to the 146-row species table and is not assumed to be part of that subset.
SH_AA_24_08_57,JEON_2025_GANGHWA_2024,SH_AA_24_08_57,confirmed_specimen,Anopheles sinensis,South Korea,"Seonhaeng-ri, Ganghwa-gun, Incheon",JEON_2025_GANGHWA_2024_SH,"Seonhaeng-ri, Ganghwa-gun, Incheon",b+377_+1264,,126.452639,37.730694,2024-08-06,2024,8,1,specimen,1,Adult,published supplementary individual record,"Blackhole Mosquito Buster adult trap, 20:00-08:00; event denominator not attached to individual row",molecular_species_confirmation,Multiplex PCR,verified_PCR_or_ITS2_source_table,,detected; no non-detection inferred,CC BY-NC-ND 4.0 article; derivative-data reuse should be reviewed,https://doi.org/10.1038/s41598-025-29307-5,Individual row extracted from the published supplementary table; place code=SH; date range=2024.08.06-07; the table is detection-positive and does not create non-detections. The main article reports 124 An. sinensis in the kdr-analysis subset; this row belongs to the 146-row species table and is not assumed to be part of that subset.
SH_AA_24_08_58,JEON_2025_GANGHWA_2024,SH_AA_24_08_58,confirmed_specimen,Anopheles sinensis,South Korea,"Seonhaeng-ri, Ganghwa-gun, Incheon",JEON_2025_GANGHWA_2024_SH,"Seonhaeng-ri, Ganghwa-gun, Incheon",b+377_+1264,,126.452639,37.730694,2024-08-06,2024,8,1,specimen,1,Adult,published supplementary individual record,"Blackhole Mosquito Buster adult trap, 20:00-08:00; event denominator not attached to individual row",molecular_species_confirmation,ITS2,verified_PCR_or_ITS2_source_table,,detected; no non-detection inferred,CC BY-NC-ND 4.0 article; derivative-data reuse should be reviewed,https://doi.org/10.1038/s41598-025-29307-5,Individual row extracted from the published supplementary table; place code=SH; date range=2024.08.06-07; the table is detection-positive and does not create non-detections. The main article reports 124 An. sinensis in the kdr-analysis subset; this row belongs to the 146-row species table and is not assumed to be part of that subset.
SH_AA_24_08_59,JEON_2025_GANGHWA_2024,SH_AA_24_08_59,confirmed_specimen,Anopheles sinensis,South Korea,"Seonhaeng-ri, Ganghwa-gun, Incheon",JEON_2025_GANGHWA_2024_SH,"Seonhaeng-ri, Ganghwa-gun, Incheon",b+377_+1264,,126.452639,37.730694,2024-08-06,2024,8,1,specimen,1,Adult,published supplementary individual record,"Blackhole Mosquito Buster adult trap, 20:00-08:00; event denominator not attached to individual row",molecular_species_confirmation,ITS2,verified_PCR_or_ITS2_source_table,,detected; no non-detection inferred,CC BY-NC-ND 4.0 article; derivative-data reuse should be reviewed,https://doi.org/10.1038/s41598-025-29307-5,Individual row extracted from the published supplementary table; place code=SH; date range=2024.08.06-07; the table is detection-positive and does not create non-detections. The main article reports 124 An. sinensis in the kdr-analysis subset; this row belongs to the 146-row species table and is not assumed to be part of that subset.
SH_AA_24_08_6,JEON_2025_GANGHWA_2024,SH_AA_24_08_6,confirmed_specimen,Anopheles sinensis,South Korea,"Seonhaeng-ri, Ganghwa-gun, Incheon",JEON_2025_GANGHWA_2024_SH,"Seonhaeng-ri, Ganghwa-gun, Incheon",b+377_+1264,,126.452639,37.730694,2024-08-06,2024,8,1,specimen,1,Adult,published supplementary individual record,"Blackhole Mosquito Buster adult trap, 20:00-08:00; event denominator not attached to individual row",molecular_species_confirmation,Multiplex PCR,verified_PCR_or_ITS2_source_table,,detected; no non-detection inferred,CC BY-NC-ND 4.0 article; derivative-data reuse should be reviewed,https://doi.org/10.1038/s41598-025-29307-5,Individual row extracted from the published supplementary table; place code=SH; date range=2024.08.06-07; the table is detection-positive and does not create non-detections. The main article reports 124 An. sinensis in the kdr-analysis subset; this row belongs to the 146-row species table and is not assumed to be part of that subset.
SH_AA_24_08_60,JEON_2025_GANGHWA_2024,SH_AA_24_08_60,confirmed_specimen,Anopheles sinensis,South Korea,"Seonhaeng-ri, Ganghwa-gun, Incheon",JEON_2025_GANGHWA_2024_SH,"Seonhaeng-ri, Ganghwa-gun, Incheon",b+377_+1264,,126.452639,37.730694,2024-08-06,2024,8,1,specimen,1,Adult,published supplementary individual record,"Blackhole Mosquito Buster adult trap, 20:00-08:00; event denominator not attached to individual row",molecular_species_confirmation,ITS2,verified_PCR_or_ITS2_source_table,,detected; no non-detection inferred,CC BY-NC-ND 4.0 article; derivative-data reuse should be reviewed,https://doi.org/10.1038/s41598-025-29307-5,Individual row extracted from the published supplementary table; place code=SH; date range=2024.08.06-07; the table is detection-positive and does not create non-detections. The main article reports 124 An. sinensis in the kdr-analysis subset; this row belongs to the 146-row species table and is not assumed to be part of that subset.
SH_AA_24_08_61,JEON_2025_GANGHWA_2024,SH_AA_24_08_61,confirmed_specimen,Anopheles sinensis,South Korea,"Seonhaeng-ri, Ganghwa-gun, Incheon",JEON_2025_GANGHWA_2024_SH,"Seonhaeng-ri, Ganghwa-gun, Incheon",b+377_+1264,,126.452639,37.730694,2024-08-06,2024,8,1,specimen,1,Adult,published supplementary individual record,"Blackhole Mosquito Buster adult trap, 20:00-08:00; event denominator not attached to individual row",molecular_species_confirmation,ITS2,verified_PCR_or_ITS2_source_table,,detected; no non-detection inferred,CC BY-NC-ND 4.0 article; derivative-data reuse should be reviewed,https://doi.org/10.1038/s41598-025-29307-5,Individual row extracted from the published supplementary table; place code=SH; date range=2024.08.06-07; the table is detection-positive and does not create non-detections. The main article reports 124 An. sinensis in the kdr-analysis subset; this row belongs to the 146-row species table and is not assumed to be part of that subset.
SH_AA_24_08_62,JEON_2025_GANGHWA_2024,SH_AA_24_08_62,confirmed_specimen,Anopheles sinensis,South Korea,"Seonhaeng-ri, Ganghwa-gun, Incheon",JEON_2025_GANGHWA_2024_SH,"Seonhaeng-ri, Ganghwa-gun, Incheon",b+377_+1264,,126.452639,37.730694,2024-08-06,2024,8,1,specimen,1,Adult,published supplementary individual record,"Blackhole Mosquito Buster adult trap, 20:00-08:00; event denominator not attached to individual row",molecular_species_confirmation,ITS2,verified_PCR_or_ITS2_source_table,,detected; no non-detection inferred,CC BY-NC-ND 4.0 article; derivative-data reuse should be reviewed,https://doi.org/10.1038/s41598-025-29307-5,Individual row extracted from the published supplementary table; place code=SH; date range=2024.08.06-07; the table is detection-positive and does not create non-detections. The main article reports 124 An. sinensis in the kdr-analysis subset; this row belongs to the 146-row species table and is not assumed to be part of that subset.
SH_AA_24_08_7,JEON_2025_GANGHWA_2024,SH_AA_24_08_7,confirmed_specimen,Anopheles sinensis,South Korea,"Seonhaeng-ri, Ganghwa-gun, Incheon",JEON_2025_GANGHWA_2024_SH,"Seonhaeng-ri, Ganghwa-gun, Incheon",b+377_+1264,,126.452639,37.730694,2024-08-06,2024,8,1,specimen,1,Adult,published supplementary individual record,"Blackhole Mosquito Buster adult trap, 20:00-08:00; event denominator not attached to individual row",molecular_species_confirmation,Multiplex PCR,verified_PCR_or_ITS2_source_table,,detected; no non-detection inferred,CC BY-NC-ND 4.0 article; derivative-data reuse should be reviewed,https://doi.org/10.1038/s41598-025-29307-5,Individual row extracted from the published supplementary table; place code=SH; date range=2024.08.06-07; the table is detection-positive and does not create non-detections. The main article reports 124 An. sinensis in the kdr-analysis subset; this row belongs to the 146-row species table and is not assumed to be part of that subset.
SH_AA_24_08_8,JEON_2025_GANGHWA_2024,SH_AA_24_08_8,confirmed_specimen,Anopheles sinensis,South Korea,"Seonhaeng-ri, Ganghwa-gun, Incheon",JEON_2025_GANGHWA_2024_SH,"Seonhaeng-ri, Ganghwa-gun, Incheon",b+377_+1264,,126.452639,37.730694,2024-08-06,2024,8,1,specimen,1,Adult,published supplementary individual record,"Blackhole Mosquito Buster adult trap, 20:00-08:00; event denominator not attached to individual row",molecular_species_confirmation,Multiplex PCR,verified_PCR_or_ITS2_source_table,,detected; no non-detection inferred,CC BY-NC-ND 4.0 article; derivative-data reuse should be reviewed,https://doi.org/10.1038/s41598-025-29307-5,Individual row extracted from the published supplementary table; place code=SH; date range=2024.08.06-07; the table is detection-positive and does not create non-detections. The main article reports 124 An. sinensis in the kdr-analysis subset; this row belongs to the 146-row species table and is not assumed to be part of that subset.
SH_AA_24_08_9,JEON_2025_GANGHWA_2024,SH_AA_24_08_9,confirmed_specimen,Anopheles sinensis,South Korea,"Seonhaeng-ri, Ganghwa-gun, Incheon",JEON_2025_GANGHWA_2024_SH,"Seonhaeng-ri, Ganghwa-gun, Incheon",b+377_+1264,,126.452639,37.730694,2024-08-06,2024,8,1,specimen,1,Adult,published supplementary individual record,"Blackhole Mosquito Buster adult trap, 20:00-08:00; event denominator not attached to individual row",molecular_species_confirmation,Multiplex PCR,verified_PCR_or_ITS2_source_table,,detected; no non-detection inferred,CC BY-NC-ND 4.0 article; derivative-data reuse should be reviewed,https://doi.org/10.1038/s41598-025-29307-5,Individual row extracted from the published supplementary table; place code=SH; date range=2024.08.06-07; the table is detection-positive and does not create non-detections. The main article reports 124 An. sinensis in the kdr-analysis subset; this row belongs to the 146-row species table and is not assumed to be part of that subset.
SH_AA_24_08_M2,JEON_2025_GANGHWA_2024,SH_AA_24_08_M2,confirmed_specimen,Anopheles sinensis,South Korea,"Seonhaeng-ri, Ganghwa-gun, Incheon",JEON_2025_GANGHWA_2024_SH,"Seonhaeng-ri, Ganghwa-gun, Incheon",b+377_+1264,,126.452639,37.730694,2024-08-06,2024,8,1,specimen,1,Adult,published supplementary individual record,"Blackhole Mosquito Buster adult trap, 20:00-08:00; event denominator not attached to individual row",molecular_species_confirmation,Multiplex PCR,verified_PCR_or_ITS2_source_table,,detected; no non-detection inferred,CC BY-NC-ND 4.0 article; derivative-data reuse should be reviewed,https://doi.org/10.1038/s41598-025-29307-5,Individual row extracted from the published supplementary table; place code=SH; date range=2024.08.06-07; the table is detection-positive and does not create non-detections. The main article reports 124 An. sinensis in the kdr-analysis subset; this row belongs to the 146-row species table and is not assumed to be part of that subset.
SH_AA_24_08_M3,JEON_2025_GANGHWA_2024,SH_AA_24_08_M3,confirmed_specimen,Anopheles sinensis,South Korea,"Seonhaeng-ri, Ganghwa-gun, Incheon",JEON_2025_GANGHWA_2024_SH,"Seonhaeng-ri, Ganghwa-gun, Incheon",b+377_+1264,,126.452639,37.730694,2024-08-06,2024,8,1,specimen,1,Adult,published supplementary individual record,"Blackhole Mosquito Buster adult trap, 20:00-08:00; event denominator not attached to individual row",molecular_species_confirmation,Multiplex PCR,verified_PCR_or_ITS2_source_table,,detected; no non-detection inferred,CC BY-NC-ND 4.0 article; derivative-data reuse should be reviewed,https://doi.org/10.1038/s41598-025-29307-5,Individual row extracted from the published supplementary table; place code=SH; date range=2024.08.06-07; the table is detection-positive and does not create non-detections. The main article reports 124 An. sinensis in the kdr-analysis subset; this row belongs to the 146-row species table and is not assumed to be part of that subset.
SH_AA_24_09_10,JEON_2025_GANGHWA_2024,SH_AA_24_09_10,confirmed_specimen,Anopheles sinensis,South Korea,"Seonhaeng-ri, Ganghwa-gun, Incheon",JEON_2025_GANGHWA_2024_SH,"Seonhaeng-ri, Ganghwa-gun, Incheon",b+377_+1264,,126.452639,37.730694,2024-09-19,2024,9,1,specimen,1,Adult,published supplementary individual record,"Blackhole Mosquito Buster adult trap, 20:00-08:00; event denominator not attached to individual row",molecular_species_confirmation,ITS2,verified_PCR_or_ITS2_source_table,,detected; no non-detection inferred,CC BY-NC-ND 4.0 article; derivative-data reuse should be reviewed,https://doi.org/10.1038/s41598-025-29307-5,Individual row extracted from the published supplementary table; place code=SH; date range=2024.09.19-20; the table is detection-positive and does not create non-detections. The main article reports 124 An. sinensis in the kdr-analysis subset; this row belongs to the 146-row species table and is not assumed to be part of that subset.
SH_AA_24_09_11,JEON_2025_GANGHWA_2024,SH_AA_24_09_11,confirmed_specimen,Anopheles sinensis,South Korea,"Seonhaeng-ri, Ganghwa-gun, Incheon",JEON_2025_GANGHWA_2024_SH,"Seonhaeng-ri, Ganghwa-gun, Incheon",b+377_+1264,,126.452639,37.730694,2024-09-19,2024,9,1,specimen,1,Adult,published supplementary individual record,"Blackhole Mosquito Buster adult trap, 20:00-08:00; event denominator not attached to individual row",molecular_species_confirmation,Multiplex PCR,verified_PCR_or_ITS2_source_table,,detected; no non-detection inferred,CC BY-NC-ND 4.0 article; derivative-data reuse should be reviewed,https://doi.org/10.1038/s41598-025-29307-5,Individual row extracted from the published supplementary table; place code=SH; date range=2024.09.19-20; the table is detection-positive and does not create non-detections. The main article reports 124 An. sinensis in the kdr-analysis subset; this row belongs to the 146-row species table and is not assumed to be part of that subset.
SH_AA_24_09_2,JEON_2025_GANGHWA_2024,SH_AA_24_09_2,confirmed_specimen,Anopheles sinensis,South Korea,"Seonhaeng-ri, Ganghwa-gun, Incheon",JEON_2025_GANGHWA_2024_SH,"Seonhaeng-ri, Ganghwa-gun, Incheon",b+377_+1264,,126.452639,37.730694,2024-09-19,2024,9,1,specimen,1,Adult,published supplementary individual record,"Blackhole Mosquito Buster adult trap, 20:00-08:00; event denominator not attached to individual row",molecular_species_confirmation,Multiplex PCR,verified_PCR_or_ITS2_source_table,,detected; no non-detection inferred,CC BY-NC-ND 4.0 article; derivative-data reuse should be reviewed,https://doi.org/10.1038/s41598-025-29307-5,Individual row extracted from the published supplementary table; place code=SH; date range=2024.09.19-20; the table is detection-positive and does not create non-detections. The main article reports 124 An. sinensis in the kdr-analysis subset; this row belongs to the 146-row species table and is not assumed to be part of that subset.
SH_AA_24_09_4,JEON_2025_GANGHWA_2024,SH_AA_24_09_4,confirmed_specimen,Anopheles sinensis,South Korea,"Seonhaeng-ri, Ganghwa-gun, Incheon",JEON_2025_GANGHWA_2024_SH,"Seonhaeng-ri, Ganghwa-gun, Incheon",b+377_+1264,,126.452639,37.730694,2024-09-19,2024,9,1,specimen,1,Adult,published supplementary individual record,"Blackhole Mosquito Buster adult trap, 20:00-08:00; event denominator not attached to individual row",molecular_species_confirmation,Multiplex PCR,verified_PCR_or_ITS2_source_table,,detected; no non-detection inferred,CC BY-NC-ND 4.0 article; derivative-data reuse should be reviewed,https://doi.org/10.1038/s41598-025-29307-5,Individual row extracted from the published supplementary table; place code=SH; date range=2024.09.19-20; the table is detection-positive and does not create non-detections. The main article reports 124 An. sinensis in the kdr-analysis subset; this row belongs to the 146-row species table and is not assumed to be part of that subset.
SH_AA_24_09_5,JEON_2025_GANGHWA_2024,SH_AA_24_09_5,confirmed_specimen,Anopheles sinensis,South Korea,"Seonhaeng-ri, Ganghwa-gun, Incheon",JEON_2025_GANGHWA_2024_SH,"Seonhaeng-ri, Ganghwa-gun, Incheon",b+377_+1264,,126.452639,37.730694,2024-09-19,2024,9,1,specimen,1,Adult,published supplementary individual record,"Blackhole Mosquito Buster adult trap, 20:00-08:00; event denominator not attached to individual row",molecular_species_confirmation,Multiplex PCR,verified_PCR_or_ITS2_source_table,,detected; no non-detection inferred,CC BY-NC-ND 4.0 article; derivative-data reuse should be reviewed,https://doi.org/10.1038/s41598-025-29307-5,Individual row extracted from the published supplementary table; place code=SH; date range=2024.09.19-20; the table is detection-positive and does not create non-detections. The main article reports 124 An. sinensis in the kdr-analysis subset; this row belongs to the 146-row species table and is not assumed to be part of that subset.
SH_AA_24_09_6,JEON_2025_GANGHWA_2024,SH_AA_24_09_6,confirmed_specimen,Anopheles sinensis,South Korea,"Seonhaeng-ri, Ganghwa-gun, Incheon",JEON_2025_GANGHWA_2024_SH,"Seonhaeng-ri, Ganghwa-gun, Incheon",b+377_+1264,,126.452639,37.730694,2024-09-19,2024,9,1,specimen,1,Adult,published supplementary individual record,"Blackhole Mosquito Buster adult trap, 20:00-08:00; event denominator not attached to individual row",molecular_species_confirmation,Multiplex PCR,verified_PCR_or_ITS2_source_table,,detected; no non-detection inferred,CC BY-NC-ND 4.0 article; derivative-data reuse should be reviewed,https://doi.org/10.1038/s41598-025-29307-5,Individual row extracted from the published supplementary table; place code=SH; date range=2024.09.19-20; the table is detection-positive and does not create non-detections. The main article reports 124 An. sinensis in the kdr-analysis subset; this row belongs to the 146-row species table and is not assumed to be part of that subset.
SH_AA_24_09_7,JEON_2025_GANGHWA_2024,SH_AA_24_09_7,confirmed_specimen,Anopheles sinensis,South Korea,"Seonhaeng-ri, Ganghwa-gun, Incheon",JEON_2025_GANGHWA_2024_SH,"Seonhaeng-ri, Ganghwa-gun, Incheon",b+377_+1264,,126.452639,37.730694,2024-09-19,2024,9,1,specimen,1,Adult,published supplementary individual record,"Blackhole Mosquito Buster adult trap, 20:00-08:00; event denominator not attached to individual row",molecular_species_confirmation,Multiplex PCR,verified_PCR_or_ITS2_source_table,,detected; no non-detection inferred,CC BY-NC-ND 4.0 article; derivative-data reuse should be reviewed,https://doi.org/10.1038/s41598-025-29307-5,Individual row extracted from the published supplementary table; place code=SH; date range=2024.09.19-20; the table is detection-positive and does not create non-detections. The main article reports 124 An. sinensis in the kdr-analysis subset; this row belongs to the 146-row species table and is not assumed to be part of that subset.
SH_AA_24_09_8,JEON_2025_GANGHWA_2024,SH_AA_24_09_8,confirmed_specimen,Anopheles sinensis,South Korea,"Seonhaeng-ri, Ganghwa-gun, Incheon",JEON_2025_GANGHWA_2024_SH,"Seonhaeng-ri, Ganghwa-gun, Incheon",b+377_+1264,,126.452639,37.730694,2024-09-19,2024,9,1,specimen,1,Adult,published supplementary individual record,"Blackhole Mosquito Buster adult trap, 20:00-08:00; event denominator not attached to individual row",molecular_species_confirmation,Multiplex PCR,verified_PCR_or_ITS2_source_table,,detected; no non-detection inferred,CC BY-NC-ND 4.0 article; derivative-data reuse should be reviewed,https://doi.org/10.1038/s41598-025-29307-5,Individual row extracted from the published supplementary table; place code=SH; date range=2024.09.19-20; the table is detection-positive and does not create non-detections. The main article reports 124 An. sinensis in the kdr-analysis subset; this row belongs to the 146-row species table and is not assumed to be part of that subset.
SH_AA_24_09_9,JEON_2025_GANGHWA_2024,SH_AA_24_09_9,confirmed_specimen,Anopheles sinensis,South Korea,"Seonhaeng-ri, Ganghwa-gun, Incheon",JEON_2025_GANGHWA_2024_SH,"Seonhaeng-ri, Ganghwa-gun, Incheon",b+377_+1264,,126.452639,37.730694,2024-09-19,2024,9,1,specimen,1,Adult,published supplementary individual record,"Blackhole Mosquito Buster adult trap, 20:00-08:00; event denominator not attached to individual row",molecular_species_confirmation,Multiplex PCR,verified_PCR_or_ITS2_source_table,,detected; no non-detection inferred,CC BY-NC-ND 4.0 article; derivative-data reuse should be reviewed,https://doi.org/10.1038/s41598-025-29307-5,Individual row extracted from the published supplementary table; place code=SH; date range=2024.09.19-20; the table is detection-positive and does not create non-detections. The main article reports 124 An. sinensis in the kdr-analysis subset; this row belongs to the 146-row species table and is not assumed to be part of that subset.
SH_AL_24_07_1,JEON_2025_GANGHWA_2024,SH_AL_24_07_1,confirmed_specimen,Anopheles sinensis,South Korea,"Seonhaeng-ri, Ganghwa-gun, Incheon",JEON_2025_GANGHWA_2024_SH,"Seonhaeng-ri, Ganghwa-gun, Incheon",b+377_+1264,,126.452639,37.730694,2024-07-10,2024,7,1,specimen,1,Larvae,published supplementary individual record,10-dip larval sampling per site visit; individual denominator not attached to row,molecular_species_confirmation,ITS2,verified_PCR_or_ITS2_source_table,,detected; no non-detection inferred,CC BY-NC-ND 4.0 article; derivative-data reuse should be reviewed,https://doi.org/10.1038/s41598-025-29307-5,Individual row extracted from the published supplementary table; place code=SH; date range=2024.07.10-11; the table is detection-positive and does not create non-detections. The main article reports 124 An. sinensis in the kdr-analysis subset; this row belongs to the 146-row species table and is not assumed to be part of that subset.
SH_AL_24_07_11,JEON_2025_GANGHWA_2024,SH_AL_24_07_11,confirmed_specimen,Anopheles sinensis,South Korea,"Seonhaeng-ri, Ganghwa-gun, Incheon",JEON_2025_GANGHWA_2024_SH,"Seonhaeng-ri, Ganghwa-gun, Incheon",b+377_+1264,,126.452639,37.730694,2024-07-10,2024,7,1,specimen,1,Larvae,published supplementary individual record,10-dip larval sampling per site visit; individual denominator not attached to row,molecular_species_confirmation,ITS2,verified_PCR_or_ITS2_source_table,,detected; no non-detection inferred,CC BY-NC-ND 4.0 article; derivative-data reuse should be reviewed,https://doi.org/10.1038/s41598-025-29307-5,Individual row extracted from the published supplementary table; place code=SH; date range=2024.07.10-11; the table is detection-positive and does not create non-detections. The main article reports 124 An. sinensis in the kdr-analysis subset; this row belongs to the 146-row species table and is not assumed to be part of that subset.
SH_AL_24_07_12,JEON_2025_GANGHWA_2024,SH_AL_24_07_12,confirmed_specimen,Anopheles sinensis,South Korea,"Seonhaeng-ri, Ganghwa-gun, Incheon",JEON_2025_GANGHWA_2024_SH,"Seonhaeng-ri, Ganghwa-gun, Incheon",b+377_+1264,,126.452639,37.730694,2024-07-10,2024,7,1,specimen,1,Larvae,published supplementary individual record,10-dip larval sampling per site visit; individual denominator not attached to row,molecular_species_confirmation,ITS2,verified_PCR_or_ITS2_source_table,,detected; no non-detection inferred,CC BY-NC-ND 4.0 article; derivative-data reuse should be reviewed,https://doi.org/10.1038/s41598-025-29307-5,Individual row extracted from the published supplementary table; place code=SH; date range=2024.07.10-11; the table is detection-positive and does not create non-detections. The main article reports 124 An. sinensis in the kdr-analysis subset; this row belongs to the 146-row species table and is not assumed to be part of that subset.
SH_AL_24_07_13,JEON_2025_GANGHWA_2024,SH_AL_24_07_13,confirmed_specimen,Anopheles sinensis,South Korea,"Seonhaeng-ri, Ganghwa-gun, Incheon",JEON_2025_GANGHWA_2024_SH,"Seonhaeng-ri, Ganghwa-gun, Incheon",b+377_+1264,,126.452639,37.730694,2024-07-10,2024,7,1,specimen,1,Larvae,published supplementary individual record,10-dip larval sampling per site visit; individual denominator not attached to row,molecular_species_confirmation,ITS2,verified_PCR_or_ITS2_source_table,,detected; no non-detection inferred,CC BY-NC-ND 4.0 article; derivative-data reuse should be reviewed,https://doi.org/10.1038/s41598-025-29307-5,Individual row extracted from the published supplementary table; place code=SH; date range=2024.07.10-11; the table is detection-positive and does not create non-detections. The main article reports 124 An. sinensis in the kdr-analysis subset; this row belongs to the 146-row species table and is not assumed to be part of that subset.
SH_AL_24_07_14,JEON_2025_GANGHWA_2024,SH_AL_24_07_14,confirmed_specimen,Anopheles sinensis,South Korea,"Seonhaeng-ri, Ganghwa-gun, Incheon",JEON_2025_GANGHWA_2024_SH,"Seonhaeng-ri, Ganghwa-gun, Incheon",b+377_+1264,,126.452639,37.730694,2024-07-10,2024,7,1,specimen,1,Larvae,published supplementary individual record,10-dip larval sampling per site visit; individual denominator not attached to row,molecular_species_confirmation,ITS2,verified_PCR_or_ITS2_source_table,,detected; no non-detection inferred,CC BY-NC-ND 4.0 article; derivative-data reuse should be reviewed,https://doi.org/10.1038/s41598-025-29307-5,Individual row extracted from the published supplementary table; place code=SH; date range=2024.07.10-11; the table is detection-positive and does not create non-detections. The main article reports 124 An. sinensis in the kdr-analysis subset; this row belongs to the 146-row species table and is not assumed to be part of that subset.
SH_AL_24_07_15,JEON_2025_GANGHWA_2024,SH_AL_24_07_15,confirmed_specimen,Anopheles sinensis,South Korea,"Seonhaeng-ri, Ganghwa-gun, Incheon",JEON_2025_GANGHWA_2024_SH,"Seonhaeng-ri, Ganghwa-gun, Incheon",b+377_+1264,,126.452639,37.730694,2024-07-10,2024,7,1,specimen,1,Larvae,published supplementary individual record,10-dip larval sampling per site visit; individual denominator not attached to row,molecular_species_confirmation,ITS2,verified_PCR_or_ITS2_source_table,,detected; no non-detection inferred,CC BY-NC-ND 4.0 article; derivative-data reuse should be reviewed,https://doi.org/10.1038/s41598-025-29307-5,Individual row extracted from the published supplementary table; place code=SH; date range=2024.07.10-11; the table is detection-positive and does not create non-detections. The main article reports 124 An. sinensis in the kdr-analysis subset; this row belongs to the 146-row species table and is not assumed to be part of that subset.
SH_AL_24_07_16,JEON_2025_GANGHWA_2024,SH_AL_24_07_16,confirmed_specimen,Anopheles sinensis,South Korea,"Seonhaeng-ri, Ganghwa-gun, Incheon",JEON_2025_GANGHWA_2024_SH,"Seonhaeng-ri, Ganghwa-gun, Incheon",b+377_+1264,,126.452639,37.730694,2024-07-10,2024,7,1,specimen,1,Larvae,published supplementary individual record,10-dip larval sampling per site visit; individual denominator not attached to row,molecular_species_confirmation,ITS2,verified_PCR_or_ITS2_source_table,,detected; no non-detection inferred,CC BY-NC-ND 4.0 article; derivative-data reuse should be reviewed,https://doi.org/10.1038/s41598-025-29307-5,Individual row extracted from the published supplementary table; place code=SH; date range=2024.07.10-11; the table is detection-positive and does not create non-detections. The main article reports 124 An. sinensis in the kdr-analysis subset; this row belongs to the 146-row species table and is not assumed to be part of that subset.
SH_AL_24_07_17,JEON_2025_GANGHWA_2024,SH_AL_24_07_17,confirmed_specimen,Anopheles sinensis,South Korea,"Seonhaeng-ri, Ganghwa-gun, Incheon",JEON_2025_GANGHWA_2024_SH,"Seonhaeng-ri, Ganghwa-gun, Incheon",b+377_+1264,,126.452639,37.730694,2024-07-10,2024,7,1,specimen,1,Larvae,published supplementary individual record,10-dip larval sampling per site visit; individual denominator not attached to row,molecular_species_confirmation,ITS2,verified_PCR_or_ITS2_source_table,,detected; no non-detection inferred,CC BY-NC-ND 4.0 article; derivative-data reuse should be reviewed,https://doi.org/10.1038/s41598-025-29307-5,Individual row extracted from the published supplementary table; place code=SH; date range=2024.07.10-11; the table is detection-positive and does not create non-detections. The main article reports 124 An. sinensis in the kdr-analysis subset; this row belongs to the 146-row species table and is not assumed to be part of that subset.
SH_AL_24_07_18,JEON_2025_GANGHWA_2024,SH_AL_24_07_18,confirmed_specimen,Anopheles sinensis,South Korea,"Seonhaeng-ri, Ganghwa-gun, Incheon",JEON_2025_GANGHWA_2024_SH,"Seonhaeng-ri, Ganghwa-gun, Incheon",b+377_+1264,,126.452639,37.730694,2024-07-10,2024,7,1,specimen,1,Larvae,published supplementary individual record,10-dip larval sampling per site visit; individual denominator not attached to row,molecular_species_confirmation,ITS2,verified_PCR_or_ITS2_source_table,,detected; no non-detection inferred,CC BY-NC-ND 4.0 article; derivative-data reuse should be reviewed,https://doi.org/10.1038/s41598-025-29307-5,Individual row extracted from the published supplementary table; place code=SH; date range=2024.07.10-11; the table is detection-positive and does not create non-detections. The main article reports 124 An. sinensis in the kdr-analysis subset; this row belongs to the 146-row species table and is not assumed to be part of that subset.
SH_AL_24_07_19,JEON_2025_GANGHWA_2024,SH_AL_24_07_19,confirmed_specimen,Anopheles sinensis,South Korea,"Seonhaeng-ri, Ganghwa-gun, Incheon",JEON_2025_GANGHWA_2024_SH,"Seonhaeng-ri, Ganghwa-gun, Incheon",b+377_+1264,,126.452639,37.730694,2024-07-10,2024,7,1,specimen,1,Larvae,published supplementary individual record,10-dip larval sampling per site visit; individual denominator not attached to row,molecular_species_confirmation,ITS2,verified_PCR_or_ITS2_source_table,,detected; no non-detection inferred,CC BY-NC-ND 4.0 article; derivative-data reuse should be reviewed,https://doi.org/10.1038/s41598-025-29307-5,Individual row extracted from the published supplementary table; place code=SH; date range=2024.07.10-11; the table is detection-positive and does not create non-detections. The main article reports 124 An. sinensis in the kdr-analysis subset; this row belongs to the 146-row species table and is not assumed to be part of that subset.
SH_AL_24_07_20,JEON_2025_GANGHWA_2024,SH_AL_24_07_20,confirmed_specimen,Anopheles sinensis,South Korea,"Seonhaeng-ri, Ganghwa-gun, Incheon",JEON_2025_GANGHWA_2024_SH,"Seonhaeng-ri, Ganghwa-gun, Incheon",b+377_+1264,,126.452639,37.730694,2024-07-10,2024,7,1,specimen,1,Larvae,published supplementary individual record,10-dip larval sampling per site visit; individual denominator not attached to row,molecular_species_confirmation,ITS2,verified_PCR_or_ITS2_source_table,,detected; no non-detection inferred,CC BY-NC-ND 4.0 article; derivative-data reuse should be reviewed,https://doi.org/10.1038/s41598-025-29307-5,Individual row extracted from the published supplementary table; place code=SH; date range=2024.07.10-11; the table is detection-positive and does not create non-detections. The main article reports 124 An. sinensis in the kdr-analysis subset; this row belongs to the 146-row species table and is not assumed to be part of that subset.
SH_AL_24_07_21,JEON_2025_GANGHWA_2024,SH_AL_24_07_21,confirmed_specimen,Anopheles sinensis,South Korea,"Seonhaeng-ri, Ganghwa-gun, Incheon",JEON_2025_GANGHWA_2024_SH,"Seonhaeng-ri, Ganghwa-gun, Incheon",b+377_+1264,,126.452639,37.730694,2024-07-10,2024,7,1,specimen,1,Larvae,published supplementary individual record,10-dip larval sampling per site visit; individual denominator not attached to row,molecular_species_confirmation,ITS2,verified_PCR_or_ITS2_source_table,,detected; no non-detection inferred,CC BY-NC-ND 4.0 article; derivative-data reuse should be reviewed,https://doi.org/10.1038/s41598-025-29307-5,Individual row extracted from the published supplementary table; place code=SH; date range=2024.07.10-11; the table is detection-positive and does not create non-detections. The main article reports 124 An. sinensis in the kdr-analysis subset; this row belongs to the 146-row species table and is not assumed to be part of that subset.
SH_AL_24_07_22,JEON_2025_GANGHWA_2024,SH_AL_24_07_22,confirmed_specimen,Anopheles sinensis,South Korea,"Seonhaeng-ri, Ganghwa-gun, Incheon",JEON_2025_GANGHWA_2024_SH,"Seonhaeng-ri, Ganghwa-gun, Incheon",b+377_+1264,,126.452639,37.730694,2024-07-10,2024,7,1,specimen,1,Larvae,published supplementary individual record,10-dip larval sampling per site visit; individual denominator not attached to row,molecular_species_confirmation,Multiplex PCR,verified_PCR_or_ITS2_source_table,,detected; no non-detection inferred,CC BY-NC-ND 4.0 article; derivative-data reuse should be reviewed,https://doi.org/10.1038/s41598-025-29307-5,Individual row extracted from the published supplementary table; place code=SH; date range=2024.07.10-11; the table is detection-positive and does not create non-detections. The main article reports 124 An. sinensis in the kdr-analysis subset; this row belongs to the 146-row species table and is not assumed to be part of that subset.
SH_AL_24_07_23,JEON_2025_GANGHWA_2024,SH_AL_24_07_23,confirmed_specimen,Anopheles sinensis,South Korea,"Seonhaeng-ri, Ganghwa-gun, Incheon",JEON_2025_GANGHWA_2024_SH,"Seonhaeng-ri, Ganghwa-gun, Incheon",b+377_+1264,,126.452639,37.730694,2024-07-10,2024,7,1,specimen,1,Larvae,published supplementary individual record,10-dip larval sampling per site visit; individual denominator not attached to row,molecular_species_confirmation,Multiplex PCR,verified_PCR_or_ITS2_source_table,,detected; no non-detection inferred,CC BY-NC-ND 4.0 article; derivative-data reuse should be reviewed,https://doi.org/10.1038/s41598-025-29307-5,Individual row extracted from the published supplementary table; place code=SH; date range=2024.07.10-11; the table is detection-positive and does not create non-detections. The main article reports 124 An. sinensis in the kdr-analysis subset; this row belongs to the 146-row species table and is not assumed to be part of that subset.
SH_AL_24_07_25,JEON_2025_GANGHWA_2024,SH_AL_24_07_25,confirmed_specimen,Anopheles sinensis,South Korea,"Seonhaeng-ri, Ganghwa-gun, Incheon",JEON_2025_GANGHWA_2024_SH,"Seonhaeng-ri, Ganghwa-gun, Incheon",b+377_+1264,,126.452639,37.730694,2024-07-10,2024,7,1,specimen,1,Larvae,published supplementary individual record,10-dip larval sampling per site visit; individual denominator not attached to row,molecular_species_confirmation,ITS2,verified_PCR_or_ITS2_source_table,,detected; no non-detection inferred,CC BY-NC-ND 4.0 article; derivative-data reuse should be reviewed,https://doi.org/10.1038/s41598-025-29307-5,Individual row extracted from the published supplementary table; place code=SH; date range=2024.07.10-11; the table is detection-positive and does not create non-detections. The main article reports 124 An. sinensis in the kdr-analysis subset; this row belongs to the 146-row species table and is not assumed to be part of that subset.
SH_AL_24_07_26,JEON_2025_GANGHWA_2024,SH_AL_24_07_26,confirmed_specimen,Anopheles sinensis,South Korea,"Seonhaeng-ri, Ganghwa-gun, Incheon",JEON_2025_GANGHWA_2024_SH,"Seonhaeng-ri, Ganghwa-gun, Incheon",b+377_+1264,,126.452639,37.730694,2024-07-10,2024,7,1,specimen,1,Larvae,published supplementary individual record,10-dip larval sampling per site visit; individual denominator not attached to row,molecular_species_confirmation,ITS2,verified_PCR_or_ITS2_source_table,,detected; no non-detection inferred,CC BY-NC-ND 4.0 article; derivative-data reuse should be reviewed,https://doi.org/10.1038/s41598-025-29307-5,Individual row extracted from the published supplementary table; place code=SH; date range=2024.07.10-11; the table is detection-positive and does not create non-detections. The main article reports 124 An. sinensis in the kdr-analysis subset; this row belongs to the 146-row species table and is not assumed to be part of that subset.
SH_AL_24_07_27,JEON_2025_GANGHWA_2024,SH_AL_24_07_27,confirmed_specimen,Anopheles sinensis,South Korea,"Seonhaeng-ri, Ganghwa-gun, Incheon",JEON_2025_GANGHWA_2024_SH,"Seonhaeng-ri, Ganghwa-gun, Incheon",b+377_+1264,,126.452639,37.730694,2024-07-10,2024,7,1,specimen,1,Larvae,published supplementary individual record,10-dip larval sampling per site visit; individual denominator not attached to row,molecular_species_confirmation,ITS2,verified_PCR_or_ITS2_source_table,,detected; no non-detection inferred,CC BY-NC-ND 4.0 article; derivative-data reuse should be reviewed,https://doi.org/10.1038/s41598-025-29307-5,Individual row extracted from the published supplementary table; place code=SH; date range=2024.07.10-11; the table is detection-positive and does not create non-detections. The main article reports 124 An. sinensis in the kdr-analysis subset; this row belongs to the 146-row species table and is not assumed to be part of that subset.
SH_AL_24_07_28,JEON_2025_GANGHWA_2024,SH_AL_24_07_28,confirmed_specimen,Anopheles sinensis,South Korea,"Seonhaeng-ri, Ganghwa-gun, Incheon",JEON_2025_GANGHWA_2024_SH,"Seonhaeng-ri, Ganghwa-gun, Incheon",b+377_+1264,,126.452639,37.730694,2024-07-10,2024,7,1,specimen,1,Larvae,published supplementary individual record,10-dip larval sampling per site visit; individual denominator not attached to row,molecular_species_confirmation,Multiplex PCR,verified_PCR_or_ITS2_source_table,,detected; no non-detection inferred,CC BY-NC-ND 4.0 article; derivative-data reuse should be reviewed,https://doi.org/10.1038/s41598-025-29307-5,Individual row extracted from the published supplementary table; place code=SH; date range=2024.07.10-11; the table is detection-positive and does not create non-detections. The main article reports 124 An. sinensis in the kdr-analysis subset; this row belongs to the 146-row species table and is not assumed to be part of that subset.
SH_AL_24_07_29,JEON_2025_GANGHWA_2024,SH_AL_24_07_29,confirmed_specimen,Anopheles sinensis,South Korea,"Seonhaeng-ri, Ganghwa-gun, Incheon",JEON_2025_GANGHWA_2024_SH,"Seonhaeng-ri, Ganghwa-gun, Incheon",b+377_+1264,,126.452639,37.730694,2024-07-10,2024,7,1,specimen,1,Larvae,published supplementary individual record,10-dip larval sampling per site visit; individual denominator not attached to row,molecular_species_confirmation,Multiplex PCR,verified_PCR_or_ITS2_source_table,,detected; no non-detection inferred,CC BY-NC-ND 4.0 article; derivative-data reuse should be reviewed,https://doi.org/10.1038/s41598-025-29307-5,Individual row extracted from the published supplementary table; place code=SH; date range=2024.07.10-11; the table is detection-positive and does not create non-detections. The main article reports 124 An. sinensis in the kdr-analysis subset; this row belongs to the 146-row species table and is not assumed to be part of that subset.
SH_AL_24_07_3,JEON_2025_GANGHWA_2024,SH_AL_24_07_3,confirmed_specimen,Anopheles sinensis,South Korea,"Seonhaeng-ri, Ganghwa-gun, Incheon",JEON_2025_GANGHWA_2024_SH,"Seonhaeng-ri, Ganghwa-gun, Incheon",b+377_+1264,,126.452639,37.730694,2024-07-10,2024,7,1,specimen,1,Larvae,published supplementary individual record,10-dip larval sampling per site visit; individual denominator not attached to row,molecular_species_confirmation,ITS2,verified_PCR_or_ITS2_source_table,,detected; no non-detection inferred,CC BY-NC-ND 4.0 article; derivative-data reuse should be reviewed,https://doi.org/10.1038/s41598-025-29307-5,Individual row extracted from the published supplementary table; place code=SH; date range=2024.07.10-11; the table is detection-positive and does not create non-detections. The main article reports 124 An. sinensis in the kdr-analysis subset; this row belongs to the 146-row species table and is not assumed to be part of that subset.
SH_AL_24_07_31,JEON_2025_GANGHWA_2024,SH_AL_24_07_31,confirmed_specimen,Anopheles sinensis,South Korea,"Seonhaeng-ri, Ganghwa-gun, Incheon",JEON_2025_GANGHWA_2024_SH,"Seonhaeng-ri, Ganghwa-gun, Incheon",b+377_+1264,,126.452639,37.730694,2024-07-10,2024,7,1,specimen,1,Larvae,published supplementary individual record,10-dip larval sampling per site visit; individual denominator not attached to row,molecular_species_confirmation,Multiplex PCR,verified_PCR_or_ITS2_source_table,,detected; no non-detection inferred,CC BY-NC-ND 4.0 article; derivative-data reuse should be reviewed,https://doi.org/10.1038/s41598-025-29307-5,Individual row extracted from the published supplementary table; place code=SH; date range=2024.07.10-11; the table is detection-positive and does not create non-detections. The main article reports 124 An. sinensis in the kdr-analysis subset; this row belongs to the 146-row species table and is not assumed to be part of that subset.
SH_AL_24_07_32,JEON_2025_GANGHWA_2024,SH_AL_24_07_32,confirmed_specimen,Anopheles sinensis,South Korea,"Seonhaeng-ri, Ganghwa-gun, Incheon",JEON_2025_GANGHWA_2024_SH,"Seonhaeng-ri, Ganghwa-gun, Incheon",b+377_+1264,,126.452639,37.730694,2024-07-10,2024,7,1,specimen,1,Larvae,published supplementary individual record,10-dip larval sampling per site visit; individual denominator not attached to row,molecular_species_confirmation,Multiplex PCR,verified_PCR_or_ITS2_source_table,,detected; no non-detection inferred,CC BY-NC-ND 4.0 article; derivative-data reuse should be reviewed,https://doi.org/10.1038/s41598-025-29307-5,Individual row extracted from the published supplementary table; place code=SH; date range=2024.07.10-11; the table is detection-positive and does not create non-detections. The main article reports 124 An. sinensis in the kdr-analysis subset; this row belongs to the 146-row species table and is not assumed to be part of that subset.
SH_AL_24_07_33,JEON_2025_GANGHWA_2024,SH_AL_24_07_33,confirmed_specimen,Anopheles sinensis,South Korea,"Seonhaeng-ri, Ganghwa-gun, Incheon",JEON_2025_GANGHWA_2024_SH,"Seonhaeng-ri, Ganghwa-gun, Incheon",b+377_+1264,,126.452639,37.730694,2024-07-10,2024,7,1,specimen,1,Larvae,published supplementary individual record,10-dip larval sampling per site visit; individual denominator not attached to row,molecular_species_confirmation,Multiplex PCR,verified_PCR_or_ITS2_source_table,,detected; no non-detection inferred,CC BY-NC-ND 4.0 article; derivative-data reuse should be reviewed,https://doi.org/10.1038/s41598-025-29307-5,Individual row extracted from the published supplementary table; place code=SH; date range=2024.07.10-11; the table is detection-positive and does not create non-detections. The main article reports 124 An. sinensis in the kdr-analysis subset; this row belongs to the 146-row species table and is not assumed to be part of that subset.
SH_AL_24_07_34,JEON_2025_GANGHWA_2024,SH_AL_24_07_34,confirmed_specimen,Anopheles sinensis,South Korea,"Seonhaeng-ri, Ganghwa-gun, Incheon",JEON_2025_GANGHWA_2024_SH,"Seonhaeng-ri, Ganghwa-gun, Incheon",b+377_+1264,,126.452639,37.730694,2024-07-10,2024,7,1,specimen,1,Larvae,published supplementary individual record,10-dip larval sampling per site visit; individual denominator not attached to row,molecular_species_confirmation,Multiplex PCR,verified_PCR_or_ITS2_source_table,,detected; no non-detection inferred,CC BY-NC-ND 4.0 article; derivative-data reuse should be reviewed,https://doi.org/10.1038/s41598-025-29307-5,Individual row extracted from the published supplementary table; place code=SH; date range=2024.07.10-11; the table is detection-positive and does not create non-detections. The main article reports 124 An. sinensis in the kdr-analysis subset; this row belongs to the 146-row species table and is not assumed to be part of that subset.
SH_AL_24_07_35,JEON_2025_GANGHWA_2024,SH_AL_24_07_35,confirmed_specimen,Anopheles sinensis,South Korea,"Seonhaeng-ri, Ganghwa-gun, Incheon",JEON_2025_GANGHWA_2024_SH,"Seonhaeng-ri, Ganghwa-gun, Incheon",b+377_+1264,,126.452639,37.730694,2024-07-10,2024,7,1,specimen,1,Larvae,published supplementary individual record,10-dip larval sampling per site visit; individual denominator not attached to row,molecular_species_confirmation,Multiplex PCR,verified_PCR_or_ITS2_source_table,,detected; no non-detection inferred,CC BY-NC-ND 4.0 article; derivative-data reuse should be reviewed,https://doi.org/10.1038/s41598-025-29307-5,Individual row extracted from the published supplementary table; place code=SH; date range=2024.07.10-11; the table is detection-positive and does not create non-detections. The main article reports 124 An. sinensis in the kdr-analysis subset; this row belongs to the 146-row species table and is not assumed to be part of that subset.
SH_AL_24_07_36,JEON_2025_GANGHWA_2024,SH_AL_24_07_36,confirmed_specimen,Anopheles sinensis,South Korea,"Seonhaeng-ri, Ganghwa-gun, Incheon",JEON_2025_GANGHWA_2024_SH,"Seonhaeng-ri, Ganghwa-gun, Incheon",b+377_+1264,,126.452639,37.730694,2024-07-10,2024,7,1,specimen,1,Larvae,published supplementary individual record,10-dip larval sampling per site visit; individual denominator not attached to row,molecular_species_confirmation,Multiplex PCR,verified_PCR_or_ITS2_source_table,,detected; no non-detection inferred,CC BY-NC-ND 4.0 article; derivative-data reuse should be reviewed,https://doi.org/10.1038/s41598-025-29307-5,Individual row extracted from the published supplementary table; place code=SH; date range=2024.07.10-11; the table is detection-positive and does not create non-detections. The main article reports 124 An. sinensis in the kdr-analysis subset; this row belongs to the 146-row species table and is not assumed to be part of that subset.
SH_AL_24_07_37,JEON_2025_GANGHWA_2024,SH_AL_24_07_37,confirmed_specimen,Anopheles sinensis,South Korea,"Seonhaeng-ri, Ganghwa-gun, Incheon",JEON_2025_GANGHWA_2024_SH,"Seonhaeng-ri, Ganghwa-gun, Incheon",b+377_+1264,,126.452639,37.730694,2024-07-10,2024,7,1,specimen,1,Larvae,published supplementary individual record,10-dip larval sampling per site visit; individual denominator not attached to row,molecular_species_confirmation,Multiplex PCR,verified_PCR_or_ITS2_source_table,,detected; no non-detection inferred,CC BY-NC-ND 4.0 article; derivative-data reuse should be reviewed,https://doi.org/10.1038/s41598-025-29307-5,Individual row extracted from the published supplementary table; place code=SH; date range=2024.07.10-11; the table is detection-positive and does not create non-detections. The main article reports 124 An. sinensis in the kdr-analysis subset; this row belongs to the 146-row species table and is not assumed to be part of that subset.
SH_AL_24_07_38,JEON_2025_GANGHWA_2024,SH_AL_24_07_38,confirmed_specimen,Anopheles sinensis,South Korea,"Seonhaeng-ri, Ganghwa-gun, Incheon",JEON_2025_GANGHWA_2024_SH,"Seonhaeng-ri, Ganghwa-gun, Incheon",b+377_+1264,,126.452639,37.730694,2024-07-10,2024,7,1,specimen,1,Larvae,published supplementary individual record,10-dip larval sampling per site visit; individual denominator not attached to row,molecular_species_confirmation,Multiplex PCR,verified_PCR_or_ITS2_source_table,,detected; no non-detection inferred,CC BY-NC-ND 4.0 article; derivative-data reuse should be reviewed,https://doi.org/10.1038/s41598-025-29307-5,Individual row extracted from the published supplementary table; place code=SH; date range=2024.07.10-11; the table is detection-positive and does not create non-detections. The main article reports 124 An. sinensis in the kdr-analysis subset; this row belongs to the 146-row species table and is not assumed to be part of that subset.
SH_AL_24_07_39,JEON_2025_GANGHWA_2024,SH_AL_24_07_39,confirmed_specimen,Anopheles sinensis,South Korea,"Seonhaeng-ri, Ganghwa-gun, Incheon",JEON_2025_GANGHWA_2024_SH,"Seonhaeng-ri, Ganghwa-gun, Incheon",b+377_+1264,,126.452639,37.730694,2024-07-10,2024,7,1,specimen,1,Larvae,published supplementary individual record,10-dip larval sampling per site visit; individual denominator not attached to row,molecular_species_confirmation,Multiplex PCR,verified_PCR_or_ITS2_source_table,,detected; no non-detection inferred,CC BY-NC-ND 4.0 article; derivative-data reuse should be reviewed,https://doi.org/10.1038/s41598-025-29307-5,Individual row extracted from the published supplementary table; place code=SH; date range=2024.07.10-11; the table is detection-positive and does not create non-detections. The main article reports 124 An. sinensis in the kdr-analysis subset; this row belongs to the 146-row species table and is not assumed to be part of that subset.
SH_AL_24_07_40,JEON_2025_GANGHWA_2024,SH_AL_24_07_40,confirmed_specimen,Anopheles sinensis,South Korea,"Seonhaeng-ri, Ganghwa-gun, Incheon",JEON_2025_GANGHWA_2024_SH,"Seonhaeng-ri, Ganghwa-gun, Incheon",b+377_+1264,,126.452639,37.730694,2024-07-10,2024,7,1,specimen,1,Larvae,published supplementary individual record,10-dip larval sampling per site visit; individual denominator not attached to row,molecular_species_confirmation,Multiplex PCR,verified_PCR_or_ITS2_source_table,,detected; no non-detection inferred,CC BY-NC-ND 4.0 article; derivative-data reuse should be reviewed,https://doi.org/10.1038/s41598-025-29307-5,Individual row extracted from the published supplementary table; place code=SH; date range=2024.07.10-11; the table is detection-positive and does not create non-detections. The main article reports 124 An. sinensis in the kdr-analysis subset; this row belongs to the 146-row species table and is not assumed to be part of that subset.
SH_AL_24_07_41,JEON_2025_GANGHWA_2024,SH_AL_24_07_41,confirmed_specimen,Anopheles sinensis,South Korea,"Seonhaeng-ri, Ganghwa-gun, Incheon",JEON_2025_GANGHWA_2024_SH,"Seonhaeng-ri, Ganghwa-gun, Incheon",b+377_+1264,,126.452639,37.730694,2024-07-10,2024,7,1,specimen,1,Larvae,published supplementary individual record,10-dip larval sampling per site visit; individual denominator not attached to row,molecular_species_confirmation,Multiplex PCR,verified_PCR_or_ITS2_source_table,,detected; no non-detection inferred,CC BY-NC-ND 4.0 article; derivative-data reuse should be reviewed,https://doi.org/10.1038/s41598-025-29307-5,Individual row extracted from the published supplementary table; place code=SH; date range=2024.07.10-11; the table is detection-positive and does not create non-detections. The main article reports 124 An. sinensis in the kdr-analysis subset; this row belongs to the 146-row species table and is not assumed to be part of that subset.
SH_AL_24_07_42,JEON_2025_GANGHWA_2024,SH_AL_24_07_42,confirmed_specimen,Anopheles sinensis,South Korea,"Seonhaeng-ri, Ganghwa-gun, Incheon",JEON_2025_GANGHWA_2024_SH,"Seonhaeng-ri, Ganghwa-gun, Incheon",b+377_+1264,,126.452639,37.730694,2024-07-10,2024,7,1,specimen,1,Larvae,published supplementary individual record,10-dip larval sampling per site visit; individual denominator not attached to row,molecular_species_confirmation,Multiplex PCR,verified_PCR_or_ITS2_source_table,,detected; no non-detection inferred,CC BY-NC-ND 4.0 article; derivative-data reuse should be reviewed,https://doi.org/10.1038/s41598-025-29307-5,Individual row extracted from the published supplementary table; place code=SH; date range=2024.07.10-11; the table is detection-positive and does not create non-detections. The main article reports 124 An. sinensis in the kdr-analysis subset; this row belongs to the 146-row species table and is not assumed to be part of that subset.
SH_AL_24_07_43,JEON_2025_GANGHWA_2024,SH_AL_24_07_43,confirmed_specimen,Anopheles sinensis,South Korea,"Seonhaeng-ri, Ganghwa-gun, Incheon",JEON_2025_GANGHWA_2024_SH,"Seonhaeng-ri, Ganghwa-gun, Incheon",b+377_+1264,,126.452639,37.730694,2024-07-10,2024,7,1,specimen,1,Larvae,published supplementary individual record,10-dip larval sampling per site visit; individual denominator not attached to row,molecular_species_confirmation,Multiplex PCR,verified_PCR_or_ITS2_source_table,,detected; no non-detection inferred,CC BY-NC-ND 4.0 article; derivative-data reuse should be reviewed,https://doi.org/10.1038/s41598-025-29307-5,Individual row extracted from the published supplementary table; place code=SH; date range=2024.07.10-11; the table is detection-positive and does not create non-detections. The main article reports 124 An. sinensis in the kdr-analysis subset; this row belongs to the 146-row species table and is not assumed to be part of that subset.
SH_AL_24_07_44,JEON_2025_GANGHWA_2024,SH_AL_24_07_44,confirmed_specimen,Anopheles sinensis,South Korea,"Seonhaeng-ri, Ganghwa-gun, Incheon",JEON_2025_GANGHWA_2024_SH,"Seonhaeng-ri, Ganghwa-gun, Incheon",b+377_+1264,,126.452639,37.730694,2024-07-10,2024,7,1,specimen,1,Larvae,published supplementary individual record,10-dip larval sampling per site visit; individual denominator not attached to row,molecular_species_confirmation,Multiplex PCR,verified_PCR_or_ITS2_source_table,,detected; no non-detection inferred,CC BY-NC-ND 4.0 article; derivative-data reuse should be reviewed,https://doi.org/10.1038/s41598-025-29307-5,Individual row extracted from the published supplementary table; place code=SH; date range=2024.07.10-11; the table is detection-positive and does not create non-detections. The main article reports 124 An. sinensis in the kdr-analysis subset; this row belongs to the 146-row species table and is not assumed to be part of that subset.
SH_AL_24_07_45,JEON_2025_GANGHWA_2024,SH_AL_24_07_45,confirmed_specimen,Anopheles sinensis,South Korea,"Seonhaeng-ri, Ganghwa-gun, Incheon",JEON_2025_GANGHWA_2024_SH,"Seonhaeng-ri, Ganghwa-gun, Incheon",b+377_+1264,,126.452639,37.730694,2024-07-10,2024,7,1,specimen,1,Larvae,published supplementary individual record,10-dip larval sampling per site visit; individual denominator not attached to row,molecular_species_confirmation,Multiplex PCR,verified_PCR_or_ITS2_source_table,,detected; no non-detection inferred,CC BY-NC-ND 4.0 article; derivative-data reuse should be reviewed,https://doi.org/10.1038/s41598-025-29307-5,Individual row extracted from the published supplementary table; place code=SH; date range=2024.07.10-11; the table is detection-positive and does not create non-detections. The main article reports 124 An. sinensis in the kdr-analysis subset; this row belongs to the 146-row species table and is not assumed to be part of that subset.
SH_AL_24_07_46,JEON_2025_GANGHWA_2024,SH_AL_24_07_46,confirmed_specimen,Anopheles sinensis,South Korea,"Seonhaeng-ri, Ganghwa-gun, Incheon",JEON_2025_GANGHWA_2024_SH,"Seonhaeng-ri, Ganghwa-gun, Incheon",b+377_+1264,,126.452639,37.730694,2024-07-10,2024,7,1,specimen,1,Larvae,published supplementary individual record,10-dip larval sampling per site visit; individual denominator not attached to row,molecular_species_confirmation,Multiplex PCR,verified_PCR_or_ITS2_source_table,,detected; no non-detection inferred,CC BY-NC-ND 4.0 article; derivative-data reuse should be reviewed,https://doi.org/10.1038/s41598-025-29307-5,Individual row extracted from the published supplementary table; place code=SH; date range=2024.07.10-11; the table is detection-positive and does not create non-detections. The main article reports 124 An. sinensis in the kdr-analysis subset; this row belongs to the 146-row species table and is not assumed to be part of that subset.
SH_AL_24_07_5,JEON_2025_GANGHWA_2024,SH_AL_24_07_5,confirmed_specimen,Anopheles sinensis,South Korea,"Seonhaeng-ri, Ganghwa-gun, Incheon",JEON_2025_GANGHWA_2024_SH,"Seonhaeng-ri, Ganghwa-gun, Incheon",b+377_+1264,,126.452639,37.730694,2024-07-10,2024,7,1,specimen,1,Larvae,published supplementary individual record,10-dip larval sampling per site visit; individual denominator not attached to row,molecular_species_confirmation,ITS2,verified_PCR_or_ITS2_source_table,,detected; no non-detection inferred,CC BY-NC-ND 4.0 article; derivative-data reuse should be reviewed,https://doi.org/10.1038/s41598-025-29307-5,Individual row extracted from the published supplementary table; place code=SH; date range=2024.07.10-11; the table is detection-positive and does not create non-detections. The main article reports 124 An. sinensis in the kdr-analysis subset; this row belongs to the 146-row species table and is not assumed to be part of that subset.
SH_AL_24_07_6,JEON_2025_GANGHWA_2024,SH_AL_24_07_6,confirmed_specimen,Anopheles sinensis,South Korea,"Seonhaeng-ri, Ganghwa-gun, Incheon",JEON_2025_GANGHWA_2024_SH,"Seonhaeng-ri, Ganghwa-gun, Incheon",b+377_+1264,,126.452639,37.730694,2024-07-10,2024,7,1,specimen,1,Larvae,published supplementary individual record,10-dip larval sampling per site visit; individual denominator not attached to row,molecular_species_confirmation,ITS2,verified_PCR_or_ITS2_source_table,,detected; no non-detection inferred,CC BY-NC-ND 4.0 article; derivative-data reuse should be reviewed,https://doi.org/10.1038/s41598-025-29307-5,Individual row extracted from the published supplementary table; place code=SH; date range=2024.07.10-11; the table is detection-positive and does not create non-detections. The main article reports 124 An. sinensis in the kdr-analysis subset; this row belongs to the 146-row species table and is not assumed to be part of that subset.
SH_AL_24_07_7,JEON_2025_GANGHWA_2024,SH_AL_24_07_7,confirmed_specimen,Anopheles sinensis,South Korea,"Seonhaeng-ri, Ganghwa-gun, Incheon",JEON_2025_GANGHWA_2024_SH,"Seonhaeng-ri, Ganghwa-gun, Incheon",b+377_+1264,,126.452639,37.730694,2024-07-10,2024,7,1,specimen,1,Larvae,published supplementary individual record,10-dip larval sampling per site visit; individual denominator not attached to row,molecular_species_confirmation,Multiplex PCR,verified_PCR_or_ITS2_source_table,,detected; no non-detection inferred,CC BY-NC-ND 4.0 article; derivative-data reuse should be reviewed,https://doi.org/10.1038/s41598-025-29307-5,Individual row extracted from the published supplementary table; place code=SH; date range=2024.07.10-11; the table is detection-positive and does not create non-detections. The main article reports 124 An. sinensis in the kdr-analysis subset; this row belongs to the 146-row species table and is not assumed to be part of that subset.
SH_AL_24_07_9,JEON_2025_GANGHWA_2024,SH_AL_24_07_9,confirmed_specimen,Anopheles sinensis,South Korea,"Seonhaeng-ri, Ganghwa-gun, Incheon",JEON_2025_GANGHWA_2024_SH,"Seonhaeng-ri, Ganghwa-gun, Incheon",b+377_+1264,,126.452639,37.730694,2024-07-10,2024,7,1,specimen,1,Larvae,published supplementary individual record,10-dip larval sampling per site visit; individual denominator not attached to row,molecular_species_confirmation,Multiplex PCR,verified_PCR_or_ITS2_source_table,,detected; no non-detection inferred,CC BY-NC-ND 4.0 article; derivative-data reuse should be reviewed,https://doi.org/10.1038/s41598-025-29307-5,Individual row extracted from the published supplementary table; place code=SH; date range=2024.07.10-11; the table is detection-positive and does not create non-detections. The main article reports 124 An. sinensis in the kdr-analysis subset; this row belongs to the 146-row species table and is not assumed to be part of that subset.
SH_AL_24_08_1,JEON_2025_GANGHWA_2024,SH_AL_24_08_1,confirmed_specimen,Anopheles sinensis,South Korea,"Seonhaeng-ri, Ganghwa-gun, Incheon",JEON_2025_GANGHWA_2024_SH,"Seonhaeng-ri, Ganghwa-gun, Incheon",b+377_+1264,,126.452639,37.730694,2024-08-06,2024,8,1,specimen,1,Larvae,published supplementary individual record,10-dip larval sampling per site visit; individual denominator not attached to row,molecular_species_confirmation,ITS2,verified_PCR_or_ITS2_source_table,,detected; no non-detection inferred,CC BY-NC-ND 4.0 article; derivative-data reuse should be reviewed,https://doi.org/10.1038/s41598-025-29307-5,Individual row extracted from the published supplementary table; place code=SH; date range=2024.08.06-07; the table is detection-positive and does not create non-detections. The main article reports 124 An. sinensis in the kdr-analysis subset; this row belongs to the 146-row species table and is not assumed to be part of that subset.
SH_AL_24_08_11,JEON_2025_GANGHWA_2024,SH_AL_24_08_11,confirmed_specimen,Anopheles sinensis,South Korea,"Seonhaeng-ri, Ganghwa-gun, Incheon",JEON_2025_GANGHWA_2024_SH,"Seonhaeng-ri, Ganghwa-gun, Incheon",b+377_+1264,,126.452639,37.730694,2024-08-06,2024,8,1,specimen,1,Larvae,published supplementary individual record,10-dip larval sampling per site visit; individual denominator not attached to row,molecular_species_confirmation,Multiplex PCR,verified_PCR_or_ITS2_source_table,,detected; no non-detection inferred,CC BY-NC-ND 4.0 article; derivative-data reuse should be reviewed,https://doi.org/10.1038/s41598-025-29307-5,Individual row extracted from the published supplementary table; place code=SH; date range=2024.08.06-07; the table is detection-positive and does not create non-detections. The main article reports 124 An. sinensis in the kdr-analysis subset; this row belongs to the 146-row species table and is not assumed to be part of that subset.
SH_AL_24_08_12,JEON_2025_GANGHWA_2024,SH_AL_24_08_12,confirmed_specimen,Anopheles sinensis,South Korea,"Seonhaeng-ri, Ganghwa-gun, Incheon",JEON_2025_GANGHWA_2024_SH,"Seonhaeng-ri, Ganghwa-gun, Incheon",b+377_+1264,,126.452639,37.730694,2024-08-06,2024,8,1,specimen,1,Larvae,published supplementary individual record,10-dip larval sampling per site visit; individual denominator not attached to row,molecular_species_confirmation,Multiplex PCR,verified_PCR_or_ITS2_source_table,,detected; no non-detection inferred,CC BY-NC-ND 4.0 article; derivative-data reuse should be reviewed,https://doi.org/10.1038/s41598-025-29307-5,Individual row extracted from the published supplementary table; place code=SH; date range=2024.08.06-07; the table is detection-positive and does not create non-detections. The main article reports 124 An. sinensis in the kdr-analysis subset; this row belongs to the 146-row species table and is not assumed to be part of that subset.
SH_AL_24_08_13,JEON_2025_GANGHWA_2024,SH_AL_24_08_13,confirmed_specimen,Anopheles sinensis,South Korea,"Seonhaeng-ri, Ganghwa-gun, Incheon",JEON_2025_GANGHWA_2024_SH,"Seonhaeng-ri, Ganghwa-gun, Incheon",b+377_+1264,,126.452639,37.730694,2024-08-06,2024,8,1,specimen,1,Larvae,published supplementary individual record,10-dip larval sampling per site visit; individual denominator not attached to row,molecular_species_confirmation,ITS2,verified_PCR_or_ITS2_source_table,,detected; no non-detection inferred,CC BY-NC-ND 4.0 article; derivative-data reuse should be reviewed,https://doi.org/10.1038/s41598-025-29307-5,Individual row extracted from the published supplementary table; place code=SH; date range=2024.08.06-07; the table is detection-positive and does not create non-detections. The main article reports 124 An. sinensis in the kdr-analysis subset; this row belongs to the 146-row species table and is not assumed to be part of that subset.
SH_AL_24_08_14,JEON_2025_GANGHWA_2024,SH_AL_24_08_14,confirmed_specimen,Anopheles sinensis,South Korea,"Seonhaeng-ri, Ganghwa-gun, Incheon",JEON_2025_GANGHWA_2024_SH,"Seonhaeng-ri, Ganghwa-gun, Incheon",b+377_+1264,,126.452639,37.730694,2024-08-06,2024,8,1,specimen,1,Larvae,published supplementary individual record,10-dip larval sampling per site visit; individual denominator not attached to row,molecular_species_confirmation,ITS2,verified_PCR_or_ITS2_source_table,,detected; no non-detection inferred,CC BY-NC-ND 4.0 article; derivative-data reuse should be reviewed,https://doi.org/10.1038/s41598-025-29307-5,Individual row extracted from the published supplementary table; place code=SH; date range=2024.08.06-07; the table is detection-positive and does not create non-detections. The main article reports 124 An. sinensis in the kdr-analysis subset; this row belongs to the 146-row species table and is not assumed to be part of that subset.
SH_AL_24_08_15,JEON_2025_GANGHWA_2024,SH_AL_24_08_15,confirmed_specimen,Anopheles sinensis,South Korea,"Seonhaeng-ri, Ganghwa-gun, Incheon",JEON_2025_GANGHWA_2024_SH,"Seonhaeng-ri, Ganghwa-gun, Incheon",b+377_+1264,,126.452639,37.730694,2024-08-06,2024,8,1,specimen,1,Larvae,published supplementary individual record,10-dip larval sampling per site visit; individual denominator not attached to row,molecular_species_confirmation,Multiplex PCR,verified_PCR_or_ITS2_source_table,,detected; no non-detection inferred,CC BY-NC-ND 4.0 article; derivative-data reuse should be reviewed,https://doi.org/10.1038/s41598-025-29307-5,Individual row extracted from the published supplementary table; place code=SH; date range=2024.08.06-07; the table is detection-positive and does not create non-detections. The main article reports 124 An. sinensis in the kdr-analysis subset; this row belongs to the 146-row species table and is not assumed to be part of that subset.
SH_AL_24_08_2,JEON_2025_GANGHWA_2024,SH_AL_24_08_2,confirmed_specimen,Anopheles sinensis,South Korea,"Seonhaeng-ri, Ganghwa-gun, Incheon",JEON_2025_GANGHWA_2024_SH,"Seonhaeng-ri, Ganghwa-gun, Incheon",b+377_+1264,,126.452639,37.730694,2024-08-06,2024,8,1,specimen,1,Larvae,published supplementary individual record,10-dip larval sampling per site visit; individual denominator not attached to row,molecular_species_confirmation,Multiplex PCR,verified_PCR_or_ITS2_source_table,,detected; no non-detection inferred,CC BY-NC-ND 4.0 article; derivative-data reuse should be reviewed,https://doi.org/10.1038/s41598-025-29307-5,Individual row extracted from the published supplementary table; place code=SH; date range=2024.08.06-07; the table is detection-positive and does not create non-detections. The main article reports 124 An. sinensis in the kdr-analysis subset; this row belongs to the 146-row species table and is not assumed to be part of that subset.
SH_AL_24_08_3,JEON_2025_GANGHWA_2024,SH_AL_24_08_3,confirmed_specimen,Anopheles sinensis,South Korea,"Seonhaeng-ri, Ganghwa-gun, Incheon",JEON_2025_GANGHWA_2024_SH,"Seonhaeng-ri, Ganghwa-gun, Incheon",b+377_+1264,,126.452639,37.730694,2024-08-06,2024,8,1,specimen,1,Larvae,published supplementary individual record,10-dip larval sampling per site visit; individual denominator not attached to row,molecular_species_confirmation,Multiplex PCR,verified_PCR_or_ITS2_source_table,,detected; no non-detection inferred,CC BY-NC-ND 4.0 article; derivative-data reuse should be reviewed,https://doi.org/10.1038/s41598-025-29307-5,Individual row extracted from the published supplementary table; place code=SH; date range=2024.08.06-07; the table is detection-positive and does not create non-detections. The main article reports 124 An. sinensis in the kdr-analysis subset; this row belongs to the 146-row species table and is not assumed to be part of that subset.
SH_AL_24_08_4,JEON_2025_GANGHWA_2024,SH_AL_24_08_4,confirmed_specimen,Anopheles sinensis,South Korea,"Seonhaeng-ri, Ganghwa-gun, Incheon",JEON_2025_GANGHWA_2024_SH,"Seonhaeng-ri, Ganghwa-gun, Incheon",b+377_+1264,,126.452639,37.730694,2024-08-06,2024,8,1,specimen,1,Larvae,published supplementary individual record,10-dip larval sampling per site visit; individual denominator not attached to row,molecular_species_confirmation,Multiplex PCR,verified_PCR_or_ITS2_source_table,,detected; no non-detection inferred,CC BY-NC-ND 4.0 article; derivative-data reuse should be reviewed,https://doi.org/10.1038/s41598-025-29307-5,Individual row extracted from the published supplementary table; place code=SH; date range=2024.08.06-07; the table is detection-positive and does not create non-detections. The main article reports 124 An. sinensis in the kdr-analysis subset; this row belongs to the 146-row species table and is not assumed to be part of that subset.
SH_AL_24_08_5,JEON_2025_GANGHWA_2024,SH_AL_24_08_5,confirmed_specimen,Anopheles sinensis,South Korea,"Seonhaeng-ri, Ganghwa-gun, Incheon",JEON_2025_GANGHWA_2024_SH,"Seonhaeng-ri, Ganghwa-gun, Incheon",b+377_+1264,,126.452639,37.730694,2024-08-06,2024,8,1,specimen,1,Larvae,published supplementary individual record,10-dip larval sampling per site visit; individual denominator not attached to row,molecular_species_confirmation,ITS2,verified_PCR_or_ITS2_source_table,,detected; no non-detection inferred,CC BY-NC-ND 4.0 article; derivative-data reuse should be reviewed,https://doi.org/10.1038/s41598-025-29307-5,Individual row extracted from the published supplementary table; place code=SH; date range=2024.08.06-07; the table is detection-positive and does not create non-detections. The main article reports 124 An. sinensis in the kdr-analysis subset; this row belongs to the 146-row species table and is not assumed to be part of that subset.
SH_AL_24_08_6,JEON_2025_GANGHWA_2024,SH_AL_24_08_6,confirmed_specimen,Anopheles sinensis,South Korea,"Seonhaeng-ri, Ganghwa-gun, Incheon",JEON_2025_GANGHWA_2024_SH,"Seonhaeng-ri, Ganghwa-gun, Incheon",b+377_+1264,,126.452639,37.730694,2024-08-06,2024,8,1,specimen,1,Larvae,published supplementary individual record,10-dip larval sampling per site visit; individual denominator not attached to row,molecular_species_confirmation,ITS2,verified_PCR_or_ITS2_source_table,,detected; no non-detection inferred,CC BY-NC-ND 4.0 article; derivative-data reuse should be reviewed,https://doi.org/10.1038/s41598-025-29307-5,Individual row extracted from the published supplementary table; place code=SH; date range=2024.08.06-07; the table is detection-positive and does not create non-detections. The main article reports 124 An. sinensis in the kdr-analysis subset; this row belongs to the 146-row species table and is not assumed to be part of that subset.
SH_AL_24_08_7,JEON_2025_GANGHWA_2024,SH_AL_24_08_7,confirmed_specimen,Anopheles sinensis,South Korea,"Seonhaeng-ri, Ganghwa-gun, Incheon",JEON_2025_GANGHWA_2024_SH,"Seonhaeng-ri, Ganghwa-gun, Incheon",b+377_+1264,,126.452639,37.730694,2024-08-06,2024,8,1,specimen,1,Larvae,published supplementary individual record,10-dip larval sampling per site visit; individual denominator not attached to row,molecular_species_confirmation,Multiplex PCR,verified_PCR_or_ITS2_source_table,,detected; no non-detection inferred,CC BY-NC-ND 4.0 article; derivative-data reuse should be reviewed,https://doi.org/10.1038/s41598-025-29307-5,Individual row extracted from the published supplementary table; place code=SH; date range=2024.08.06-07; the table is detection-positive and does not create non-detections. The main article reports 124 An. sinensis in the kdr-analysis subset; this row belongs to the 146-row species table and is not assumed to be part of that subset.
SH_AL_24_09_10,JEON_2025_GANGHWA_2024,SH_AL_24_09_10,confirmed_specimen,Anopheles sinensis,South Korea,"Seonhaeng-ri, Ganghwa-gun, Incheon",JEON_2025_GANGHWA_2024_SH,"Seonhaeng-ri, Ganghwa-gun, Incheon",b+377_+1264,,126.452639,37.730694,2024-09-19,2024,9,1,specimen,1,Larvae,published supplementary individual record,10-dip larval sampling per site visit; individual denominator not attached to row,molecular_species_confirmation,ITS2,verified_PCR_or_ITS2_source_table,,detected; no non-detection inferred,CC BY-NC-ND 4.0 article; derivative-data reuse should be reviewed,https://doi.org/10.1038/s41598-025-29307-5,Individual row extracted from the published supplementary table; place code=SH; date range=2024.09.19-20; the table is detection-positive and does not create non-detections. The main article reports 124 An. sinensis in the kdr-analysis subset; this row belongs to the 146-row species table and is not assumed to be part of that subset.
SH_AL_24_09_11,JEON_2025_GANGHWA_2024,SH_AL_24_09_11,confirmed_specimen,Anopheles sinensis,South Korea,"Seonhaeng-ri, Ganghwa-gun, Incheon",JEON_2025_GANGHWA_2024_SH,"Seonhaeng-ri, Ganghwa-gun, Incheon",b+377_+1264,,126.452639,37.730694,2024-09-19,2024,9,1,specimen,1,Larvae,published supplementary individual record,10-dip larval sampling per site visit; individual denominator not attached to row,molecular_species_confirmation,Multiplex PCR,verified_PCR_or_ITS2_source_table,,detected; no non-detection inferred,CC BY-NC-ND 4.0 article; derivative-data reuse should be reviewed,https://doi.org/10.1038/s41598-025-29307-5,Individual row extracted from the published supplementary table; place code=SH; date range=2024.09.19-20; the table is detection-positive and does not create non-detections. The main article reports 124 An. sinensis in the kdr-analysis subset; this row belongs to the 146-row species table and is not assumed to be part of that subset.
SH_AL_24_09_12,JEON_2025_GANGHWA_2024,SH_AL_24_09_12,confirmed_specimen,Anopheles sinensis,South Korea,"Seonhaeng-ri, Ganghwa-gun, Incheon",JEON_2025_GANGHWA_2024_SH,"Seonhaeng-ri, Ganghwa-gun, Incheon",b+377_+1264,,126.452639,37.730694,2024-09-19,2024,9,1,specimen,1,Larvae,published supplementary individual record,10-dip larval sampling per site visit; individual denominator not attached to row,molecular_species_confirmation,Multiplex PCR,verified_PCR_or_ITS2_source_table,,detected; no non-detection inferred,CC BY-NC-ND 4.0 article; derivative-data reuse should be reviewed,https://doi.org/10.1038/s41598-025-29307-5,Individual row extracted from the published supplementary table; place code=SH; date range=2024.09.19-20; the table is detection-positive and does not create non-detections. The main article reports 124 An. sinensis in the kdr-analysis subset; this row belongs to the 146-row species table and is not assumed to be part of that subset.
SH_AL_24_09_13,JEON_2025_GANGHWA_2024,SH_AL_24_09_13,confirmed_specimen,Anopheles sinensis,South Korea,"Seonhaeng-ri, Ganghwa-gun, Incheon",JEON_2025_GANGHWA_2024_SH,"Seonhaeng-ri, Ganghwa-gun, Incheon",b+377_+1264,,126.452639,37.730694,2024-09-19,2024,9,1,specimen,1,Larvae,published supplementary individual record,10-dip larval sampling per site visit; individual denominator not attached to row,molecular_species_confirmation,Multiplex PCR,verified_PCR_or_ITS2_source_table,,detected; no non-detection inferred,CC BY-NC-ND 4.0 article; derivative-data reuse should be reviewed,https://doi.org/10.1038/s41598-025-29307-5,Individual row extracted from the published supplementary table; place code=SH; date range=2024.09.19-20; the table is detection-positive and does not create non-detections. The main article reports 124 An. sinensis in the kdr-analysis subset; this row belongs to the 146-row species table and is not assumed to be part of that subset.
SH_AL_24_09_14,JEON_2025_GANGHWA_2024,SH_AL_24_09_14,confirmed_specimen,Anopheles sinensis,South Korea,"Seonhaeng-ri, Ganghwa-gun, Incheon",JEON_2025_GANGHWA_2024_SH,"Seonhaeng-ri, Ganghwa-gun, Incheon",b+377_+1264,,126.452639,37.730694,2024-09-19,2024,9,1,specimen,1,Larvae,published supplementary individual record,10-dip larval sampling per site visit; individual denominator not attached to row,molecular_species_confirmation,Multiplex PCR,verified_PCR_or_ITS2_source_table,,detected; no non-detection inferred,CC BY-NC-ND 4.0 article; derivative-data reuse should be reviewed,https://doi.org/10.1038/s41598-025-29307-5,Individual row extracted from the published supplementary table; place code=SH; date range=2024.09.19-20; the table is detection-positive and does not create non-detections. The main article reports 124 An. sinensis in the kdr-analysis subset; this row belongs to the 146-row species table and is not assumed to be part of that subset.
SH_AL_24_09_15,JEON_2025_GANGHWA_2024,SH_AL_24_09_15,confirmed_specimen,Anopheles sinensis,South Korea,"Seonhaeng-ri, Ganghwa-gun, Incheon",JEON_2025_GANGHWA_2024_SH,"Seonhaeng-ri, Ganghwa-gun, Incheon",b+377_+1264,,126.452639,37.730694,2024-09-19,2024,9,1,specimen,1,Larvae,published supplementary individual record,10-dip larval sampling per site visit; individual denominator not attached to row,molecular_species_confirmation,Multiplex PCR,verified_PCR_or_ITS2_source_table,,detected; no non-detection inferred,CC BY-NC-ND 4.0 article; derivative-data reuse should be reviewed,https://doi.org/10.1038/s41598-025-29307-5,Individual row extracted from the published supplementary table; place code=SH; date range=2024.09.19-20; the table is detection-positive and does not create non-detections. The main article reports 124 An. sinensis in the kdr-analysis subset; this row belongs to the 146-row species table and is not assumed to be part of that subset.
SH_AL_24_09_20,JEON_2025_GANGHWA_2024,SH_AL_24_09_20,confirmed_specimen,Anopheles sinensis,South Korea,"Seonhaeng-ri, Ganghwa-gun, Incheon",JEON_2025_GANGHWA_2024_SH,"Seonhaeng-ri, Ganghwa-gun, Incheon",b+377_+1264,,126.452639,37.730694,2024-09-19,2024,9,1,specimen,1,Larvae,published supplementary individual record,10-dip larval sampling per site visit; individual denominator not attached to row,molecular_species_confirmation,Multiplex PCR,verified_PCR_or_ITS2_source_table,,detected; no non-detection inferred,CC BY-NC-ND 4.0 article; derivative-data reuse should be reviewed,https://doi.org/10.1038/s41598-025-29307-5,Individual row extracted from the published supplementary table; place code=SH; date range=2024.09.19-20; the table is detection-positive and does not create non-detections. The main article reports 124 An. sinensis in the kdr-analysis subset; this row belongs to the 146-row species table and is not assumed to be part of that subset.
SH_AL_24_09_21,JEON_2025_GANGHWA_2024,SH_AL_24_09_21,confirmed_specimen,Anopheles sinensis,South Korea,"Seonhaeng-ri, Ganghwa-gun, Incheon",JEON_2025_GANGHWA_2024_SH,"Seonhaeng-ri, Ganghwa-gun, Incheon",b+377_+1264,,126.452639,37.730694,2024-09-19,2024,9,1,specimen,1,Larvae,published supplementary individual record,10-dip larval sampling per site visit; individual denominator not attached to row,molecular_species_confirmation,Multiplex PCR,verified_PCR_or_ITS2_source_table,,detected; no non-detection inferred,CC BY-NC-ND 4.0 article; derivative-data reuse should be reviewed,https://doi.org/10.1038/s41598-025-29307-5,Individual row extracted from the published supplementary table; place code=SH; date range=2024.09.19-20; the table is detection-positive and does not create non-detections. The main article reports 124 An. sinensis in the kdr-analysis subset; this row belongs to the 146-row species table and is not assumed to be part of that subset.
SH_AL_24_09_3,JEON_2025_GANGHWA_2024,SH_AL_24_09_3,confirmed_specimen,Anopheles sinensis,South Korea,"Seonhaeng-ri, Ganghwa-gun, Incheon",JEON_2025_GANGHWA_2024_SH,"Seonhaeng-ri, Ganghwa-gun, Incheon",b+377_+1264,,126.452639,37.730694,2024-09-19,2024,9,1,specimen,1,Larvae,published supplementary individual record,10-dip larval sampling per site visit; individual denominator not attached to row,molecular_species_confirmation,Multiplex PCR,verified_PCR_or_ITS2_source_table,,detected; no non-detection inferred,CC BY-NC-ND 4.0 article; derivative-data reuse should be reviewed,https://doi.org/10.1038/s41598-025-29307-5,Individual row extracted from the published supplementary table; place code=SH; date range=2024.09.19-20; the table is detection-positive and does not create non-detections. The main article reports 124 An. sinensis in the kdr-analysis subset; this row belongs to the 146-row species table and is not assumed to be part of that subset.
SH_AL_24_09_6,JEON_2025_GANGHWA_2024,SH_AL_24_09_6,confirmed_specimen,Anopheles sinensis,South Korea,"Seonhaeng-ri, Ganghwa-gun, Incheon",JEON_2025_GANGHWA_2024_SH,"Seonhaeng-ri, Ganghwa-gun, Incheon",b+377_+1264,,126.452639,37.730694,2024-09-19,2024,9,1,specimen,1,Larvae,published supplementary individual record,10-dip larval sampling per site visit; individual denominator not attached to row,molecular_species_confirmation,Multiplex PCR,verified_PCR_or_ITS2_source_table,,detected; no non-detection inferred,CC BY-NC-ND 4.0 article; derivative-data reuse should be reviewed,https://doi.org/10.1038/s41598-025-29307-5,Individual row extracted from the published supplementary table; place code=SH; date range=2024.09.19-20; the table is detection-positive and does not create non-detections. The main article reports 124 An. sinensis in the kdr-analysis subset; this row belongs to the 146-row species table and is not assumed to be part of that subset.
SH_AL_24_09_8,JEON_2025_GANGHWA_2024,SH_AL_24_09_8,confirmed_specimen,Anopheles sinensis,South Korea,"Seonhaeng-ri, Ganghwa-gun, Incheon",JEON_2025_GANGHWA_2024_SH,"Seonhaeng-ri, Ganghwa-gun, Incheon",b+377_+1264,,126.452639,37.730694,2024-09-19,2024,9,1,specimen,1,Larvae,published supplementary individual record,10-dip larval sampling per site visit; individual denominator not attached to row,molecular_species_confirmation,Multiplex PCR,verified_PCR_or_ITS2_source_table,,detected; no non-detection inferred,CC BY-NC-ND 4.0 article; derivative-data reuse should be reviewed,https://doi.org/10.1038/s41598-025-29307-5,Individual row extracted from the published supplementary table; place code=SH; date range=2024.09.19-20; the table is detection-positive and does not create non-detections. The main article reports 124 An. sinensis in the kdr-analysis subset; this row belongs to the 146-row species table and is not assumed to be part of that subset.
SH_AL_24_09_9,JEON_2025_GANGHWA_2024,SH_AL_24_09_9,confirmed_specimen,Anopheles sinensis,South Korea,"Seonhaeng-ri, Ganghwa-gun, Incheon",JEON_2025_GANGHWA_2024_SH,"Seonhaeng-ri, Ganghwa-gun, Incheon",b+377_+1264,,126.452639,37.730694,2024-09-19,2024,9,1,specimen,1,Larvae,published supplementary individual record,10-dip larval sampling per site visit; individual denominator not attached to row,molecular_species_confirmation,Multiplex PCR,verified_PCR_or_ITS2_source_table,,detected; no non-detection inferred,CC BY-NC-ND 4.0 article; derivative-data reuse should be reviewed,https://doi.org/10.1038/s41598-025-29307-5,Individual row extracted from the published supplementary table; place code=SH; date range=2024.09.19-20; the table is detection-positive and does not create non-detections. The main article reports 124 An. sinensis in the kdr-analysis subset; this row belongs to the 146-row species table and is not assumed to be part of that subset.
