{
  "type": "FeatureCollection",
  "features": [
    {
      "type": "Feature",
      "properties": {
        "cell_id": "r153c1287",
        "country": "Japan",
        "row_global": 153,
        "col_global": 1287,
        "longitude": 141.875,
        "latitude": 45.375
      },
      "geometry": {
        "type": "Polygon",
        "coordinates": [
          [
            [
              141.75,
              45.25
            ],
            [
              142.0,
              45.25
            ],
            [
              142.0,
              45.5
            ],
            [
              141.75,
              45.5
            ],
            [
              141.75,
              45.25
            ]
          ]
        ]
      }
    },
    {
      "type": "Feature",
      "properties": {
        "cell_id": "r154c1286",
        "country": "Japan",
        "row_global": 154,
        "col_global": 1286,
        "longitude": 141.625,
        "latitude": 45.125
      },
      "geometry": {
        "type": "Polygon",
        "coordinates": [
          [
            [
              141.5,
              45.0
            ],
            [
              141.75,
              45.0
            ],
            [
              141.75,
              45.25
            ],
            [
              141.5,
              45.25
            ],
            [
              141.5,
              45.0
            ]
          ]
        ]
      }
    },
    {
      "type": "Feature",
      "properties": {
        "cell_id": "r154c1287",
        "country": "Japan",
        "row_global": 154,
        "col_global": 1287,
        "longitude": 141.875,
        "latitude": 45.125
      },
      "geometry": {
        "type": "Polygon",
        "coordinates": [
          [
            [
              141.75,
              45.0
            ],
            [
              142.0,
              45.0
            ],
            [
              142.0,
              45.25
            ],
            [
              141.75,
              45.25
            ],
            [
              141.75,
              45.0
            ]
          ]
        ]
      }
    },
    {
      "type": "Feature",
      "properties": {
        "cell_id": "r154c1288",
        "country": "Japan",
        "row_global": 154,
        "col_global": 1288,
        "longitude": 142.125,
        "latitude": 45.125
      },
      "geometry": {
        "type": "Polygon",
        "coordinates": [
          [
            [
              142.0,
              45.0
            ],
            [
              142.25,
              45.0
            ],
            [
              142.25,
              45.25
            ],
            [
              142.0,
              45.25
            ],
            [
              142.0,
              45.0
            ]
          ]
        ]
      }
    },
    {
      "type": "Feature",
      "properties": {
        "cell_id": "r154c1289",
        "country": "Japan",
        "row_global": 154,
        "col_global": 1289,
        "longitude": 142.375,
        "latitude": 45.125
      },
      "geometry": {
        "type": "Polygon",
        "coordinates": [
          [
            [
              142.25,
              45.0
            ],
            [
              142.5,
              45.0
            ],
            [
              142.5,
              45.25
            ],
            [
              142.25,
              45.25
            ],
            [
              142.25,
              45.0
            ]
          ]
        ]
      }
    },
    {
      "type": "Feature",
      "properties": {
        "cell_id": "r155c1287",
        "country": "Japan",
        "row_global": 155,
        "col_global": 1287,
        "longitude": 141.875,
        "latitude": 44.875
      },
      "geometry": {
        "type": "Polygon",
        "coordinates": [
          [
            [
              141.75,
              44.75
            ],
            [
              142.0,
              44.75
            ],
            [
              142.0,
              45.0
            ],
            [
              141.75,
              45.0
            ],
            [
              141.75,
              44.75
            ]
          ]
        ]
      }
    },
    {
      "type": "Feature",
      "properties": {
        "cell_id": "r155c1288",
        "country": "Japan",
        "row_global": 155,
        "col_global": 1288,
        "longitude": 142.125,
        "latitude": 44.875
      },
      "geometry": {
        "type": "Polygon",
        "coordinates": [
          [
            [
              142.0,
              44.75
            ],
            [
              142.25,
              44.75
            ],
            [
              142.25,
              45.0
            ],
            [
              142.0,
              45.0
            ],
            [
              142.0,
              44.75
            ]
          ]
        ]
      }
    },
    {
      "type": "Feature",
      "properties": {
        "cell_id": "r155c1289",
        "country": "Japan",
        "row_global": 155,
        "col_global": 1289,
        "longitude": 142.375,
        "latitude": 44.875
      },
      "geometry": {
        "type": "Polygon",
        "coordinates": [
          [
            [
              142.25,
              44.75
            ],
            [
              142.5,
              44.75
            ],
            [
              142.5,
              45.0
            ],
            [
              142.25,
              45.0
            ],
            [
              142.25,
              44.75
            ]
          ]
        ]
      }
    },
    {
      "type": "Feature",
      "properties": {
        "cell_id": "r155c1290",
        "country": "Japan",
        "row_global": 155,
        "col_global": 1290,
        "longitude": 142.625,
        "latitude": 44.875
      },
      "geometry": {
        "type": "Polygon",
        "coordinates": [
          [
            [
              142.5,
              44.75
            ],
            [
              142.75,
              44.75
            ],
            [
              142.75,
              45.0
            ],
            [
              142.5,
              45.0
            ],
            [
              142.5,
              44.75
            ]
          ]
        ]
      }
    },
    {
      "type": "Feature",
      "properties": {
        "cell_id": "r156c1287",
        "country": "Japan",
        "row_global": 156,
        "col_global": 1287,
        "longitude": 141.875,
        "latitude": 44.625
      },
      "geometry": {
        "type": "Polygon",
        "coordinates": [
          [
            [
              141.75,
              44.5
            ],
            [
              142.0,
              44.5
            ],
            [
              142.0,
              44.75
            ],
            [
              141.75,
              44.75
            ],
            [
              141.75,
              44.5
            ]
          ]
        ]
      }
    },
    {
      "type": "Feature",
      "properties": {
        "cell_id": "r156c1288",
        "country": "Japan",
        "row_global": 156,
        "col_global": 1288,
        "longitude": 142.125,
        "latitude": 44.625
      },
      "geometry": {
        "type": "Polygon",
        "coordinates": [
          [
            [
              142.0,
              44.5
            ],
            [
              142.25,
              44.5
            ],
            [
              142.25,
              44.75
            ],
            [
              142.0,
              44.75
            ],
            [
              142.0,
              44.5
            ]
          ]
        ]
      }
    },
    {
      "type": "Feature",
      "properties": {
        "cell_id": "r156c1289",
        "country": "Japan",
        "row_global": 156,
        "col_global": 1289,
        "longitude": 142.375,
        "latitude": 44.625
      },
      "geometry": {
        "type": "Polygon",
        "coordinates": [
          [
            [
              142.25,
              44.5
            ],
            [
              142.5,
              44.5
            ],
            [
              142.5,
              44.75
            ],
            [
              142.25,
              44.75
            ],
            [
              142.25,
              44.5
            ]
          ]
        ]
      }
    },
    {
      "type": "Feature",
      "properties": {
        "cell_id": "r156c1290",
        "country": "Japan",
        "row_global": 156,
        "col_global": 1290,
        "longitude": 142.625,
        "latitude": 44.625
      },
      "geometry": {
        "type": "Polygon",
        "coordinates": [
          [
            [
              142.5,
              44.5
            ],
            [
              142.75,
              44.5
            ],
            [
              142.75,
              44.75
            ],
            [
              142.5,
              44.75
            ],
            [
              142.5,
              44.5
            ]
          ]
        ]
      }
    },
    {
      "type": "Feature",
      "properties": {
        "cell_id": "r156c1291",
        "country": "Japan",
        "row_global": 156,
        "col_global": 1291,
        "longitude": 142.875,
        "latitude": 44.625
      },
      "geometry": {
        "type": "Polygon",
        "coordinates": [
          [
            [
              142.75,
              44.5
            ],
            [
              143.0,
              44.5
            ],
            [
              143.0,
              44.75
            ],
            [
              142.75,
              44.75
            ],
            [
              142.75,
              44.5
            ]
          ]
        ]
      }
    },
    {
      "type": "Feature",
      "properties": {
        "cell_id": "r157c1287",
        "country": "Japan",
        "row_global": 157,
        "col_global": 1287,
        "longitude": 141.875,
        "latitude": 44.375
      },
      "geometry": {
        "type": "Polygon",
        "coordinates": [
          [
            [
              141.75,
              44.25
            ],
            [
              142.0,
              44.25
            ],
            [
              142.0,
              44.5
            ],
            [
              141.75,
              44.5
            ],
            [
              141.75,
              44.25
            ]
          ]
        ]
      }
    },
    {
      "type": "Feature",
      "properties": {
        "cell_id": "r157c1288",
        "country": "Japan",
        "row_global": 157,
        "col_global": 1288,
        "longitude": 142.125,
        "latitude": 44.375
      },
      "geometry": {
        "type": "Polygon",
        "coordinates": [
          [
            [
              142.0,
              44.25
            ],
            [
              142.25,
              44.25
            ],
            [
              142.25,
              44.5
            ],
            [
              142.0,
              44.5
            ],
            [
              142.0,
              44.25
            ]
          ]
        ]
      }
    },
    {
      "type": "Feature",
      "properties": {
        "cell_id": "r157c1289",
        "country": "Japan",
        "row_global": 157,
        "col_global": 1289,
        "longitude": 142.375,
        "latitude": 44.375
      },
      "geometry": {
        "type": "Polygon",
        "coordinates": [
          [
            [
              142.25,
              44.25
            ],
            [
              142.5,
              44.25
            ],
            [
              142.5,
              44.5
            ],
            [
              142.25,
              44.5
            ],
            [
              142.25,
              44.25
            ]
          ]
        ]
      }
    },
    {
      "type": "Feature",
      "properties": {
        "cell_id": "r157c1290",
        "country": "Japan",
        "row_global": 157,
        "col_global": 1290,
        "longitude": 142.625,
        "latitude": 44.375
      },
      "geometry": {
        "type": "Polygon",
        "coordinates": [
          [
            [
              142.5,
              44.25
            ],
            [
              142.75,
              44.25
            ],
            [
              142.75,
              44.5
            ],
            [
              142.5,
              44.5
            ],
            [
              142.5,
              44.25
            ]
          ]
        ]
      }
    },
    {
      "type": "Feature",
      "properties": {
        "cell_id": "r157c1291",
        "country": "Japan",
        "row_global": 157,
        "col_global": 1291,
        "longitude": 142.875,
        "latitude": 44.375
      },
      "geometry": {
        "type": "Polygon",
        "coordinates": [
          [
            [
              142.75,
              44.25
            ],
            [
              143.0,
              44.25
            ],
            [
              143.0,
              44.5
            ],
            [
              142.75,
              44.5
            ],
            [
              142.75,
              44.25
            ]
          ]
        ]
      }
    },
    {
      "type": "Feature",
      "properties": {
        "cell_id": "r157c1292",
        "country": "Japan",
        "row_global": 157,
        "col_global": 1292,
        "longitude": 143.125,
        "latitude": 44.375
      },
      "geometry": {
        "type": "Polygon",
        "coordinates": [
          [
            [
              143.0,
              44.25
            ],
            [
              143.25,
              44.25
            ],
            [
              143.25,
              44.5
            ],
            [
              143.0,
              44.5
            ],
            [
              143.0,
              44.25
            ]
          ]
        ]
      }
    },
    {
      "type": "Feature",
      "properties": {
        "cell_id": "r158c1287",
        "country": "Japan",
        "row_global": 158,
        "col_global": 1287,
        "longitude": 141.875,
        "latitude": 44.125
      },
      "geometry": {
        "type": "Polygon",
        "coordinates": [
          [
            [
              141.75,
              44.0
            ],
            [
              142.0,
              44.0
            ],
            [
              142.0,
              44.25
            ],
            [
              141.75,
              44.25
            ],
            [
              141.75,
              44.0
            ]
          ]
        ]
      }
    },
    {
      "type": "Feature",
      "properties": {
        "cell_id": "r158c1288",
        "country": "Japan",
        "row_global": 158,
        "col_global": 1288,
        "longitude": 142.125,
        "latitude": 44.125
      },
      "geometry": {
        "type": "Polygon",
        "coordinates": [
          [
            [
              142.0,
              44.0
            ],
            [
              142.25,
              44.0
            ],
            [
              142.25,
              44.25
            ],
            [
              142.0,
              44.25
            ],
            [
              142.0,
              44.0
            ]
          ]
        ]
      }
    },
    {
      "type": "Feature",
      "properties": {
        "cell_id": "r158c1289",
        "country": "Japan",
        "row_global": 158,
        "col_global": 1289,
        "longitude": 142.375,
        "latitude": 44.125
      },
      "geometry": {
        "type": "Polygon",
        "coordinates": [
          [
            [
              142.25,
              44.0
            ],
            [
              142.5,
              44.0
            ],
            [
              142.5,
              44.25
            ],
            [
              142.25,
              44.25
            ],
            [
              142.25,
              44.0
            ]
          ]
        ]
      }
    },
    {
      "type": "Feature",
      "properties": {
        "cell_id": "r158c1290",
        "country": "Japan",
        "row_global": 158,
        "col_global": 1290,
        "longitude": 142.625,
        "latitude": 44.125
      },
      "geometry": {
        "type": "Polygon",
        "coordinates": [
          [
            [
              142.5,
              44.0
            ],
            [
              142.75,
              44.0
            ],
            [
              142.75,
              44.25
            ],
            [
              142.5,
              44.25
            ],
            [
              142.5,
              44.0
            ]
          ]
        ]
      }
    },
    {
      "type": "Feature",
      "properties": {
        "cell_id": "r158c1291",
        "country": "Japan",
        "row_global": 158,
        "col_global": 1291,
        "longitude": 142.875,
        "latitude": 44.125
      },
      "geometry": {
        "type": "Polygon",
        "coordinates": [
          [
            [
              142.75,
              44.0
            ],
            [
              143.0,
              44.0
            ],
            [
              143.0,
              44.25
            ],
            [
              142.75,
              44.25
            ],
            [
              142.75,
              44.0
            ]
          ]
        ]
      }
    },
    {
      "type": "Feature",
      "properties": {
        "cell_id": "r158c1292",
        "country": "Japan",
        "row_global": 158,
        "col_global": 1292,
        "longitude": 143.125,
        "latitude": 44.125
      },
      "geometry": {
        "type": "Polygon",
        "coordinates": [
          [
            [
              143.0,
              44.0
            ],
            [
              143.25,
              44.0
            ],
            [
              143.25,
              44.25
            ],
            [
              143.0,
              44.25
            ],
            [
              143.0,
              44.0
            ]
          ]
        ]
      }
    },
    {
      "type": "Feature",
      "properties": {
        "cell_id": "r158c1293",
        "country": "Japan",
        "row_global": 158,
        "col_global": 1293,
        "longitude": 143.375,
        "latitude": 44.125
      },
      "geometry": {
        "type": "Polygon",
        "coordinates": [
          [
            [
              143.25,
              44.0
            ],
            [
              143.5,
              44.0
            ],
            [
              143.5,
              44.25
            ],
            [
              143.25,
              44.25
            ],
            [
              143.25,
              44.0
            ]
          ]
        ]
      }
    },
    {
      "type": "Feature",
      "properties": {
        "cell_id": "r158c1294",
        "country": "Japan",
        "row_global": 158,
        "col_global": 1294,
        "longitude": 143.625,
        "latitude": 44.125
      },
      "geometry": {
        "type": "Polygon",
        "coordinates": [
          [
            [
              143.5,
              44.0
            ],
            [
              143.75,
              44.0
            ],
            [
              143.75,
              44.25
            ],
            [
              143.5,
              44.25
            ],
            [
              143.5,
              44.0
            ]
          ]
        ]
      }
    },
    {
      "type": "Feature",
      "properties": {
        "cell_id": "r158c1296",
        "country": "Japan",
        "row_global": 158,
        "col_global": 1296,
        "longitude": 144.125,
        "latitude": 44.125
      },
      "geometry": {
        "type": "Polygon",
        "coordinates": [
          [
            [
              144.0,
              44.0
            ],
            [
              144.25,
              44.0
            ],
            [
              144.25,
              44.25
            ],
            [
              144.0,
              44.25
            ],
            [
              144.0,
              44.0
            ]
          ]
        ]
      }
    },
    {
      "type": "Feature",
      "properties": {
        "cell_id": "r158c1300",
        "country": "Japan",
        "row_global": 158,
        "col_global": 1300,
        "longitude": 145.125,
        "latitude": 44.125
      },
      "geometry": {
        "type": "Polygon",
        "coordinates": [
          [
            [
              145.0,
              44.0
            ],
            [
              145.25,
              44.0
            ],
            [
              145.25,
              44.25
            ],
            [
              145.0,
              44.25
            ],
            [
              145.0,
              44.0
            ]
          ]
        ]
      }
    },
    {
      "type": "Feature",
      "properties": {
        "cell_id": "r159c1286",
        "country": "Japan",
        "row_global": 159,
        "col_global": 1286,
        "longitude": 141.625,
        "latitude": 43.875
      },
      "geometry": {
        "type": "Polygon",
        "coordinates": [
          [
            [
              141.5,
              43.75
            ],
            [
              141.75,
              43.75
            ],
            [
              141.75,
              44.0
            ],
            [
              141.5,
              44.0
            ],
            [
              141.5,
              43.75
            ]
          ]
        ]
      }
    },
    {
      "type": "Feature",
      "properties": {
        "cell_id": "r159c1287",
        "country": "Japan",
        "row_global": 159,
        "col_global": 1287,
        "longitude": 141.875,
        "latitude": 43.875
      },
      "geometry": {
        "type": "Polygon",
        "coordinates": [
          [
            [
              141.75,
              43.75
            ],
            [
              142.0,
              43.75
            ],
            [
              142.0,
              44.0
            ],
            [
              141.75,
              44.0
            ],
            [
              141.75,
              43.75
            ]
          ]
        ]
      }
    },
    {
      "type": "Feature",
      "properties": {
        "cell_id": "r159c1288",
        "country": "Japan",
        "row_global": 159,
        "col_global": 1288,
        "longitude": 142.125,
        "latitude": 43.875
      },
      "geometry": {
        "type": "Polygon",
        "coordinates": [
          [
            [
              142.0,
              43.75
            ],
            [
              142.25,
              43.75
            ],
            [
              142.25,
              44.0
            ],
            [
              142.0,
              44.0
            ],
            [
              142.0,
              43.75
            ]
          ]
        ]
      }
    },
    {
      "type": "Feature",
      "properties": {
        "cell_id": "r159c1289",
        "country": "Japan",
        "row_global": 159,
        "col_global": 1289,
        "longitude": 142.375,
        "latitude": 43.875
      },
      "geometry": {
        "type": "Polygon",
        "coordinates": [
          [
            [
              142.25,
              43.75
            ],
            [
              142.5,
              43.75
            ],
            [
              142.5,
              44.0
            ],
            [
              142.25,
              44.0
            ],
            [
              142.25,
              43.75
            ]
          ]
        ]
      }
    },
    {
      "type": "Feature",
      "properties": {
        "cell_id": "r159c1290",
        "country": "Japan",
        "row_global": 159,
        "col_global": 1290,
        "longitude": 142.625,
        "latitude": 43.875
      },
      "geometry": {
        "type": "Polygon",
        "coordinates": [
          [
            [
              142.5,
              43.75
            ],
            [
              142.75,
              43.75
            ],
            [
              142.75,
              44.0
            ],
            [
              142.5,
              44.0
            ],
            [
              142.5,
              43.75
            ]
          ]
        ]
      }
    },
    {
      "type": "Feature",
      "properties": {
        "cell_id": "r159c1291",
        "country": "Japan",
        "row_global": 159,
        "col_global": 1291,
        "longitude": 142.875,
        "latitude": 43.875
      },
      "geometry": {
        "type": "Polygon",
        "coordinates": [
          [
            [
              142.75,
              43.75
            ],
            [
              143.0,
              43.75
            ],
            [
              143.0,
              44.0
            ],
            [
              142.75,
              44.0
            ],
            [
              142.75,
              43.75
            ]
          ]
        ]
      }
    },
    {
      "type": "Feature",
      "properties": {
        "cell_id": "r159c1292",
        "country": "Japan",
        "row_global": 159,
        "col_global": 1292,
        "longitude": 143.125,
        "latitude": 43.875
      },
      "geometry": {
        "type": "Polygon",
        "coordinates": [
          [
            [
              143.0,
              43.75
            ],
            [
              143.25,
              43.75
            ],
            [
              143.25,
              44.0
            ],
            [
              143.0,
              44.0
            ],
            [
              143.0,
              43.75
            ]
          ]
        ]
      }
    },
    {
      "type": "Feature",
      "properties": {
        "cell_id": "r159c1293",
        "country": "Japan",
        "row_global": 159,
        "col_global": 1293,
        "longitude": 143.375,
        "latitude": 43.875
      },
      "geometry": {
        "type": "Polygon",
        "coordinates": [
          [
            [
              143.25,
              43.75
            ],
            [
              143.5,
              43.75
            ],
            [
              143.5,
              44.0
            ],
            [
              143.25,
              44.0
            ],
            [
              143.25,
              43.75
            ]
          ]
        ]
      }
    },
    {
      "type": "Feature",
      "properties": {
        "cell_id": "r159c1294",
        "country": "Japan",
        "row_global": 159,
        "col_global": 1294,
        "longitude": 143.625,
        "latitude": 43.875
      },
      "geometry": {
        "type": "Polygon",
        "coordinates": [
          [
            [
              143.5,
              43.75
            ],
            [
              143.75,
              43.75
            ],
            [
              143.75,
              44.0
            ],
            [
              143.5,
              44.0
            ],
            [
              143.5,
              43.75
            ]
          ]
        ]
      }
    },
    {
      "type": "Feature",
      "properties": {
        "cell_id": "r159c1295",
        "country": "Japan",
        "row_global": 159,
        "col_global": 1295,
        "longitude": 143.875,
        "latitude": 43.875
      },
      "geometry": {
        "type": "Polygon",
        "coordinates": [
          [
            [
              143.75,
              43.75
            ],
            [
              144.0,
              43.75
            ],
            [
              144.0,
              44.0
            ],
            [
              143.75,
              44.0
            ],
            [
              143.75,
              43.75
            ]
          ]
        ]
      }
    },
    {
      "type": "Feature",
      "properties": {
        "cell_id": "r159c1296",
        "country": "Japan",
        "row_global": 159,
        "col_global": 1296,
        "longitude": 144.125,
        "latitude": 43.875
      },
      "geometry": {
        "type": "Polygon",
        "coordinates": [
          [
            [
              144.0,
              43.75
            ],
            [
              144.25,
              43.75
            ],
            [
              144.25,
              44.0
            ],
            [
              144.0,
              44.0
            ],
            [
              144.0,
              43.75
            ]
          ]
        ]
      }
    },
    {
      "type": "Feature",
      "properties": {
        "cell_id": "r159c1297",
        "country": "Japan",
        "row_global": 159,
        "col_global": 1297,
        "longitude": 144.375,
        "latitude": 43.875
      },
      "geometry": {
        "type": "Polygon",
        "coordinates": [
          [
            [
              144.25,
              43.75
            ],
            [
              144.5,
              43.75
            ],
            [
              144.5,
              44.0
            ],
            [
              144.25,
              44.0
            ],
            [
              144.25,
              43.75
            ]
          ]
        ]
      }
    },
    {
      "type": "Feature",
      "properties": {
        "cell_id": "r159c1298",
        "country": "Japan",
        "row_global": 159,
        "col_global": 1298,
        "longitude": 144.625,
        "latitude": 43.875
      },
      "geometry": {
        "type": "Polygon",
        "coordinates": [
          [
            [
              144.5,
              43.75
            ],
            [
              144.75,
              43.75
            ],
            [
              144.75,
              44.0
            ],
            [
              144.5,
              44.0
            ],
            [
              144.5,
              43.75
            ]
          ]
        ]
      }
    },
    {
      "type": "Feature",
      "properties": {
        "cell_id": "r159c1299",
        "country": "Japan",
        "row_global": 159,
        "col_global": 1299,
        "longitude": 144.875,
        "latitude": 43.875
      },
      "geometry": {
        "type": "Polygon",
        "coordinates": [
          [
            [
              144.75,
              43.75
            ],
            [
              145.0,
              43.75
            ],
            [
              145.0,
              44.0
            ],
            [
              144.75,
              44.0
            ],
            [
              144.75,
              43.75
            ]
          ]
        ]
      }
    },
    {
      "type": "Feature",
      "properties": {
        "cell_id": "r160c1285",
        "country": "Japan",
        "row_global": 160,
        "col_global": 1285,
        "longitude": 141.375,
        "latitude": 43.625
      },
      "geometry": {
        "type": "Polygon",
        "coordinates": [
          [
            [
              141.25,
              43.5
            ],
            [
              141.5,
              43.5
            ],
            [
              141.5,
              43.75
            ],
            [
              141.25,
              43.75
            ],
            [
              141.25,
              43.5
            ]
          ]
        ]
      }
    },
    {
      "type": "Feature",
      "properties": {
        "cell_id": "r160c1286",
        "country": "Japan",
        "row_global": 160,
        "col_global": 1286,
        "longitude": 141.625,
        "latitude": 43.625
      },
      "geometry": {
        "type": "Polygon",
        "coordinates": [
          [
            [
              141.5,
              43.5
            ],
            [
              141.75,
              43.5
            ],
            [
              141.75,
              43.75
            ],
            [
              141.5,
              43.75
            ],
            [
              141.5,
              43.5
            ]
          ]
        ]
      }
    },
    {
      "type": "Feature",
      "properties": {
        "cell_id": "r160c1287",
        "country": "Japan",
        "row_global": 160,
        "col_global": 1287,
        "longitude": 141.875,
        "latitude": 43.625
      },
      "geometry": {
        "type": "Polygon",
        "coordinates": [
          [
            [
              141.75,
              43.5
            ],
            [
              142.0,
              43.5
            ],
            [
              142.0,
              43.75
            ],
            [
              141.75,
              43.75
            ],
            [
              141.75,
              43.5
            ]
          ]
        ]
      }
    },
    {
      "type": "Feature",
      "properties": {
        "cell_id": "r160c1288",
        "country": "Japan",
        "row_global": 160,
        "col_global": 1288,
        "longitude": 142.125,
        "latitude": 43.625
      },
      "geometry": {
        "type": "Polygon",
        "coordinates": [
          [
            [
              142.0,
              43.5
            ],
            [
              142.25,
              43.5
            ],
            [
              142.25,
              43.75
            ],
            [
              142.0,
              43.75
            ],
            [
              142.0,
              43.5
            ]
          ]
        ]
      }
    },
    {
      "type": "Feature",
      "properties": {
        "cell_id": "r160c1289",
        "country": "Japan",
        "row_global": 160,
        "col_global": 1289,
        "longitude": 142.375,
        "latitude": 43.625
      },
      "geometry": {
        "type": "Polygon",
        "coordinates": [
          [
            [
              142.25,
              43.5
            ],
            [
              142.5,
              43.5
            ],
            [
              142.5,
              43.75
            ],
            [
              142.25,
              43.75
            ],
            [
              142.25,
              43.5
            ]
          ]
        ]
      }
    },
    {
      "type": "Feature",
      "properties": {
        "cell_id": "r160c1290",
        "country": "Japan",
        "row_global": 160,
        "col_global": 1290,
        "longitude": 142.625,
        "latitude": 43.625
      },
      "geometry": {
        "type": "Polygon",
        "coordinates": [
          [
            [
              142.5,
              43.5
            ],
            [
              142.75,
              43.5
            ],
            [
              142.75,
              43.75
            ],
            [
              142.5,
              43.75
            ],
            [
              142.5,
              43.5
            ]
          ]
        ]
      }
    },
    {
      "type": "Feature",
      "properties": {
        "cell_id": "r160c1291",
        "country": "Japan",
        "row_global": 160,
        "col_global": 1291,
        "longitude": 142.875,
        "latitude": 43.625
      },
      "geometry": {
        "type": "Polygon",
        "coordinates": [
          [
            [
              142.75,
              43.5
            ],
            [
              143.0,
              43.5
            ],
            [
              143.0,
              43.75
            ],
            [
              142.75,
              43.75
            ],
            [
              142.75,
              43.5
            ]
          ]
        ]
      }
    },
    {
      "type": "Feature",
      "properties": {
        "cell_id": "r160c1292",
        "country": "Japan",
        "row_global": 160,
        "col_global": 1292,
        "longitude": 143.125,
        "latitude": 43.625
      },
      "geometry": {
        "type": "Polygon",
        "coordinates": [
          [
            [
              143.0,
              43.5
            ],
            [
              143.25,
              43.5
            ],
            [
              143.25,
              43.75
            ],
            [
              143.0,
              43.75
            ],
            [
              143.0,
              43.5
            ]
          ]
        ]
      }
    },
    {
      "type": "Feature",
      "properties": {
        "cell_id": "r160c1293",
        "country": "Japan",
        "row_global": 160,
        "col_global": 1293,
        "longitude": 143.375,
        "latitude": 43.625
      },
      "geometry": {
        "type": "Polygon",
        "coordinates": [
          [
            [
              143.25,
              43.5
            ],
            [
              143.5,
              43.5
            ],
            [
              143.5,
              43.75
            ],
            [
              143.25,
              43.75
            ],
            [
              143.25,
              43.5
            ]
          ]
        ]
      }
    },
    {
      "type": "Feature",
      "properties": {
        "cell_id": "r160c1294",
        "country": "Japan",
        "row_global": 160,
        "col_global": 1294,
        "longitude": 143.625,
        "latitude": 43.625
      },
      "geometry": {
        "type": "Polygon",
        "coordinates": [
          [
            [
              143.5,
              43.5
            ],
            [
              143.75,
              43.5
            ],
            [
              143.75,
              43.75
            ],
            [
              143.5,
              43.75
            ],
            [
              143.5,
              43.5
            ]
          ]
        ]
      }
    },
    {
      "type": "Feature",
      "properties": {
        "cell_id": "r160c1295",
        "country": "Japan",
        "row_global": 160,
        "col_global": 1295,
        "longitude": 143.875,
        "latitude": 43.625
      },
      "geometry": {
        "type": "Polygon",
        "coordinates": [
          [
            [
              143.75,
              43.5
            ],
            [
              144.0,
              43.5
            ],
            [
              144.0,
              43.75
            ],
            [
              143.75,
              43.75
            ],
            [
              143.75,
              43.5
            ]
          ]
        ]
      }
    },
    {
      "type": "Feature",
      "properties": {
        "cell_id": "r160c1296",
        "country": "Japan",
        "row_global": 160,
        "col_global": 1296,
        "longitude": 144.125,
        "latitude": 43.625
      },
      "geometry": {
        "type": "Polygon",
        "coordinates": [
          [
            [
              144.0,
              43.5
            ],
            [
              144.25,
              43.5
            ],
            [
              144.25,
              43.75
            ],
            [
              144.0,
              43.75
            ],
            [
              144.0,
              43.5
            ]
          ]
        ]
      }
    },
    {
      "type": "Feature",
      "properties": {
        "cell_id": "r160c1297",
        "country": "Japan",
        "row_global": 160,
        "col_global": 1297,
        "longitude": 144.375,
        "latitude": 43.625
      },
      "geometry": {
        "type": "Polygon",
        "coordinates": [
          [
            [
              144.25,
              43.5
            ],
            [
              144.5,
              43.5
            ],
            [
              144.5,
              43.75
            ],
            [
              144.25,
              43.75
            ],
            [
              144.25,
              43.5
            ]
          ]
        ]
      }
    },
    {
      "type": "Feature",
      "properties": {
        "cell_id": "r160c1298",
        "country": "Japan",
        "row_global": 160,
        "col_global": 1298,
        "longitude": 144.625,
        "latitude": 43.625
      },
      "geometry": {
        "type": "Polygon",
        "coordinates": [
          [
            [
              144.5,
              43.5
            ],
            [
              144.75,
              43.5
            ],
            [
              144.75,
              43.75
            ],
            [
              144.5,
              43.75
            ],
            [
              144.5,
              43.5
            ]
          ]
        ]
      }
    },
    {
      "type": "Feature",
      "properties": {
        "cell_id": "r160c1299",
        "country": "Japan",
        "row_global": 160,
        "col_global": 1299,
        "longitude": 144.875,
        "latitude": 43.625
      },
      "geometry": {
        "type": "Polygon",
        "coordinates": [
          [
            [
              144.75,
              43.5
            ],
            [
              145.0,
              43.5
            ],
            [
              145.0,
              43.75
            ],
            [
              144.75,
              43.75
            ],
            [
              144.75,
              43.5
            ]
          ]
        ]
      }
    },
    {
      "type": "Feature",
      "properties": {
        "cell_id": "r160c1300",
        "country": "Japan",
        "row_global": 160,
        "col_global": 1300,
        "longitude": 145.125,
        "latitude": 43.625
      },
      "geometry": {
        "type": "Polygon",
        "coordinates": [
          [
            [
              145.0,
              43.5
            ],
            [
              145.25,
              43.5
            ],
            [
              145.25,
              43.75
            ],
            [
              145.0,
              43.75
            ],
            [
              145.0,
              43.5
            ]
          ]
        ]
      }
    },
    {
      "type": "Feature",
      "properties": {
        "cell_id": "r161c1286",
        "country": "Japan",
        "row_global": 161,
        "col_global": 1286,
        "longitude": 141.625,
        "latitude": 43.375
      },
      "geometry": {
        "type": "Polygon",
        "coordinates": [
          [
            [
              141.5,
              43.25
            ],
            [
              141.75,
              43.25
            ],
            [
              141.75,
              43.5
            ],
            [
              141.5,
              43.5
            ],
            [
              141.5,
              43.25
            ]
          ]
        ]
      }
    },
    {
      "type": "Feature",
      "properties": {
        "cell_id": "r161c1287",
        "country": "Japan",
        "row_global": 161,
        "col_global": 1287,
        "longitude": 141.875,
        "latitude": 43.375
      },
      "geometry": {
        "type": "Polygon",
        "coordinates": [
          [
            [
              141.75,
              43.25
            ],
            [
              142.0,
              43.25
            ],
            [
              142.0,
              43.5
            ],
            [
              141.75,
              43.5
            ],
            [
              141.75,
              43.25
            ]
          ]
        ]
      }
    },
    {
      "type": "Feature",
      "properties": {
        "cell_id": "r161c1288",
        "country": "Japan",
        "row_global": 161,
        "col_global": 1288,
        "longitude": 142.125,
        "latitude": 43.375
      },
      "geometry": {
        "type": "Polygon",
        "coordinates": [
          [
            [
              142.0,
              43.25
            ],
            [
              142.25,
              43.25
            ],
            [
              142.25,
              43.5
            ],
            [
              142.0,
              43.5
            ],
            [
              142.0,
              43.25
            ]
          ]
        ]
      }
    },
    {
      "type": "Feature",
      "properties": {
        "cell_id": "r161c1289",
        "country": "Japan",
        "row_global": 161,
        "col_global": 1289,
        "longitude": 142.375,
        "latitude": 43.375
      },
      "geometry": {
        "type": "Polygon",
        "coordinates": [
          [
            [
              142.25,
              43.25
            ],
            [
              142.5,
              43.25
            ],
            [
              142.5,
              43.5
            ],
            [
              142.25,
              43.5
            ],
            [
              142.25,
              43.25
            ]
          ]
        ]
      }
    },
    {
      "type": "Feature",
      "properties": {
        "cell_id": "r161c1290",
        "country": "Japan",
        "row_global": 161,
        "col_global": 1290,
        "longitude": 142.625,
        "latitude": 43.375
      },
      "geometry": {
        "type": "Polygon",
        "coordinates": [
          [
            [
              142.5,
              43.25
            ],
            [
              142.75,
              43.25
            ],
            [
              142.75,
              43.5
            ],
            [
              142.5,
              43.5
            ],
            [
              142.5,
              43.25
            ]
          ]
        ]
      }
    },
    {
      "type": "Feature",
      "properties": {
        "cell_id": "r161c1291",
        "country": "Japan",
        "row_global": 161,
        "col_global": 1291,
        "longitude": 142.875,
        "latitude": 43.375
      },
      "geometry": {
        "type": "Polygon",
        "coordinates": [
          [
            [
              142.75,
              43.25
            ],
            [
              143.0,
              43.25
            ],
            [
              143.0,
              43.5
            ],
            [
              142.75,
              43.5
            ],
            [
              142.75,
              43.25
            ]
          ]
        ]
      }
    },
    {
      "type": "Feature",
      "properties": {
        "cell_id": "r161c1292",
        "country": "Japan",
        "row_global": 161,
        "col_global": 1292,
        "longitude": 143.125,
        "latitude": 43.375
      },
      "geometry": {
        "type": "Polygon",
        "coordinates": [
          [
            [
              143.0,
              43.25
            ],
            [
              143.25,
              43.25
            ],
            [
              143.25,
              43.5
            ],
            [
              143.0,
              43.5
            ],
            [
              143.0,
              43.25
            ]
          ]
        ]
      }
    },
    {
      "type": "Feature",
      "properties": {
        "cell_id": "r161c1293",
        "country": "Japan",
        "row_global": 161,
        "col_global": 1293,
        "longitude": 143.375,
        "latitude": 43.375
      },
      "geometry": {
        "type": "Polygon",
        "coordinates": [
          [
            [
              143.25,
              43.25
            ],
            [
              143.5,
              43.25
            ],
            [
              143.5,
              43.5
            ],
            [
              143.25,
              43.5
            ],
            [
              143.25,
              43.25
            ]
          ]
        ]
      }
    },
    {
      "type": "Feature",
      "properties": {
        "cell_id": "r161c1294",
        "country": "Japan",
        "row_global": 161,
        "col_global": 1294,
        "longitude": 143.625,
        "latitude": 43.375
      },
      "geometry": {
        "type": "Polygon",
        "coordinates": [
          [
            [
              143.5,
              43.25
            ],
            [
              143.75,
              43.25
            ],
            [
              143.75,
              43.5
            ],
            [
              143.5,
              43.5
            ],
            [
              143.5,
              43.25
            ]
          ]
        ]
      }
    },
    {
      "type": "Feature",
      "properties": {
        "cell_id": "r161c1295",
        "country": "Japan",
        "row_global": 161,
        "col_global": 1295,
        "longitude": 143.875,
        "latitude": 43.375
      },
      "geometry": {
        "type": "Polygon",
        "coordinates": [
          [
            [
              143.75,
              43.25
            ],
            [
              144.0,
              43.25
            ],
            [
              144.0,
              43.5
            ],
            [
              143.75,
              43.5
            ],
            [
              143.75,
              43.25
            ]
          ]
        ]
      }
    },
    {
      "type": "Feature",
      "properties": {
        "cell_id": "r161c1296",
        "country": "Japan",
        "row_global": 161,
        "col_global": 1296,
        "longitude": 144.125,
        "latitude": 43.375
      },
      "geometry": {
        "type": "Polygon",
        "coordinates": [
          [
            [
              144.0,
              43.25
            ],
            [
              144.25,
              43.25
            ],
            [
              144.25,
              43.5
            ],
            [
              144.0,
              43.5
            ],
            [
              144.0,
              43.25
            ]
          ]
        ]
      }
    },
    {
      "type": "Feature",
      "properties": {
        "cell_id": "r161c1297",
        "country": "Japan",
        "row_global": 161,
        "col_global": 1297,
        "longitude": 144.375,
        "latitude": 43.375
      },
      "geometry": {
        "type": "Polygon",
        "coordinates": [
          [
            [
              144.25,
              43.25
            ],
            [
              144.5,
              43.25
            ],
            [
              144.5,
              43.5
            ],
            [
              144.25,
              43.5
            ],
            [
              144.25,
              43.25
            ]
          ]
        ]
      }
    },
    {
      "type": "Feature",
      "properties": {
        "cell_id": "r161c1298",
        "country": "Japan",
        "row_global": 161,
        "col_global": 1298,
        "longitude": 144.625,
        "latitude": 43.375
      },
      "geometry": {
        "type": "Polygon",
        "coordinates": [
          [
            [
              144.5,
              43.25
            ],
            [
              144.75,
              43.25
            ],
            [
              144.75,
              43.5
            ],
            [
              144.5,
              43.5
            ],
            [
              144.5,
              43.25
            ]
          ]
        ]
      }
    },
    {
      "type": "Feature",
      "properties": {
        "cell_id": "r161c1299",
        "country": "Japan",
        "row_global": 161,
        "col_global": 1299,
        "longitude": 144.875,
        "latitude": 43.375
      },
      "geometry": {
        "type": "Polygon",
        "coordinates": [
          [
            [
              144.75,
              43.25
            ],
            [
              145.0,
              43.25
            ],
            [
              145.0,
              43.5
            ],
            [
              144.75,
              43.5
            ],
            [
              144.75,
              43.25
            ]
          ]
        ]
      }
    },
    {
      "type": "Feature",
      "properties": {
        "cell_id": "r161c1300",
        "country": "Japan",
        "row_global": 161,
        "col_global": 1300,
        "longitude": 145.125,
        "latitude": 43.375
      },
      "geometry": {
        "type": "Polygon",
        "coordinates": [
          [
            [
              145.0,
              43.25
            ],
            [
              145.25,
              43.25
            ],
            [
              145.25,
              43.5
            ],
            [
              145.0,
              43.5
            ],
            [
              145.0,
              43.25
            ]
          ]
        ]
      }
    },
    {
      "type": "Feature",
      "properties": {
        "cell_id": "r162c1282",
        "country": "Japan",
        "row_global": 162,
        "col_global": 1282,
        "longitude": 140.625,
        "latitude": 43.125
      },
      "geometry": {
        "type": "Polygon",
        "coordinates": [
          [
            [
              140.5,
              43.0
            ],
            [
              140.75,
              43.0
            ],
            [
              140.75,
              43.25
            ],
            [
              140.5,
              43.25
            ],
            [
              140.5,
              43.0
            ]
          ]
        ]
      }
    },
    {
      "type": "Feature",
      "properties": {
        "cell_id": "r162c1283",
        "country": "Japan",
        "row_global": 162,
        "col_global": 1283,
        "longitude": 140.875,
        "latitude": 43.125
      },
      "geometry": {
        "type": "Polygon",
        "coordinates": [
          [
            [
              140.75,
              43.0
            ],
            [
              141.0,
              43.0
            ],
            [
              141.0,
              43.25
            ],
            [
              140.75,
              43.25
            ],
            [
              140.75,
              43.0
            ]
          ]
        ]
      }
    },
    {
      "type": "Feature",
      "properties": {
        "cell_id": "r162c1284",
        "country": "Japan",
        "row_global": 162,
        "col_global": 1284,
        "longitude": 141.125,
        "latitude": 43.125
      },
      "geometry": {
        "type": "Polygon",
        "coordinates": [
          [
            [
              141.0,
              43.0
            ],
            [
              141.25,
              43.0
            ],
            [
              141.25,
              43.25
            ],
            [
              141.0,
              43.25
            ],
            [
              141.0,
              43.0
            ]
          ]
        ]
      }
    },
    {
      "type": "Feature",
      "properties": {
        "cell_id": "r162c1285",
        "country": "Japan",
        "row_global": 162,
        "col_global": 1285,
        "longitude": 141.375,
        "latitude": 43.125
      },
      "geometry": {
        "type": "Polygon",
        "coordinates": [
          [
            [
              141.25,
              43.0
            ],
            [
              141.5,
              43.0
            ],
            [
              141.5,
              43.25
            ],
            [
              141.25,
              43.25
            ],
            [
              141.25,
              43.0
            ]
          ]
        ]
      }
    },
    {
      "type": "Feature",
      "properties": {
        "cell_id": "r162c1286",
        "country": "Japan",
        "row_global": 162,
        "col_global": 1286,
        "longitude": 141.625,
        "latitude": 43.125
      },
      "geometry": {
        "type": "Polygon",
        "coordinates": [
          [
            [
              141.5,
              43.0
            ],
            [
              141.75,
              43.0
            ],
            [
              141.75,
              43.25
            ],
            [
              141.5,
              43.25
            ],
            [
              141.5,
              43.0
            ]
          ]
        ]
      }
    },
    {
      "type": "Feature",
      "properties": {
        "cell_id": "r162c1287",
        "country": "Japan",
        "row_global": 162,
        "col_global": 1287,
        "longitude": 141.875,
        "latitude": 43.125
      },
      "geometry": {
        "type": "Polygon",
        "coordinates": [
          [
            [
              141.75,
              43.0
            ],
            [
              142.0,
              43.0
            ],
            [
              142.0,
              43.25
            ],
            [
              141.75,
              43.25
            ],
            [
              141.75,
              43.0
            ]
          ]
        ]
      }
    },
    {
      "type": "Feature",
      "properties": {
        "cell_id": "r162c1288",
        "country": "Japan",
        "row_global": 162,
        "col_global": 1288,
        "longitude": 142.125,
        "latitude": 43.125
      },
      "geometry": {
        "type": "Polygon",
        "coordinates": [
          [
            [
              142.0,
              43.0
            ],
            [
              142.25,
              43.0
            ],
            [
              142.25,
              43.25
            ],
            [
              142.0,
              43.25
            ],
            [
              142.0,
              43.0
            ]
          ]
        ]
      }
    },
    {
      "type": "Feature",
      "properties": {
        "cell_id": "r162c1289",
        "country": "Japan",
        "row_global": 162,
        "col_global": 1289,
        "longitude": 142.375,
        "latitude": 43.125
      },
      "geometry": {
        "type": "Polygon",
        "coordinates": [
          [
            [
              142.25,
              43.0
            ],
            [
              142.5,
              43.0
            ],
            [
              142.5,
              43.25
            ],
            [
              142.25,
              43.25
            ],
            [
              142.25,
              43.0
            ]
          ]
        ]
      }
    },
    {
      "type": "Feature",
      "properties": {
        "cell_id": "r162c1290",
        "country": "Japan",
        "row_global": 162,
        "col_global": 1290,
        "longitude": 142.625,
        "latitude": 43.125
      },
      "geometry": {
        "type": "Polygon",
        "coordinates": [
          [
            [
              142.5,
              43.0
            ],
            [
              142.75,
              43.0
            ],
            [
              142.75,
              43.25
            ],
            [
              142.5,
              43.25
            ],
            [
              142.5,
              43.0
            ]
          ]
        ]
      }
    },
    {
      "type": "Feature",
      "properties": {
        "cell_id": "r162c1291",
        "country": "Japan",
        "row_global": 162,
        "col_global": 1291,
        "longitude": 142.875,
        "latitude": 43.125
      },
      "geometry": {
        "type": "Polygon",
        "coordinates": [
          [
            [
              142.75,
              43.0
            ],
            [
              143.0,
              43.0
            ],
            [
              143.0,
              43.25
            ],
            [
              142.75,
              43.25
            ],
            [
              142.75,
              43.0
            ]
          ]
        ]
      }
    },
    {
      "type": "Feature",
      "properties": {
        "cell_id": "r162c1292",
        "country": "Japan",
        "row_global": 162,
        "col_global": 1292,
        "longitude": 143.125,
        "latitude": 43.125
      },
      "geometry": {
        "type": "Polygon",
        "coordinates": [
          [
            [
              143.0,
              43.0
            ],
            [
              143.25,
              43.0
            ],
            [
              143.25,
              43.25
            ],
            [
              143.0,
              43.25
            ],
            [
              143.0,
              43.0
            ]
          ]
        ]
      }
    },
    {
      "type": "Feature",
      "properties": {
        "cell_id": "r162c1293",
        "country": "Japan",
        "row_global": 162,
        "col_global": 1293,
        "longitude": 143.375,
        "latitude": 43.125
      },
      "geometry": {
        "type": "Polygon",
        "coordinates": [
          [
            [
              143.25,
              43.0
            ],
            [
              143.5,
              43.0
            ],
            [
              143.5,
              43.25
            ],
            [
              143.25,
              43.25
            ],
            [
              143.25,
              43.0
            ]
          ]
        ]
      }
    },
    {
      "type": "Feature",
      "properties": {
        "cell_id": "r162c1294",
        "country": "Japan",
        "row_global": 162,
        "col_global": 1294,
        "longitude": 143.625,
        "latitude": 43.125
      },
      "geometry": {
        "type": "Polygon",
        "coordinates": [
          [
            [
              143.5,
              43.0
            ],
            [
              143.75,
              43.0
            ],
            [
              143.75,
              43.25
            ],
            [
              143.5,
              43.25
            ],
            [
              143.5,
              43.0
            ]
          ]
        ]
      }
    },
    {
      "type": "Feature",
      "properties": {
        "cell_id": "r162c1295",
        "country": "Japan",
        "row_global": 162,
        "col_global": 1295,
        "longitude": 143.875,
        "latitude": 43.125
      },
      "geometry": {
        "type": "Polygon",
        "coordinates": [
          [
            [
              143.75,
              43.0
            ],
            [
              144.0,
              43.0
            ],
            [
              144.0,
              43.25
            ],
            [
              143.75,
              43.25
            ],
            [
              143.75,
              43.0
            ]
          ]
        ]
      }
    },
    {
      "type": "Feature",
      "properties": {
        "cell_id": "r162c1296",
        "country": "Japan",
        "row_global": 162,
        "col_global": 1296,
        "longitude": 144.125,
        "latitude": 43.125
      },
      "geometry": {
        "type": "Polygon",
        "coordinates": [
          [
            [
              144.0,
              43.0
            ],
            [
              144.25,
              43.0
            ],
            [
              144.25,
              43.25
            ],
            [
              144.0,
              43.25
            ],
            [
              144.0,
              43.0
            ]
          ]
        ]
      }
    },
    {
      "type": "Feature",
      "properties": {
        "cell_id": "r162c1297",
        "country": "Japan",
        "row_global": 162,
        "col_global": 1297,
        "longitude": 144.375,
        "latitude": 43.125
      },
      "geometry": {
        "type": "Polygon",
        "coordinates": [
          [
            [
              144.25,
              43.0
            ],
            [
              144.5,
              43.0
            ],
            [
              144.5,
              43.25
            ],
            [
              144.25,
              43.25
            ],
            [
              144.25,
              43.0
            ]
          ]
        ]
      }
    },
    {
      "type": "Feature",
      "properties": {
        "cell_id": "r162c1298",
        "country": "Japan",
        "row_global": 162,
        "col_global": 1298,
        "longitude": 144.625,
        "latitude": 43.125
      },
      "geometry": {
        "type": "Polygon",
        "coordinates": [
          [
            [
              144.5,
              43.0
            ],
            [
              144.75,
              43.0
            ],
            [
              144.75,
              43.25
            ],
            [
              144.5,
              43.25
            ],
            [
              144.5,
              43.0
            ]
          ]
        ]
      }
    },
    {
      "type": "Feature",
      "properties": {
        "cell_id": "r162c1299",
        "country": "Japan",
        "row_global": 162,
        "col_global": 1299,
        "longitude": 144.875,
        "latitude": 43.125
      },
      "geometry": {
        "type": "Polygon",
        "coordinates": [
          [
            [
              144.75,
              43.0
            ],
            [
              145.0,
              43.0
            ],
            [
              145.0,
              43.25
            ],
            [
              144.75,
              43.25
            ],
            [
              144.75,
              43.0
            ]
          ]
        ]
      }
    },
    {
      "type": "Feature",
      "properties": {
        "cell_id": "r162c1300",
        "country": "Japan",
        "row_global": 162,
        "col_global": 1300,
        "longitude": 145.125,
        "latitude": 43.125
      },
      "geometry": {
        "type": "Polygon",
        "coordinates": [
          [
            [
              145.0,
              43.0
            ],
            [
              145.25,
              43.0
            ],
            [
              145.25,
              43.25
            ],
            [
              145.0,
              43.25
            ],
            [
              145.0,
              43.0
            ]
          ]
        ]
      }
    },
    {
      "type": "Feature",
      "properties": {
        "cell_id": "r163c1281",
        "country": "Japan",
        "row_global": 163,
        "col_global": 1281,
        "longitude": 140.375,
        "latitude": 42.875
      },
      "geometry": {
        "type": "Polygon",
        "coordinates": [
          [
            [
              140.25,
              42.75
            ],
            [
              140.5,
              42.75
            ],
            [
              140.5,
              43.0
            ],
            [
              140.25,
              43.0
            ],
            [
              140.25,
              42.75
            ]
          ]
        ]
      }
    },
    {
      "type": "Feature",
      "properties": {
        "cell_id": "r163c1282",
        "country": "Japan",
        "row_global": 163,
        "col_global": 1282,
        "longitude": 140.625,
        "latitude": 42.875
      },
      "geometry": {
        "type": "Polygon",
        "coordinates": [
          [
            [
              140.5,
              42.75
            ],
            [
              140.75,
              42.75
            ],
            [
              140.75,
              43.0
            ],
            [
              140.5,
              43.0
            ],
            [
              140.5,
              42.75
            ]
          ]
        ]
      }
    },
    {
      "type": "Feature",
      "properties": {
        "cell_id": "r163c1283",
        "country": "Japan",
        "row_global": 163,
        "col_global": 1283,
        "longitude": 140.875,
        "latitude": 42.875
      },
      "geometry": {
        "type": "Polygon",
        "coordinates": [
          [
            [
              140.75,
              42.75
            ],
            [
              141.0,
              42.75
            ],
            [
              141.0,
              43.0
            ],
            [
              140.75,
              43.0
            ],
            [
              140.75,
              42.75
            ]
          ]
        ]
      }
    },
    {
      "type": "Feature",
      "properties": {
        "cell_id": "r163c1284",
        "country": "Japan",
        "row_global": 163,
        "col_global": 1284,
        "longitude": 141.125,
        "latitude": 42.875
      },
      "geometry": {
        "type": "Polygon",
        "coordinates": [
          [
            [
              141.0,
              42.75
            ],
            [
              141.25,
              42.75
            ],
            [
              141.25,
              43.0
            ],
            [
              141.0,
              43.0
            ],
            [
              141.0,
              42.75
            ]
          ]
        ]
      }
    },
    {
      "type": "Feature",
      "properties": {
        "cell_id": "r163c1285",
        "country": "Japan",
        "row_global": 163,
        "col_global": 1285,
        "longitude": 141.375,
        "latitude": 42.875
      },
      "geometry": {
        "type": "Polygon",
        "coordinates": [
          [
            [
              141.25,
              42.75
            ],
            [
              141.5,
              42.75
            ],
            [
              141.5,
              43.0
            ],
            [
              141.25,
              43.0
            ],
            [
              141.25,
              42.75
            ]
          ]
        ]
      }
    },
    {
      "type": "Feature",
      "properties": {
        "cell_id": "r163c1286",
        "country": "Japan",
        "row_global": 163,
        "col_global": 1286,
        "longitude": 141.625,
        "latitude": 42.875
      },
      "geometry": {
        "type": "Polygon",
        "coordinates": [
          [
            [
              141.5,
              42.75
            ],
            [
              141.75,
              42.75
            ],
            [
              141.75,
              43.0
            ],
            [
              141.5,
              43.0
            ],
            [
              141.5,
              42.75
            ]
          ]
        ]
      }
    },
    {
      "type": "Feature",
      "properties": {
        "cell_id": "r163c1287",
        "country": "Japan",
        "row_global": 163,
        "col_global": 1287,
        "longitude": 141.875,
        "latitude": 42.875
      },
      "geometry": {
        "type": "Polygon",
        "coordinates": [
          [
            [
              141.75,
              42.75
            ],
            [
              142.0,
              42.75
            ],
            [
              142.0,
              43.0
            ],
            [
              141.75,
              43.0
            ],
            [
              141.75,
              42.75
            ]
          ]
        ]
      }
    },
    {
      "type": "Feature",
      "properties": {
        "cell_id": "r163c1288",
        "country": "Japan",
        "row_global": 163,
        "col_global": 1288,
        "longitude": 142.125,
        "latitude": 42.875
      },
      "geometry": {
        "type": "Polygon",
        "coordinates": [
          [
            [
              142.0,
              42.75
            ],
            [
              142.25,
              42.75
            ],
            [
              142.25,
              43.0
            ],
            [
              142.0,
              43.0
            ],
            [
              142.0,
              42.75
            ]
          ]
        ]
      }
    },
    {
      "type": "Feature",
      "properties": {
        "cell_id": "r163c1289",
        "country": "Japan",
        "row_global": 163,
        "col_global": 1289,
        "longitude": 142.375,
        "latitude": 42.875
      },
      "geometry": {
        "type": "Polygon",
        "coordinates": [
          [
            [
              142.25,
              42.75
            ],
            [
              142.5,
              42.75
            ],
            [
              142.5,
              43.0
            ],
            [
              142.25,
              43.0
            ],
            [
              142.25,
              42.75
            ]
          ]
        ]
      }
    },
    {
      "type": "Feature",
      "properties": {
        "cell_id": "r163c1290",
        "country": "Japan",
        "row_global": 163,
        "col_global": 1290,
        "longitude": 142.625,
        "latitude": 42.875
      },
      "geometry": {
        "type": "Polygon",
        "coordinates": [
          [
            [
              142.5,
              42.75
            ],
            [
              142.75,
              42.75
            ],
            [
              142.75,
              43.0
            ],
            [
              142.5,
              43.0
            ],
            [
              142.5,
              42.75
            ]
          ]
        ]
      }
    },
    {
      "type": "Feature",
      "properties": {
        "cell_id": "r163c1291",
        "country": "Japan",
        "row_global": 163,
        "col_global": 1291,
        "longitude": 142.875,
        "latitude": 42.875
      },
      "geometry": {
        "type": "Polygon",
        "coordinates": [
          [
            [
              142.75,
              42.75
            ],
            [
              143.0,
              42.75
            ],
            [
              143.0,
              43.0
            ],
            [
              142.75,
              43.0
            ],
            [
              142.75,
              42.75
            ]
          ]
        ]
      }
    },
    {
      "type": "Feature",
      "properties": {
        "cell_id": "r163c1292",
        "country": "Japan",
        "row_global": 163,
        "col_global": 1292,
        "longitude": 143.125,
        "latitude": 42.875
      },
      "geometry": {
        "type": "Polygon",
        "coordinates": [
          [
            [
              143.0,
              42.75
            ],
            [
              143.25,
              42.75
            ],
            [
              143.25,
              43.0
            ],
            [
              143.0,
              43.0
            ],
            [
              143.0,
              42.75
            ]
          ]
        ]
      }
    },
    {
      "type": "Feature",
      "properties": {
        "cell_id": "r163c1293",
        "country": "Japan",
        "row_global": 163,
        "col_global": 1293,
        "longitude": 143.375,
        "latitude": 42.875
      },
      "geometry": {
        "type": "Polygon",
        "coordinates": [
          [
            [
              143.25,
              42.75
            ],
            [
              143.5,
              42.75
            ],
            [
              143.5,
              43.0
            ],
            [
              143.25,
              43.0
            ],
            [
              143.25,
              42.75
            ]
          ]
        ]
      }
    },
    {
      "type": "Feature",
      "properties": {
        "cell_id": "r163c1294",
        "country": "Japan",
        "row_global": 163,
        "col_global": 1294,
        "longitude": 143.625,
        "latitude": 42.875
      },
      "geometry": {
        "type": "Polygon",
        "coordinates": [
          [
            [
              143.5,
              42.75
            ],
            [
              143.75,
              42.75
            ],
            [
              143.75,
              43.0
            ],
            [
              143.5,
              43.0
            ],
            [
              143.5,
              42.75
            ]
          ]
        ]
      }
    },
    {
      "type": "Feature",
      "properties": {
        "cell_id": "r163c1295",
        "country": "Japan",
        "row_global": 163,
        "col_global": 1295,
        "longitude": 143.875,
        "latitude": 42.875
      },
      "geometry": {
        "type": "Polygon",
        "coordinates": [
          [
            [
              143.75,
              42.75
            ],
            [
              144.0,
              42.75
            ],
            [
              144.0,
              43.0
            ],
            [
              143.75,
              43.0
            ],
            [
              143.75,
              42.75
            ]
          ]
        ]
      }
    },
    {
      "type": "Feature",
      "properties": {
        "cell_id": "r164c1279",
        "country": "Japan",
        "row_global": 164,
        "col_global": 1279,
        "longitude": 139.875,
        "latitude": 42.625
      },
      "geometry": {
        "type": "Polygon",
        "coordinates": [
          [
            [
              139.75,
              42.5
            ],
            [
              140.0,
              42.5
            ],
            [
              140.0,
              42.75
            ],
            [
              139.75,
              42.75
            ],
            [
              139.75,
              42.5
            ]
          ]
        ]
      }
    },
    {
      "type": "Feature",
      "properties": {
        "cell_id": "r164c1280",
        "country": "Japan",
        "row_global": 164,
        "col_global": 1280,
        "longitude": 140.125,
        "latitude": 42.625
      },
      "geometry": {
        "type": "Polygon",
        "coordinates": [
          [
            [
              140.0,
              42.5
            ],
            [
              140.25,
              42.5
            ],
            [
              140.25,
              42.75
            ],
            [
              140.0,
              42.75
            ],
            [
              140.0,
              42.5
            ]
          ]
        ]
      }
    },
    {
      "type": "Feature",
      "properties": {
        "cell_id": "r164c1281",
        "country": "Japan",
        "row_global": 164,
        "col_global": 1281,
        "longitude": 140.375,
        "latitude": 42.625
      },
      "geometry": {
        "type": "Polygon",
        "coordinates": [
          [
            [
              140.25,
              42.5
            ],
            [
              140.5,
              42.5
            ],
            [
              140.5,
              42.75
            ],
            [
              140.25,
              42.75
            ],
            [
              140.25,
              42.5
            ]
          ]
        ]
      }
    },
    {
      "type": "Feature",
      "properties": {
        "cell_id": "r164c1282",
        "country": "Japan",
        "row_global": 164,
        "col_global": 1282,
        "longitude": 140.625,
        "latitude": 42.625
      },
      "geometry": {
        "type": "Polygon",
        "coordinates": [
          [
            [
              140.5,
              42.5
            ],
            [
              140.75,
              42.5
            ],
            [
              140.75,
              42.75
            ],
            [
              140.5,
              42.75
            ],
            [
              140.5,
              42.5
            ]
          ]
        ]
      }
    },
    {
      "type": "Feature",
      "properties": {
        "cell_id": "r164c1283",
        "country": "Japan",
        "row_global": 164,
        "col_global": 1283,
        "longitude": 140.875,
        "latitude": 42.625
      },
      "geometry": {
        "type": "Polygon",
        "coordinates": [
          [
            [
              140.75,
              42.5
            ],
            [
              141.0,
              42.5
            ],
            [
              141.0,
              42.75
            ],
            [
              140.75,
              42.75
            ],
            [
              140.75,
              42.5
            ]
          ]
        ]
      }
    },
    {
      "type": "Feature",
      "properties": {
        "cell_id": "r164c1284",
        "country": "Japan",
        "row_global": 164,
        "col_global": 1284,
        "longitude": 141.125,
        "latitude": 42.625
      },
      "geometry": {
        "type": "Polygon",
        "coordinates": [
          [
            [
              141.0,
              42.5
            ],
            [
              141.25,
              42.5
            ],
            [
              141.25,
              42.75
            ],
            [
              141.0,
              42.75
            ],
            [
              141.0,
              42.5
            ]
          ]
        ]
      }
    },
    {
      "type": "Feature",
      "properties": {
        "cell_id": "r164c1285",
        "country": "Japan",
        "row_global": 164,
        "col_global": 1285,
        "longitude": 141.375,
        "latitude": 42.625
      },
      "geometry": {
        "type": "Polygon",
        "coordinates": [
          [
            [
              141.25,
              42.5
            ],
            [
              141.5,
              42.5
            ],
            [
              141.5,
              42.75
            ],
            [
              141.25,
              42.75
            ],
            [
              141.25,
              42.5
            ]
          ]
        ]
      }
    },
    {
      "type": "Feature",
      "properties": {
        "cell_id": "r164c1286",
        "country": "Japan",
        "row_global": 164,
        "col_global": 1286,
        "longitude": 141.625,
        "latitude": 42.625
      },
      "geometry": {
        "type": "Polygon",
        "coordinates": [
          [
            [
              141.5,
              42.5
            ],
            [
              141.75,
              42.5
            ],
            [
              141.75,
              42.75
            ],
            [
              141.5,
              42.75
            ],
            [
              141.5,
              42.5
            ]
          ]
        ]
      }
    },
    {
      "type": "Feature",
      "properties": {
        "cell_id": "r164c1287",
        "country": "Japan",
        "row_global": 164,
        "col_global": 1287,
        "longitude": 141.875,
        "latitude": 42.625
      },
      "geometry": {
        "type": "Polygon",
        "coordinates": [
          [
            [
              141.75,
              42.5
            ],
            [
              142.0,
              42.5
            ],
            [
              142.0,
              42.75
            ],
            [
              141.75,
              42.75
            ],
            [
              141.75,
              42.5
            ]
          ]
        ]
      }
    },
    {
      "type": "Feature",
      "properties": {
        "cell_id": "r164c1288",
        "country": "Japan",
        "row_global": 164,
        "col_global": 1288,
        "longitude": 142.125,
        "latitude": 42.625
      },
      "geometry": {
        "type": "Polygon",
        "coordinates": [
          [
            [
              142.0,
              42.5
            ],
            [
              142.25,
              42.5
            ],
            [
              142.25,
              42.75
            ],
            [
              142.0,
              42.75
            ],
            [
              142.0,
              42.5
            ]
          ]
        ]
      }
    },
    {
      "type": "Feature",
      "properties": {
        "cell_id": "r164c1289",
        "country": "Japan",
        "row_global": 164,
        "col_global": 1289,
        "longitude": 142.375,
        "latitude": 42.625
      },
      "geometry": {
        "type": "Polygon",
        "coordinates": [
          [
            [
              142.25,
              42.5
            ],
            [
              142.5,
              42.5
            ],
            [
              142.5,
              42.75
            ],
            [
              142.25,
              42.75
            ],
            [
              142.25,
              42.5
            ]
          ]
        ]
      }
    },
    {
      "type": "Feature",
      "properties": {
        "cell_id": "r164c1290",
        "country": "Japan",
        "row_global": 164,
        "col_global": 1290,
        "longitude": 142.625,
        "latitude": 42.625
      },
      "geometry": {
        "type": "Polygon",
        "coordinates": [
          [
            [
              142.5,
              42.5
            ],
            [
              142.75,
              42.5
            ],
            [
              142.75,
              42.75
            ],
            [
              142.5,
              42.75
            ],
            [
              142.5,
              42.5
            ]
          ]
        ]
      }
    },
    {
      "type": "Feature",
      "properties": {
        "cell_id": "r164c1291",
        "country": "Japan",
        "row_global": 164,
        "col_global": 1291,
        "longitude": 142.875,
        "latitude": 42.625
      },
      "geometry": {
        "type": "Polygon",
        "coordinates": [
          [
            [
              142.75,
              42.5
            ],
            [
              143.0,
              42.5
            ],
            [
              143.0,
              42.75
            ],
            [
              142.75,
              42.75
            ],
            [
              142.75,
              42.5
            ]
          ]
        ]
      }
    },
    {
      "type": "Feature",
      "properties": {
        "cell_id": "r164c1292",
        "country": "Japan",
        "row_global": 164,
        "col_global": 1292,
        "longitude": 143.125,
        "latitude": 42.625
      },
      "geometry": {
        "type": "Polygon",
        "coordinates": [
          [
            [
              143.0,
              42.5
            ],
            [
              143.25,
              42.5
            ],
            [
              143.25,
              42.75
            ],
            [
              143.0,
              42.75
            ],
            [
              143.0,
              42.5
            ]
          ]
        ]
      }
    },
    {
      "type": "Feature",
      "properties": {
        "cell_id": "r164c1293",
        "country": "Japan",
        "row_global": 164,
        "col_global": 1293,
        "longitude": 143.375,
        "latitude": 42.625
      },
      "geometry": {
        "type": "Polygon",
        "coordinates": [
          [
            [
              143.25,
              42.5
            ],
            [
              143.5,
              42.5
            ],
            [
              143.5,
              42.75
            ],
            [
              143.25,
              42.75
            ],
            [
              143.25,
              42.5
            ]
          ]
        ]
      }
    },
    {
      "type": "Feature",
      "properties": {
        "cell_id": "r165c1279",
        "country": "Japan",
        "row_global": 165,
        "col_global": 1279,
        "longitude": 139.875,
        "latitude": 42.375
      },
      "geometry": {
        "type": "Polygon",
        "coordinates": [
          [
            [
              139.75,
              42.25
            ],
            [
              140.0,
              42.25
            ],
            [
              140.0,
              42.5
            ],
            [
              139.75,
              42.5
            ],
            [
              139.75,
              42.25
            ]
          ]
        ]
      }
    },
    {
      "type": "Feature",
      "properties": {
        "cell_id": "r165c1280",
        "country": "Japan",
        "row_global": 165,
        "col_global": 1280,
        "longitude": 140.125,
        "latitude": 42.375
      },
      "geometry": {
        "type": "Polygon",
        "coordinates": [
          [
            [
              140.0,
              42.25
            ],
            [
              140.25,
              42.25
            ],
            [
              140.25,
              42.5
            ],
            [
              140.0,
              42.5
            ],
            [
              140.0,
              42.25
            ]
          ]
        ]
      }
    },
    {
      "type": "Feature",
      "properties": {
        "cell_id": "r165c1289",
        "country": "Japan",
        "row_global": 165,
        "col_global": 1289,
        "longitude": 142.375,
        "latitude": 42.375
      },
      "geometry": {
        "type": "Polygon",
        "coordinates": [
          [
            [
              142.25,
              42.25
            ],
            [
              142.5,
              42.25
            ],
            [
              142.5,
              42.5
            ],
            [
              142.25,
              42.5
            ],
            [
              142.25,
              42.25
            ]
          ]
        ]
      }
    },
    {
      "type": "Feature",
      "properties": {
        "cell_id": "r165c1290",
        "country": "Japan",
        "row_global": 165,
        "col_global": 1290,
        "longitude": 142.625,
        "latitude": 42.375
      },
      "geometry": {
        "type": "Polygon",
        "coordinates": [
          [
            [
              142.5,
              42.25
            ],
            [
              142.75,
              42.25
            ],
            [
              142.75,
              42.5
            ],
            [
              142.5,
              42.5
            ],
            [
              142.5,
              42.25
            ]
          ]
        ]
      }
    },
    {
      "type": "Feature",
      "properties": {
        "cell_id": "r165c1291",
        "country": "Japan",
        "row_global": 165,
        "col_global": 1291,
        "longitude": 142.875,
        "latitude": 42.375
      },
      "geometry": {
        "type": "Polygon",
        "coordinates": [
          [
            [
              142.75,
              42.25
            ],
            [
              143.0,
              42.25
            ],
            [
              143.0,
              42.5
            ],
            [
              142.75,
              42.5
            ],
            [
              142.75,
              42.25
            ]
          ]
        ]
      }
    },
    {
      "type": "Feature",
      "properties": {
        "cell_id": "r165c1292",
        "country": "Japan",
        "row_global": 165,
        "col_global": 1292,
        "longitude": 143.125,
        "latitude": 42.375
      },
      "geometry": {
        "type": "Polygon",
        "coordinates": [
          [
            [
              143.0,
              42.25
            ],
            [
              143.25,
              42.25
            ],
            [
              143.25,
              42.5
            ],
            [
              143.0,
              42.5
            ],
            [
              143.0,
              42.25
            ]
          ]
        ]
      }
    },
    {
      "type": "Feature",
      "properties": {
        "cell_id": "r165c1293",
        "country": "Japan",
        "row_global": 165,
        "col_global": 1293,
        "longitude": 143.375,
        "latitude": 42.375
      },
      "geometry": {
        "type": "Polygon",
        "coordinates": [
          [
            [
              143.25,
              42.25
            ],
            [
              143.5,
              42.25
            ],
            [
              143.5,
              42.5
            ],
            [
              143.25,
              42.5
            ],
            [
              143.25,
              42.25
            ]
          ]
        ]
      }
    },
    {
      "type": "Feature",
      "properties": {
        "cell_id": "r166c1280",
        "country": "Japan",
        "row_global": 166,
        "col_global": 1280,
        "longitude": 140.125,
        "latitude": 42.125
      },
      "geometry": {
        "type": "Polygon",
        "coordinates": [
          [
            [
              140.0,
              42.0
            ],
            [
              140.25,
              42.0
            ],
            [
              140.25,
              42.25
            ],
            [
              140.0,
              42.25
            ],
            [
              140.0,
              42.0
            ]
          ]
        ]
      }
    },
    {
      "type": "Feature",
      "properties": {
        "cell_id": "r166c1281",
        "country": "Japan",
        "row_global": 166,
        "col_global": 1281,
        "longitude": 140.375,
        "latitude": 42.125
      },
      "geometry": {
        "type": "Polygon",
        "coordinates": [
          [
            [
              140.25,
              42.0
            ],
            [
              140.5,
              42.0
            ],
            [
              140.5,
              42.25
            ],
            [
              140.25,
              42.25
            ],
            [
              140.25,
              42.0
            ]
          ]
        ]
      }
    },
    {
      "type": "Feature",
      "properties": {
        "cell_id": "r166c1292",
        "country": "Japan",
        "row_global": 166,
        "col_global": 1292,
        "longitude": 143.125,
        "latitude": 42.125
      },
      "geometry": {
        "type": "Polygon",
        "coordinates": [
          [
            [
              143.0,
              42.0
            ],
            [
              143.25,
              42.0
            ],
            [
              143.25,
              42.25
            ],
            [
              143.0,
              42.25
            ],
            [
              143.0,
              42.0
            ]
          ]
        ]
      }
    },
    {
      "type": "Feature",
      "properties": {
        "cell_id": "r167c1281",
        "country": "Japan",
        "row_global": 167,
        "col_global": 1281,
        "longitude": 140.375,
        "latitude": 41.875
      },
      "geometry": {
        "type": "Polygon",
        "coordinates": [
          [
            [
              140.25,
              41.75
            ],
            [
              140.5,
              41.75
            ],
            [
              140.5,
              42.0
            ],
            [
              140.25,
              42.0
            ],
            [
              140.25,
              41.75
            ]
          ]
        ]
      }
    },
    {
      "type": "Feature",
      "properties": {
        "cell_id": "r167c1282",
        "country": "Japan",
        "row_global": 167,
        "col_global": 1282,
        "longitude": 140.625,
        "latitude": 41.875
      },
      "geometry": {
        "type": "Polygon",
        "coordinates": [
          [
            [
              140.5,
              41.75
            ],
            [
              140.75,
              41.75
            ],
            [
              140.75,
              42.0
            ],
            [
              140.5,
              42.0
            ],
            [
              140.5,
              41.75
            ]
          ]
        ]
      }
    },
    {
      "type": "Feature",
      "properties": {
        "cell_id": "r167c1283",
        "country": "Japan",
        "row_global": 167,
        "col_global": 1283,
        "longitude": 140.875,
        "latitude": 41.875
      },
      "geometry": {
        "type": "Polygon",
        "coordinates": [
          [
            [
              140.75,
              41.75
            ],
            [
              141.0,
              41.75
            ],
            [
              141.0,
              42.0
            ],
            [
              140.75,
              42.0
            ],
            [
              140.75,
              41.75
            ]
          ]
        ]
      }
    },
    {
      "type": "Feature",
      "properties": {
        "cell_id": "r168c1280",
        "country": "Japan",
        "row_global": 168,
        "col_global": 1280,
        "longitude": 140.125,
        "latitude": 41.625
      },
      "geometry": {
        "type": "Polygon",
        "coordinates": [
          [
            [
              140.0,
              41.5
            ],
            [
              140.25,
              41.5
            ],
            [
              140.25,
              41.75
            ],
            [
              140.0,
              41.75
            ],
            [
              140.0,
              41.5
            ]
          ]
        ]
      }
    },
    {
      "type": "Feature",
      "properties": {
        "cell_id": "r168c1281",
        "country": "Japan",
        "row_global": 168,
        "col_global": 1281,
        "longitude": 140.375,
        "latitude": 41.625
      },
      "geometry": {
        "type": "Polygon",
        "coordinates": [
          [
            [
              140.25,
              41.5
            ],
            [
              140.5,
              41.5
            ],
            [
              140.5,
              41.75
            ],
            [
              140.25,
              41.75
            ],
            [
              140.25,
              41.5
            ]
          ]
        ]
      }
    },
    {
      "type": "Feature",
      "properties": {
        "cell_id": "r169c1283",
        "country": "Japan",
        "row_global": 169,
        "col_global": 1283,
        "longitude": 140.875,
        "latitude": 41.375
      },
      "geometry": {
        "type": "Polygon",
        "coordinates": [
          [
            [
              140.75,
              41.25
            ],
            [
              141.0,
              41.25
            ],
            [
              141.0,
              41.5
            ],
            [
              140.75,
              41.5
            ],
            [
              140.75,
              41.25
            ]
          ]
        ]
      }
    },
    {
      "type": "Feature",
      "properties": {
        "cell_id": "r169c1284",
        "country": "Japan",
        "row_global": 169,
        "col_global": 1284,
        "longitude": 141.125,
        "latitude": 41.375
      },
      "geometry": {
        "type": "Polygon",
        "coordinates": [
          [
            [
              141.0,
              41.25
            ],
            [
              141.25,
              41.25
            ],
            [
              141.25,
              41.5
            ],
            [
              141.0,
              41.5
            ],
            [
              141.0,
              41.25
            ]
          ]
        ]
      }
    },
    {
      "type": "Feature",
      "properties": {
        "cell_id": "r170c1281",
        "country": "Japan",
        "row_global": 170,
        "col_global": 1281,
        "longitude": 140.375,
        "latitude": 41.125
      },
      "geometry": {
        "type": "Polygon",
        "coordinates": [
          [
            [
              140.25,
              41.0
            ],
            [
              140.5,
              41.0
            ],
            [
              140.5,
              41.25
            ],
            [
              140.25,
              41.25
            ],
            [
              140.25,
              41.0
            ]
          ]
        ]
      }
    },
    {
      "type": "Feature",
      "properties": {
        "cell_id": "r170c1282",
        "country": "Japan",
        "row_global": 170,
        "col_global": 1282,
        "longitude": 140.625,
        "latitude": 41.125
      },
      "geometry": {
        "type": "Polygon",
        "coordinates": [
          [
            [
              140.5,
              41.0
            ],
            [
              140.75,
              41.0
            ],
            [
              140.75,
              41.25
            ],
            [
              140.5,
              41.25
            ],
            [
              140.5,
              41.0
            ]
          ]
        ]
      }
    },
    {
      "type": "Feature",
      "properties": {
        "cell_id": "r170c1285",
        "country": "Japan",
        "row_global": 170,
        "col_global": 1285,
        "longitude": 141.375,
        "latitude": 41.125
      },
      "geometry": {
        "type": "Polygon",
        "coordinates": [
          [
            [
              141.25,
              41.0
            ],
            [
              141.5,
              41.0
            ],
            [
              141.5,
              41.25
            ],
            [
              141.25,
              41.25
            ],
            [
              141.25,
              41.0
            ]
          ]
        ]
      }
    },
    {
      "type": "Feature",
      "properties": {
        "cell_id": "r171c1281",
        "country": "Japan",
        "row_global": 171,
        "col_global": 1281,
        "longitude": 140.375,
        "latitude": 40.875
      },
      "geometry": {
        "type": "Polygon",
        "coordinates": [
          [
            [
              140.25,
              40.75
            ],
            [
              140.5,
              40.75
            ],
            [
              140.5,
              41.0
            ],
            [
              140.25,
              41.0
            ],
            [
              140.25,
              40.75
            ]
          ]
        ]
      }
    },
    {
      "type": "Feature",
      "properties": {
        "cell_id": "r171c1282",
        "country": "Japan",
        "row_global": 171,
        "col_global": 1282,
        "longitude": 140.625,
        "latitude": 40.875
      },
      "geometry": {
        "type": "Polygon",
        "coordinates": [
          [
            [
              140.5,
              40.75
            ],
            [
              140.75,
              40.75
            ],
            [
              140.75,
              41.0
            ],
            [
              140.5,
              41.0
            ],
            [
              140.5,
              40.75
            ]
          ]
        ]
      }
    },
    {
      "type": "Feature",
      "properties": {
        "cell_id": "r171c1283",
        "country": "Japan",
        "row_global": 171,
        "col_global": 1283,
        "longitude": 140.875,
        "latitude": 40.875
      },
      "geometry": {
        "type": "Polygon",
        "coordinates": [
          [
            [
              140.75,
              40.75
            ],
            [
              141.0,
              40.75
            ],
            [
              141.0,
              41.0
            ],
            [
              140.75,
              41.0
            ],
            [
              140.75,
              40.75
            ]
          ]
        ]
      }
    },
    {
      "type": "Feature",
      "properties": {
        "cell_id": "r171c1285",
        "country": "Japan",
        "row_global": 171,
        "col_global": 1285,
        "longitude": 141.375,
        "latitude": 40.875
      },
      "geometry": {
        "type": "Polygon",
        "coordinates": [
          [
            [
              141.25,
              40.75
            ],
            [
              141.5,
              40.75
            ],
            [
              141.5,
              41.0
            ],
            [
              141.25,
              41.0
            ],
            [
              141.25,
              40.75
            ]
          ]
        ]
      }
    },
    {
      "type": "Feature",
      "properties": {
        "cell_id": "r172c1280",
        "country": "Japan",
        "row_global": 172,
        "col_global": 1280,
        "longitude": 140.125,
        "latitude": 40.625
      },
      "geometry": {
        "type": "Polygon",
        "coordinates": [
          [
            [
              140.0,
              40.5
            ],
            [
              140.25,
              40.5
            ],
            [
              140.25,
              40.75
            ],
            [
              140.0,
              40.75
            ],
            [
              140.0,
              40.5
            ]
          ]
        ]
      }
    },
    {
      "type": "Feature",
      "properties": {
        "cell_id": "r172c1281",
        "country": "Japan",
        "row_global": 172,
        "col_global": 1281,
        "longitude": 140.375,
        "latitude": 40.625
      },
      "geometry": {
        "type": "Polygon",
        "coordinates": [
          [
            [
              140.25,
              40.5
            ],
            [
              140.5,
              40.5
            ],
            [
              140.5,
              40.75
            ],
            [
              140.25,
              40.75
            ],
            [
              140.25,
              40.5
            ]
          ]
        ]
      }
    },
    {
      "type": "Feature",
      "properties": {
        "cell_id": "r172c1282",
        "country": "Japan",
        "row_global": 172,
        "col_global": 1282,
        "longitude": 140.625,
        "latitude": 40.625
      },
      "geometry": {
        "type": "Polygon",
        "coordinates": [
          [
            [
              140.5,
              40.5
            ],
            [
              140.75,
              40.5
            ],
            [
              140.75,
              40.75
            ],
            [
              140.5,
              40.75
            ],
            [
              140.5,
              40.5
            ]
          ]
        ]
      }
    },
    {
      "type": "Feature",
      "properties": {
        "cell_id": "r172c1283",
        "country": "Japan",
        "row_global": 172,
        "col_global": 1283,
        "longitude": 140.875,
        "latitude": 40.625
      },
      "geometry": {
        "type": "Polygon",
        "coordinates": [
          [
            [
              140.75,
              40.5
            ],
            [
              141.0,
              40.5
            ],
            [
              141.0,
              40.75
            ],
            [
              140.75,
              40.75
            ],
            [
              140.75,
              40.5
            ]
          ]
        ]
      }
    },
    {
      "type": "Feature",
      "properties": {
        "cell_id": "r172c1284",
        "country": "Japan",
        "row_global": 172,
        "col_global": 1284,
        "longitude": 141.125,
        "latitude": 40.625
      },
      "geometry": {
        "type": "Polygon",
        "coordinates": [
          [
            [
              141.0,
              40.5
            ],
            [
              141.25,
              40.5
            ],
            [
              141.25,
              40.75
            ],
            [
              141.0,
              40.75
            ],
            [
              141.0,
              40.5
            ]
          ]
        ]
      }
    },
    {
      "type": "Feature",
      "properties": {
        "cell_id": "r172c1285",
        "country": "Japan",
        "row_global": 172,
        "col_global": 1285,
        "longitude": 141.375,
        "latitude": 40.625
      },
      "geometry": {
        "type": "Polygon",
        "coordinates": [
          [
            [
              141.25,
              40.5
            ],
            [
              141.5,
              40.5
            ],
            [
              141.5,
              40.75
            ],
            [
              141.25,
              40.75
            ],
            [
              141.25,
              40.5
            ]
          ]
        ]
      }
    },
    {
      "type": "Feature",
      "properties": {
        "cell_id": "r173c1280",
        "country": "Japan",
        "row_global": 173,
        "col_global": 1280,
        "longitude": 140.125,
        "latitude": 40.375
      },
      "geometry": {
        "type": "Polygon",
        "coordinates": [
          [
            [
              140.0,
              40.25
            ],
            [
              140.25,
              40.25
            ],
            [
              140.25,
              40.5
            ],
            [
              140.0,
              40.5
            ],
            [
              140.0,
              40.25
            ]
          ]
        ]
      }
    },
    {
      "type": "Feature",
      "properties": {
        "cell_id": "r173c1281",
        "country": "Japan",
        "row_global": 173,
        "col_global": 1281,
        "longitude": 140.375,
        "latitude": 40.375
      },
      "geometry": {
        "type": "Polygon",
        "coordinates": [
          [
            [
              140.25,
              40.25
            ],
            [
              140.5,
              40.25
            ],
            [
              140.5,
              40.5
            ],
            [
              140.25,
              40.5
            ],
            [
              140.25,
              40.25
            ]
          ]
        ]
      }
    },
    {
      "type": "Feature",
      "properties": {
        "cell_id": "r173c1282",
        "country": "Japan",
        "row_global": 173,
        "col_global": 1282,
        "longitude": 140.625,
        "latitude": 40.375
      },
      "geometry": {
        "type": "Polygon",
        "coordinates": [
          [
            [
              140.5,
              40.25
            ],
            [
              140.75,
              40.25
            ],
            [
              140.75,
              40.5
            ],
            [
              140.5,
              40.5
            ],
            [
              140.5,
              40.25
            ]
          ]
        ]
      }
    },
    {
      "type": "Feature",
      "properties": {
        "cell_id": "r173c1283",
        "country": "Japan",
        "row_global": 173,
        "col_global": 1283,
        "longitude": 140.875,
        "latitude": 40.375
      },
      "geometry": {
        "type": "Polygon",
        "coordinates": [
          [
            [
              140.75,
              40.25
            ],
            [
              141.0,
              40.25
            ],
            [
              141.0,
              40.5
            ],
            [
              140.75,
              40.5
            ],
            [
              140.75,
              40.25
            ]
          ]
        ]
      }
    },
    {
      "type": "Feature",
      "properties": {
        "cell_id": "r173c1284",
        "country": "Japan",
        "row_global": 173,
        "col_global": 1284,
        "longitude": 141.125,
        "latitude": 40.375
      },
      "geometry": {
        "type": "Polygon",
        "coordinates": [
          [
            [
              141.0,
              40.25
            ],
            [
              141.25,
              40.25
            ],
            [
              141.25,
              40.5
            ],
            [
              141.0,
              40.5
            ],
            [
              141.0,
              40.25
            ]
          ]
        ]
      }
    },
    {
      "type": "Feature",
      "properties": {
        "cell_id": "r173c1285",
        "country": "Japan",
        "row_global": 173,
        "col_global": 1285,
        "longitude": 141.375,
        "latitude": 40.375
      },
      "geometry": {
        "type": "Polygon",
        "coordinates": [
          [
            [
              141.25,
              40.25
            ],
            [
              141.5,
              40.25
            ],
            [
              141.5,
              40.5
            ],
            [
              141.25,
              40.5
            ],
            [
              141.25,
              40.25
            ]
          ]
        ]
      }
    },
    {
      "type": "Feature",
      "properties": {
        "cell_id": "r173c1286",
        "country": "Japan",
        "row_global": 173,
        "col_global": 1286,
        "longitude": 141.625,
        "latitude": 40.375
      },
      "geometry": {
        "type": "Polygon",
        "coordinates": [
          [
            [
              141.5,
              40.25
            ],
            [
              141.75,
              40.25
            ],
            [
              141.75,
              40.5
            ],
            [
              141.5,
              40.5
            ],
            [
              141.5,
              40.25
            ]
          ]
        ]
      }
    },
    {
      "type": "Feature",
      "properties": {
        "cell_id": "r174c1280",
        "country": "Japan",
        "row_global": 174,
        "col_global": 1280,
        "longitude": 140.125,
        "latitude": 40.125
      },
      "geometry": {
        "type": "Polygon",
        "coordinates": [
          [
            [
              140.0,
              40.0
            ],
            [
              140.25,
              40.0
            ],
            [
              140.25,
              40.25
            ],
            [
              140.0,
              40.25
            ],
            [
              140.0,
              40.0
            ]
          ]
        ]
      }
    },
    {
      "type": "Feature",
      "properties": {
        "cell_id": "r174c1281",
        "country": "Japan",
        "row_global": 174,
        "col_global": 1281,
        "longitude": 140.375,
        "latitude": 40.125
      },
      "geometry": {
        "type": "Polygon",
        "coordinates": [
          [
            [
              140.25,
              40.0
            ],
            [
              140.5,
              40.0
            ],
            [
              140.5,
              40.25
            ],
            [
              140.25,
              40.25
            ],
            [
              140.25,
              40.0
            ]
          ]
        ]
      }
    },
    {
      "type": "Feature",
      "properties": {
        "cell_id": "r174c1282",
        "country": "Japan",
        "row_global": 174,
        "col_global": 1282,
        "longitude": 140.625,
        "latitude": 40.125
      },
      "geometry": {
        "type": "Polygon",
        "coordinates": [
          [
            [
              140.5,
              40.0
            ],
            [
              140.75,
              40.0
            ],
            [
              140.75,
              40.25
            ],
            [
              140.5,
              40.25
            ],
            [
              140.5,
              40.0
            ]
          ]
        ]
      }
    },
    {
      "type": "Feature",
      "properties": {
        "cell_id": "r174c1283",
        "country": "Japan",
        "row_global": 174,
        "col_global": 1283,
        "longitude": 140.875,
        "latitude": 40.125
      },
      "geometry": {
        "type": "Polygon",
        "coordinates": [
          [
            [
              140.75,
              40.0
            ],
            [
              141.0,
              40.0
            ],
            [
              141.0,
              40.25
            ],
            [
              140.75,
              40.25
            ],
            [
              140.75,
              40.0
            ]
          ]
        ]
      }
    },
    {
      "type": "Feature",
      "properties": {
        "cell_id": "r174c1284",
        "country": "Japan",
        "row_global": 174,
        "col_global": 1284,
        "longitude": 141.125,
        "latitude": 40.125
      },
      "geometry": {
        "type": "Polygon",
        "coordinates": [
          [
            [
              141.0,
              40.0
            ],
            [
              141.25,
              40.0
            ],
            [
              141.25,
              40.25
            ],
            [
              141.0,
              40.25
            ],
            [
              141.0,
              40.0
            ]
          ]
        ]
      }
    },
    {
      "type": "Feature",
      "properties": {
        "cell_id": "r174c1285",
        "country": "Japan",
        "row_global": 174,
        "col_global": 1285,
        "longitude": 141.375,
        "latitude": 40.125
      },
      "geometry": {
        "type": "Polygon",
        "coordinates": [
          [
            [
              141.25,
              40.0
            ],
            [
              141.5,
              40.0
            ],
            [
              141.5,
              40.25
            ],
            [
              141.25,
              40.25
            ],
            [
              141.25,
              40.0
            ]
          ]
        ]
      }
    },
    {
      "type": "Feature",
      "properties": {
        "cell_id": "r174c1286",
        "country": "Japan",
        "row_global": 174,
        "col_global": 1286,
        "longitude": 141.625,
        "latitude": 40.125
      },
      "geometry": {
        "type": "Polygon",
        "coordinates": [
          [
            [
              141.5,
              40.0
            ],
            [
              141.75,
              40.0
            ],
            [
              141.75,
              40.25
            ],
            [
              141.5,
              40.25
            ],
            [
              141.5,
              40.0
            ]
          ]
        ]
      }
    },
    {
      "type": "Feature",
      "properties": {
        "cell_id": "r175c1280",
        "country": "Japan",
        "row_global": 175,
        "col_global": 1280,
        "longitude": 140.125,
        "latitude": 39.875
      },
      "geometry": {
        "type": "Polygon",
        "coordinates": [
          [
            [
              140.0,
              39.75
            ],
            [
              140.25,
              39.75
            ],
            [
              140.25,
              40.0
            ],
            [
              140.0,
              40.0
            ],
            [
              140.0,
              39.75
            ]
          ]
        ]
      }
    },
    {
      "type": "Feature",
      "properties": {
        "cell_id": "r175c1281",
        "country": "Japan",
        "row_global": 175,
        "col_global": 1281,
        "longitude": 140.375,
        "latitude": 39.875
      },
      "geometry": {
        "type": "Polygon",
        "coordinates": [
          [
            [
              140.25,
              39.75
            ],
            [
              140.5,
              39.75
            ],
            [
              140.5,
              40.0
            ],
            [
              140.25,
              40.0
            ],
            [
              140.25,
              39.75
            ]
          ]
        ]
      }
    },
    {
      "type": "Feature",
      "properties": {
        "cell_id": "r175c1282",
        "country": "Japan",
        "row_global": 175,
        "col_global": 1282,
        "longitude": 140.625,
        "latitude": 39.875
      },
      "geometry": {
        "type": "Polygon",
        "coordinates": [
          [
            [
              140.5,
              39.75
            ],
            [
              140.75,
              39.75
            ],
            [
              140.75,
              40.0
            ],
            [
              140.5,
              40.0
            ],
            [
              140.5,
              39.75
            ]
          ]
        ]
      }
    },
    {
      "type": "Feature",
      "properties": {
        "cell_id": "r175c1283",
        "country": "Japan",
        "row_global": 175,
        "col_global": 1283,
        "longitude": 140.875,
        "latitude": 39.875
      },
      "geometry": {
        "type": "Polygon",
        "coordinates": [
          [
            [
              140.75,
              39.75
            ],
            [
              141.0,
              39.75
            ],
            [
              141.0,
              40.0
            ],
            [
              140.75,
              40.0
            ],
            [
              140.75,
              39.75
            ]
          ]
        ]
      }
    },
    {
      "type": "Feature",
      "properties": {
        "cell_id": "r175c1284",
        "country": "Japan",
        "row_global": 175,
        "col_global": 1284,
        "longitude": 141.125,
        "latitude": 39.875
      },
      "geometry": {
        "type": "Polygon",
        "coordinates": [
          [
            [
              141.0,
              39.75
            ],
            [
              141.25,
              39.75
            ],
            [
              141.25,
              40.0
            ],
            [
              141.0,
              40.0
            ],
            [
              141.0,
              39.75
            ]
          ]
        ]
      }
    },
    {
      "type": "Feature",
      "properties": {
        "cell_id": "r175c1285",
        "country": "Japan",
        "row_global": 175,
        "col_global": 1285,
        "longitude": 141.375,
        "latitude": 39.875
      },
      "geometry": {
        "type": "Polygon",
        "coordinates": [
          [
            [
              141.25,
              39.75
            ],
            [
              141.5,
              39.75
            ],
            [
              141.5,
              40.0
            ],
            [
              141.25,
              40.0
            ],
            [
              141.25,
              39.75
            ]
          ]
        ]
      }
    },
    {
      "type": "Feature",
      "properties": {
        "cell_id": "r175c1286",
        "country": "Japan",
        "row_global": 175,
        "col_global": 1286,
        "longitude": 141.625,
        "latitude": 39.875
      },
      "geometry": {
        "type": "Polygon",
        "coordinates": [
          [
            [
              141.5,
              39.75
            ],
            [
              141.75,
              39.75
            ],
            [
              141.75,
              40.0
            ],
            [
              141.5,
              40.0
            ],
            [
              141.5,
              39.75
            ]
          ]
        ]
      }
    },
    {
      "type": "Feature",
      "properties": {
        "cell_id": "r175c1287",
        "country": "Japan",
        "row_global": 175,
        "col_global": 1287,
        "longitude": 141.875,
        "latitude": 39.875
      },
      "geometry": {
        "type": "Polygon",
        "coordinates": [
          [
            [
              141.75,
              39.75
            ],
            [
              142.0,
              39.75
            ],
            [
              142.0,
              40.0
            ],
            [
              141.75,
              40.0
            ],
            [
              141.75,
              39.75
            ]
          ]
        ]
      }
    },
    {
      "type": "Feature",
      "properties": {
        "cell_id": "r176c1280",
        "country": "Japan",
        "row_global": 176,
        "col_global": 1280,
        "longitude": 140.125,
        "latitude": 39.625
      },
      "geometry": {
        "type": "Polygon",
        "coordinates": [
          [
            [
              140.0,
              39.5
            ],
            [
              140.25,
              39.5
            ],
            [
              140.25,
              39.75
            ],
            [
              140.0,
              39.75
            ],
            [
              140.0,
              39.5
            ]
          ]
        ]
      }
    },
    {
      "type": "Feature",
      "properties": {
        "cell_id": "r176c1281",
        "country": "Japan",
        "row_global": 176,
        "col_global": 1281,
        "longitude": 140.375,
        "latitude": 39.625
      },
      "geometry": {
        "type": "Polygon",
        "coordinates": [
          [
            [
              140.25,
              39.5
            ],
            [
              140.5,
              39.5
            ],
            [
              140.5,
              39.75
            ],
            [
              140.25,
              39.75
            ],
            [
              140.25,
              39.5
            ]
          ]
        ]
      }
    },
    {
      "type": "Feature",
      "properties": {
        "cell_id": "r176c1282",
        "country": "Japan",
        "row_global": 176,
        "col_global": 1282,
        "longitude": 140.625,
        "latitude": 39.625
      },
      "geometry": {
        "type": "Polygon",
        "coordinates": [
          [
            [
              140.5,
              39.5
            ],
            [
              140.75,
              39.5
            ],
            [
              140.75,
              39.75
            ],
            [
              140.5,
              39.75
            ],
            [
              140.5,
              39.5
            ]
          ]
        ]
      }
    },
    {
      "type": "Feature",
      "properties": {
        "cell_id": "r176c1283",
        "country": "Japan",
        "row_global": 176,
        "col_global": 1283,
        "longitude": 140.875,
        "latitude": 39.625
      },
      "geometry": {
        "type": "Polygon",
        "coordinates": [
          [
            [
              140.75,
              39.5
            ],
            [
              141.0,
              39.5
            ],
            [
              141.0,
              39.75
            ],
            [
              140.75,
              39.75
            ],
            [
              140.75,
              39.5
            ]
          ]
        ]
      }
    },
    {
      "type": "Feature",
      "properties": {
        "cell_id": "r176c1284",
        "country": "Japan",
        "row_global": 176,
        "col_global": 1284,
        "longitude": 141.125,
        "latitude": 39.625
      },
      "geometry": {
        "type": "Polygon",
        "coordinates": [
          [
            [
              141.0,
              39.5
            ],
            [
              141.25,
              39.5
            ],
            [
              141.25,
              39.75
            ],
            [
              141.0,
              39.75
            ],
            [
              141.0,
              39.5
            ]
          ]
        ]
      }
    },
    {
      "type": "Feature",
      "properties": {
        "cell_id": "r176c1285",
        "country": "Japan",
        "row_global": 176,
        "col_global": 1285,
        "longitude": 141.375,
        "latitude": 39.625
      },
      "geometry": {
        "type": "Polygon",
        "coordinates": [
          [
            [
              141.25,
              39.5
            ],
            [
              141.5,
              39.5
            ],
            [
              141.5,
              39.75
            ],
            [
              141.25,
              39.75
            ],
            [
              141.25,
              39.5
            ]
          ]
        ]
      }
    },
    {
      "type": "Feature",
      "properties": {
        "cell_id": "r176c1286",
        "country": "Japan",
        "row_global": 176,
        "col_global": 1286,
        "longitude": 141.625,
        "latitude": 39.625
      },
      "geometry": {
        "type": "Polygon",
        "coordinates": [
          [
            [
              141.5,
              39.5
            ],
            [
              141.75,
              39.5
            ],
            [
              141.75,
              39.75
            ],
            [
              141.5,
              39.75
            ],
            [
              141.5,
              39.5
            ]
          ]
        ]
      }
    },
    {
      "type": "Feature",
      "properties": {
        "cell_id": "r176c1287",
        "country": "Japan",
        "row_global": 176,
        "col_global": 1287,
        "longitude": 141.875,
        "latitude": 39.625
      },
      "geometry": {
        "type": "Polygon",
        "coordinates": [
          [
            [
              141.75,
              39.5
            ],
            [
              142.0,
              39.5
            ],
            [
              142.0,
              39.75
            ],
            [
              141.75,
              39.75
            ],
            [
              141.75,
              39.5
            ]
          ]
        ]
      }
    },
    {
      "type": "Feature",
      "properties": {
        "cell_id": "r177c1280",
        "country": "Japan",
        "row_global": 177,
        "col_global": 1280,
        "longitude": 140.125,
        "latitude": 39.375
      },
      "geometry": {
        "type": "Polygon",
        "coordinates": [
          [
            [
              140.0,
              39.25
            ],
            [
              140.25,
              39.25
            ],
            [
              140.25,
              39.5
            ],
            [
              140.0,
              39.5
            ],
            [
              140.0,
              39.25
            ]
          ]
        ]
      }
    },
    {
      "type": "Feature",
      "properties": {
        "cell_id": "r177c1281",
        "country": "Japan",
        "row_global": 177,
        "col_global": 1281,
        "longitude": 140.375,
        "latitude": 39.375
      },
      "geometry": {
        "type": "Polygon",
        "coordinates": [
          [
            [
              140.25,
              39.25
            ],
            [
              140.5,
              39.25
            ],
            [
              140.5,
              39.5
            ],
            [
              140.25,
              39.5
            ],
            [
              140.25,
              39.25
            ]
          ]
        ]
      }
    },
    {
      "type": "Feature",
      "properties": {
        "cell_id": "r177c1282",
        "country": "Japan",
        "row_global": 177,
        "col_global": 1282,
        "longitude": 140.625,
        "latitude": 39.375
      },
      "geometry": {
        "type": "Polygon",
        "coordinates": [
          [
            [
              140.5,
              39.25
            ],
            [
              140.75,
              39.25
            ],
            [
              140.75,
              39.5
            ],
            [
              140.5,
              39.5
            ],
            [
              140.5,
              39.25
            ]
          ]
        ]
      }
    },
    {
      "type": "Feature",
      "properties": {
        "cell_id": "r177c1283",
        "country": "Japan",
        "row_global": 177,
        "col_global": 1283,
        "longitude": 140.875,
        "latitude": 39.375
      },
      "geometry": {
        "type": "Polygon",
        "coordinates": [
          [
            [
              140.75,
              39.25
            ],
            [
              141.0,
              39.25
            ],
            [
              141.0,
              39.5
            ],
            [
              140.75,
              39.5
            ],
            [
              140.75,
              39.25
            ]
          ]
        ]
      }
    },
    {
      "type": "Feature",
      "properties": {
        "cell_id": "r177c1284",
        "country": "Japan",
        "row_global": 177,
        "col_global": 1284,
        "longitude": 141.125,
        "latitude": 39.375
      },
      "geometry": {
        "type": "Polygon",
        "coordinates": [
          [
            [
              141.0,
              39.25
            ],
            [
              141.25,
              39.25
            ],
            [
              141.25,
              39.5
            ],
            [
              141.0,
              39.5
            ],
            [
              141.0,
              39.25
            ]
          ]
        ]
      }
    },
    {
      "type": "Feature",
      "properties": {
        "cell_id": "r177c1285",
        "country": "Japan",
        "row_global": 177,
        "col_global": 1285,
        "longitude": 141.375,
        "latitude": 39.375
      },
      "geometry": {
        "type": "Polygon",
        "coordinates": [
          [
            [
              141.25,
              39.25
            ],
            [
              141.5,
              39.25
            ],
            [
              141.5,
              39.5
            ],
            [
              141.25,
              39.5
            ],
            [
              141.25,
              39.25
            ]
          ]
        ]
      }
    },
    {
      "type": "Feature",
      "properties": {
        "cell_id": "r177c1286",
        "country": "Japan",
        "row_global": 177,
        "col_global": 1286,
        "longitude": 141.625,
        "latitude": 39.375
      },
      "geometry": {
        "type": "Polygon",
        "coordinates": [
          [
            [
              141.5,
              39.25
            ],
            [
              141.75,
              39.25
            ],
            [
              141.75,
              39.5
            ],
            [
              141.5,
              39.5
            ],
            [
              141.5,
              39.25
            ]
          ]
        ]
      }
    },
    {
      "type": "Feature",
      "properties": {
        "cell_id": "r177c1287",
        "country": "Japan",
        "row_global": 177,
        "col_global": 1287,
        "longitude": 141.875,
        "latitude": 39.375
      },
      "geometry": {
        "type": "Polygon",
        "coordinates": [
          [
            [
              141.75,
              39.25
            ],
            [
              142.0,
              39.25
            ],
            [
              142.0,
              39.5
            ],
            [
              141.75,
              39.5
            ],
            [
              141.75,
              39.25
            ]
          ]
        ]
      }
    },
    {
      "type": "Feature",
      "properties": {
        "cell_id": "r178c1280",
        "country": "Japan",
        "row_global": 178,
        "col_global": 1280,
        "longitude": 140.125,
        "latitude": 39.125
      },
      "geometry": {
        "type": "Polygon",
        "coordinates": [
          [
            [
              140.0,
              39.0
            ],
            [
              140.25,
              39.0
            ],
            [
              140.25,
              39.25
            ],
            [
              140.0,
              39.25
            ],
            [
              140.0,
              39.0
            ]
          ]
        ]
      }
    },
    {
      "type": "Feature",
      "properties": {
        "cell_id": "r178c1281",
        "country": "Japan",
        "row_global": 178,
        "col_global": 1281,
        "longitude": 140.375,
        "latitude": 39.125
      },
      "geometry": {
        "type": "Polygon",
        "coordinates": [
          [
            [
              140.25,
              39.0
            ],
            [
              140.5,
              39.0
            ],
            [
              140.5,
              39.25
            ],
            [
              140.25,
              39.25
            ],
            [
              140.25,
              39.0
            ]
          ]
        ]
      }
    },
    {
      "type": "Feature",
      "properties": {
        "cell_id": "r178c1282",
        "country": "Japan",
        "row_global": 178,
        "col_global": 1282,
        "longitude": 140.625,
        "latitude": 39.125
      },
      "geometry": {
        "type": "Polygon",
        "coordinates": [
          [
            [
              140.5,
              39.0
            ],
            [
              140.75,
              39.0
            ],
            [
              140.75,
              39.25
            ],
            [
              140.5,
              39.25
            ],
            [
              140.5,
              39.0
            ]
          ]
        ]
      }
    },
    {
      "type": "Feature",
      "properties": {
        "cell_id": "r178c1283",
        "country": "Japan",
        "row_global": 178,
        "col_global": 1283,
        "longitude": 140.875,
        "latitude": 39.125
      },
      "geometry": {
        "type": "Polygon",
        "coordinates": [
          [
            [
              140.75,
              39.0
            ],
            [
              141.0,
              39.0
            ],
            [
              141.0,
              39.25
            ],
            [
              140.75,
              39.25
            ],
            [
              140.75,
              39.0
            ]
          ]
        ]
      }
    },
    {
      "type": "Feature",
      "properties": {
        "cell_id": "r178c1284",
        "country": "Japan",
        "row_global": 178,
        "col_global": 1284,
        "longitude": 141.125,
        "latitude": 39.125
      },
      "geometry": {
        "type": "Polygon",
        "coordinates": [
          [
            [
              141.0,
              39.0
            ],
            [
              141.25,
              39.0
            ],
            [
              141.25,
              39.25
            ],
            [
              141.0,
              39.25
            ],
            [
              141.0,
              39.0
            ]
          ]
        ]
      }
    },
    {
      "type": "Feature",
      "properties": {
        "cell_id": "r178c1285",
        "country": "Japan",
        "row_global": 178,
        "col_global": 1285,
        "longitude": 141.375,
        "latitude": 39.125
      },
      "geometry": {
        "type": "Polygon",
        "coordinates": [
          [
            [
              141.25,
              39.0
            ],
            [
              141.5,
              39.0
            ],
            [
              141.5,
              39.25
            ],
            [
              141.25,
              39.25
            ],
            [
              141.25,
              39.0
            ]
          ]
        ]
      }
    },
    {
      "type": "Feature",
      "properties": {
        "cell_id": "r178c1286",
        "country": "Japan",
        "row_global": 178,
        "col_global": 1286,
        "longitude": 141.625,
        "latitude": 39.125
      },
      "geometry": {
        "type": "Polygon",
        "coordinates": [
          [
            [
              141.5,
              39.0
            ],
            [
              141.75,
              39.0
            ],
            [
              141.75,
              39.25
            ],
            [
              141.5,
              39.25
            ],
            [
              141.5,
              39.0
            ]
          ]
        ]
      }
    },
    {
      "type": "Feature",
      "properties": {
        "cell_id": "r178c1287",
        "country": "Japan",
        "row_global": 178,
        "col_global": 1287,
        "longitude": 141.875,
        "latitude": 39.125
      },
      "geometry": {
        "type": "Polygon",
        "coordinates": [
          [
            [
              141.75,
              39.0
            ],
            [
              142.0,
              39.0
            ],
            [
              142.0,
              39.25
            ],
            [
              141.75,
              39.25
            ],
            [
              141.75,
              39.0
            ]
          ]
        ]
      }
    },
    {
      "type": "Feature",
      "properties": {
        "cell_id": "r179c1279",
        "country": "Japan",
        "row_global": 179,
        "col_global": 1279,
        "longitude": 139.875,
        "latitude": 38.875
      },
      "geometry": {
        "type": "Polygon",
        "coordinates": [
          [
            [
              139.75,
              38.75
            ],
            [
              140.0,
              38.75
            ],
            [
              140.0,
              39.0
            ],
            [
              139.75,
              39.0
            ],
            [
              139.75,
              38.75
            ]
          ]
        ]
      }
    },
    {
      "type": "Feature",
      "properties": {
        "cell_id": "r179c1280",
        "country": "Japan",
        "row_global": 179,
        "col_global": 1280,
        "longitude": 140.125,
        "latitude": 38.875
      },
      "geometry": {
        "type": "Polygon",
        "coordinates": [
          [
            [
              140.0,
              38.75
            ],
            [
              140.25,
              38.75
            ],
            [
              140.25,
              39.0
            ],
            [
              140.0,
              39.0
            ],
            [
              140.0,
              38.75
            ]
          ]
        ]
      }
    },
    {
      "type": "Feature",
      "properties": {
        "cell_id": "r179c1281",
        "country": "Japan",
        "row_global": 179,
        "col_global": 1281,
        "longitude": 140.375,
        "latitude": 38.875
      },
      "geometry": {
        "type": "Polygon",
        "coordinates": [
          [
            [
              140.25,
              38.75
            ],
            [
              140.5,
              38.75
            ],
            [
              140.5,
              39.0
            ],
            [
              140.25,
              39.0
            ],
            [
              140.25,
              38.75
            ]
          ]
        ]
      }
    },
    {
      "type": "Feature",
      "properties": {
        "cell_id": "r179c1282",
        "country": "Japan",
        "row_global": 179,
        "col_global": 1282,
        "longitude": 140.625,
        "latitude": 38.875
      },
      "geometry": {
        "type": "Polygon",
        "coordinates": [
          [
            [
              140.5,
              38.75
            ],
            [
              140.75,
              38.75
            ],
            [
              140.75,
              39.0
            ],
            [
              140.5,
              39.0
            ],
            [
              140.5,
              38.75
            ]
          ]
        ]
      }
    },
    {
      "type": "Feature",
      "properties": {
        "cell_id": "r179c1283",
        "country": "Japan",
        "row_global": 179,
        "col_global": 1283,
        "longitude": 140.875,
        "latitude": 38.875
      },
      "geometry": {
        "type": "Polygon",
        "coordinates": [
          [
            [
              140.75,
              38.75
            ],
            [
              141.0,
              38.75
            ],
            [
              141.0,
              39.0
            ],
            [
              140.75,
              39.0
            ],
            [
              140.75,
              38.75
            ]
          ]
        ]
      }
    },
    {
      "type": "Feature",
      "properties": {
        "cell_id": "r179c1284",
        "country": "Japan",
        "row_global": 179,
        "col_global": 1284,
        "longitude": 141.125,
        "latitude": 38.875
      },
      "geometry": {
        "type": "Polygon",
        "coordinates": [
          [
            [
              141.0,
              38.75
            ],
            [
              141.25,
              38.75
            ],
            [
              141.25,
              39.0
            ],
            [
              141.0,
              39.0
            ],
            [
              141.0,
              38.75
            ]
          ]
        ]
      }
    },
    {
      "type": "Feature",
      "properties": {
        "cell_id": "r179c1285",
        "country": "Japan",
        "row_global": 179,
        "col_global": 1285,
        "longitude": 141.375,
        "latitude": 38.875
      },
      "geometry": {
        "type": "Polygon",
        "coordinates": [
          [
            [
              141.25,
              38.75
            ],
            [
              141.5,
              38.75
            ],
            [
              141.5,
              39.0
            ],
            [
              141.25,
              39.0
            ],
            [
              141.25,
              38.75
            ]
          ]
        ]
      }
    },
    {
      "type": "Feature",
      "properties": {
        "cell_id": "r180c1278",
        "country": "Japan",
        "row_global": 180,
        "col_global": 1278,
        "longitude": 139.625,
        "latitude": 38.625
      },
      "geometry": {
        "type": "Polygon",
        "coordinates": [
          [
            [
              139.5,
              38.5
            ],
            [
              139.75,
              38.5
            ],
            [
              139.75,
              38.75
            ],
            [
              139.5,
              38.75
            ],
            [
              139.5,
              38.5
            ]
          ]
        ]
      }
    },
    {
      "type": "Feature",
      "properties": {
        "cell_id": "r180c1279",
        "country": "Japan",
        "row_global": 180,
        "col_global": 1279,
        "longitude": 139.875,
        "latitude": 38.625
      },
      "geometry": {
        "type": "Polygon",
        "coordinates": [
          [
            [
              139.75,
              38.5
            ],
            [
              140.0,
              38.5
            ],
            [
              140.0,
              38.75
            ],
            [
              139.75,
              38.75
            ],
            [
              139.75,
              38.5
            ]
          ]
        ]
      }
    },
    {
      "type": "Feature",
      "properties": {
        "cell_id": "r180c1280",
        "country": "Japan",
        "row_global": 180,
        "col_global": 1280,
        "longitude": 140.125,
        "latitude": 38.625
      },
      "geometry": {
        "type": "Polygon",
        "coordinates": [
          [
            [
              140.0,
              38.5
            ],
            [
              140.25,
              38.5
            ],
            [
              140.25,
              38.75
            ],
            [
              140.0,
              38.75
            ],
            [
              140.0,
              38.5
            ]
          ]
        ]
      }
    },
    {
      "type": "Feature",
      "properties": {
        "cell_id": "r180c1281",
        "country": "Japan",
        "row_global": 180,
        "col_global": 1281,
        "longitude": 140.375,
        "latitude": 38.625
      },
      "geometry": {
        "type": "Polygon",
        "coordinates": [
          [
            [
              140.25,
              38.5
            ],
            [
              140.5,
              38.5
            ],
            [
              140.5,
              38.75
            ],
            [
              140.25,
              38.75
            ],
            [
              140.25,
              38.5
            ]
          ]
        ]
      }
    },
    {
      "type": "Feature",
      "properties": {
        "cell_id": "r180c1282",
        "country": "Japan",
        "row_global": 180,
        "col_global": 1282,
        "longitude": 140.625,
        "latitude": 38.625
      },
      "geometry": {
        "type": "Polygon",
        "coordinates": [
          [
            [
              140.5,
              38.5
            ],
            [
              140.75,
              38.5
            ],
            [
              140.75,
              38.75
            ],
            [
              140.5,
              38.75
            ],
            [
              140.5,
              38.5
            ]
          ]
        ]
      }
    },
    {
      "type": "Feature",
      "properties": {
        "cell_id": "r180c1283",
        "country": "Japan",
        "row_global": 180,
        "col_global": 1283,
        "longitude": 140.875,
        "latitude": 38.625
      },
      "geometry": {
        "type": "Polygon",
        "coordinates": [
          [
            [
              140.75,
              38.5
            ],
            [
              141.0,
              38.5
            ],
            [
              141.0,
              38.75
            ],
            [
              140.75,
              38.75
            ],
            [
              140.75,
              38.5
            ]
          ]
        ]
      }
    },
    {
      "type": "Feature",
      "properties": {
        "cell_id": "r180c1284",
        "country": "Japan",
        "row_global": 180,
        "col_global": 1284,
        "longitude": 141.125,
        "latitude": 38.625
      },
      "geometry": {
        "type": "Polygon",
        "coordinates": [
          [
            [
              141.0,
              38.5
            ],
            [
              141.25,
              38.5
            ],
            [
              141.25,
              38.75
            ],
            [
              141.0,
              38.75
            ],
            [
              141.0,
              38.5
            ]
          ]
        ]
      }
    },
    {
      "type": "Feature",
      "properties": {
        "cell_id": "r180c1285",
        "country": "Japan",
        "row_global": 180,
        "col_global": 1285,
        "longitude": 141.375,
        "latitude": 38.625
      },
      "geometry": {
        "type": "Polygon",
        "coordinates": [
          [
            [
              141.25,
              38.5
            ],
            [
              141.5,
              38.5
            ],
            [
              141.5,
              38.75
            ],
            [
              141.25,
              38.75
            ],
            [
              141.25,
              38.5
            ]
          ]
        ]
      }
    },
    {
      "type": "Feature",
      "properties": {
        "cell_id": "r181c1278",
        "country": "Japan",
        "row_global": 181,
        "col_global": 1278,
        "longitude": 139.625,
        "latitude": 38.375
      },
      "geometry": {
        "type": "Polygon",
        "coordinates": [
          [
            [
              139.5,
              38.25
            ],
            [
              139.75,
              38.25
            ],
            [
              139.75,
              38.5
            ],
            [
              139.5,
              38.5
            ],
            [
              139.5,
              38.25
            ]
          ]
        ]
      }
    },
    {
      "type": "Feature",
      "properties": {
        "cell_id": "r181c1279",
        "country": "Japan",
        "row_global": 181,
        "col_global": 1279,
        "longitude": 139.875,
        "latitude": 38.375
      },
      "geometry": {
        "type": "Polygon",
        "coordinates": [
          [
            [
              139.75,
              38.25
            ],
            [
              140.0,
              38.25
            ],
            [
              140.0,
              38.5
            ],
            [
              139.75,
              38.5
            ],
            [
              139.75,
              38.25
            ]
          ]
        ]
      }
    },
    {
      "type": "Feature",
      "properties": {
        "cell_id": "r181c1280",
        "country": "Japan",
        "row_global": 181,
        "col_global": 1280,
        "longitude": 140.125,
        "latitude": 38.375
      },
      "geometry": {
        "type": "Polygon",
        "coordinates": [
          [
            [
              140.0,
              38.25
            ],
            [
              140.25,
              38.25
            ],
            [
              140.25,
              38.5
            ],
            [
              140.0,
              38.5
            ],
            [
              140.0,
              38.25
            ]
          ]
        ]
      }
    },
    {
      "type": "Feature",
      "properties": {
        "cell_id": "r181c1281",
        "country": "Japan",
        "row_global": 181,
        "col_global": 1281,
        "longitude": 140.375,
        "latitude": 38.375
      },
      "geometry": {
        "type": "Polygon",
        "coordinates": [
          [
            [
              140.25,
              38.25
            ],
            [
              140.5,
              38.25
            ],
            [
              140.5,
              38.5
            ],
            [
              140.25,
              38.5
            ],
            [
              140.25,
              38.25
            ]
          ]
        ]
      }
    },
    {
      "type": "Feature",
      "properties": {
        "cell_id": "r181c1282",
        "country": "Japan",
        "row_global": 181,
        "col_global": 1282,
        "longitude": 140.625,
        "latitude": 38.375
      },
      "geometry": {
        "type": "Polygon",
        "coordinates": [
          [
            [
              140.5,
              38.25
            ],
            [
              140.75,
              38.25
            ],
            [
              140.75,
              38.5
            ],
            [
              140.5,
              38.5
            ],
            [
              140.5,
              38.25
            ]
          ]
        ]
      }
    },
    {
      "type": "Feature",
      "properties": {
        "cell_id": "r181c1283",
        "country": "Japan",
        "row_global": 181,
        "col_global": 1283,
        "longitude": 140.875,
        "latitude": 38.375
      },
      "geometry": {
        "type": "Polygon",
        "coordinates": [
          [
            [
              140.75,
              38.25
            ],
            [
              141.0,
              38.25
            ],
            [
              141.0,
              38.5
            ],
            [
              140.75,
              38.5
            ],
            [
              140.75,
              38.25
            ]
          ]
        ]
      }
    },
    {
      "type": "Feature",
      "properties": {
        "cell_id": "r181c1284",
        "country": "Japan",
        "row_global": 181,
        "col_global": 1284,
        "longitude": 141.125,
        "latitude": 38.375
      },
      "geometry": {
        "type": "Polygon",
        "coordinates": [
          [
            [
              141.0,
              38.25
            ],
            [
              141.25,
              38.25
            ],
            [
              141.25,
              38.5
            ],
            [
              141.0,
              38.5
            ],
            [
              141.0,
              38.25
            ]
          ]
        ]
      }
    },
    {
      "type": "Feature",
      "properties": {
        "cell_id": "r182c1273",
        "country": "Japan",
        "row_global": 182,
        "col_global": 1273,
        "longitude": 138.375,
        "latitude": 38.125
      },
      "geometry": {
        "type": "Polygon",
        "coordinates": [
          [
            [
              138.25,
              38.0
            ],
            [
              138.5,
              38.0
            ],
            [
              138.5,
              38.25
            ],
            [
              138.25,
              38.25
            ],
            [
              138.25,
              38.0
            ]
          ]
        ]
      }
    },
    {
      "type": "Feature",
      "properties": {
        "cell_id": "r182c1278",
        "country": "Japan",
        "row_global": 182,
        "col_global": 1278,
        "longitude": 139.625,
        "latitude": 38.125
      },
      "geometry": {
        "type": "Polygon",
        "coordinates": [
          [
            [
              139.5,
              38.0
            ],
            [
              139.75,
              38.0
            ],
            [
              139.75,
              38.25
            ],
            [
              139.5,
              38.25
            ],
            [
              139.5,
              38.0
            ]
          ]
        ]
      }
    },
    {
      "type": "Feature",
      "properties": {
        "cell_id": "r182c1279",
        "country": "Japan",
        "row_global": 182,
        "col_global": 1279,
        "longitude": 139.875,
        "latitude": 38.125
      },
      "geometry": {
        "type": "Polygon",
        "coordinates": [
          [
            [
              139.75,
              38.0
            ],
            [
              140.0,
              38.0
            ],
            [
              140.0,
              38.25
            ],
            [
              139.75,
              38.25
            ],
            [
              139.75,
              38.0
            ]
          ]
        ]
      }
    },
    {
      "type": "Feature",
      "properties": {
        "cell_id": "r182c1280",
        "country": "Japan",
        "row_global": 182,
        "col_global": 1280,
        "longitude": 140.125,
        "latitude": 38.125
      },
      "geometry": {
        "type": "Polygon",
        "coordinates": [
          [
            [
              140.0,
              38.0
            ],
            [
              140.25,
              38.0
            ],
            [
              140.25,
              38.25
            ],
            [
              140.0,
              38.25
            ],
            [
              140.0,
              38.0
            ]
          ]
        ]
      }
    },
    {
      "type": "Feature",
      "properties": {
        "cell_id": "r182c1281",
        "country": "Japan",
        "row_global": 182,
        "col_global": 1281,
        "longitude": 140.375,
        "latitude": 38.125
      },
      "geometry": {
        "type": "Polygon",
        "coordinates": [
          [
            [
              140.25,
              38.0
            ],
            [
              140.5,
              38.0
            ],
            [
              140.5,
              38.25
            ],
            [
              140.25,
              38.25
            ],
            [
              140.25,
              38.0
            ]
          ]
        ]
      }
    },
    {
      "type": "Feature",
      "properties": {
        "cell_id": "r182c1282",
        "country": "Japan",
        "row_global": 182,
        "col_global": 1282,
        "longitude": 140.625,
        "latitude": 38.125
      },
      "geometry": {
        "type": "Polygon",
        "coordinates": [
          [
            [
              140.5,
              38.0
            ],
            [
              140.75,
              38.0
            ],
            [
              140.75,
              38.25
            ],
            [
              140.5,
              38.25
            ],
            [
              140.5,
              38.0
            ]
          ]
        ]
      }
    },
    {
      "type": "Feature",
      "properties": {
        "cell_id": "r182c1283",
        "country": "Japan",
        "row_global": 182,
        "col_global": 1283,
        "longitude": 140.875,
        "latitude": 38.125
      },
      "geometry": {
        "type": "Polygon",
        "coordinates": [
          [
            [
              140.75,
              38.0
            ],
            [
              141.0,
              38.0
            ],
            [
              141.0,
              38.25
            ],
            [
              140.75,
              38.25
            ],
            [
              140.75,
              38.0
            ]
          ]
        ]
      }
    },
    {
      "type": "Feature",
      "properties": {
        "cell_id": "r183c1273",
        "country": "Japan",
        "row_global": 183,
        "col_global": 1273,
        "longitude": 138.375,
        "latitude": 37.875
      },
      "geometry": {
        "type": "Polygon",
        "coordinates": [
          [
            [
              138.25,
              37.75
            ],
            [
              138.5,
              37.75
            ],
            [
              138.5,
              38.0
            ],
            [
              138.25,
              38.0
            ],
            [
              138.25,
              37.75
            ]
          ]
        ]
      }
    },
    {
      "type": "Feature",
      "properties": {
        "cell_id": "r183c1276",
        "country": "Japan",
        "row_global": 183,
        "col_global": 1276,
        "longitude": 139.125,
        "latitude": 37.875
      },
      "geometry": {
        "type": "Polygon",
        "coordinates": [
          [
            [
              139.0,
              37.75
            ],
            [
              139.25,
              37.75
            ],
            [
              139.25,
              38.0
            ],
            [
              139.0,
              38.0
            ],
            [
              139.0,
              37.75
            ]
          ]
        ]
      }
    },
    {
      "type": "Feature",
      "properties": {
        "cell_id": "r183c1277",
        "country": "Japan",
        "row_global": 183,
        "col_global": 1277,
        "longitude": 139.375,
        "latitude": 37.875
      },
      "geometry": {
        "type": "Polygon",
        "coordinates": [
          [
            [
              139.25,
              37.75
            ],
            [
              139.5,
              37.75
            ],
            [
              139.5,
              38.0
            ],
            [
              139.25,
              38.0
            ],
            [
              139.25,
              37.75
            ]
          ]
        ]
      }
    },
    {
      "type": "Feature",
      "properties": {
        "cell_id": "r183c1278",
        "country": "Japan",
        "row_global": 183,
        "col_global": 1278,
        "longitude": 139.625,
        "latitude": 37.875
      },
      "geometry": {
        "type": "Polygon",
        "coordinates": [
          [
            [
              139.5,
              37.75
            ],
            [
              139.75,
              37.75
            ],
            [
              139.75,
              38.0
            ],
            [
              139.5,
              38.0
            ],
            [
              139.5,
              37.75
            ]
          ]
        ]
      }
    },
    {
      "type": "Feature",
      "properties": {
        "cell_id": "r183c1279",
        "country": "Japan",
        "row_global": 183,
        "col_global": 1279,
        "longitude": 139.875,
        "latitude": 37.875
      },
      "geometry": {
        "type": "Polygon",
        "coordinates": [
          [
            [
              139.75,
              37.75
            ],
            [
              140.0,
              37.75
            ],
            [
              140.0,
              38.0
            ],
            [
              139.75,
              38.0
            ],
            [
              139.75,
              37.75
            ]
          ]
        ]
      }
    },
    {
      "type": "Feature",
      "properties": {
        "cell_id": "r183c1280",
        "country": "Japan",
        "row_global": 183,
        "col_global": 1280,
        "longitude": 140.125,
        "latitude": 37.875
      },
      "geometry": {
        "type": "Polygon",
        "coordinates": [
          [
            [
              140.0,
              37.75
            ],
            [
              140.25,
              37.75
            ],
            [
              140.25,
              38.0
            ],
            [
              140.0,
              38.0
            ],
            [
              140.0,
              37.75
            ]
          ]
        ]
      }
    },
    {
      "type": "Feature",
      "properties": {
        "cell_id": "r183c1281",
        "country": "Japan",
        "row_global": 183,
        "col_global": 1281,
        "longitude": 140.375,
        "latitude": 37.875
      },
      "geometry": {
        "type": "Polygon",
        "coordinates": [
          [
            [
              140.25,
              37.75
            ],
            [
              140.5,
              37.75
            ],
            [
              140.5,
              38.0
            ],
            [
              140.25,
              38.0
            ],
            [
              140.25,
              37.75
            ]
          ]
        ]
      }
    },
    {
      "type": "Feature",
      "properties": {
        "cell_id": "r183c1282",
        "country": "Japan",
        "row_global": 183,
        "col_global": 1282,
        "longitude": 140.625,
        "latitude": 37.875
      },
      "geometry": {
        "type": "Polygon",
        "coordinates": [
          [
            [
              140.5,
              37.75
            ],
            [
              140.75,
              37.75
            ],
            [
              140.75,
              38.0
            ],
            [
              140.5,
              38.0
            ],
            [
              140.5,
              37.75
            ]
          ]
        ]
      }
    },
    {
      "type": "Feature",
      "properties": {
        "cell_id": "r183c1283",
        "country": "Japan",
        "row_global": 183,
        "col_global": 1283,
        "longitude": 140.875,
        "latitude": 37.875
      },
      "geometry": {
        "type": "Polygon",
        "coordinates": [
          [
            [
              140.75,
              37.75
            ],
            [
              141.0,
              37.75
            ],
            [
              141.0,
              38.0
            ],
            [
              140.75,
              38.0
            ],
            [
              140.75,
              37.75
            ]
          ]
        ]
      }
    },
    {
      "type": "Feature",
      "properties": {
        "cell_id": "r184c1275",
        "country": "Japan",
        "row_global": 184,
        "col_global": 1275,
        "longitude": 138.875,
        "latitude": 37.625
      },
      "geometry": {
        "type": "Polygon",
        "coordinates": [
          [
            [
              138.75,
              37.5
            ],
            [
              139.0,
              37.5
            ],
            [
              139.0,
              37.75
            ],
            [
              138.75,
              37.75
            ],
            [
              138.75,
              37.5
            ]
          ]
        ]
      }
    },
    {
      "type": "Feature",
      "properties": {
        "cell_id": "r184c1276",
        "country": "Japan",
        "row_global": 184,
        "col_global": 1276,
        "longitude": 139.125,
        "latitude": 37.625
      },
      "geometry": {
        "type": "Polygon",
        "coordinates": [
          [
            [
              139.0,
              37.5
            ],
            [
              139.25,
              37.5
            ],
            [
              139.25,
              37.75
            ],
            [
              139.0,
              37.75
            ],
            [
              139.0,
              37.5
            ]
          ]
        ]
      }
    },
    {
      "type": "Feature",
      "properties": {
        "cell_id": "r184c1277",
        "country": "Japan",
        "row_global": 184,
        "col_global": 1277,
        "longitude": 139.375,
        "latitude": 37.625
      },
      "geometry": {
        "type": "Polygon",
        "coordinates": [
          [
            [
              139.25,
              37.5
            ],
            [
              139.5,
              37.5
            ],
            [
              139.5,
              37.75
            ],
            [
              139.25,
              37.75
            ],
            [
              139.25,
              37.5
            ]
          ]
        ]
      }
    },
    {
      "type": "Feature",
      "properties": {
        "cell_id": "r184c1278",
        "country": "Japan",
        "row_global": 184,
        "col_global": 1278,
        "longitude": 139.625,
        "latitude": 37.625
      },
      "geometry": {
        "type": "Polygon",
        "coordinates": [
          [
            [
              139.5,
              37.5
            ],
            [
              139.75,
              37.5
            ],
            [
              139.75,
              37.75
            ],
            [
              139.5,
              37.75
            ],
            [
              139.5,
              37.5
            ]
          ]
        ]
      }
    },
    {
      "type": "Feature",
      "properties": {
        "cell_id": "r184c1279",
        "country": "Japan",
        "row_global": 184,
        "col_global": 1279,
        "longitude": 139.875,
        "latitude": 37.625
      },
      "geometry": {
        "type": "Polygon",
        "coordinates": [
          [
            [
              139.75,
              37.5
            ],
            [
              140.0,
              37.5
            ],
            [
              140.0,
              37.75
            ],
            [
              139.75,
              37.75
            ],
            [
              139.75,
              37.5
            ]
          ]
        ]
      }
    },
    {
      "type": "Feature",
      "properties": {
        "cell_id": "r184c1280",
        "country": "Japan",
        "row_global": 184,
        "col_global": 1280,
        "longitude": 140.125,
        "latitude": 37.625
      },
      "geometry": {
        "type": "Polygon",
        "coordinates": [
          [
            [
              140.0,
              37.5
            ],
            [
              140.25,
              37.5
            ],
            [
              140.25,
              37.75
            ],
            [
              140.0,
              37.75
            ],
            [
              140.0,
              37.5
            ]
          ]
        ]
      }
    },
    {
      "type": "Feature",
      "properties": {
        "cell_id": "r184c1281",
        "country": "Japan",
        "row_global": 184,
        "col_global": 1281,
        "longitude": 140.375,
        "latitude": 37.625
      },
      "geometry": {
        "type": "Polygon",
        "coordinates": [
          [
            [
              140.25,
              37.5
            ],
            [
              140.5,
              37.5
            ],
            [
              140.5,
              37.75
            ],
            [
              140.25,
              37.75
            ],
            [
              140.25,
              37.5
            ]
          ]
        ]
      }
    },
    {
      "type": "Feature",
      "properties": {
        "cell_id": "r184c1282",
        "country": "Japan",
        "row_global": 184,
        "col_global": 1282,
        "longitude": 140.625,
        "latitude": 37.625
      },
      "geometry": {
        "type": "Polygon",
        "coordinates": [
          [
            [
              140.5,
              37.5
            ],
            [
              140.75,
              37.5
            ],
            [
              140.75,
              37.75
            ],
            [
              140.5,
              37.75
            ],
            [
              140.5,
              37.5
            ]
          ]
        ]
      }
    },
    {
      "type": "Feature",
      "properties": {
        "cell_id": "r184c1283",
        "country": "Japan",
        "row_global": 184,
        "col_global": 1283,
        "longitude": 140.875,
        "latitude": 37.625
      },
      "geometry": {
        "type": "Polygon",
        "coordinates": [
          [
            [
              140.75,
              37.5
            ],
            [
              141.0,
              37.5
            ],
            [
              141.0,
              37.75
            ],
            [
              140.75,
              37.75
            ],
            [
              140.75,
              37.5
            ]
          ]
        ]
      }
    },
    {
      "type": "Feature",
      "properties": {
        "cell_id": "r185c1267",
        "country": "Japan",
        "row_global": 185,
        "col_global": 1267,
        "longitude": 136.875,
        "latitude": 37.375
      },
      "geometry": {
        "type": "Polygon",
        "coordinates": [
          [
            [
              136.75,
              37.25
            ],
            [
              137.0,
              37.25
            ],
            [
              137.0,
              37.5
            ],
            [
              136.75,
              37.5
            ],
            [
              136.75,
              37.25
            ]
          ]
        ]
      }
    },
    {
      "type": "Feature",
      "properties": {
        "cell_id": "r185c1268",
        "country": "Japan",
        "row_global": 185,
        "col_global": 1268,
        "longitude": 137.125,
        "latitude": 37.375
      },
      "geometry": {
        "type": "Polygon",
        "coordinates": [
          [
            [
              137.0,
              37.25
            ],
            [
              137.25,
              37.25
            ],
            [
              137.25,
              37.5
            ],
            [
              137.0,
              37.5
            ],
            [
              137.0,
              37.25
            ]
          ]
        ]
      }
    },
    {
      "type": "Feature",
      "properties": {
        "cell_id": "r185c1274",
        "country": "Japan",
        "row_global": 185,
        "col_global": 1274,
        "longitude": 138.625,
        "latitude": 37.375
      },
      "geometry": {
        "type": "Polygon",
        "coordinates": [
          [
            [
              138.5,
              37.25
            ],
            [
              138.75,
              37.25
            ],
            [
              138.75,
              37.5
            ],
            [
              138.5,
              37.5
            ],
            [
              138.5,
              37.25
            ]
          ]
        ]
      }
    },
    {
      "type": "Feature",
      "properties": {
        "cell_id": "r185c1275",
        "country": "Japan",
        "row_global": 185,
        "col_global": 1275,
        "longitude": 138.875,
        "latitude": 37.375
      },
      "geometry": {
        "type": "Polygon",
        "coordinates": [
          [
            [
              138.75,
              37.25
            ],
            [
              139.0,
              37.25
            ],
            [
              139.0,
              37.5
            ],
            [
              138.75,
              37.5
            ],
            [
              138.75,
              37.25
            ]
          ]
        ]
      }
    },
    {
      "type": "Feature",
      "properties": {
        "cell_id": "r185c1276",
        "country": "Japan",
        "row_global": 185,
        "col_global": 1276,
        "longitude": 139.125,
        "latitude": 37.375
      },
      "geometry": {
        "type": "Polygon",
        "coordinates": [
          [
            [
              139.0,
              37.25
            ],
            [
              139.25,
              37.25
            ],
            [
              139.25,
              37.5
            ],
            [
              139.0,
              37.5
            ],
            [
              139.0,
              37.25
            ]
          ]
        ]
      }
    },
    {
      "type": "Feature",
      "properties": {
        "cell_id": "r185c1277",
        "country": "Japan",
        "row_global": 185,
        "col_global": 1277,
        "longitude": 139.375,
        "latitude": 37.375
      },
      "geometry": {
        "type": "Polygon",
        "coordinates": [
          [
            [
              139.25,
              37.25
            ],
            [
              139.5,
              37.25
            ],
            [
              139.5,
              37.5
            ],
            [
              139.25,
              37.5
            ],
            [
              139.25,
              37.25
            ]
          ]
        ]
      }
    },
    {
      "type": "Feature",
      "properties": {
        "cell_id": "r185c1278",
        "country": "Japan",
        "row_global": 185,
        "col_global": 1278,
        "longitude": 139.625,
        "latitude": 37.375
      },
      "geometry": {
        "type": "Polygon",
        "coordinates": [
          [
            [
              139.5,
              37.25
            ],
            [
              139.75,
              37.25
            ],
            [
              139.75,
              37.5
            ],
            [
              139.5,
              37.5
            ],
            [
              139.5,
              37.25
            ]
          ]
        ]
      }
    },
    {
      "type": "Feature",
      "properties": {
        "cell_id": "r185c1279",
        "country": "Japan",
        "row_global": 185,
        "col_global": 1279,
        "longitude": 139.875,
        "latitude": 37.375
      },
      "geometry": {
        "type": "Polygon",
        "coordinates": [
          [
            [
              139.75,
              37.25
            ],
            [
              140.0,
              37.25
            ],
            [
              140.0,
              37.5
            ],
            [
              139.75,
              37.5
            ],
            [
              139.75,
              37.25
            ]
          ]
        ]
      }
    },
    {
      "type": "Feature",
      "properties": {
        "cell_id": "r185c1280",
        "country": "Japan",
        "row_global": 185,
        "col_global": 1280,
        "longitude": 140.125,
        "latitude": 37.375
      },
      "geometry": {
        "type": "Polygon",
        "coordinates": [
          [
            [
              140.0,
              37.25
            ],
            [
              140.25,
              37.25
            ],
            [
              140.25,
              37.5
            ],
            [
              140.0,
              37.5
            ],
            [
              140.0,
              37.25
            ]
          ]
        ]
      }
    },
    {
      "type": "Feature",
      "properties": {
        "cell_id": "r185c1281",
        "country": "Japan",
        "row_global": 185,
        "col_global": 1281,
        "longitude": 140.375,
        "latitude": 37.375
      },
      "geometry": {
        "type": "Polygon",
        "coordinates": [
          [
            [
              140.25,
              37.25
            ],
            [
              140.5,
              37.25
            ],
            [
              140.5,
              37.5
            ],
            [
              140.25,
              37.5
            ],
            [
              140.25,
              37.25
            ]
          ]
        ]
      }
    },
    {
      "type": "Feature",
      "properties": {
        "cell_id": "r185c1282",
        "country": "Japan",
        "row_global": 185,
        "col_global": 1282,
        "longitude": 140.625,
        "latitude": 37.375
      },
      "geometry": {
        "type": "Polygon",
        "coordinates": [
          [
            [
              140.5,
              37.25
            ],
            [
              140.75,
              37.25
            ],
            [
              140.75,
              37.5
            ],
            [
              140.5,
              37.5
            ],
            [
              140.5,
              37.25
            ]
          ]
        ]
      }
    },
    {
      "type": "Feature",
      "properties": {
        "cell_id": "r185c1283",
        "country": "Japan",
        "row_global": 185,
        "col_global": 1283,
        "longitude": 140.875,
        "latitude": 37.375
      },
      "geometry": {
        "type": "Polygon",
        "coordinates": [
          [
            [
              140.75,
              37.25
            ],
            [
              141.0,
              37.25
            ],
            [
              141.0,
              37.5
            ],
            [
              140.75,
              37.5
            ],
            [
              140.75,
              37.25
            ]
          ]
        ]
      }
    },
    {
      "type": "Feature",
      "properties": {
        "cell_id": "r186c1267",
        "country": "Japan",
        "row_global": 186,
        "col_global": 1267,
        "longitude": 136.875,
        "latitude": 37.125
      },
      "geometry": {
        "type": "Polygon",
        "coordinates": [
          [
            [
              136.75,
              37.0
            ],
            [
              137.0,
              37.0
            ],
            [
              137.0,
              37.25
            ],
            [
              136.75,
              37.25
            ],
            [
              136.75,
              37.0
            ]
          ]
        ]
      }
    },
    {
      "type": "Feature",
      "properties": {
        "cell_id": "r186c1272",
        "country": "Japan",
        "row_global": 186,
        "col_global": 1272,
        "longitude": 138.125,
        "latitude": 37.125
      },
      "geometry": {
        "type": "Polygon",
        "coordinates": [
          [
            [
              138.0,
              37.0
            ],
            [
              138.25,
              37.0
            ],
            [
              138.25,
              37.25
            ],
            [
              138.0,
              37.25
            ],
            [
              138.0,
              37.0
            ]
          ]
        ]
      }
    },
    {
      "type": "Feature",
      "properties": {
        "cell_id": "r186c1273",
        "country": "Japan",
        "row_global": 186,
        "col_global": 1273,
        "longitude": 138.375,
        "latitude": 37.125
      },
      "geometry": {
        "type": "Polygon",
        "coordinates": [
          [
            [
              138.25,
              37.0
            ],
            [
              138.5,
              37.0
            ],
            [
              138.5,
              37.25
            ],
            [
              138.25,
              37.25
            ],
            [
              138.25,
              37.0
            ]
          ]
        ]
      }
    },
    {
      "type": "Feature",
      "properties": {
        "cell_id": "r186c1274",
        "country": "Japan",
        "row_global": 186,
        "col_global": 1274,
        "longitude": 138.625,
        "latitude": 37.125
      },
      "geometry": {
        "type": "Polygon",
        "coordinates": [
          [
            [
              138.5,
              37.0
            ],
            [
              138.75,
              37.0
            ],
            [
              138.75,
              37.25
            ],
            [
              138.5,
              37.25
            ],
            [
              138.5,
              37.0
            ]
          ]
        ]
      }
    },
    {
      "type": "Feature",
      "properties": {
        "cell_id": "r186c1275",
        "country": "Japan",
        "row_global": 186,
        "col_global": 1275,
        "longitude": 138.875,
        "latitude": 37.125
      },
      "geometry": {
        "type": "Polygon",
        "coordinates": [
          [
            [
              138.75,
              37.0
            ],
            [
              139.0,
              37.0
            ],
            [
              139.0,
              37.25
            ],
            [
              138.75,
              37.25
            ],
            [
              138.75,
              37.0
            ]
          ]
        ]
      }
    },
    {
      "type": "Feature",
      "properties": {
        "cell_id": "r186c1276",
        "country": "Japan",
        "row_global": 186,
        "col_global": 1276,
        "longitude": 139.125,
        "latitude": 37.125
      },
      "geometry": {
        "type": "Polygon",
        "coordinates": [
          [
            [
              139.0,
              37.0
            ],
            [
              139.25,
              37.0
            ],
            [
              139.25,
              37.25
            ],
            [
              139.0,
              37.25
            ],
            [
              139.0,
              37.0
            ]
          ]
        ]
      }
    },
    {
      "type": "Feature",
      "properties": {
        "cell_id": "r186c1277",
        "country": "Japan",
        "row_global": 186,
        "col_global": 1277,
        "longitude": 139.375,
        "latitude": 37.125
      },
      "geometry": {
        "type": "Polygon",
        "coordinates": [
          [
            [
              139.25,
              37.0
            ],
            [
              139.5,
              37.0
            ],
            [
              139.5,
              37.25
            ],
            [
              139.25,
              37.25
            ],
            [
              139.25,
              37.0
            ]
          ]
        ]
      }
    },
    {
      "type": "Feature",
      "properties": {
        "cell_id": "r186c1278",
        "country": "Japan",
        "row_global": 186,
        "col_global": 1278,
        "longitude": 139.625,
        "latitude": 37.125
      },
      "geometry": {
        "type": "Polygon",
        "coordinates": [
          [
            [
              139.5,
              37.0
            ],
            [
              139.75,
              37.0
            ],
            [
              139.75,
              37.25
            ],
            [
              139.5,
              37.25
            ],
            [
              139.5,
              37.0
            ]
          ]
        ]
      }
    },
    {
      "type": "Feature",
      "properties": {
        "cell_id": "r186c1279",
        "country": "Japan",
        "row_global": 186,
        "col_global": 1279,
        "longitude": 139.875,
        "latitude": 37.125
      },
      "geometry": {
        "type": "Polygon",
        "coordinates": [
          [
            [
              139.75,
              37.0
            ],
            [
              140.0,
              37.0
            ],
            [
              140.0,
              37.25
            ],
            [
              139.75,
              37.25
            ],
            [
              139.75,
              37.0
            ]
          ]
        ]
      }
    },
    {
      "type": "Feature",
      "properties": {
        "cell_id": "r186c1280",
        "country": "Japan",
        "row_global": 186,
        "col_global": 1280,
        "longitude": 140.125,
        "latitude": 37.125
      },
      "geometry": {
        "type": "Polygon",
        "coordinates": [
          [
            [
              140.0,
              37.0
            ],
            [
              140.25,
              37.0
            ],
            [
              140.25,
              37.25
            ],
            [
              140.0,
              37.25
            ],
            [
              140.0,
              37.0
            ]
          ]
        ]
      }
    },
    {
      "type": "Feature",
      "properties": {
        "cell_id": "r186c1281",
        "country": "Japan",
        "row_global": 186,
        "col_global": 1281,
        "longitude": 140.375,
        "latitude": 37.125
      },
      "geometry": {
        "type": "Polygon",
        "coordinates": [
          [
            [
              140.25,
              37.0
            ],
            [
              140.5,
              37.0
            ],
            [
              140.5,
              37.25
            ],
            [
              140.25,
              37.25
            ],
            [
              140.25,
              37.0
            ]
          ]
        ]
      }
    },
    {
      "type": "Feature",
      "properties": {
        "cell_id": "r186c1282",
        "country": "Japan",
        "row_global": 186,
        "col_global": 1282,
        "longitude": 140.625,
        "latitude": 37.125
      },
      "geometry": {
        "type": "Polygon",
        "coordinates": [
          [
            [
              140.5,
              37.0
            ],
            [
              140.75,
              37.0
            ],
            [
              140.75,
              37.25
            ],
            [
              140.5,
              37.25
            ],
            [
              140.5,
              37.0
            ]
          ]
        ]
      }
    },
    {
      "type": "Feature",
      "properties": {
        "cell_id": "r186c1283",
        "country": "Japan",
        "row_global": 186,
        "col_global": 1283,
        "longitude": 140.875,
        "latitude": 37.125
      },
      "geometry": {
        "type": "Polygon",
        "coordinates": [
          [
            [
              140.75,
              37.0
            ],
            [
              141.0,
              37.0
            ],
            [
              141.0,
              37.25
            ],
            [
              140.75,
              37.25
            ],
            [
              140.75,
              37.0
            ]
          ]
        ]
      }
    },
    {
      "type": "Feature",
      "properties": {
        "cell_id": "r187c1267",
        "country": "Japan",
        "row_global": 187,
        "col_global": 1267,
        "longitude": 136.875,
        "latitude": 36.875
      },
      "geometry": {
        "type": "Polygon",
        "coordinates": [
          [
            [
              136.75,
              36.75
            ],
            [
              137.0,
              36.75
            ],
            [
              137.0,
              37.0
            ],
            [
              136.75,
              37.0
            ],
            [
              136.75,
              36.75
            ]
          ]
        ]
      }
    },
    {
      "type": "Feature",
      "properties": {
        "cell_id": "r187c1270",
        "country": "Japan",
        "row_global": 187,
        "col_global": 1270,
        "longitude": 137.625,
        "latitude": 36.875
      },
      "geometry": {
        "type": "Polygon",
        "coordinates": [
          [
            [
              137.5,
              36.75
            ],
            [
              137.75,
              36.75
            ],
            [
              137.75,
              37.0
            ],
            [
              137.5,
              37.0
            ],
            [
              137.5,
              36.75
            ]
          ]
        ]
      }
    },
    {
      "type": "Feature",
      "properties": {
        "cell_id": "r187c1271",
        "country": "Japan",
        "row_global": 187,
        "col_global": 1271,
        "longitude": 137.875,
        "latitude": 36.875
      },
      "geometry": {
        "type": "Polygon",
        "coordinates": [
          [
            [
              137.75,
              36.75
            ],
            [
              138.0,
              36.75
            ],
            [
              138.0,
              37.0
            ],
            [
              137.75,
              37.0
            ],
            [
              137.75,
              36.75
            ]
          ]
        ]
      }
    },
    {
      "type": "Feature",
      "properties": {
        "cell_id": "r187c1272",
        "country": "Japan",
        "row_global": 187,
        "col_global": 1272,
        "longitude": 138.125,
        "latitude": 36.875
      },
      "geometry": {
        "type": "Polygon",
        "coordinates": [
          [
            [
              138.0,
              36.75
            ],
            [
              138.25,
              36.75
            ],
            [
              138.25,
              37.0
            ],
            [
              138.0,
              37.0
            ],
            [
              138.0,
              36.75
            ]
          ]
        ]
      }
    },
    {
      "type": "Feature",
      "properties": {
        "cell_id": "r187c1273",
        "country": "Japan",
        "row_global": 187,
        "col_global": 1273,
        "longitude": 138.375,
        "latitude": 36.875
      },
      "geometry": {
        "type": "Polygon",
        "coordinates": [
          [
            [
              138.25,
              36.75
            ],
            [
              138.5,
              36.75
            ],
            [
              138.5,
              37.0
            ],
            [
              138.25,
              37.0
            ],
            [
              138.25,
              36.75
            ]
          ]
        ]
      }
    },
    {
      "type": "Feature",
      "properties": {
        "cell_id": "r187c1274",
        "country": "Japan",
        "row_global": 187,
        "col_global": 1274,
        "longitude": 138.625,
        "latitude": 36.875
      },
      "geometry": {
        "type": "Polygon",
        "coordinates": [
          [
            [
              138.5,
              36.75
            ],
            [
              138.75,
              36.75
            ],
            [
              138.75,
              37.0
            ],
            [
              138.5,
              37.0
            ],
            [
              138.5,
              36.75
            ]
          ]
        ]
      }
    },
    {
      "type": "Feature",
      "properties": {
        "cell_id": "r187c1275",
        "country": "Japan",
        "row_global": 187,
        "col_global": 1275,
        "longitude": 138.875,
        "latitude": 36.875
      },
      "geometry": {
        "type": "Polygon",
        "coordinates": [
          [
            [
              138.75,
              36.75
            ],
            [
              139.0,
              36.75
            ],
            [
              139.0,
              37.0
            ],
            [
              138.75,
              37.0
            ],
            [
              138.75,
              36.75
            ]
          ]
        ]
      }
    },
    {
      "type": "Feature",
      "properties": {
        "cell_id": "r187c1276",
        "country": "Japan",
        "row_global": 187,
        "col_global": 1276,
        "longitude": 139.125,
        "latitude": 36.875
      },
      "geometry": {
        "type": "Polygon",
        "coordinates": [
          [
            [
              139.0,
              36.75
            ],
            [
              139.25,
              36.75
            ],
            [
              139.25,
              37.0
            ],
            [
              139.0,
              37.0
            ],
            [
              139.0,
              36.75
            ]
          ]
        ]
      }
    },
    {
      "type": "Feature",
      "properties": {
        "cell_id": "r187c1277",
        "country": "Japan",
        "row_global": 187,
        "col_global": 1277,
        "longitude": 139.375,
        "latitude": 36.875
      },
      "geometry": {
        "type": "Polygon",
        "coordinates": [
          [
            [
              139.25,
              36.75
            ],
            [
              139.5,
              36.75
            ],
            [
              139.5,
              37.0
            ],
            [
              139.25,
              37.0
            ],
            [
              139.25,
              36.75
            ]
          ]
        ]
      }
    },
    {
      "type": "Feature",
      "properties": {
        "cell_id": "r187c1278",
        "country": "Japan",
        "row_global": 187,
        "col_global": 1278,
        "longitude": 139.625,
        "latitude": 36.875
      },
      "geometry": {
        "type": "Polygon",
        "coordinates": [
          [
            [
              139.5,
              36.75
            ],
            [
              139.75,
              36.75
            ],
            [
              139.75,
              37.0
            ],
            [
              139.5,
              37.0
            ],
            [
              139.5,
              36.75
            ]
          ]
        ]
      }
    },
    {
      "type": "Feature",
      "properties": {
        "cell_id": "r187c1279",
        "country": "Japan",
        "row_global": 187,
        "col_global": 1279,
        "longitude": 139.875,
        "latitude": 36.875
      },
      "geometry": {
        "type": "Polygon",
        "coordinates": [
          [
            [
              139.75,
              36.75
            ],
            [
              140.0,
              36.75
            ],
            [
              140.0,
              37.0
            ],
            [
              139.75,
              37.0
            ],
            [
              139.75,
              36.75
            ]
          ]
        ]
      }
    },
    {
      "type": "Feature",
      "properties": {
        "cell_id": "r187c1280",
        "country": "Japan",
        "row_global": 187,
        "col_global": 1280,
        "longitude": 140.125,
        "latitude": 36.875
      },
      "geometry": {
        "type": "Polygon",
        "coordinates": [
          [
            [
              140.0,
              36.75
            ],
            [
              140.25,
              36.75
            ],
            [
              140.25,
              37.0
            ],
            [
              140.0,
              37.0
            ],
            [
              140.0,
              36.75
            ]
          ]
        ]
      }
    },
    {
      "type": "Feature",
      "properties": {
        "cell_id": "r187c1281",
        "country": "Japan",
        "row_global": 187,
        "col_global": 1281,
        "longitude": 140.375,
        "latitude": 36.875
      },
      "geometry": {
        "type": "Polygon",
        "coordinates": [
          [
            [
              140.25,
              36.75
            ],
            [
              140.5,
              36.75
            ],
            [
              140.5,
              37.0
            ],
            [
              140.25,
              37.0
            ],
            [
              140.25,
              36.75
            ]
          ]
        ]
      }
    },
    {
      "type": "Feature",
      "properties": {
        "cell_id": "r187c1282",
        "country": "Japan",
        "row_global": 187,
        "col_global": 1282,
        "longitude": 140.625,
        "latitude": 36.875
      },
      "geometry": {
        "type": "Polygon",
        "coordinates": [
          [
            [
              140.5,
              36.75
            ],
            [
              140.75,
              36.75
            ],
            [
              140.75,
              37.0
            ],
            [
              140.5,
              37.0
            ],
            [
              140.5,
              36.75
            ]
          ]
        ]
      }
    },
    {
      "type": "Feature",
      "properties": {
        "cell_id": "r188c1266",
        "country": "Japan",
        "row_global": 188,
        "col_global": 1266,
        "longitude": 136.625,
        "latitude": 36.625
      },
      "geometry": {
        "type": "Polygon",
        "coordinates": [
          [
            [
              136.5,
              36.5
            ],
            [
              136.75,
              36.5
            ],
            [
              136.75,
              36.75
            ],
            [
              136.5,
              36.75
            ],
            [
              136.5,
              36.5
            ]
          ]
        ]
      }
    },
    {
      "type": "Feature",
      "properties": {
        "cell_id": "r188c1267",
        "country": "Japan",
        "row_global": 188,
        "col_global": 1267,
        "longitude": 136.875,
        "latitude": 36.625
      },
      "geometry": {
        "type": "Polygon",
        "coordinates": [
          [
            [
              136.75,
              36.5
            ],
            [
              137.0,
              36.5
            ],
            [
              137.0,
              36.75
            ],
            [
              136.75,
              36.75
            ],
            [
              136.75,
              36.5
            ]
          ]
        ]
      }
    },
    {
      "type": "Feature",
      "properties": {
        "cell_id": "r188c1268",
        "country": "Japan",
        "row_global": 188,
        "col_global": 1268,
        "longitude": 137.125,
        "latitude": 36.625
      },
      "geometry": {
        "type": "Polygon",
        "coordinates": [
          [
            [
              137.0,
              36.5
            ],
            [
              137.25,
              36.5
            ],
            [
              137.25,
              36.75
            ],
            [
              137.0,
              36.75
            ],
            [
              137.0,
              36.5
            ]
          ]
        ]
      }
    },
    {
      "type": "Feature",
      "properties": {
        "cell_id": "r188c1269",
        "country": "Japan",
        "row_global": 188,
        "col_global": 1269,
        "longitude": 137.375,
        "latitude": 36.625
      },
      "geometry": {
        "type": "Polygon",
        "coordinates": [
          [
            [
              137.25,
              36.5
            ],
            [
              137.5,
              36.5
            ],
            [
              137.5,
              36.75
            ],
            [
              137.25,
              36.75
            ],
            [
              137.25,
              36.5
            ]
          ]
        ]
      }
    },
    {
      "type": "Feature",
      "properties": {
        "cell_id": "r188c1270",
        "country": "Japan",
        "row_global": 188,
        "col_global": 1270,
        "longitude": 137.625,
        "latitude": 36.625
      },
      "geometry": {
        "type": "Polygon",
        "coordinates": [
          [
            [
              137.5,
              36.5
            ],
            [
              137.75,
              36.5
            ],
            [
              137.75,
              36.75
            ],
            [
              137.5,
              36.75
            ],
            [
              137.5,
              36.5
            ]
          ]
        ]
      }
    },
    {
      "type": "Feature",
      "properties": {
        "cell_id": "r188c1271",
        "country": "Japan",
        "row_global": 188,
        "col_global": 1271,
        "longitude": 137.875,
        "latitude": 36.625
      },
      "geometry": {
        "type": "Polygon",
        "coordinates": [
          [
            [
              137.75,
              36.5
            ],
            [
              138.0,
              36.5
            ],
            [
              138.0,
              36.75
            ],
            [
              137.75,
              36.75
            ],
            [
              137.75,
              36.5
            ]
          ]
        ]
      }
    },
    {
      "type": "Feature",
      "properties": {
        "cell_id": "r188c1272",
        "country": "Japan",
        "row_global": 188,
        "col_global": 1272,
        "longitude": 138.125,
        "latitude": 36.625
      },
      "geometry": {
        "type": "Polygon",
        "coordinates": [
          [
            [
              138.0,
              36.5
            ],
            [
              138.25,
              36.5
            ],
            [
              138.25,
              36.75
            ],
            [
              138.0,
              36.75
            ],
            [
              138.0,
              36.5
            ]
          ]
        ]
      }
    },
    {
      "type": "Feature",
      "properties": {
        "cell_id": "r188c1273",
        "country": "Japan",
        "row_global": 188,
        "col_global": 1273,
        "longitude": 138.375,
        "latitude": 36.625
      },
      "geometry": {
        "type": "Polygon",
        "coordinates": [
          [
            [
              138.25,
              36.5
            ],
            [
              138.5,
              36.5
            ],
            [
              138.5,
              36.75
            ],
            [
              138.25,
              36.75
            ],
            [
              138.25,
              36.5
            ]
          ]
        ]
      }
    },
    {
      "type": "Feature",
      "properties": {
        "cell_id": "r188c1274",
        "country": "Japan",
        "row_global": 188,
        "col_global": 1274,
        "longitude": 138.625,
        "latitude": 36.625
      },
      "geometry": {
        "type": "Polygon",
        "coordinates": [
          [
            [
              138.5,
              36.5
            ],
            [
              138.75,
              36.5
            ],
            [
              138.75,
              36.75
            ],
            [
              138.5,
              36.75
            ],
            [
              138.5,
              36.5
            ]
          ]
        ]
      }
    },
    {
      "type": "Feature",
      "properties": {
        "cell_id": "r188c1275",
        "country": "Japan",
        "row_global": 188,
        "col_global": 1275,
        "longitude": 138.875,
        "latitude": 36.625
      },
      "geometry": {
        "type": "Polygon",
        "coordinates": [
          [
            [
              138.75,
              36.5
            ],
            [
              139.0,
              36.5
            ],
            [
              139.0,
              36.75
            ],
            [
              138.75,
              36.75
            ],
            [
              138.75,
              36.5
            ]
          ]
        ]
      }
    },
    {
      "type": "Feature",
      "properties": {
        "cell_id": "r188c1276",
        "country": "Japan",
        "row_global": 188,
        "col_global": 1276,
        "longitude": 139.125,
        "latitude": 36.625
      },
      "geometry": {
        "type": "Polygon",
        "coordinates": [
          [
            [
              139.0,
              36.5
            ],
            [
              139.25,
              36.5
            ],
            [
              139.25,
              36.75
            ],
            [
              139.0,
              36.75
            ],
            [
              139.0,
              36.5
            ]
          ]
        ]
      }
    },
    {
      "type": "Feature",
      "properties": {
        "cell_id": "r188c1277",
        "country": "Japan",
        "row_global": 188,
        "col_global": 1277,
        "longitude": 139.375,
        "latitude": 36.625
      },
      "geometry": {
        "type": "Polygon",
        "coordinates": [
          [
            [
              139.25,
              36.5
            ],
            [
              139.5,
              36.5
            ],
            [
              139.5,
              36.75
            ],
            [
              139.25,
              36.75
            ],
            [
              139.25,
              36.5
            ]
          ]
        ]
      }
    },
    {
      "type": "Feature",
      "properties": {
        "cell_id": "r188c1278",
        "country": "Japan",
        "row_global": 188,
        "col_global": 1278,
        "longitude": 139.625,
        "latitude": 36.625
      },
      "geometry": {
        "type": "Polygon",
        "coordinates": [
          [
            [
              139.5,
              36.5
            ],
            [
              139.75,
              36.5
            ],
            [
              139.75,
              36.75
            ],
            [
              139.5,
              36.75
            ],
            [
              139.5,
              36.5
            ]
          ]
        ]
      }
    },
    {
      "type": "Feature",
      "properties": {
        "cell_id": "r188c1279",
        "country": "Japan",
        "row_global": 188,
        "col_global": 1279,
        "longitude": 139.875,
        "latitude": 36.625
      },
      "geometry": {
        "type": "Polygon",
        "coordinates": [
          [
            [
              139.75,
              36.5
            ],
            [
              140.0,
              36.5
            ],
            [
              140.0,
              36.75
            ],
            [
              139.75,
              36.75
            ],
            [
              139.75,
              36.5
            ]
          ]
        ]
      }
    },
    {
      "type": "Feature",
      "properties": {
        "cell_id": "r188c1280",
        "country": "Japan",
        "row_global": 188,
        "col_global": 1280,
        "longitude": 140.125,
        "latitude": 36.625
      },
      "geometry": {
        "type": "Polygon",
        "coordinates": [
          [
            [
              140.0,
              36.5
            ],
            [
              140.25,
              36.5
            ],
            [
              140.25,
              36.75
            ],
            [
              140.0,
              36.75
            ],
            [
              140.0,
              36.5
            ]
          ]
        ]
      }
    },
    {
      "type": "Feature",
      "properties": {
        "cell_id": "r188c1281",
        "country": "Japan",
        "row_global": 188,
        "col_global": 1281,
        "longitude": 140.375,
        "latitude": 36.625
      },
      "geometry": {
        "type": "Polygon",
        "coordinates": [
          [
            [
              140.25,
              36.5
            ],
            [
              140.5,
              36.5
            ],
            [
              140.5,
              36.75
            ],
            [
              140.25,
              36.75
            ],
            [
              140.25,
              36.5
            ]
          ]
        ]
      }
    },
    {
      "type": "Feature",
      "properties": {
        "cell_id": "r188c1282",
        "country": "Japan",
        "row_global": 188,
        "col_global": 1282,
        "longitude": 140.625,
        "latitude": 36.625
      },
      "geometry": {
        "type": "Polygon",
        "coordinates": [
          [
            [
              140.5,
              36.5
            ],
            [
              140.75,
              36.5
            ],
            [
              140.75,
              36.75
            ],
            [
              140.5,
              36.75
            ],
            [
              140.5,
              36.5
            ]
          ]
        ]
      }
    },
    {
      "type": "Feature",
      "properties": {
        "cell_id": "r189c1265",
        "country": "Japan",
        "row_global": 189,
        "col_global": 1265,
        "longitude": 136.375,
        "latitude": 36.375
      },
      "geometry": {
        "type": "Polygon",
        "coordinates": [
          [
            [
              136.25,
              36.25
            ],
            [
              136.5,
              36.25
            ],
            [
              136.5,
              36.5
            ],
            [
              136.25,
              36.5
            ],
            [
              136.25,
              36.25
            ]
          ]
        ]
      }
    },
    {
      "type": "Feature",
      "properties": {
        "cell_id": "r189c1266",
        "country": "Japan",
        "row_global": 189,
        "col_global": 1266,
        "longitude": 136.625,
        "latitude": 36.375
      },
      "geometry": {
        "type": "Polygon",
        "coordinates": [
          [
            [
              136.5,
              36.25
            ],
            [
              136.75,
              36.25
            ],
            [
              136.75,
              36.5
            ],
            [
              136.5,
              36.5
            ],
            [
              136.5,
              36.25
            ]
          ]
        ]
      }
    },
    {
      "type": "Feature",
      "properties": {
        "cell_id": "r189c1267",
        "country": "Japan",
        "row_global": 189,
        "col_global": 1267,
        "longitude": 136.875,
        "latitude": 36.375
      },
      "geometry": {
        "type": "Polygon",
        "coordinates": [
          [
            [
              136.75,
              36.25
            ],
            [
              137.0,
              36.25
            ],
            [
              137.0,
              36.5
            ],
            [
              136.75,
              36.5
            ],
            [
              136.75,
              36.25
            ]
          ]
        ]
      }
    },
    {
      "type": "Feature",
      "properties": {
        "cell_id": "r189c1268",
        "country": "Japan",
        "row_global": 189,
        "col_global": 1268,
        "longitude": 137.125,
        "latitude": 36.375
      },
      "geometry": {
        "type": "Polygon",
        "coordinates": [
          [
            [
              137.0,
              36.25
            ],
            [
              137.25,
              36.25
            ],
            [
              137.25,
              36.5
            ],
            [
              137.0,
              36.5
            ],
            [
              137.0,
              36.25
            ]
          ]
        ]
      }
    },
    {
      "type": "Feature",
      "properties": {
        "cell_id": "r189c1269",
        "country": "Japan",
        "row_global": 189,
        "col_global": 1269,
        "longitude": 137.375,
        "latitude": 36.375
      },
      "geometry": {
        "type": "Polygon",
        "coordinates": [
          [
            [
              137.25,
              36.25
            ],
            [
              137.5,
              36.25
            ],
            [
              137.5,
              36.5
            ],
            [
              137.25,
              36.5
            ],
            [
              137.25,
              36.25
            ]
          ]
        ]
      }
    },
    {
      "type": "Feature",
      "properties": {
        "cell_id": "r189c1270",
        "country": "Japan",
        "row_global": 189,
        "col_global": 1270,
        "longitude": 137.625,
        "latitude": 36.375
      },
      "geometry": {
        "type": "Polygon",
        "coordinates": [
          [
            [
              137.5,
              36.25
            ],
            [
              137.75,
              36.25
            ],
            [
              137.75,
              36.5
            ],
            [
              137.5,
              36.5
            ],
            [
              137.5,
              36.25
            ]
          ]
        ]
      }
    },
    {
      "type": "Feature",
      "properties": {
        "cell_id": "r189c1271",
        "country": "Japan",
        "row_global": 189,
        "col_global": 1271,
        "longitude": 137.875,
        "latitude": 36.375
      },
      "geometry": {
        "type": "Polygon",
        "coordinates": [
          [
            [
              137.75,
              36.25
            ],
            [
              138.0,
              36.25
            ],
            [
              138.0,
              36.5
            ],
            [
              137.75,
              36.5
            ],
            [
              137.75,
              36.25
            ]
          ]
        ]
      }
    },
    {
      "type": "Feature",
      "properties": {
        "cell_id": "r189c1272",
        "country": "Japan",
        "row_global": 189,
        "col_global": 1272,
        "longitude": 138.125,
        "latitude": 36.375
      },
      "geometry": {
        "type": "Polygon",
        "coordinates": [
          [
            [
              138.0,
              36.25
            ],
            [
              138.25,
              36.25
            ],
            [
              138.25,
              36.5
            ],
            [
              138.0,
              36.5
            ],
            [
              138.0,
              36.25
            ]
          ]
        ]
      }
    },
    {
      "type": "Feature",
      "properties": {
        "cell_id": "r189c1273",
        "country": "Japan",
        "row_global": 189,
        "col_global": 1273,
        "longitude": 138.375,
        "latitude": 36.375
      },
      "geometry": {
        "type": "Polygon",
        "coordinates": [
          [
            [
              138.25,
              36.25
            ],
            [
              138.5,
              36.25
            ],
            [
              138.5,
              36.5
            ],
            [
              138.25,
              36.5
            ],
            [
              138.25,
              36.25
            ]
          ]
        ]
      }
    },
    {
      "type": "Feature",
      "properties": {
        "cell_id": "r189c1274",
        "country": "Japan",
        "row_global": 189,
        "col_global": 1274,
        "longitude": 138.625,
        "latitude": 36.375
      },
      "geometry": {
        "type": "Polygon",
        "coordinates": [
          [
            [
              138.5,
              36.25
            ],
            [
              138.75,
              36.25
            ],
            [
              138.75,
              36.5
            ],
            [
              138.5,
              36.5
            ],
            [
              138.5,
              36.25
            ]
          ]
        ]
      }
    },
    {
      "type": "Feature",
      "properties": {
        "cell_id": "r189c1275",
        "country": "Japan",
        "row_global": 189,
        "col_global": 1275,
        "longitude": 138.875,
        "latitude": 36.375
      },
      "geometry": {
        "type": "Polygon",
        "coordinates": [
          [
            [
              138.75,
              36.25
            ],
            [
              139.0,
              36.25
            ],
            [
              139.0,
              36.5
            ],
            [
              138.75,
              36.5
            ],
            [
              138.75,
              36.25
            ]
          ]
        ]
      }
    },
    {
      "type": "Feature",
      "properties": {
        "cell_id": "r189c1276",
        "country": "Japan",
        "row_global": 189,
        "col_global": 1276,
        "longitude": 139.125,
        "latitude": 36.375
      },
      "geometry": {
        "type": "Polygon",
        "coordinates": [
          [
            [
              139.0,
              36.25
            ],
            [
              139.25,
              36.25
            ],
            [
              139.25,
              36.5
            ],
            [
              139.0,
              36.5
            ],
            [
              139.0,
              36.25
            ]
          ]
        ]
      }
    },
    {
      "type": "Feature",
      "properties": {
        "cell_id": "r189c1277",
        "country": "Japan",
        "row_global": 189,
        "col_global": 1277,
        "longitude": 139.375,
        "latitude": 36.375
      },
      "geometry": {
        "type": "Polygon",
        "coordinates": [
          [
            [
              139.25,
              36.25
            ],
            [
              139.5,
              36.25
            ],
            [
              139.5,
              36.5
            ],
            [
              139.25,
              36.5
            ],
            [
              139.25,
              36.25
            ]
          ]
        ]
      }
    },
    {
      "type": "Feature",
      "properties": {
        "cell_id": "r189c1278",
        "country": "Japan",
        "row_global": 189,
        "col_global": 1278,
        "longitude": 139.625,
        "latitude": 36.375
      },
      "geometry": {
        "type": "Polygon",
        "coordinates": [
          [
            [
              139.5,
              36.25
            ],
            [
              139.75,
              36.25
            ],
            [
              139.75,
              36.5
            ],
            [
              139.5,
              36.5
            ],
            [
              139.5,
              36.25
            ]
          ]
        ]
      }
    },
    {
      "type": "Feature",
      "properties": {
        "cell_id": "r189c1279",
        "country": "Japan",
        "row_global": 189,
        "col_global": 1279,
        "longitude": 139.875,
        "latitude": 36.375
      },
      "geometry": {
        "type": "Polygon",
        "coordinates": [
          [
            [
              139.75,
              36.25
            ],
            [
              140.0,
              36.25
            ],
            [
              140.0,
              36.5
            ],
            [
              139.75,
              36.5
            ],
            [
              139.75,
              36.25
            ]
          ]
        ]
      }
    },
    {
      "type": "Feature",
      "properties": {
        "cell_id": "r189c1280",
        "country": "Japan",
        "row_global": 189,
        "col_global": 1280,
        "longitude": 140.125,
        "latitude": 36.375
      },
      "geometry": {
        "type": "Polygon",
        "coordinates": [
          [
            [
              140.0,
              36.25
            ],
            [
              140.25,
              36.25
            ],
            [
              140.25,
              36.5
            ],
            [
              140.0,
              36.5
            ],
            [
              140.0,
              36.25
            ]
          ]
        ]
      }
    },
    {
      "type": "Feature",
      "properties": {
        "cell_id": "r189c1281",
        "country": "Japan",
        "row_global": 189,
        "col_global": 1281,
        "longitude": 140.375,
        "latitude": 36.375
      },
      "geometry": {
        "type": "Polygon",
        "coordinates": [
          [
            [
              140.25,
              36.25
            ],
            [
              140.5,
              36.25
            ],
            [
              140.5,
              36.5
            ],
            [
              140.25,
              36.5
            ],
            [
              140.25,
              36.25
            ]
          ]
        ]
      }
    },
    {
      "type": "Feature",
      "properties": {
        "cell_id": "r190c1264",
        "country": "Japan",
        "row_global": 190,
        "col_global": 1264,
        "longitude": 136.125,
        "latitude": 36.125
      },
      "geometry": {
        "type": "Polygon",
        "coordinates": [
          [
            [
              136.0,
              36.0
            ],
            [
              136.25,
              36.0
            ],
            [
              136.25,
              36.25
            ],
            [
              136.0,
              36.25
            ],
            [
              136.0,
              36.0
            ]
          ]
        ]
      }
    },
    {
      "type": "Feature",
      "properties": {
        "cell_id": "r190c1265",
        "country": "Japan",
        "row_global": 190,
        "col_global": 1265,
        "longitude": 136.375,
        "latitude": 36.125
      },
      "geometry": {
        "type": "Polygon",
        "coordinates": [
          [
            [
              136.25,
              36.0
            ],
            [
              136.5,
              36.0
            ],
            [
              136.5,
              36.25
            ],
            [
              136.25,
              36.25
            ],
            [
              136.25,
              36.0
            ]
          ]
        ]
      }
    },
    {
      "type": "Feature",
      "properties": {
        "cell_id": "r190c1266",
        "country": "Japan",
        "row_global": 190,
        "col_global": 1266,
        "longitude": 136.625,
        "latitude": 36.125
      },
      "geometry": {
        "type": "Polygon",
        "coordinates": [
          [
            [
              136.5,
              36.0
            ],
            [
              136.75,
              36.0
            ],
            [
              136.75,
              36.25
            ],
            [
              136.5,
              36.25
            ],
            [
              136.5,
              36.0
            ]
          ]
        ]
      }
    },
    {
      "type": "Feature",
      "properties": {
        "cell_id": "r190c1267",
        "country": "Japan",
        "row_global": 190,
        "col_global": 1267,
        "longitude": 136.875,
        "latitude": 36.125
      },
      "geometry": {
        "type": "Polygon",
        "coordinates": [
          [
            [
              136.75,
              36.0
            ],
            [
              137.0,
              36.0
            ],
            [
              137.0,
              36.25
            ],
            [
              136.75,
              36.25
            ],
            [
              136.75,
              36.0
            ]
          ]
        ]
      }
    },
    {
      "type": "Feature",
      "properties": {
        "cell_id": "r190c1268",
        "country": "Japan",
        "row_global": 190,
        "col_global": 1268,
        "longitude": 137.125,
        "latitude": 36.125
      },
      "geometry": {
        "type": "Polygon",
        "coordinates": [
          [
            [
              137.0,
              36.0
            ],
            [
              137.25,
              36.0
            ],
            [
              137.25,
              36.25
            ],
            [
              137.0,
              36.25
            ],
            [
              137.0,
              36.0
            ]
          ]
        ]
      }
    },
    {
      "type": "Feature",
      "properties": {
        "cell_id": "r190c1269",
        "country": "Japan",
        "row_global": 190,
        "col_global": 1269,
        "longitude": 137.375,
        "latitude": 36.125
      },
      "geometry": {
        "type": "Polygon",
        "coordinates": [
          [
            [
              137.25,
              36.0
            ],
            [
              137.5,
              36.0
            ],
            [
              137.5,
              36.25
            ],
            [
              137.25,
              36.25
            ],
            [
              137.25,
              36.0
            ]
          ]
        ]
      }
    },
    {
      "type": "Feature",
      "properties": {
        "cell_id": "r190c1270",
        "country": "Japan",
        "row_global": 190,
        "col_global": 1270,
        "longitude": 137.625,
        "latitude": 36.125
      },
      "geometry": {
        "type": "Polygon",
        "coordinates": [
          [
            [
              137.5,
              36.0
            ],
            [
              137.75,
              36.0
            ],
            [
              137.75,
              36.25
            ],
            [
              137.5,
              36.25
            ],
            [
              137.5,
              36.0
            ]
          ]
        ]
      }
    },
    {
      "type": "Feature",
      "properties": {
        "cell_id": "r190c1271",
        "country": "Japan",
        "row_global": 190,
        "col_global": 1271,
        "longitude": 137.875,
        "latitude": 36.125
      },
      "geometry": {
        "type": "Polygon",
        "coordinates": [
          [
            [
              137.75,
              36.0
            ],
            [
              138.0,
              36.0
            ],
            [
              138.0,
              36.25
            ],
            [
              137.75,
              36.25
            ],
            [
              137.75,
              36.0
            ]
          ]
        ]
      }
    },
    {
      "type": "Feature",
      "properties": {
        "cell_id": "r190c1272",
        "country": "Japan",
        "row_global": 190,
        "col_global": 1272,
        "longitude": 138.125,
        "latitude": 36.125
      },
      "geometry": {
        "type": "Polygon",
        "coordinates": [
          [
            [
              138.0,
              36.0
            ],
            [
              138.25,
              36.0
            ],
            [
              138.25,
              36.25
            ],
            [
              138.0,
              36.25
            ],
            [
              138.0,
              36.0
            ]
          ]
        ]
      }
    },
    {
      "type": "Feature",
      "properties": {
        "cell_id": "r190c1273",
        "country": "Japan",
        "row_global": 190,
        "col_global": 1273,
        "longitude": 138.375,
        "latitude": 36.125
      },
      "geometry": {
        "type": "Polygon",
        "coordinates": [
          [
            [
              138.25,
              36.0
            ],
            [
              138.5,
              36.0
            ],
            [
              138.5,
              36.25
            ],
            [
              138.25,
              36.25
            ],
            [
              138.25,
              36.0
            ]
          ]
        ]
      }
    },
    {
      "type": "Feature",
      "properties": {
        "cell_id": "r190c1274",
        "country": "Japan",
        "row_global": 190,
        "col_global": 1274,
        "longitude": 138.625,
        "latitude": 36.125
      },
      "geometry": {
        "type": "Polygon",
        "coordinates": [
          [
            [
              138.5,
              36.0
            ],
            [
              138.75,
              36.0
            ],
            [
              138.75,
              36.25
            ],
            [
              138.5,
              36.25
            ],
            [
              138.5,
              36.0
            ]
          ]
        ]
      }
    },
    {
      "type": "Feature",
      "properties": {
        "cell_id": "r190c1275",
        "country": "Japan",
        "row_global": 190,
        "col_global": 1275,
        "longitude": 138.875,
        "latitude": 36.125
      },
      "geometry": {
        "type": "Polygon",
        "coordinates": [
          [
            [
              138.75,
              36.0
            ],
            [
              139.0,
              36.0
            ],
            [
              139.0,
              36.25
            ],
            [
              138.75,
              36.25
            ],
            [
              138.75,
              36.0
            ]
          ]
        ]
      }
    },
    {
      "type": "Feature",
      "properties": {
        "cell_id": "r190c1276",
        "country": "Japan",
        "row_global": 190,
        "col_global": 1276,
        "longitude": 139.125,
        "latitude": 36.125
      },
      "geometry": {
        "type": "Polygon",
        "coordinates": [
          [
            [
              139.0,
              36.0
            ],
            [
              139.25,
              36.0
            ],
            [
              139.25,
              36.25
            ],
            [
              139.0,
              36.25
            ],
            [
              139.0,
              36.0
            ]
          ]
        ]
      }
    },
    {
      "type": "Feature",
      "properties": {
        "cell_id": "r190c1277",
        "country": "Japan",
        "row_global": 190,
        "col_global": 1277,
        "longitude": 139.375,
        "latitude": 36.125
      },
      "geometry": {
        "type": "Polygon",
        "coordinates": [
          [
            [
              139.25,
              36.0
            ],
            [
              139.5,
              36.0
            ],
            [
              139.5,
              36.25
            ],
            [
              139.25,
              36.25
            ],
            [
              139.25,
              36.0
            ]
          ]
        ]
      }
    },
    {
      "type": "Feature",
      "properties": {
        "cell_id": "r190c1278",
        "country": "Japan",
        "row_global": 190,
        "col_global": 1278,
        "longitude": 139.625,
        "latitude": 36.125
      },
      "geometry": {
        "type": "Polygon",
        "coordinates": [
          [
            [
              139.5,
              36.0
            ],
            [
              139.75,
              36.0
            ],
            [
              139.75,
              36.25
            ],
            [
              139.5,
              36.25
            ],
            [
              139.5,
              36.0
            ]
          ]
        ]
      }
    },
    {
      "type": "Feature",
      "properties": {
        "cell_id": "r190c1279",
        "country": "Japan",
        "row_global": 190,
        "col_global": 1279,
        "longitude": 139.875,
        "latitude": 36.125
      },
      "geometry": {
        "type": "Polygon",
        "coordinates": [
          [
            [
              139.75,
              36.0
            ],
            [
              140.0,
              36.0
            ],
            [
              140.0,
              36.25
            ],
            [
              139.75,
              36.25
            ],
            [
              139.75,
              36.0
            ]
          ]
        ]
      }
    },
    {
      "type": "Feature",
      "properties": {
        "cell_id": "r190c1280",
        "country": "Japan",
        "row_global": 190,
        "col_global": 1280,
        "longitude": 140.125,
        "latitude": 36.125
      },
      "geometry": {
        "type": "Polygon",
        "coordinates": [
          [
            [
              140.0,
              36.0
            ],
            [
              140.25,
              36.0
            ],
            [
              140.25,
              36.25
            ],
            [
              140.0,
              36.25
            ],
            [
              140.0,
              36.0
            ]
          ]
        ]
      }
    },
    {
      "type": "Feature",
      "properties": {
        "cell_id": "r190c1281",
        "country": "Japan",
        "row_global": 190,
        "col_global": 1281,
        "longitude": 140.375,
        "latitude": 36.125
      },
      "geometry": {
        "type": "Polygon",
        "coordinates": [
          [
            [
              140.25,
              36.0
            ],
            [
              140.5,
              36.0
            ],
            [
              140.5,
              36.25
            ],
            [
              140.25,
              36.25
            ],
            [
              140.25,
              36.0
            ]
          ]
        ]
      }
    },
    {
      "type": "Feature",
      "properties": {
        "cell_id": "r191c1264",
        "country": "Japan",
        "row_global": 191,
        "col_global": 1264,
        "longitude": 136.125,
        "latitude": 35.875
      },
      "geometry": {
        "type": "Polygon",
        "coordinates": [
          [
            [
              136.0,
              35.75
            ],
            [
              136.25,
              35.75
            ],
            [
              136.25,
              36.0
            ],
            [
              136.0,
              36.0
            ],
            [
              136.0,
              35.75
            ]
          ]
        ]
      }
    },
    {
      "type": "Feature",
      "properties": {
        "cell_id": "r191c1265",
        "country": "Japan",
        "row_global": 191,
        "col_global": 1265,
        "longitude": 136.375,
        "latitude": 35.875
      },
      "geometry": {
        "type": "Polygon",
        "coordinates": [
          [
            [
              136.25,
              35.75
            ],
            [
              136.5,
              35.75
            ],
            [
              136.5,
              36.0
            ],
            [
              136.25,
              36.0
            ],
            [
              136.25,
              35.75
            ]
          ]
        ]
      }
    },
    {
      "type": "Feature",
      "properties": {
        "cell_id": "r191c1266",
        "country": "Japan",
        "row_global": 191,
        "col_global": 1266,
        "longitude": 136.625,
        "latitude": 35.875
      },
      "geometry": {
        "type": "Polygon",
        "coordinates": [
          [
            [
              136.5,
              35.75
            ],
            [
              136.75,
              35.75
            ],
            [
              136.75,
              36.0
            ],
            [
              136.5,
              36.0
            ],
            [
              136.5,
              35.75
            ]
          ]
        ]
      }
    },
    {
      "type": "Feature",
      "properties": {
        "cell_id": "r191c1267",
        "country": "Japan",
        "row_global": 191,
        "col_global": 1267,
        "longitude": 136.875,
        "latitude": 35.875
      },
      "geometry": {
        "type": "Polygon",
        "coordinates": [
          [
            [
              136.75,
              35.75
            ],
            [
              137.0,
              35.75
            ],
            [
              137.0,
              36.0
            ],
            [
              136.75,
              36.0
            ],
            [
              136.75,
              35.75
            ]
          ]
        ]
      }
    },
    {
      "type": "Feature",
      "properties": {
        "cell_id": "r191c1268",
        "country": "Japan",
        "row_global": 191,
        "col_global": 1268,
        "longitude": 137.125,
        "latitude": 35.875
      },
      "geometry": {
        "type": "Polygon",
        "coordinates": [
          [
            [
              137.0,
              35.75
            ],
            [
              137.25,
              35.75
            ],
            [
              137.25,
              36.0
            ],
            [
              137.0,
              36.0
            ],
            [
              137.0,
              35.75
            ]
          ]
        ]
      }
    },
    {
      "type": "Feature",
      "properties": {
        "cell_id": "r191c1269",
        "country": "Japan",
        "row_global": 191,
        "col_global": 1269,
        "longitude": 137.375,
        "latitude": 35.875
      },
      "geometry": {
        "type": "Polygon",
        "coordinates": [
          [
            [
              137.25,
              35.75
            ],
            [
              137.5,
              35.75
            ],
            [
              137.5,
              36.0
            ],
            [
              137.25,
              36.0
            ],
            [
              137.25,
              35.75
            ]
          ]
        ]
      }
    },
    {
      "type": "Feature",
      "properties": {
        "cell_id": "r191c1270",
        "country": "Japan",
        "row_global": 191,
        "col_global": 1270,
        "longitude": 137.625,
        "latitude": 35.875
      },
      "geometry": {
        "type": "Polygon",
        "coordinates": [
          [
            [
              137.5,
              35.75
            ],
            [
              137.75,
              35.75
            ],
            [
              137.75,
              36.0
            ],
            [
              137.5,
              36.0
            ],
            [
              137.5,
              35.75
            ]
          ]
        ]
      }
    },
    {
      "type": "Feature",
      "properties": {
        "cell_id": "r191c1271",
        "country": "Japan",
        "row_global": 191,
        "col_global": 1271,
        "longitude": 137.875,
        "latitude": 35.875
      },
      "geometry": {
        "type": "Polygon",
        "coordinates": [
          [
            [
              137.75,
              35.75
            ],
            [
              138.0,
              35.75
            ],
            [
              138.0,
              36.0
            ],
            [
              137.75,
              36.0
            ],
            [
              137.75,
              35.75
            ]
          ]
        ]
      }
    },
    {
      "type": "Feature",
      "properties": {
        "cell_id": "r191c1272",
        "country": "Japan",
        "row_global": 191,
        "col_global": 1272,
        "longitude": 138.125,
        "latitude": 35.875
      },
      "geometry": {
        "type": "Polygon",
        "coordinates": [
          [
            [
              138.0,
              35.75
            ],
            [
              138.25,
              35.75
            ],
            [
              138.25,
              36.0
            ],
            [
              138.0,
              36.0
            ],
            [
              138.0,
              35.75
            ]
          ]
        ]
      }
    },
    {
      "type": "Feature",
      "properties": {
        "cell_id": "r191c1273",
        "country": "Japan",
        "row_global": 191,
        "col_global": 1273,
        "longitude": 138.375,
        "latitude": 35.875
      },
      "geometry": {
        "type": "Polygon",
        "coordinates": [
          [
            [
              138.25,
              35.75
            ],
            [
              138.5,
              35.75
            ],
            [
              138.5,
              36.0
            ],
            [
              138.25,
              36.0
            ],
            [
              138.25,
              35.75
            ]
          ]
        ]
      }
    },
    {
      "type": "Feature",
      "properties": {
        "cell_id": "r191c1274",
        "country": "Japan",
        "row_global": 191,
        "col_global": 1274,
        "longitude": 138.625,
        "latitude": 35.875
      },
      "geometry": {
        "type": "Polygon",
        "coordinates": [
          [
            [
              138.5,
              35.75
            ],
            [
              138.75,
              35.75
            ],
            [
              138.75,
              36.0
            ],
            [
              138.5,
              36.0
            ],
            [
              138.5,
              35.75
            ]
          ]
        ]
      }
    },
    {
      "type": "Feature",
      "properties": {
        "cell_id": "r191c1275",
        "country": "Japan",
        "row_global": 191,
        "col_global": 1275,
        "longitude": 138.875,
        "latitude": 35.875
      },
      "geometry": {
        "type": "Polygon",
        "coordinates": [
          [
            [
              138.75,
              35.75
            ],
            [
              139.0,
              35.75
            ],
            [
              139.0,
              36.0
            ],
            [
              138.75,
              36.0
            ],
            [
              138.75,
              35.75
            ]
          ]
        ]
      }
    },
    {
      "type": "Feature",
      "properties": {
        "cell_id": "r191c1276",
        "country": "Japan",
        "row_global": 191,
        "col_global": 1276,
        "longitude": 139.125,
        "latitude": 35.875
      },
      "geometry": {
        "type": "Polygon",
        "coordinates": [
          [
            [
              139.0,
              35.75
            ],
            [
              139.25,
              35.75
            ],
            [
              139.25,
              36.0
            ],
            [
              139.0,
              36.0
            ],
            [
              139.0,
              35.75
            ]
          ]
        ]
      }
    },
    {
      "type": "Feature",
      "properties": {
        "cell_id": "r191c1277",
        "country": "Japan",
        "row_global": 191,
        "col_global": 1277,
        "longitude": 139.375,
        "latitude": 35.875
      },
      "geometry": {
        "type": "Polygon",
        "coordinates": [
          [
            [
              139.25,
              35.75
            ],
            [
              139.5,
              35.75
            ],
            [
              139.5,
              36.0
            ],
            [
              139.25,
              36.0
            ],
            [
              139.25,
              35.75
            ]
          ]
        ]
      }
    },
    {
      "type": "Feature",
      "properties": {
        "cell_id": "r191c1278",
        "country": "Japan",
        "row_global": 191,
        "col_global": 1278,
        "longitude": 139.625,
        "latitude": 35.875
      },
      "geometry": {
        "type": "Polygon",
        "coordinates": [
          [
            [
              139.5,
              35.75
            ],
            [
              139.75,
              35.75
            ],
            [
              139.75,
              36.0
            ],
            [
              139.5,
              36.0
            ],
            [
              139.5,
              35.75
            ]
          ]
        ]
      }
    },
    {
      "type": "Feature",
      "properties": {
        "cell_id": "r191c1279",
        "country": "Japan",
        "row_global": 191,
        "col_global": 1279,
        "longitude": 139.875,
        "latitude": 35.875
      },
      "geometry": {
        "type": "Polygon",
        "coordinates": [
          [
            [
              139.75,
              35.75
            ],
            [
              140.0,
              35.75
            ],
            [
              140.0,
              36.0
            ],
            [
              139.75,
              36.0
            ],
            [
              139.75,
              35.75
            ]
          ]
        ]
      }
    },
    {
      "type": "Feature",
      "properties": {
        "cell_id": "r191c1280",
        "country": "Japan",
        "row_global": 191,
        "col_global": 1280,
        "longitude": 140.125,
        "latitude": 35.875
      },
      "geometry": {
        "type": "Polygon",
        "coordinates": [
          [
            [
              140.0,
              35.75
            ],
            [
              140.25,
              35.75
            ],
            [
              140.25,
              36.0
            ],
            [
              140.0,
              36.0
            ],
            [
              140.0,
              35.75
            ]
          ]
        ]
      }
    },
    {
      "type": "Feature",
      "properties": {
        "cell_id": "r191c1281",
        "country": "Japan",
        "row_global": 191,
        "col_global": 1281,
        "longitude": 140.375,
        "latitude": 35.875
      },
      "geometry": {
        "type": "Polygon",
        "coordinates": [
          [
            [
              140.25,
              35.75
            ],
            [
              140.5,
              35.75
            ],
            [
              140.5,
              36.0
            ],
            [
              140.25,
              36.0
            ],
            [
              140.25,
              35.75
            ]
          ]
        ]
      }
    },
    {
      "type": "Feature",
      "properties": {
        "cell_id": "r191c1282",
        "country": "Japan",
        "row_global": 191,
        "col_global": 1282,
        "longitude": 140.625,
        "latitude": 35.875
      },
      "geometry": {
        "type": "Polygon",
        "coordinates": [
          [
            [
              140.5,
              35.75
            ],
            [
              140.75,
              35.75
            ],
            [
              140.75,
              36.0
            ],
            [
              140.5,
              36.0
            ],
            [
              140.5,
              35.75
            ]
          ]
        ]
      }
    },
    {
      "type": "Feature",
      "properties": {
        "cell_id": "r192c1258",
        "country": "Japan",
        "row_global": 192,
        "col_global": 1258,
        "longitude": 134.625,
        "latitude": 35.625
      },
      "geometry": {
        "type": "Polygon",
        "coordinates": [
          [
            [
              134.5,
              35.5
            ],
            [
              134.75,
              35.5
            ],
            [
              134.75,
              35.75
            ],
            [
              134.5,
              35.75
            ],
            [
              134.5,
              35.5
            ]
          ]
        ]
      }
    },
    {
      "type": "Feature",
      "properties": {
        "cell_id": "r192c1259",
        "country": "Japan",
        "row_global": 192,
        "col_global": 1259,
        "longitude": 134.875,
        "latitude": 35.625
      },
      "geometry": {
        "type": "Polygon",
        "coordinates": [
          [
            [
              134.75,
              35.5
            ],
            [
              135.0,
              35.5
            ],
            [
              135.0,
              35.75
            ],
            [
              134.75,
              35.75
            ],
            [
              134.75,
              35.5
            ]
          ]
        ]
      }
    },
    {
      "type": "Feature",
      "properties": {
        "cell_id": "r192c1260",
        "country": "Japan",
        "row_global": 192,
        "col_global": 1260,
        "longitude": 135.125,
        "latitude": 35.625
      },
      "geometry": {
        "type": "Polygon",
        "coordinates": [
          [
            [
              135.0,
              35.5
            ],
            [
              135.25,
              35.5
            ],
            [
              135.25,
              35.75
            ],
            [
              135.0,
              35.75
            ],
            [
              135.0,
              35.5
            ]
          ]
        ]
      }
    },
    {
      "type": "Feature",
      "properties": {
        "cell_id": "r192c1264",
        "country": "Japan",
        "row_global": 192,
        "col_global": 1264,
        "longitude": 136.125,
        "latitude": 35.625
      },
      "geometry": {
        "type": "Polygon",
        "coordinates": [
          [
            [
              136.0,
              35.5
            ],
            [
              136.25,
              35.5
            ],
            [
              136.25,
              35.75
            ],
            [
              136.0,
              35.75
            ],
            [
              136.0,
              35.5
            ]
          ]
        ]
      }
    },
    {
      "type": "Feature",
      "properties": {
        "cell_id": "r192c1265",
        "country": "Japan",
        "row_global": 192,
        "col_global": 1265,
        "longitude": 136.375,
        "latitude": 35.625
      },
      "geometry": {
        "type": "Polygon",
        "coordinates": [
          [
            [
              136.25,
              35.5
            ],
            [
              136.5,
              35.5
            ],
            [
              136.5,
              35.75
            ],
            [
              136.25,
              35.75
            ],
            [
              136.25,
              35.5
            ]
          ]
        ]
      }
    },
    {
      "type": "Feature",
      "properties": {
        "cell_id": "r192c1266",
        "country": "Japan",
        "row_global": 192,
        "col_global": 1266,
        "longitude": 136.625,
        "latitude": 35.625
      },
      "geometry": {
        "type": "Polygon",
        "coordinates": [
          [
            [
              136.5,
              35.5
            ],
            [
              136.75,
              35.5
            ],
            [
              136.75,
              35.75
            ],
            [
              136.5,
              35.75
            ],
            [
              136.5,
              35.5
            ]
          ]
        ]
      }
    },
    {
      "type": "Feature",
      "properties": {
        "cell_id": "r192c1267",
        "country": "Japan",
        "row_global": 192,
        "col_global": 1267,
        "longitude": 136.875,
        "latitude": 35.625
      },
      "geometry": {
        "type": "Polygon",
        "coordinates": [
          [
            [
              136.75,
              35.5
            ],
            [
              137.0,
              35.5
            ],
            [
              137.0,
              35.75
            ],
            [
              136.75,
              35.75
            ],
            [
              136.75,
              35.5
            ]
          ]
        ]
      }
    },
    {
      "type": "Feature",
      "properties": {
        "cell_id": "r192c1268",
        "country": "Japan",
        "row_global": 192,
        "col_global": 1268,
        "longitude": 137.125,
        "latitude": 35.625
      },
      "geometry": {
        "type": "Polygon",
        "coordinates": [
          [
            [
              137.0,
              35.5
            ],
            [
              137.25,
              35.5
            ],
            [
              137.25,
              35.75
            ],
            [
              137.0,
              35.75
            ],
            [
              137.0,
              35.5
            ]
          ]
        ]
      }
    },
    {
      "type": "Feature",
      "properties": {
        "cell_id": "r192c1269",
        "country": "Japan",
        "row_global": 192,
        "col_global": 1269,
        "longitude": 137.375,
        "latitude": 35.625
      },
      "geometry": {
        "type": "Polygon",
        "coordinates": [
          [
            [
              137.25,
              35.5
            ],
            [
              137.5,
              35.5
            ],
            [
              137.5,
              35.75
            ],
            [
              137.25,
              35.75
            ],
            [
              137.25,
              35.5
            ]
          ]
        ]
      }
    },
    {
      "type": "Feature",
      "properties": {
        "cell_id": "r192c1270",
        "country": "Japan",
        "row_global": 192,
        "col_global": 1270,
        "longitude": 137.625,
        "latitude": 35.625
      },
      "geometry": {
        "type": "Polygon",
        "coordinates": [
          [
            [
              137.5,
              35.5
            ],
            [
              137.75,
              35.5
            ],
            [
              137.75,
              35.75
            ],
            [
              137.5,
              35.75
            ],
            [
              137.5,
              35.5
            ]
          ]
        ]
      }
    },
    {
      "type": "Feature",
      "properties": {
        "cell_id": "r192c1271",
        "country": "Japan",
        "row_global": 192,
        "col_global": 1271,
        "longitude": 137.875,
        "latitude": 35.625
      },
      "geometry": {
        "type": "Polygon",
        "coordinates": [
          [
            [
              137.75,
              35.5
            ],
            [
              138.0,
              35.5
            ],
            [
              138.0,
              35.75
            ],
            [
              137.75,
              35.75
            ],
            [
              137.75,
              35.5
            ]
          ]
        ]
      }
    },
    {
      "type": "Feature",
      "properties": {
        "cell_id": "r192c1272",
        "country": "Japan",
        "row_global": 192,
        "col_global": 1272,
        "longitude": 138.125,
        "latitude": 35.625
      },
      "geometry": {
        "type": "Polygon",
        "coordinates": [
          [
            [
              138.0,
              35.5
            ],
            [
              138.25,
              35.5
            ],
            [
              138.25,
              35.75
            ],
            [
              138.0,
              35.75
            ],
            [
              138.0,
              35.5
            ]
          ]
        ]
      }
    },
    {
      "type": "Feature",
      "properties": {
        "cell_id": "r192c1273",
        "country": "Japan",
        "row_global": 192,
        "col_global": 1273,
        "longitude": 138.375,
        "latitude": 35.625
      },
      "geometry": {
        "type": "Polygon",
        "coordinates": [
          [
            [
              138.25,
              35.5
            ],
            [
              138.5,
              35.5
            ],
            [
              138.5,
              35.75
            ],
            [
              138.25,
              35.75
            ],
            [
              138.25,
              35.5
            ]
          ]
        ]
      }
    },
    {
      "type": "Feature",
      "properties": {
        "cell_id": "r192c1274",
        "country": "Japan",
        "row_global": 192,
        "col_global": 1274,
        "longitude": 138.625,
        "latitude": 35.625
      },
      "geometry": {
        "type": "Polygon",
        "coordinates": [
          [
            [
              138.5,
              35.5
            ],
            [
              138.75,
              35.5
            ],
            [
              138.75,
              35.75
            ],
            [
              138.5,
              35.75
            ],
            [
              138.5,
              35.5
            ]
          ]
        ]
      }
    },
    {
      "type": "Feature",
      "properties": {
        "cell_id": "r192c1275",
        "country": "Japan",
        "row_global": 192,
        "col_global": 1275,
        "longitude": 138.875,
        "latitude": 35.625
      },
      "geometry": {
        "type": "Polygon",
        "coordinates": [
          [
            [
              138.75,
              35.5
            ],
            [
              139.0,
              35.5
            ],
            [
              139.0,
              35.75
            ],
            [
              138.75,
              35.75
            ],
            [
              138.75,
              35.5
            ]
          ]
        ]
      }
    },
    {
      "type": "Feature",
      "properties": {
        "cell_id": "r192c1276",
        "country": "Japan",
        "row_global": 192,
        "col_global": 1276,
        "longitude": 139.125,
        "latitude": 35.625
      },
      "geometry": {
        "type": "Polygon",
        "coordinates": [
          [
            [
              139.0,
              35.5
            ],
            [
              139.25,
              35.5
            ],
            [
              139.25,
              35.75
            ],
            [
              139.0,
              35.75
            ],
            [
              139.0,
              35.5
            ]
          ]
        ]
      }
    },
    {
      "type": "Feature",
      "properties": {
        "cell_id": "r192c1277",
        "country": "Japan",
        "row_global": 192,
        "col_global": 1277,
        "longitude": 139.375,
        "latitude": 35.625
      },
      "geometry": {
        "type": "Polygon",
        "coordinates": [
          [
            [
              139.25,
              35.5
            ],
            [
              139.5,
              35.5
            ],
            [
              139.5,
              35.75
            ],
            [
              139.25,
              35.75
            ],
            [
              139.25,
              35.5
            ]
          ]
        ]
      }
    },
    {
      "type": "Feature",
      "properties": {
        "cell_id": "r192c1278",
        "country": "Japan",
        "row_global": 192,
        "col_global": 1278,
        "longitude": 139.625,
        "latitude": 35.625
      },
      "geometry": {
        "type": "Polygon",
        "coordinates": [
          [
            [
              139.5,
              35.5
            ],
            [
              139.75,
              35.5
            ],
            [
              139.75,
              35.75
            ],
            [
              139.5,
              35.75
            ],
            [
              139.5,
              35.5
            ]
          ]
        ]
      }
    },
    {
      "type": "Feature",
      "properties": {
        "cell_id": "r192c1280",
        "country": "Japan",
        "row_global": 192,
        "col_global": 1280,
        "longitude": 140.125,
        "latitude": 35.625
      },
      "geometry": {
        "type": "Polygon",
        "coordinates": [
          [
            [
              140.0,
              35.5
            ],
            [
              140.25,
              35.5
            ],
            [
              140.25,
              35.75
            ],
            [
              140.0,
              35.75
            ],
            [
              140.0,
              35.5
            ]
          ]
        ]
      }
    },
    {
      "type": "Feature",
      "properties": {
        "cell_id": "r192c1281",
        "country": "Japan",
        "row_global": 192,
        "col_global": 1281,
        "longitude": 140.375,
        "latitude": 35.625
      },
      "geometry": {
        "type": "Polygon",
        "coordinates": [
          [
            [
              140.25,
              35.5
            ],
            [
              140.5,
              35.5
            ],
            [
              140.5,
              35.75
            ],
            [
              140.25,
              35.75
            ],
            [
              140.25,
              35.5
            ]
          ]
        ]
      }
    },
    {
      "type": "Feature",
      "properties": {
        "cell_id": "r193c1251",
        "country": "Japan",
        "row_global": 193,
        "col_global": 1251,
        "longitude": 132.875,
        "latitude": 35.375
      },
      "geometry": {
        "type": "Polygon",
        "coordinates": [
          [
            [
              132.75,
              35.25
            ],
            [
              133.0,
              35.25
            ],
            [
              133.0,
              35.5
            ],
            [
              132.75,
              35.5
            ],
            [
              132.75,
              35.25
            ]
          ]
        ]
      }
    },
    {
      "type": "Feature",
      "properties": {
        "cell_id": "r193c1252",
        "country": "Japan",
        "row_global": 193,
        "col_global": 1252,
        "longitude": 133.125,
        "latitude": 35.375
      },
      "geometry": {
        "type": "Polygon",
        "coordinates": [
          [
            [
              133.0,
              35.25
            ],
            [
              133.25,
              35.25
            ],
            [
              133.25,
              35.5
            ],
            [
              133.0,
              35.5
            ],
            [
              133.0,
              35.25
            ]
          ]
        ]
      }
    },
    {
      "type": "Feature",
      "properties": {
        "cell_id": "r193c1253",
        "country": "Japan",
        "row_global": 193,
        "col_global": 1253,
        "longitude": 133.375,
        "latitude": 35.375
      },
      "geometry": {
        "type": "Polygon",
        "coordinates": [
          [
            [
              133.25,
              35.25
            ],
            [
              133.5,
              35.25
            ],
            [
              133.5,
              35.5
            ],
            [
              133.25,
              35.5
            ],
            [
              133.25,
              35.25
            ]
          ]
        ]
      }
    },
    {
      "type": "Feature",
      "properties": {
        "cell_id": "r193c1254",
        "country": "Japan",
        "row_global": 193,
        "col_global": 1254,
        "longitude": 133.625,
        "latitude": 35.375
      },
      "geometry": {
        "type": "Polygon",
        "coordinates": [
          [
            [
              133.5,
              35.25
            ],
            [
              133.75,
              35.25
            ],
            [
              133.75,
              35.5
            ],
            [
              133.5,
              35.5
            ],
            [
              133.5,
              35.25
            ]
          ]
        ]
      }
    },
    {
      "type": "Feature",
      "properties": {
        "cell_id": "r193c1255",
        "country": "Japan",
        "row_global": 193,
        "col_global": 1255,
        "longitude": 133.875,
        "latitude": 35.375
      },
      "geometry": {
        "type": "Polygon",
        "coordinates": [
          [
            [
              133.75,
              35.25
            ],
            [
              134.0,
              35.25
            ],
            [
              134.0,
              35.5
            ],
            [
              133.75,
              35.5
            ],
            [
              133.75,
              35.25
            ]
          ]
        ]
      }
    },
    {
      "type": "Feature",
      "properties": {
        "cell_id": "r193c1256",
        "country": "Japan",
        "row_global": 193,
        "col_global": 1256,
        "longitude": 134.125,
        "latitude": 35.375
      },
      "geometry": {
        "type": "Polygon",
        "coordinates": [
          [
            [
              134.0,
              35.25
            ],
            [
              134.25,
              35.25
            ],
            [
              134.25,
              35.5
            ],
            [
              134.0,
              35.5
            ],
            [
              134.0,
              35.25
            ]
          ]
        ]
      }
    },
    {
      "type": "Feature",
      "properties": {
        "cell_id": "r193c1257",
        "country": "Japan",
        "row_global": 193,
        "col_global": 1257,
        "longitude": 134.375,
        "latitude": 35.375
      },
      "geometry": {
        "type": "Polygon",
        "coordinates": [
          [
            [
              134.25,
              35.25
            ],
            [
              134.5,
              35.25
            ],
            [
              134.5,
              35.5
            ],
            [
              134.25,
              35.5
            ],
            [
              134.25,
              35.25
            ]
          ]
        ]
      }
    },
    {
      "type": "Feature",
      "properties": {
        "cell_id": "r193c1258",
        "country": "Japan",
        "row_global": 193,
        "col_global": 1258,
        "longitude": 134.625,
        "latitude": 35.375
      },
      "geometry": {
        "type": "Polygon",
        "coordinates": [
          [
            [
              134.5,
              35.25
            ],
            [
              134.75,
              35.25
            ],
            [
              134.75,
              35.5
            ],
            [
              134.5,
              35.5
            ],
            [
              134.5,
              35.25
            ]
          ]
        ]
      }
    },
    {
      "type": "Feature",
      "properties": {
        "cell_id": "r193c1259",
        "country": "Japan",
        "row_global": 193,
        "col_global": 1259,
        "longitude": 134.875,
        "latitude": 35.375
      },
      "geometry": {
        "type": "Polygon",
        "coordinates": [
          [
            [
              134.75,
              35.25
            ],
            [
              135.0,
              35.25
            ],
            [
              135.0,
              35.5
            ],
            [
              134.75,
              35.5
            ],
            [
              134.75,
              35.25
            ]
          ]
        ]
      }
    },
    {
      "type": "Feature",
      "properties": {
        "cell_id": "r193c1260",
        "country": "Japan",
        "row_global": 193,
        "col_global": 1260,
        "longitude": 135.125,
        "latitude": 35.375
      },
      "geometry": {
        "type": "Polygon",
        "coordinates": [
          [
            [
              135.0,
              35.25
            ],
            [
              135.25,
              35.25
            ],
            [
              135.25,
              35.5
            ],
            [
              135.0,
              35.5
            ],
            [
              135.0,
              35.25
            ]
          ]
        ]
      }
    },
    {
      "type": "Feature",
      "properties": {
        "cell_id": "r193c1261",
        "country": "Japan",
        "row_global": 193,
        "col_global": 1261,
        "longitude": 135.375,
        "latitude": 35.375
      },
      "geometry": {
        "type": "Polygon",
        "coordinates": [
          [
            [
              135.25,
              35.25
            ],
            [
              135.5,
              35.25
            ],
            [
              135.5,
              35.5
            ],
            [
              135.25,
              35.5
            ],
            [
              135.25,
              35.25
            ]
          ]
        ]
      }
    },
    {
      "type": "Feature",
      "properties": {
        "cell_id": "r193c1262",
        "country": "Japan",
        "row_global": 193,
        "col_global": 1262,
        "longitude": 135.625,
        "latitude": 35.375
      },
      "geometry": {
        "type": "Polygon",
        "coordinates": [
          [
            [
              135.5,
              35.25
            ],
            [
              135.75,
              35.25
            ],
            [
              135.75,
              35.5
            ],
            [
              135.5,
              35.5
            ],
            [
              135.5,
              35.25
            ]
          ]
        ]
      }
    },
    {
      "type": "Feature",
      "properties": {
        "cell_id": "r193c1263",
        "country": "Japan",
        "row_global": 193,
        "col_global": 1263,
        "longitude": 135.875,
        "latitude": 35.375
      },
      "geometry": {
        "type": "Polygon",
        "coordinates": [
          [
            [
              135.75,
              35.25
            ],
            [
              136.0,
              35.25
            ],
            [
              136.0,
              35.5
            ],
            [
              135.75,
              35.5
            ],
            [
              135.75,
              35.25
            ]
          ]
        ]
      }
    },
    {
      "type": "Feature",
      "properties": {
        "cell_id": "r193c1264",
        "country": "Japan",
        "row_global": 193,
        "col_global": 1264,
        "longitude": 136.125,
        "latitude": 35.375
      },
      "geometry": {
        "type": "Polygon",
        "coordinates": [
          [
            [
              136.0,
              35.25
            ],
            [
              136.25,
              35.25
            ],
            [
              136.25,
              35.5
            ],
            [
              136.0,
              35.5
            ],
            [
              136.0,
              35.25
            ]
          ]
        ]
      }
    },
    {
      "type": "Feature",
      "properties": {
        "cell_id": "r193c1265",
        "country": "Japan",
        "row_global": 193,
        "col_global": 1265,
        "longitude": 136.375,
        "latitude": 35.375
      },
      "geometry": {
        "type": "Polygon",
        "coordinates": [
          [
            [
              136.25,
              35.25
            ],
            [
              136.5,
              35.25
            ],
            [
              136.5,
              35.5
            ],
            [
              136.25,
              35.5
            ],
            [
              136.25,
              35.25
            ]
          ]
        ]
      }
    },
    {
      "type": "Feature",
      "properties": {
        "cell_id": "r193c1266",
        "country": "Japan",
        "row_global": 193,
        "col_global": 1266,
        "longitude": 136.625,
        "latitude": 35.375
      },
      "geometry": {
        "type": "Polygon",
        "coordinates": [
          [
            [
              136.5,
              35.25
            ],
            [
              136.75,
              35.25
            ],
            [
              136.75,
              35.5
            ],
            [
              136.5,
              35.5
            ],
            [
              136.5,
              35.25
            ]
          ]
        ]
      }
    },
    {
      "type": "Feature",
      "properties": {
        "cell_id": "r193c1267",
        "country": "Japan",
        "row_global": 193,
        "col_global": 1267,
        "longitude": 136.875,
        "latitude": 35.375
      },
      "geometry": {
        "type": "Polygon",
        "coordinates": [
          [
            [
              136.75,
              35.25
            ],
            [
              137.0,
              35.25
            ],
            [
              137.0,
              35.5
            ],
            [
              136.75,
              35.5
            ],
            [
              136.75,
              35.25
            ]
          ]
        ]
      }
    },
    {
      "type": "Feature",
      "properties": {
        "cell_id": "r193c1268",
        "country": "Japan",
        "row_global": 193,
        "col_global": 1268,
        "longitude": 137.125,
        "latitude": 35.375
      },
      "geometry": {
        "type": "Polygon",
        "coordinates": [
          [
            [
              137.0,
              35.25
            ],
            [
              137.25,
              35.25
            ],
            [
              137.25,
              35.5
            ],
            [
              137.0,
              35.5
            ],
            [
              137.0,
              35.25
            ]
          ]
        ]
      }
    },
    {
      "type": "Feature",
      "properties": {
        "cell_id": "r193c1269",
        "country": "Japan",
        "row_global": 193,
        "col_global": 1269,
        "longitude": 137.375,
        "latitude": 35.375
      },
      "geometry": {
        "type": "Polygon",
        "coordinates": [
          [
            [
              137.25,
              35.25
            ],
            [
              137.5,
              35.25
            ],
            [
              137.5,
              35.5
            ],
            [
              137.25,
              35.5
            ],
            [
              137.25,
              35.25
            ]
          ]
        ]
      }
    },
    {
      "type": "Feature",
      "properties": {
        "cell_id": "r193c1270",
        "country": "Japan",
        "row_global": 193,
        "col_global": 1270,
        "longitude": 137.625,
        "latitude": 35.375
      },
      "geometry": {
        "type": "Polygon",
        "coordinates": [
          [
            [
              137.5,
              35.25
            ],
            [
              137.75,
              35.25
            ],
            [
              137.75,
              35.5
            ],
            [
              137.5,
              35.5
            ],
            [
              137.5,
              35.25
            ]
          ]
        ]
      }
    },
    {
      "type": "Feature",
      "properties": {
        "cell_id": "r193c1271",
        "country": "Japan",
        "row_global": 193,
        "col_global": 1271,
        "longitude": 137.875,
        "latitude": 35.375
      },
      "geometry": {
        "type": "Polygon",
        "coordinates": [
          [
            [
              137.75,
              35.25
            ],
            [
              138.0,
              35.25
            ],
            [
              138.0,
              35.5
            ],
            [
              137.75,
              35.5
            ],
            [
              137.75,
              35.25
            ]
          ]
        ]
      }
    },
    {
      "type": "Feature",
      "properties": {
        "cell_id": "r193c1272",
        "country": "Japan",
        "row_global": 193,
        "col_global": 1272,
        "longitude": 138.125,
        "latitude": 35.375
      },
      "geometry": {
        "type": "Polygon",
        "coordinates": [
          [
            [
              138.0,
              35.25
            ],
            [
              138.25,
              35.25
            ],
            [
              138.25,
              35.5
            ],
            [
              138.0,
              35.5
            ],
            [
              138.0,
              35.25
            ]
          ]
        ]
      }
    },
    {
      "type": "Feature",
      "properties": {
        "cell_id": "r193c1273",
        "country": "Japan",
        "row_global": 193,
        "col_global": 1273,
        "longitude": 138.375,
        "latitude": 35.375
      },
      "geometry": {
        "type": "Polygon",
        "coordinates": [
          [
            [
              138.25,
              35.25
            ],
            [
              138.5,
              35.25
            ],
            [
              138.5,
              35.5
            ],
            [
              138.25,
              35.5
            ],
            [
              138.25,
              35.25
            ]
          ]
        ]
      }
    },
    {
      "type": "Feature",
      "properties": {
        "cell_id": "r193c1274",
        "country": "Japan",
        "row_global": 193,
        "col_global": 1274,
        "longitude": 138.625,
        "latitude": 35.375
      },
      "geometry": {
        "type": "Polygon",
        "coordinates": [
          [
            [
              138.5,
              35.25
            ],
            [
              138.75,
              35.25
            ],
            [
              138.75,
              35.5
            ],
            [
              138.5,
              35.5
            ],
            [
              138.5,
              35.25
            ]
          ]
        ]
      }
    },
    {
      "type": "Feature",
      "properties": {
        "cell_id": "r193c1275",
        "country": "Japan",
        "row_global": 193,
        "col_global": 1275,
        "longitude": 138.875,
        "latitude": 35.375
      },
      "geometry": {
        "type": "Polygon",
        "coordinates": [
          [
            [
              138.75,
              35.25
            ],
            [
              139.0,
              35.25
            ],
            [
              139.0,
              35.5
            ],
            [
              138.75,
              35.5
            ],
            [
              138.75,
              35.25
            ]
          ]
        ]
      }
    },
    {
      "type": "Feature",
      "properties": {
        "cell_id": "r193c1276",
        "country": "Japan",
        "row_global": 193,
        "col_global": 1276,
        "longitude": 139.125,
        "latitude": 35.375
      },
      "geometry": {
        "type": "Polygon",
        "coordinates": [
          [
            [
              139.0,
              35.25
            ],
            [
              139.25,
              35.25
            ],
            [
              139.25,
              35.5
            ],
            [
              139.0,
              35.5
            ],
            [
              139.0,
              35.25
            ]
          ]
        ]
      }
    },
    {
      "type": "Feature",
      "properties": {
        "cell_id": "r193c1277",
        "country": "Japan",
        "row_global": 193,
        "col_global": 1277,
        "longitude": 139.375,
        "latitude": 35.375
      },
      "geometry": {
        "type": "Polygon",
        "coordinates": [
          [
            [
              139.25,
              35.25
            ],
            [
              139.5,
              35.25
            ],
            [
              139.5,
              35.5
            ],
            [
              139.25,
              35.5
            ],
            [
              139.25,
              35.25
            ]
          ]
        ]
      }
    },
    {
      "type": "Feature",
      "properties": {
        "cell_id": "r193c1278",
        "country": "Japan",
        "row_global": 193,
        "col_global": 1278,
        "longitude": 139.625,
        "latitude": 35.375
      },
      "geometry": {
        "type": "Polygon",
        "coordinates": [
          [
            [
              139.5,
              35.25
            ],
            [
              139.75,
              35.25
            ],
            [
              139.75,
              35.5
            ],
            [
              139.5,
              35.5
            ],
            [
              139.5,
              35.25
            ]
          ]
        ]
      }
    },
    {
      "type": "Feature",
      "properties": {
        "cell_id": "r193c1280",
        "country": "Japan",
        "row_global": 193,
        "col_global": 1280,
        "longitude": 140.125,
        "latitude": 35.375
      },
      "geometry": {
        "type": "Polygon",
        "coordinates": [
          [
            [
              140.0,
              35.25
            ],
            [
              140.25,
              35.25
            ],
            [
              140.25,
              35.5
            ],
            [
              140.0,
              35.5
            ],
            [
              140.0,
              35.25
            ]
          ]
        ]
      }
    },
    {
      "type": "Feature",
      "properties": {
        "cell_id": "r193c1281",
        "country": "Japan",
        "row_global": 193,
        "col_global": 1281,
        "longitude": 140.375,
        "latitude": 35.375
      },
      "geometry": {
        "type": "Polygon",
        "coordinates": [
          [
            [
              140.25,
              35.25
            ],
            [
              140.5,
              35.25
            ],
            [
              140.5,
              35.5
            ],
            [
              140.25,
              35.5
            ],
            [
              140.25,
              35.25
            ]
          ]
        ]
      }
    },
    {
      "type": "Feature",
      "properties": {
        "cell_id": "r194c1250",
        "country": "Japan",
        "row_global": 194,
        "col_global": 1250,
        "longitude": 132.625,
        "latitude": 35.125
      },
      "geometry": {
        "type": "Polygon",
        "coordinates": [
          [
            [
              132.5,
              35.0
            ],
            [
              132.75,
              35.0
            ],
            [
              132.75,
              35.25
            ],
            [
              132.5,
              35.25
            ],
            [
              132.5,
              35.0
            ]
          ]
        ]
      }
    },
    {
      "type": "Feature",
      "properties": {
        "cell_id": "r194c1251",
        "country": "Japan",
        "row_global": 194,
        "col_global": 1251,
        "longitude": 132.875,
        "latitude": 35.125
      },
      "geometry": {
        "type": "Polygon",
        "coordinates": [
          [
            [
              132.75,
              35.0
            ],
            [
              133.0,
              35.0
            ],
            [
              133.0,
              35.25
            ],
            [
              132.75,
              35.25
            ],
            [
              132.75,
              35.0
            ]
          ]
        ]
      }
    },
    {
      "type": "Feature",
      "properties": {
        "cell_id": "r194c1252",
        "country": "Japan",
        "row_global": 194,
        "col_global": 1252,
        "longitude": 133.125,
        "latitude": 35.125
      },
      "geometry": {
        "type": "Polygon",
        "coordinates": [
          [
            [
              133.0,
              35.0
            ],
            [
              133.25,
              35.0
            ],
            [
              133.25,
              35.25
            ],
            [
              133.0,
              35.25
            ],
            [
              133.0,
              35.0
            ]
          ]
        ]
      }
    },
    {
      "type": "Feature",
      "properties": {
        "cell_id": "r194c1253",
        "country": "Japan",
        "row_global": 194,
        "col_global": 1253,
        "longitude": 133.375,
        "latitude": 35.125
      },
      "geometry": {
        "type": "Polygon",
        "coordinates": [
          [
            [
              133.25,
              35.0
            ],
            [
              133.5,
              35.0
            ],
            [
              133.5,
              35.25
            ],
            [
              133.25,
              35.25
            ],
            [
              133.25,
              35.0
            ]
          ]
        ]
      }
    },
    {
      "type": "Feature",
      "properties": {
        "cell_id": "r194c1254",
        "country": "Japan",
        "row_global": 194,
        "col_global": 1254,
        "longitude": 133.625,
        "latitude": 35.125
      },
      "geometry": {
        "type": "Polygon",
        "coordinates": [
          [
            [
              133.5,
              35.0
            ],
            [
              133.75,
              35.0
            ],
            [
              133.75,
              35.25
            ],
            [
              133.5,
              35.25
            ],
            [
              133.5,
              35.0
            ]
          ]
        ]
      }
    },
    {
      "type": "Feature",
      "properties": {
        "cell_id": "r194c1255",
        "country": "Japan",
        "row_global": 194,
        "col_global": 1255,
        "longitude": 133.875,
        "latitude": 35.125
      },
      "geometry": {
        "type": "Polygon",
        "coordinates": [
          [
            [
              133.75,
              35.0
            ],
            [
              134.0,
              35.0
            ],
            [
              134.0,
              35.25
            ],
            [
              133.75,
              35.25
            ],
            [
              133.75,
              35.0
            ]
          ]
        ]
      }
    },
    {
      "type": "Feature",
      "properties": {
        "cell_id": "r194c1256",
        "country": "Japan",
        "row_global": 194,
        "col_global": 1256,
        "longitude": 134.125,
        "latitude": 35.125
      },
      "geometry": {
        "type": "Polygon",
        "coordinates": [
          [
            [
              134.0,
              35.0
            ],
            [
              134.25,
              35.0
            ],
            [
              134.25,
              35.25
            ],
            [
              134.0,
              35.25
            ],
            [
              134.0,
              35.0
            ]
          ]
        ]
      }
    },
    {
      "type": "Feature",
      "properties": {
        "cell_id": "r194c1257",
        "country": "Japan",
        "row_global": 194,
        "col_global": 1257,
        "longitude": 134.375,
        "latitude": 35.125
      },
      "geometry": {
        "type": "Polygon",
        "coordinates": [
          [
            [
              134.25,
              35.0
            ],
            [
              134.5,
              35.0
            ],
            [
              134.5,
              35.25
            ],
            [
              134.25,
              35.25
            ],
            [
              134.25,
              35.0
            ]
          ]
        ]
      }
    },
    {
      "type": "Feature",
      "properties": {
        "cell_id": "r194c1258",
        "country": "Japan",
        "row_global": 194,
        "col_global": 1258,
        "longitude": 134.625,
        "latitude": 35.125
      },
      "geometry": {
        "type": "Polygon",
        "coordinates": [
          [
            [
              134.5,
              35.0
            ],
            [
              134.75,
              35.0
            ],
            [
              134.75,
              35.25
            ],
            [
              134.5,
              35.25
            ],
            [
              134.5,
              35.0
            ]
          ]
        ]
      }
    },
    {
      "type": "Feature",
      "properties": {
        "cell_id": "r194c1259",
        "country": "Japan",
        "row_global": 194,
        "col_global": 1259,
        "longitude": 134.875,
        "latitude": 35.125
      },
      "geometry": {
        "type": "Polygon",
        "coordinates": [
          [
            [
              134.75,
              35.0
            ],
            [
              135.0,
              35.0
            ],
            [
              135.0,
              35.25
            ],
            [
              134.75,
              35.25
            ],
            [
              134.75,
              35.0
            ]
          ]
        ]
      }
    },
    {
      "type": "Feature",
      "properties": {
        "cell_id": "r194c1260",
        "country": "Japan",
        "row_global": 194,
        "col_global": 1260,
        "longitude": 135.125,
        "latitude": 35.125
      },
      "geometry": {
        "type": "Polygon",
        "coordinates": [
          [
            [
              135.0,
              35.0
            ],
            [
              135.25,
              35.0
            ],
            [
              135.25,
              35.25
            ],
            [
              135.0,
              35.25
            ],
            [
              135.0,
              35.0
            ]
          ]
        ]
      }
    },
    {
      "type": "Feature",
      "properties": {
        "cell_id": "r194c1261",
        "country": "Japan",
        "row_global": 194,
        "col_global": 1261,
        "longitude": 135.375,
        "latitude": 35.125
      },
      "geometry": {
        "type": "Polygon",
        "coordinates": [
          [
            [
              135.25,
              35.0
            ],
            [
              135.5,
              35.0
            ],
            [
              135.5,
              35.25
            ],
            [
              135.25,
              35.25
            ],
            [
              135.25,
              35.0
            ]
          ]
        ]
      }
    },
    {
      "type": "Feature",
      "properties": {
        "cell_id": "r194c1262",
        "country": "Japan",
        "row_global": 194,
        "col_global": 1262,
        "longitude": 135.625,
        "latitude": 35.125
      },
      "geometry": {
        "type": "Polygon",
        "coordinates": [
          [
            [
              135.5,
              35.0
            ],
            [
              135.75,
              35.0
            ],
            [
              135.75,
              35.25
            ],
            [
              135.5,
              35.25
            ],
            [
              135.5,
              35.0
            ]
          ]
        ]
      }
    },
    {
      "type": "Feature",
      "properties": {
        "cell_id": "r194c1263",
        "country": "Japan",
        "row_global": 194,
        "col_global": 1263,
        "longitude": 135.875,
        "latitude": 35.125
      },
      "geometry": {
        "type": "Polygon",
        "coordinates": [
          [
            [
              135.75,
              35.0
            ],
            [
              136.0,
              35.0
            ],
            [
              136.0,
              35.25
            ],
            [
              135.75,
              35.25
            ],
            [
              135.75,
              35.0
            ]
          ]
        ]
      }
    },
    {
      "type": "Feature",
      "properties": {
        "cell_id": "r194c1264",
        "country": "Japan",
        "row_global": 194,
        "col_global": 1264,
        "longitude": 136.125,
        "latitude": 35.125
      },
      "geometry": {
        "type": "Polygon",
        "coordinates": [
          [
            [
              136.0,
              35.0
            ],
            [
              136.25,
              35.0
            ],
            [
              136.25,
              35.25
            ],
            [
              136.0,
              35.25
            ],
            [
              136.0,
              35.0
            ]
          ]
        ]
      }
    },
    {
      "type": "Feature",
      "properties": {
        "cell_id": "r194c1265",
        "country": "Japan",
        "row_global": 194,
        "col_global": 1265,
        "longitude": 136.375,
        "latitude": 35.125
      },
      "geometry": {
        "type": "Polygon",
        "coordinates": [
          [
            [
              136.25,
              35.0
            ],
            [
              136.5,
              35.0
            ],
            [
              136.5,
              35.25
            ],
            [
              136.25,
              35.25
            ],
            [
              136.25,
              35.0
            ]
          ]
        ]
      }
    },
    {
      "type": "Feature",
      "properties": {
        "cell_id": "r194c1266",
        "country": "Japan",
        "row_global": 194,
        "col_global": 1266,
        "longitude": 136.625,
        "latitude": 35.125
      },
      "geometry": {
        "type": "Polygon",
        "coordinates": [
          [
            [
              136.5,
              35.0
            ],
            [
              136.75,
              35.0
            ],
            [
              136.75,
              35.25
            ],
            [
              136.5,
              35.25
            ],
            [
              136.5,
              35.0
            ]
          ]
        ]
      }
    },
    {
      "type": "Feature",
      "properties": {
        "cell_id": "r194c1267",
        "country": "Japan",
        "row_global": 194,
        "col_global": 1267,
        "longitude": 136.875,
        "latitude": 35.125
      },
      "geometry": {
        "type": "Polygon",
        "coordinates": [
          [
            [
              136.75,
              35.0
            ],
            [
              137.0,
              35.0
            ],
            [
              137.0,
              35.25
            ],
            [
              136.75,
              35.25
            ],
            [
              136.75,
              35.0
            ]
          ]
        ]
      }
    },
    {
      "type": "Feature",
      "properties": {
        "cell_id": "r194c1268",
        "country": "Japan",
        "row_global": 194,
        "col_global": 1268,
        "longitude": 137.125,
        "latitude": 35.125
      },
      "geometry": {
        "type": "Polygon",
        "coordinates": [
          [
            [
              137.0,
              35.0
            ],
            [
              137.25,
              35.0
            ],
            [
              137.25,
              35.25
            ],
            [
              137.0,
              35.25
            ],
            [
              137.0,
              35.0
            ]
          ]
        ]
      }
    },
    {
      "type": "Feature",
      "properties": {
        "cell_id": "r194c1269",
        "country": "Japan",
        "row_global": 194,
        "col_global": 1269,
        "longitude": 137.375,
        "latitude": 35.125
      },
      "geometry": {
        "type": "Polygon",
        "coordinates": [
          [
            [
              137.25,
              35.0
            ],
            [
              137.5,
              35.0
            ],
            [
              137.5,
              35.25
            ],
            [
              137.25,
              35.25
            ],
            [
              137.25,
              35.0
            ]
          ]
        ]
      }
    },
    {
      "type": "Feature",
      "properties": {
        "cell_id": "r194c1270",
        "country": "Japan",
        "row_global": 194,
        "col_global": 1270,
        "longitude": 137.625,
        "latitude": 35.125
      },
      "geometry": {
        "type": "Polygon",
        "coordinates": [
          [
            [
              137.5,
              35.0
            ],
            [
              137.75,
              35.0
            ],
            [
              137.75,
              35.25
            ],
            [
              137.5,
              35.25
            ],
            [
              137.5,
              35.0
            ]
          ]
        ]
      }
    },
    {
      "type": "Feature",
      "properties": {
        "cell_id": "r194c1271",
        "country": "Japan",
        "row_global": 194,
        "col_global": 1271,
        "longitude": 137.875,
        "latitude": 35.125
      },
      "geometry": {
        "type": "Polygon",
        "coordinates": [
          [
            [
              137.75,
              35.0
            ],
            [
              138.0,
              35.0
            ],
            [
              138.0,
              35.25
            ],
            [
              137.75,
              35.25
            ],
            [
              137.75,
              35.0
            ]
          ]
        ]
      }
    },
    {
      "type": "Feature",
      "properties": {
        "cell_id": "r194c1272",
        "country": "Japan",
        "row_global": 194,
        "col_global": 1272,
        "longitude": 138.125,
        "latitude": 35.125
      },
      "geometry": {
        "type": "Polygon",
        "coordinates": [
          [
            [
              138.0,
              35.0
            ],
            [
              138.25,
              35.0
            ],
            [
              138.25,
              35.25
            ],
            [
              138.0,
              35.25
            ],
            [
              138.0,
              35.0
            ]
          ]
        ]
      }
    },
    {
      "type": "Feature",
      "properties": {
        "cell_id": "r194c1273",
        "country": "Japan",
        "row_global": 194,
        "col_global": 1273,
        "longitude": 138.375,
        "latitude": 35.125
      },
      "geometry": {
        "type": "Polygon",
        "coordinates": [
          [
            [
              138.25,
              35.0
            ],
            [
              138.5,
              35.0
            ],
            [
              138.5,
              35.25
            ],
            [
              138.25,
              35.25
            ],
            [
              138.25,
              35.0
            ]
          ]
        ]
      }
    },
    {
      "type": "Feature",
      "properties": {
        "cell_id": "r194c1274",
        "country": "Japan",
        "row_global": 194,
        "col_global": 1274,
        "longitude": 138.625,
        "latitude": 35.125
      },
      "geometry": {
        "type": "Polygon",
        "coordinates": [
          [
            [
              138.5,
              35.0
            ],
            [
              138.75,
              35.0
            ],
            [
              138.75,
              35.25
            ],
            [
              138.5,
              35.25
            ],
            [
              138.5,
              35.0
            ]
          ]
        ]
      }
    },
    {
      "type": "Feature",
      "properties": {
        "cell_id": "r194c1275",
        "country": "Japan",
        "row_global": 194,
        "col_global": 1275,
        "longitude": 138.875,
        "latitude": 35.125
      },
      "geometry": {
        "type": "Polygon",
        "coordinates": [
          [
            [
              138.75,
              35.0
            ],
            [
              139.0,
              35.0
            ],
            [
              139.0,
              35.25
            ],
            [
              138.75,
              35.25
            ],
            [
              138.75,
              35.0
            ]
          ]
        ]
      }
    },
    {
      "type": "Feature",
      "properties": {
        "cell_id": "r194c1279",
        "country": "Japan",
        "row_global": 194,
        "col_global": 1279,
        "longitude": 139.875,
        "latitude": 35.125
      },
      "geometry": {
        "type": "Polygon",
        "coordinates": [
          [
            [
              139.75,
              35.0
            ],
            [
              140.0,
              35.0
            ],
            [
              140.0,
              35.25
            ],
            [
              139.75,
              35.25
            ],
            [
              139.75,
              35.0
            ]
          ]
        ]
      }
    },
    {
      "type": "Feature",
      "properties": {
        "cell_id": "r194c1280",
        "country": "Japan",
        "row_global": 194,
        "col_global": 1280,
        "longitude": 140.125,
        "latitude": 35.125
      },
      "geometry": {
        "type": "Polygon",
        "coordinates": [
          [
            [
              140.0,
              35.0
            ],
            [
              140.25,
              35.0
            ],
            [
              140.25,
              35.25
            ],
            [
              140.0,
              35.25
            ],
            [
              140.0,
              35.0
            ]
          ]
        ]
      }
    },
    {
      "type": "Feature",
      "properties": {
        "cell_id": "r195c1248",
        "country": "Japan",
        "row_global": 195,
        "col_global": 1248,
        "longitude": 132.125,
        "latitude": 34.875
      },
      "geometry": {
        "type": "Polygon",
        "coordinates": [
          [
            [
              132.0,
              34.75
            ],
            [
              132.25,
              34.75
            ],
            [
              132.25,
              35.0
            ],
            [
              132.0,
              35.0
            ],
            [
              132.0,
              34.75
            ]
          ]
        ]
      }
    },
    {
      "type": "Feature",
      "properties": {
        "cell_id": "r195c1249",
        "country": "Japan",
        "row_global": 195,
        "col_global": 1249,
        "longitude": 132.375,
        "latitude": 34.875
      },
      "geometry": {
        "type": "Polygon",
        "coordinates": [
          [
            [
              132.25,
              34.75
            ],
            [
              132.5,
              34.75
            ],
            [
              132.5,
              35.0
            ],
            [
              132.25,
              35.0
            ],
            [
              132.25,
              34.75
            ]
          ]
        ]
      }
    },
    {
      "type": "Feature",
      "properties": {
        "cell_id": "r195c1250",
        "country": "Japan",
        "row_global": 195,
        "col_global": 1250,
        "longitude": 132.625,
        "latitude": 34.875
      },
      "geometry": {
        "type": "Polygon",
        "coordinates": [
          [
            [
              132.5,
              34.75
            ],
            [
              132.75,
              34.75
            ],
            [
              132.75,
              35.0
            ],
            [
              132.5,
              35.0
            ],
            [
              132.5,
              34.75
            ]
          ]
        ]
      }
    },
    {
      "type": "Feature",
      "properties": {
        "cell_id": "r195c1251",
        "country": "Japan",
        "row_global": 195,
        "col_global": 1251,
        "longitude": 132.875,
        "latitude": 34.875
      },
      "geometry": {
        "type": "Polygon",
        "coordinates": [
          [
            [
              132.75,
              34.75
            ],
            [
              133.0,
              34.75
            ],
            [
              133.0,
              35.0
            ],
            [
              132.75,
              35.0
            ],
            [
              132.75,
              34.75
            ]
          ]
        ]
      }
    },
    {
      "type": "Feature",
      "properties": {
        "cell_id": "r195c1252",
        "country": "Japan",
        "row_global": 195,
        "col_global": 1252,
        "longitude": 133.125,
        "latitude": 34.875
      },
      "geometry": {
        "type": "Polygon",
        "coordinates": [
          [
            [
              133.0,
              34.75
            ],
            [
              133.25,
              34.75
            ],
            [
              133.25,
              35.0
            ],
            [
              133.0,
              35.0
            ],
            [
              133.0,
              34.75
            ]
          ]
        ]
      }
    },
    {
      "type": "Feature",
      "properties": {
        "cell_id": "r195c1253",
        "country": "Japan",
        "row_global": 195,
        "col_global": 1253,
        "longitude": 133.375,
        "latitude": 34.875
      },
      "geometry": {
        "type": "Polygon",
        "coordinates": [
          [
            [
              133.25,
              34.75
            ],
            [
              133.5,
              34.75
            ],
            [
              133.5,
              35.0
            ],
            [
              133.25,
              35.0
            ],
            [
              133.25,
              34.75
            ]
          ]
        ]
      }
    },
    {
      "type": "Feature",
      "properties": {
        "cell_id": "r195c1254",
        "country": "Japan",
        "row_global": 195,
        "col_global": 1254,
        "longitude": 133.625,
        "latitude": 34.875
      },
      "geometry": {
        "type": "Polygon",
        "coordinates": [
          [
            [
              133.5,
              34.75
            ],
            [
              133.75,
              34.75
            ],
            [
              133.75,
              35.0
            ],
            [
              133.5,
              35.0
            ],
            [
              133.5,
              34.75
            ]
          ]
        ]
      }
    },
    {
      "type": "Feature",
      "properties": {
        "cell_id": "r195c1255",
        "country": "Japan",
        "row_global": 195,
        "col_global": 1255,
        "longitude": 133.875,
        "latitude": 34.875
      },
      "geometry": {
        "type": "Polygon",
        "coordinates": [
          [
            [
              133.75,
              34.75
            ],
            [
              134.0,
              34.75
            ],
            [
              134.0,
              35.0
            ],
            [
              133.75,
              35.0
            ],
            [
              133.75,
              34.75
            ]
          ]
        ]
      }
    },
    {
      "type": "Feature",
      "properties": {
        "cell_id": "r195c1256",
        "country": "Japan",
        "row_global": 195,
        "col_global": 1256,
        "longitude": 134.125,
        "latitude": 34.875
      },
      "geometry": {
        "type": "Polygon",
        "coordinates": [
          [
            [
              134.0,
              34.75
            ],
            [
              134.25,
              34.75
            ],
            [
              134.25,
              35.0
            ],
            [
              134.0,
              35.0
            ],
            [
              134.0,
              34.75
            ]
          ]
        ]
      }
    },
    {
      "type": "Feature",
      "properties": {
        "cell_id": "r195c1257",
        "country": "Japan",
        "row_global": 195,
        "col_global": 1257,
        "longitude": 134.375,
        "latitude": 34.875
      },
      "geometry": {
        "type": "Polygon",
        "coordinates": [
          [
            [
              134.25,
              34.75
            ],
            [
              134.5,
              34.75
            ],
            [
              134.5,
              35.0
            ],
            [
              134.25,
              35.0
            ],
            [
              134.25,
              34.75
            ]
          ]
        ]
      }
    },
    {
      "type": "Feature",
      "properties": {
        "cell_id": "r195c1258",
        "country": "Japan",
        "row_global": 195,
        "col_global": 1258,
        "longitude": 134.625,
        "latitude": 34.875
      },
      "geometry": {
        "type": "Polygon",
        "coordinates": [
          [
            [
              134.5,
              34.75
            ],
            [
              134.75,
              34.75
            ],
            [
              134.75,
              35.0
            ],
            [
              134.5,
              35.0
            ],
            [
              134.5,
              34.75
            ]
          ]
        ]
      }
    },
    {
      "type": "Feature",
      "properties": {
        "cell_id": "r195c1259",
        "country": "Japan",
        "row_global": 195,
        "col_global": 1259,
        "longitude": 134.875,
        "latitude": 34.875
      },
      "geometry": {
        "type": "Polygon",
        "coordinates": [
          [
            [
              134.75,
              34.75
            ],
            [
              135.0,
              34.75
            ],
            [
              135.0,
              35.0
            ],
            [
              134.75,
              35.0
            ],
            [
              134.75,
              34.75
            ]
          ]
        ]
      }
    },
    {
      "type": "Feature",
      "properties": {
        "cell_id": "r195c1260",
        "country": "Japan",
        "row_global": 195,
        "col_global": 1260,
        "longitude": 135.125,
        "latitude": 34.875
      },
      "geometry": {
        "type": "Polygon",
        "coordinates": [
          [
            [
              135.0,
              34.75
            ],
            [
              135.25,
              34.75
            ],
            [
              135.25,
              35.0
            ],
            [
              135.0,
              35.0
            ],
            [
              135.0,
              34.75
            ]
          ]
        ]
      }
    },
    {
      "type": "Feature",
      "properties": {
        "cell_id": "r195c1261",
        "country": "Japan",
        "row_global": 195,
        "col_global": 1261,
        "longitude": 135.375,
        "latitude": 34.875
      },
      "geometry": {
        "type": "Polygon",
        "coordinates": [
          [
            [
              135.25,
              34.75
            ],
            [
              135.5,
              34.75
            ],
            [
              135.5,
              35.0
            ],
            [
              135.25,
              35.0
            ],
            [
              135.25,
              34.75
            ]
          ]
        ]
      }
    },
    {
      "type": "Feature",
      "properties": {
        "cell_id": "r195c1262",
        "country": "Japan",
        "row_global": 195,
        "col_global": 1262,
        "longitude": 135.625,
        "latitude": 34.875
      },
      "geometry": {
        "type": "Polygon",
        "coordinates": [
          [
            [
              135.5,
              34.75
            ],
            [
              135.75,
              34.75
            ],
            [
              135.75,
              35.0
            ],
            [
              135.5,
              35.0
            ],
            [
              135.5,
              34.75
            ]
          ]
        ]
      }
    },
    {
      "type": "Feature",
      "properties": {
        "cell_id": "r195c1263",
        "country": "Japan",
        "row_global": 195,
        "col_global": 1263,
        "longitude": 135.875,
        "latitude": 34.875
      },
      "geometry": {
        "type": "Polygon",
        "coordinates": [
          [
            [
              135.75,
              34.75
            ],
            [
              136.0,
              34.75
            ],
            [
              136.0,
              35.0
            ],
            [
              135.75,
              35.0
            ],
            [
              135.75,
              34.75
            ]
          ]
        ]
      }
    },
    {
      "type": "Feature",
      "properties": {
        "cell_id": "r195c1264",
        "country": "Japan",
        "row_global": 195,
        "col_global": 1264,
        "longitude": 136.125,
        "latitude": 34.875
      },
      "geometry": {
        "type": "Polygon",
        "coordinates": [
          [
            [
              136.0,
              34.75
            ],
            [
              136.25,
              34.75
            ],
            [
              136.25,
              35.0
            ],
            [
              136.0,
              35.0
            ],
            [
              136.0,
              34.75
            ]
          ]
        ]
      }
    },
    {
      "type": "Feature",
      "properties": {
        "cell_id": "r195c1265",
        "country": "Japan",
        "row_global": 195,
        "col_global": 1265,
        "longitude": 136.375,
        "latitude": 34.875
      },
      "geometry": {
        "type": "Polygon",
        "coordinates": [
          [
            [
              136.25,
              34.75
            ],
            [
              136.5,
              34.75
            ],
            [
              136.5,
              35.0
            ],
            [
              136.25,
              35.0
            ],
            [
              136.25,
              34.75
            ]
          ]
        ]
      }
    },
    {
      "type": "Feature",
      "properties": {
        "cell_id": "r195c1266",
        "country": "Japan",
        "row_global": 195,
        "col_global": 1266,
        "longitude": 136.625,
        "latitude": 34.875
      },
      "geometry": {
        "type": "Polygon",
        "coordinates": [
          [
            [
              136.5,
              34.75
            ],
            [
              136.75,
              34.75
            ],
            [
              136.75,
              35.0
            ],
            [
              136.5,
              35.0
            ],
            [
              136.5,
              34.75
            ]
          ]
        ]
      }
    },
    {
      "type": "Feature",
      "properties": {
        "cell_id": "r195c1267",
        "country": "Japan",
        "row_global": 195,
        "col_global": 1267,
        "longitude": 136.875,
        "latitude": 34.875
      },
      "geometry": {
        "type": "Polygon",
        "coordinates": [
          [
            [
              136.75,
              34.75
            ],
            [
              137.0,
              34.75
            ],
            [
              137.0,
              35.0
            ],
            [
              136.75,
              35.0
            ],
            [
              136.75,
              34.75
            ]
          ]
        ]
      }
    },
    {
      "type": "Feature",
      "properties": {
        "cell_id": "r195c1268",
        "country": "Japan",
        "row_global": 195,
        "col_global": 1268,
        "longitude": 137.125,
        "latitude": 34.875
      },
      "geometry": {
        "type": "Polygon",
        "coordinates": [
          [
            [
              137.0,
              34.75
            ],
            [
              137.25,
              34.75
            ],
            [
              137.25,
              35.0
            ],
            [
              137.0,
              35.0
            ],
            [
              137.0,
              34.75
            ]
          ]
        ]
      }
    },
    {
      "type": "Feature",
      "properties": {
        "cell_id": "r195c1269",
        "country": "Japan",
        "row_global": 195,
        "col_global": 1269,
        "longitude": 137.375,
        "latitude": 34.875
      },
      "geometry": {
        "type": "Polygon",
        "coordinates": [
          [
            [
              137.25,
              34.75
            ],
            [
              137.5,
              34.75
            ],
            [
              137.5,
              35.0
            ],
            [
              137.25,
              35.0
            ],
            [
              137.25,
              34.75
            ]
          ]
        ]
      }
    },
    {
      "type": "Feature",
      "properties": {
        "cell_id": "r195c1270",
        "country": "Japan",
        "row_global": 195,
        "col_global": 1270,
        "longitude": 137.625,
        "latitude": 34.875
      },
      "geometry": {
        "type": "Polygon",
        "coordinates": [
          [
            [
              137.5,
              34.75
            ],
            [
              137.75,
              34.75
            ],
            [
              137.75,
              35.0
            ],
            [
              137.5,
              35.0
            ],
            [
              137.5,
              34.75
            ]
          ]
        ]
      }
    },
    {
      "type": "Feature",
      "properties": {
        "cell_id": "r195c1271",
        "country": "Japan",
        "row_global": 195,
        "col_global": 1271,
        "longitude": 137.875,
        "latitude": 34.875
      },
      "geometry": {
        "type": "Polygon",
        "coordinates": [
          [
            [
              137.75,
              34.75
            ],
            [
              138.0,
              34.75
            ],
            [
              138.0,
              35.0
            ],
            [
              137.75,
              35.0
            ],
            [
              137.75,
              34.75
            ]
          ]
        ]
      }
    },
    {
      "type": "Feature",
      "properties": {
        "cell_id": "r195c1272",
        "country": "Japan",
        "row_global": 195,
        "col_global": 1272,
        "longitude": 138.125,
        "latitude": 34.875
      },
      "geometry": {
        "type": "Polygon",
        "coordinates": [
          [
            [
              138.0,
              34.75
            ],
            [
              138.25,
              34.75
            ],
            [
              138.25,
              35.0
            ],
            [
              138.0,
              35.0
            ],
            [
              138.0,
              34.75
            ]
          ]
        ]
      }
    },
    {
      "type": "Feature",
      "properties": {
        "cell_id": "r195c1275",
        "country": "Japan",
        "row_global": 195,
        "col_global": 1275,
        "longitude": 138.875,
        "latitude": 34.875
      },
      "geometry": {
        "type": "Polygon",
        "coordinates": [
          [
            [
              138.75,
              34.75
            ],
            [
              139.0,
              34.75
            ],
            [
              139.0,
              35.0
            ],
            [
              138.75,
              35.0
            ],
            [
              138.75,
              34.75
            ]
          ]
        ]
      }
    },
    {
      "type": "Feature",
      "properties": {
        "cell_id": "r195c1276",
        "country": "Japan",
        "row_global": 195,
        "col_global": 1276,
        "longitude": 139.125,
        "latitude": 34.875
      },
      "geometry": {
        "type": "Polygon",
        "coordinates": [
          [
            [
              139.0,
              34.75
            ],
            [
              139.25,
              34.75
            ],
            [
              139.25,
              35.0
            ],
            [
              139.0,
              35.0
            ],
            [
              139.0,
              34.75
            ]
          ]
        ]
      }
    },
    {
      "type": "Feature",
      "properties": {
        "cell_id": "r196c1237",
        "country": "Japan",
        "row_global": 196,
        "col_global": 1237,
        "longitude": 129.375,
        "latitude": 34.625
      },
      "geometry": {
        "type": "Polygon",
        "coordinates": [
          [
            [
              129.25,
              34.5
            ],
            [
              129.5,
              34.5
            ],
            [
              129.5,
              34.75
            ],
            [
              129.25,
              34.75
            ],
            [
              129.25,
              34.5
            ]
          ]
        ]
      }
    },
    {
      "type": "Feature",
      "properties": {
        "cell_id": "r196c1246",
        "country": "Japan",
        "row_global": 196,
        "col_global": 1246,
        "longitude": 131.625,
        "latitude": 34.625
      },
      "geometry": {
        "type": "Polygon",
        "coordinates": [
          [
            [
              131.5,
              34.5
            ],
            [
              131.75,
              34.5
            ],
            [
              131.75,
              34.75
            ],
            [
              131.5,
              34.75
            ],
            [
              131.5,
              34.5
            ]
          ]
        ]
      }
    },
    {
      "type": "Feature",
      "properties": {
        "cell_id": "r196c1247",
        "country": "Japan",
        "row_global": 196,
        "col_global": 1247,
        "longitude": 131.875,
        "latitude": 34.625
      },
      "geometry": {
        "type": "Polygon",
        "coordinates": [
          [
            [
              131.75,
              34.5
            ],
            [
              132.0,
              34.5
            ],
            [
              132.0,
              34.75
            ],
            [
              131.75,
              34.75
            ],
            [
              131.75,
              34.5
            ]
          ]
        ]
      }
    },
    {
      "type": "Feature",
      "properties": {
        "cell_id": "r196c1248",
        "country": "Japan",
        "row_global": 196,
        "col_global": 1248,
        "longitude": 132.125,
        "latitude": 34.625
      },
      "geometry": {
        "type": "Polygon",
        "coordinates": [
          [
            [
              132.0,
              34.5
            ],
            [
              132.25,
              34.5
            ],
            [
              132.25,
              34.75
            ],
            [
              132.0,
              34.75
            ],
            [
              132.0,
              34.5
            ]
          ]
        ]
      }
    },
    {
      "type": "Feature",
      "properties": {
        "cell_id": "r196c1249",
        "country": "Japan",
        "row_global": 196,
        "col_global": 1249,
        "longitude": 132.375,
        "latitude": 34.625
      },
      "geometry": {
        "type": "Polygon",
        "coordinates": [
          [
            [
              132.25,
              34.5
            ],
            [
              132.5,
              34.5
            ],
            [
              132.5,
              34.75
            ],
            [
              132.25,
              34.75
            ],
            [
              132.25,
              34.5
            ]
          ]
        ]
      }
    },
    {
      "type": "Feature",
      "properties": {
        "cell_id": "r196c1250",
        "country": "Japan",
        "row_global": 196,
        "col_global": 1250,
        "longitude": 132.625,
        "latitude": 34.625
      },
      "geometry": {
        "type": "Polygon",
        "coordinates": [
          [
            [
              132.5,
              34.5
            ],
            [
              132.75,
              34.5
            ],
            [
              132.75,
              34.75
            ],
            [
              132.5,
              34.75
            ],
            [
              132.5,
              34.5
            ]
          ]
        ]
      }
    },
    {
      "type": "Feature",
      "properties": {
        "cell_id": "r196c1251",
        "country": "Japan",
        "row_global": 196,
        "col_global": 1251,
        "longitude": 132.875,
        "latitude": 34.625
      },
      "geometry": {
        "type": "Polygon",
        "coordinates": [
          [
            [
              132.75,
              34.5
            ],
            [
              133.0,
              34.5
            ],
            [
              133.0,
              34.75
            ],
            [
              132.75,
              34.75
            ],
            [
              132.75,
              34.5
            ]
          ]
        ]
      }
    },
    {
      "type": "Feature",
      "properties": {
        "cell_id": "r196c1252",
        "country": "Japan",
        "row_global": 196,
        "col_global": 1252,
        "longitude": 133.125,
        "latitude": 34.625
      },
      "geometry": {
        "type": "Polygon",
        "coordinates": [
          [
            [
              133.0,
              34.5
            ],
            [
              133.25,
              34.5
            ],
            [
              133.25,
              34.75
            ],
            [
              133.0,
              34.75
            ],
            [
              133.0,
              34.5
            ]
          ]
        ]
      }
    },
    {
      "type": "Feature",
      "properties": {
        "cell_id": "r196c1253",
        "country": "Japan",
        "row_global": 196,
        "col_global": 1253,
        "longitude": 133.375,
        "latitude": 34.625
      },
      "geometry": {
        "type": "Polygon",
        "coordinates": [
          [
            [
              133.25,
              34.5
            ],
            [
              133.5,
              34.5
            ],
            [
              133.5,
              34.75
            ],
            [
              133.25,
              34.75
            ],
            [
              133.25,
              34.5
            ]
          ]
        ]
      }
    },
    {
      "type": "Feature",
      "properties": {
        "cell_id": "r196c1254",
        "country": "Japan",
        "row_global": 196,
        "col_global": 1254,
        "longitude": 133.625,
        "latitude": 34.625
      },
      "geometry": {
        "type": "Polygon",
        "coordinates": [
          [
            [
              133.5,
              34.5
            ],
            [
              133.75,
              34.5
            ],
            [
              133.75,
              34.75
            ],
            [
              133.5,
              34.75
            ],
            [
              133.5,
              34.5
            ]
          ]
        ]
      }
    },
    {
      "type": "Feature",
      "properties": {
        "cell_id": "r196c1255",
        "country": "Japan",
        "row_global": 196,
        "col_global": 1255,
        "longitude": 133.875,
        "latitude": 34.625
      },
      "geometry": {
        "type": "Polygon",
        "coordinates": [
          [
            [
              133.75,
              34.5
            ],
            [
              134.0,
              34.5
            ],
            [
              134.0,
              34.75
            ],
            [
              133.75,
              34.75
            ],
            [
              133.75,
              34.5
            ]
          ]
        ]
      }
    },
    {
      "type": "Feature",
      "properties": {
        "cell_id": "r196c1256",
        "country": "Japan",
        "row_global": 196,
        "col_global": 1256,
        "longitude": 134.125,
        "latitude": 34.625
      },
      "geometry": {
        "type": "Polygon",
        "coordinates": [
          [
            [
              134.0,
              34.5
            ],
            [
              134.25,
              34.5
            ],
            [
              134.25,
              34.75
            ],
            [
              134.0,
              34.75
            ],
            [
              134.0,
              34.5
            ]
          ]
        ]
      }
    },
    {
      "type": "Feature",
      "properties": {
        "cell_id": "r196c1262",
        "country": "Japan",
        "row_global": 196,
        "col_global": 1262,
        "longitude": 135.625,
        "latitude": 34.625
      },
      "geometry": {
        "type": "Polygon",
        "coordinates": [
          [
            [
              135.5,
              34.5
            ],
            [
              135.75,
              34.5
            ],
            [
              135.75,
              34.75
            ],
            [
              135.5,
              34.75
            ],
            [
              135.5,
              34.5
            ]
          ]
        ]
      }
    },
    {
      "type": "Feature",
      "properties": {
        "cell_id": "r196c1263",
        "country": "Japan",
        "row_global": 196,
        "col_global": 1263,
        "longitude": 135.875,
        "latitude": 34.625
      },
      "geometry": {
        "type": "Polygon",
        "coordinates": [
          [
            [
              135.75,
              34.5
            ],
            [
              136.0,
              34.5
            ],
            [
              136.0,
              34.75
            ],
            [
              135.75,
              34.75
            ],
            [
              135.75,
              34.5
            ]
          ]
        ]
      }
    },
    {
      "type": "Feature",
      "properties": {
        "cell_id": "r196c1264",
        "country": "Japan",
        "row_global": 196,
        "col_global": 1264,
        "longitude": 136.125,
        "latitude": 34.625
      },
      "geometry": {
        "type": "Polygon",
        "coordinates": [
          [
            [
              136.0,
              34.5
            ],
            [
              136.25,
              34.5
            ],
            [
              136.25,
              34.75
            ],
            [
              136.0,
              34.75
            ],
            [
              136.0,
              34.5
            ]
          ]
        ]
      }
    },
    {
      "type": "Feature",
      "properties": {
        "cell_id": "r196c1265",
        "country": "Japan",
        "row_global": 196,
        "col_global": 1265,
        "longitude": 136.375,
        "latitude": 34.625
      },
      "geometry": {
        "type": "Polygon",
        "coordinates": [
          [
            [
              136.25,
              34.5
            ],
            [
              136.5,
              34.5
            ],
            [
              136.5,
              34.75
            ],
            [
              136.25,
              34.75
            ],
            [
              136.25,
              34.5
            ]
          ]
        ]
      }
    },
    {
      "type": "Feature",
      "properties": {
        "cell_id": "r196c1268",
        "country": "Japan",
        "row_global": 196,
        "col_global": 1268,
        "longitude": 137.125,
        "latitude": 34.625
      },
      "geometry": {
        "type": "Polygon",
        "coordinates": [
          [
            [
              137.0,
              34.5
            ],
            [
              137.25,
              34.5
            ],
            [
              137.25,
              34.75
            ],
            [
              137.0,
              34.75
            ],
            [
              137.0,
              34.5
            ]
          ]
        ]
      }
    },
    {
      "type": "Feature",
      "properties": {
        "cell_id": "r196c1275",
        "country": "Japan",
        "row_global": 196,
        "col_global": 1275,
        "longitude": 138.875,
        "latitude": 34.625
      },
      "geometry": {
        "type": "Polygon",
        "coordinates": [
          [
            [
              138.75,
              34.5
            ],
            [
              139.0,
              34.5
            ],
            [
              139.0,
              34.75
            ],
            [
              138.75,
              34.75
            ],
            [
              138.75,
              34.5
            ]
          ]
        ]
      }
    },
    {
      "type": "Feature",
      "properties": {
        "cell_id": "r197c1237",
        "country": "Japan",
        "row_global": 197,
        "col_global": 1237,
        "longitude": 129.375,
        "latitude": 34.375
      },
      "geometry": {
        "type": "Polygon",
        "coordinates": [
          [
            [
              129.25,
              34.25
            ],
            [
              129.5,
              34.25
            ],
            [
              129.5,
              34.5
            ],
            [
              129.25,
              34.5
            ],
            [
              129.25,
              34.25
            ]
          ]
        ]
      }
    },
    {
      "type": "Feature",
      "properties": {
        "cell_id": "r197c1244",
        "country": "Japan",
        "row_global": 197,
        "col_global": 1244,
        "longitude": 131.125,
        "latitude": 34.375
      },
      "geometry": {
        "type": "Polygon",
        "coordinates": [
          [
            [
              131.0,
              34.25
            ],
            [
              131.25,
              34.25
            ],
            [
              131.25,
              34.5
            ],
            [
              131.0,
              34.5
            ],
            [
              131.0,
              34.25
            ]
          ]
        ]
      }
    },
    {
      "type": "Feature",
      "properties": {
        "cell_id": "r197c1245",
        "country": "Japan",
        "row_global": 197,
        "col_global": 1245,
        "longitude": 131.375,
        "latitude": 34.375
      },
      "geometry": {
        "type": "Polygon",
        "coordinates": [
          [
            [
              131.25,
              34.25
            ],
            [
              131.5,
              34.25
            ],
            [
              131.5,
              34.5
            ],
            [
              131.25,
              34.5
            ],
            [
              131.25,
              34.25
            ]
          ]
        ]
      }
    },
    {
      "type": "Feature",
      "properties": {
        "cell_id": "r197c1246",
        "country": "Japan",
        "row_global": 197,
        "col_global": 1246,
        "longitude": 131.625,
        "latitude": 34.375
      },
      "geometry": {
        "type": "Polygon",
        "coordinates": [
          [
            [
              131.5,
              34.25
            ],
            [
              131.75,
              34.25
            ],
            [
              131.75,
              34.5
            ],
            [
              131.5,
              34.5
            ],
            [
              131.5,
              34.25
            ]
          ]
        ]
      }
    },
    {
      "type": "Feature",
      "properties": {
        "cell_id": "r197c1247",
        "country": "Japan",
        "row_global": 197,
        "col_global": 1247,
        "longitude": 131.875,
        "latitude": 34.375
      },
      "geometry": {
        "type": "Polygon",
        "coordinates": [
          [
            [
              131.75,
              34.25
            ],
            [
              132.0,
              34.25
            ],
            [
              132.0,
              34.5
            ],
            [
              131.75,
              34.5
            ],
            [
              131.75,
              34.25
            ]
          ]
        ]
      }
    },
    {
      "type": "Feature",
      "properties": {
        "cell_id": "r197c1248",
        "country": "Japan",
        "row_global": 197,
        "col_global": 1248,
        "longitude": 132.125,
        "latitude": 34.375
      },
      "geometry": {
        "type": "Polygon",
        "coordinates": [
          [
            [
              132.0,
              34.25
            ],
            [
              132.25,
              34.25
            ],
            [
              132.25,
              34.5
            ],
            [
              132.0,
              34.5
            ],
            [
              132.0,
              34.25
            ]
          ]
        ]
      }
    },
    {
      "type": "Feature",
      "properties": {
        "cell_id": "r197c1249",
        "country": "Japan",
        "row_global": 197,
        "col_global": 1249,
        "longitude": 132.375,
        "latitude": 34.375
      },
      "geometry": {
        "type": "Polygon",
        "coordinates": [
          [
            [
              132.25,
              34.25
            ],
            [
              132.5,
              34.25
            ],
            [
              132.5,
              34.5
            ],
            [
              132.25,
              34.5
            ],
            [
              132.25,
              34.25
            ]
          ]
        ]
      }
    },
    {
      "type": "Feature",
      "properties": {
        "cell_id": "r197c1250",
        "country": "Japan",
        "row_global": 197,
        "col_global": 1250,
        "longitude": 132.625,
        "latitude": 34.375
      },
      "geometry": {
        "type": "Polygon",
        "coordinates": [
          [
            [
              132.5,
              34.25
            ],
            [
              132.75,
              34.25
            ],
            [
              132.75,
              34.5
            ],
            [
              132.5,
              34.5
            ],
            [
              132.5,
              34.25
            ]
          ]
        ]
      }
    },
    {
      "type": "Feature",
      "properties": {
        "cell_id": "r197c1251",
        "country": "Japan",
        "row_global": 197,
        "col_global": 1251,
        "longitude": 132.875,
        "latitude": 34.375
      },
      "geometry": {
        "type": "Polygon",
        "coordinates": [
          [
            [
              132.75,
              34.25
            ],
            [
              133.0,
              34.25
            ],
            [
              133.0,
              34.5
            ],
            [
              132.75,
              34.5
            ],
            [
              132.75,
              34.25
            ]
          ]
        ]
      }
    },
    {
      "type": "Feature",
      "properties": {
        "cell_id": "r197c1256",
        "country": "Japan",
        "row_global": 197,
        "col_global": 1256,
        "longitude": 134.125,
        "latitude": 34.375
      },
      "geometry": {
        "type": "Polygon",
        "coordinates": [
          [
            [
              134.0,
              34.25
            ],
            [
              134.25,
              34.25
            ],
            [
              134.25,
              34.5
            ],
            [
              134.0,
              34.5
            ],
            [
              134.0,
              34.25
            ]
          ]
        ]
      }
    },
    {
      "type": "Feature",
      "properties": {
        "cell_id": "r197c1259",
        "country": "Japan",
        "row_global": 197,
        "col_global": 1259,
        "longitude": 134.875,
        "latitude": 34.375
      },
      "geometry": {
        "type": "Polygon",
        "coordinates": [
          [
            [
              134.75,
              34.25
            ],
            [
              135.0,
              34.25
            ],
            [
              135.0,
              34.5
            ],
            [
              134.75,
              34.5
            ],
            [
              134.75,
              34.25
            ]
          ]
        ]
      }
    },
    {
      "type": "Feature",
      "properties": {
        "cell_id": "r197c1261",
        "country": "Japan",
        "row_global": 197,
        "col_global": 1261,
        "longitude": 135.375,
        "latitude": 34.375
      },
      "geometry": {
        "type": "Polygon",
        "coordinates": [
          [
            [
              135.25,
              34.25
            ],
            [
              135.5,
              34.25
            ],
            [
              135.5,
              34.5
            ],
            [
              135.25,
              34.5
            ],
            [
              135.25,
              34.25
            ]
          ]
        ]
      }
    },
    {
      "type": "Feature",
      "properties": {
        "cell_id": "r197c1262",
        "country": "Japan",
        "row_global": 197,
        "col_global": 1262,
        "longitude": 135.625,
        "latitude": 34.375
      },
      "geometry": {
        "type": "Polygon",
        "coordinates": [
          [
            [
              135.5,
              34.25
            ],
            [
              135.75,
              34.25
            ],
            [
              135.75,
              34.5
            ],
            [
              135.5,
              34.5
            ],
            [
              135.5,
              34.25
            ]
          ]
        ]
      }
    },
    {
      "type": "Feature",
      "properties": {
        "cell_id": "r197c1263",
        "country": "Japan",
        "row_global": 197,
        "col_global": 1263,
        "longitude": 135.875,
        "latitude": 34.375
      },
      "geometry": {
        "type": "Polygon",
        "coordinates": [
          [
            [
              135.75,
              34.25
            ],
            [
              136.0,
              34.25
            ],
            [
              136.0,
              34.5
            ],
            [
              135.75,
              34.5
            ],
            [
              135.75,
              34.25
            ]
          ]
        ]
      }
    },
    {
      "type": "Feature",
      "properties": {
        "cell_id": "r197c1264",
        "country": "Japan",
        "row_global": 197,
        "col_global": 1264,
        "longitude": 136.125,
        "latitude": 34.375
      },
      "geometry": {
        "type": "Polygon",
        "coordinates": [
          [
            [
              136.0,
              34.25
            ],
            [
              136.25,
              34.25
            ],
            [
              136.25,
              34.5
            ],
            [
              136.0,
              34.5
            ],
            [
              136.0,
              34.25
            ]
          ]
        ]
      }
    },
    {
      "type": "Feature",
      "properties": {
        "cell_id": "r197c1265",
        "country": "Japan",
        "row_global": 197,
        "col_global": 1265,
        "longitude": 136.375,
        "latitude": 34.375
      },
      "geometry": {
        "type": "Polygon",
        "coordinates": [
          [
            [
              136.25,
              34.25
            ],
            [
              136.5,
              34.25
            ],
            [
              136.5,
              34.5
            ],
            [
              136.25,
              34.5
            ],
            [
              136.25,
              34.25
            ]
          ]
        ]
      }
    },
    {
      "type": "Feature",
      "properties": {
        "cell_id": "r197c1266",
        "country": "Japan",
        "row_global": 197,
        "col_global": 1266,
        "longitude": 136.625,
        "latitude": 34.375
      },
      "geometry": {
        "type": "Polygon",
        "coordinates": [
          [
            [
              136.5,
              34.25
            ],
            [
              136.75,
              34.25
            ],
            [
              136.75,
              34.5
            ],
            [
              136.5,
              34.5
            ],
            [
              136.5,
              34.25
            ]
          ]
        ]
      }
    },
    {
      "type": "Feature",
      "properties": {
        "cell_id": "r197c1267",
        "country": "Japan",
        "row_global": 197,
        "col_global": 1267,
        "longitude": 136.875,
        "latitude": 34.375
      },
      "geometry": {
        "type": "Polygon",
        "coordinates": [
          [
            [
              136.75,
              34.25
            ],
            [
              137.0,
              34.25
            ],
            [
              137.0,
              34.5
            ],
            [
              136.75,
              34.5
            ],
            [
              136.75,
              34.25
            ]
          ]
        ]
      }
    },
    {
      "type": "Feature",
      "properties": {
        "cell_id": "r198c1243",
        "country": "Japan",
        "row_global": 198,
        "col_global": 1243,
        "longitude": 130.875,
        "latitude": 34.125
      },
      "geometry": {
        "type": "Polygon",
        "coordinates": [
          [
            [
              130.75,
              34.0
            ],
            [
              131.0,
              34.0
            ],
            [
              131.0,
              34.25
            ],
            [
              130.75,
              34.25
            ],
            [
              130.75,
              34.0
            ]
          ]
        ]
      }
    },
    {
      "type": "Feature",
      "properties": {
        "cell_id": "r198c1244",
        "country": "Japan",
        "row_global": 198,
        "col_global": 1244,
        "longitude": 131.125,
        "latitude": 34.125
      },
      "geometry": {
        "type": "Polygon",
        "coordinates": [
          [
            [
              131.0,
              34.0
            ],
            [
              131.25,
              34.0
            ],
            [
              131.25,
              34.25
            ],
            [
              131.0,
              34.25
            ],
            [
              131.0,
              34.0
            ]
          ]
        ]
      }
    },
    {
      "type": "Feature",
      "properties": {
        "cell_id": "r198c1245",
        "country": "Japan",
        "row_global": 198,
        "col_global": 1245,
        "longitude": 131.375,
        "latitude": 34.125
      },
      "geometry": {
        "type": "Polygon",
        "coordinates": [
          [
            [
              131.25,
              34.0
            ],
            [
              131.5,
              34.0
            ],
            [
              131.5,
              34.25
            ],
            [
              131.25,
              34.25
            ],
            [
              131.25,
              34.0
            ]
          ]
        ]
      }
    },
    {
      "type": "Feature",
      "properties": {
        "cell_id": "r198c1246",
        "country": "Japan",
        "row_global": 198,
        "col_global": 1246,
        "longitude": 131.625,
        "latitude": 34.125
      },
      "geometry": {
        "type": "Polygon",
        "coordinates": [
          [
            [
              131.5,
              34.0
            ],
            [
              131.75,
              34.0
            ],
            [
              131.75,
              34.25
            ],
            [
              131.5,
              34.25
            ],
            [
              131.5,
              34.0
            ]
          ]
        ]
      }
    },
    {
      "type": "Feature",
      "properties": {
        "cell_id": "r198c1247",
        "country": "Japan",
        "row_global": 198,
        "col_global": 1247,
        "longitude": 131.875,
        "latitude": 34.125
      },
      "geometry": {
        "type": "Polygon",
        "coordinates": [
          [
            [
              131.75,
              34.0
            ],
            [
              132.0,
              34.0
            ],
            [
              132.0,
              34.25
            ],
            [
              131.75,
              34.25
            ],
            [
              131.75,
              34.0
            ]
          ]
        ]
      }
    },
    {
      "type": "Feature",
      "properties": {
        "cell_id": "r198c1248",
        "country": "Japan",
        "row_global": 198,
        "col_global": 1248,
        "longitude": 132.125,
        "latitude": 34.125
      },
      "geometry": {
        "type": "Polygon",
        "coordinates": [
          [
            [
              132.0,
              34.0
            ],
            [
              132.25,
              34.0
            ],
            [
              132.25,
              34.25
            ],
            [
              132.0,
              34.25
            ],
            [
              132.0,
              34.0
            ]
          ]
        ]
      }
    },
    {
      "type": "Feature",
      "properties": {
        "cell_id": "r198c1255",
        "country": "Japan",
        "row_global": 198,
        "col_global": 1255,
        "longitude": 133.875,
        "latitude": 34.125
      },
      "geometry": {
        "type": "Polygon",
        "coordinates": [
          [
            [
              133.75,
              34.0
            ],
            [
              134.0,
              34.0
            ],
            [
              134.0,
              34.25
            ],
            [
              133.75,
              34.25
            ],
            [
              133.75,
              34.0
            ]
          ]
        ]
      }
    },
    {
      "type": "Feature",
      "properties": {
        "cell_id": "r198c1256",
        "country": "Japan",
        "row_global": 198,
        "col_global": 1256,
        "longitude": 134.125,
        "latitude": 34.125
      },
      "geometry": {
        "type": "Polygon",
        "coordinates": [
          [
            [
              134.0,
              34.0
            ],
            [
              134.25,
              34.0
            ],
            [
              134.25,
              34.25
            ],
            [
              134.0,
              34.25
            ],
            [
              134.0,
              34.0
            ]
          ]
        ]
      }
    },
    {
      "type": "Feature",
      "properties": {
        "cell_id": "r198c1257",
        "country": "Japan",
        "row_global": 198,
        "col_global": 1257,
        "longitude": 134.375,
        "latitude": 34.125
      },
      "geometry": {
        "type": "Polygon",
        "coordinates": [
          [
            [
              134.25,
              34.0
            ],
            [
              134.5,
              34.0
            ],
            [
              134.5,
              34.25
            ],
            [
              134.25,
              34.25
            ],
            [
              134.25,
              34.0
            ]
          ]
        ]
      }
    },
    {
      "type": "Feature",
      "properties": {
        "cell_id": "r198c1261",
        "country": "Japan",
        "row_global": 198,
        "col_global": 1261,
        "longitude": 135.375,
        "latitude": 34.125
      },
      "geometry": {
        "type": "Polygon",
        "coordinates": [
          [
            [
              135.25,
              34.0
            ],
            [
              135.5,
              34.0
            ],
            [
              135.5,
              34.25
            ],
            [
              135.25,
              34.25
            ],
            [
              135.25,
              34.0
            ]
          ]
        ]
      }
    },
    {
      "type": "Feature",
      "properties": {
        "cell_id": "r198c1262",
        "country": "Japan",
        "row_global": 198,
        "col_global": 1262,
        "longitude": 135.625,
        "latitude": 34.125
      },
      "geometry": {
        "type": "Polygon",
        "coordinates": [
          [
            [
              135.5,
              34.0
            ],
            [
              135.75,
              34.0
            ],
            [
              135.75,
              34.25
            ],
            [
              135.5,
              34.25
            ],
            [
              135.5,
              34.0
            ]
          ]
        ]
      }
    },
    {
      "type": "Feature",
      "properties": {
        "cell_id": "r198c1263",
        "country": "Japan",
        "row_global": 198,
        "col_global": 1263,
        "longitude": 135.875,
        "latitude": 34.125
      },
      "geometry": {
        "type": "Polygon",
        "coordinates": [
          [
            [
              135.75,
              34.0
            ],
            [
              136.0,
              34.0
            ],
            [
              136.0,
              34.25
            ],
            [
              135.75,
              34.25
            ],
            [
              135.75,
              34.0
            ]
          ]
        ]
      }
    },
    {
      "type": "Feature",
      "properties": {
        "cell_id": "r198c1264",
        "country": "Japan",
        "row_global": 198,
        "col_global": 1264,
        "longitude": 136.125,
        "latitude": 34.125
      },
      "geometry": {
        "type": "Polygon",
        "coordinates": [
          [
            [
              136.0,
              34.0
            ],
            [
              136.25,
              34.0
            ],
            [
              136.25,
              34.25
            ],
            [
              136.0,
              34.25
            ],
            [
              136.0,
              34.0
            ]
          ]
        ]
      }
    },
    {
      "type": "Feature",
      "properties": {
        "cell_id": "r199c1242",
        "country": "Japan",
        "row_global": 199,
        "col_global": 1242,
        "longitude": 130.625,
        "latitude": 33.875
      },
      "geometry": {
        "type": "Polygon",
        "coordinates": [
          [
            [
              130.5,
              33.75
            ],
            [
              130.75,
              33.75
            ],
            [
              130.75,
              34.0
            ],
            [
              130.5,
              34.0
            ],
            [
              130.5,
              33.75
            ]
          ]
        ]
      }
    },
    {
      "type": "Feature",
      "properties": {
        "cell_id": "r199c1243",
        "country": "Japan",
        "row_global": 199,
        "col_global": 1243,
        "longitude": 130.875,
        "latitude": 33.875
      },
      "geometry": {
        "type": "Polygon",
        "coordinates": [
          [
            [
              130.75,
              33.75
            ],
            [
              131.0,
              33.75
            ],
            [
              131.0,
              34.0
            ],
            [
              130.75,
              34.0
            ],
            [
              130.75,
              33.75
            ]
          ]
        ]
      }
    },
    {
      "type": "Feature",
      "properties": {
        "cell_id": "r199c1248",
        "country": "Japan",
        "row_global": 199,
        "col_global": 1248,
        "longitude": 132.125,
        "latitude": 33.875
      },
      "geometry": {
        "type": "Polygon",
        "coordinates": [
          [
            [
              132.0,
              33.75
            ],
            [
              132.25,
              33.75
            ],
            [
              132.25,
              34.0
            ],
            [
              132.0,
              34.0
            ],
            [
              132.0,
              33.75
            ]
          ]
        ]
      }
    },
    {
      "type": "Feature",
      "properties": {
        "cell_id": "r199c1249",
        "country": "Japan",
        "row_global": 199,
        "col_global": 1249,
        "longitude": 132.375,
        "latitude": 33.875
      },
      "geometry": {
        "type": "Polygon",
        "coordinates": [
          [
            [
              132.25,
              33.75
            ],
            [
              132.5,
              33.75
            ],
            [
              132.5,
              34.0
            ],
            [
              132.25,
              34.0
            ],
            [
              132.25,
              33.75
            ]
          ]
        ]
      }
    },
    {
      "type": "Feature",
      "properties": {
        "cell_id": "r199c1251",
        "country": "Japan",
        "row_global": 199,
        "col_global": 1251,
        "longitude": 132.875,
        "latitude": 33.875
      },
      "geometry": {
        "type": "Polygon",
        "coordinates": [
          [
            [
              132.75,
              33.75
            ],
            [
              133.0,
              33.75
            ],
            [
              133.0,
              34.0
            ],
            [
              132.75,
              34.0
            ],
            [
              132.75,
              33.75
            ]
          ]
        ]
      }
    },
    {
      "type": "Feature",
      "properties": {
        "cell_id": "r199c1252",
        "country": "Japan",
        "row_global": 199,
        "col_global": 1252,
        "longitude": 133.125,
        "latitude": 33.875
      },
      "geometry": {
        "type": "Polygon",
        "coordinates": [
          [
            [
              133.0,
              33.75
            ],
            [
              133.25,
              33.75
            ],
            [
              133.25,
              34.0
            ],
            [
              133.0,
              34.0
            ],
            [
              133.0,
              33.75
            ]
          ]
        ]
      }
    },
    {
      "type": "Feature",
      "properties": {
        "cell_id": "r199c1253",
        "country": "Japan",
        "row_global": 199,
        "col_global": 1253,
        "longitude": 133.375,
        "latitude": 33.875
      },
      "geometry": {
        "type": "Polygon",
        "coordinates": [
          [
            [
              133.25,
              33.75
            ],
            [
              133.5,
              33.75
            ],
            [
              133.5,
              34.0
            ],
            [
              133.25,
              34.0
            ],
            [
              133.25,
              33.75
            ]
          ]
        ]
      }
    },
    {
      "type": "Feature",
      "properties": {
        "cell_id": "r199c1254",
        "country": "Japan",
        "row_global": 199,
        "col_global": 1254,
        "longitude": 133.625,
        "latitude": 33.875
      },
      "geometry": {
        "type": "Polygon",
        "coordinates": [
          [
            [
              133.5,
              33.75
            ],
            [
              133.75,
              33.75
            ],
            [
              133.75,
              34.0
            ],
            [
              133.5,
              34.0
            ],
            [
              133.5,
              33.75
            ]
          ]
        ]
      }
    },
    {
      "type": "Feature",
      "properties": {
        "cell_id": "r199c1255",
        "country": "Japan",
        "row_global": 199,
        "col_global": 1255,
        "longitude": 133.875,
        "latitude": 33.875
      },
      "geometry": {
        "type": "Polygon",
        "coordinates": [
          [
            [
              133.75,
              33.75
            ],
            [
              134.0,
              33.75
            ],
            [
              134.0,
              34.0
            ],
            [
              133.75,
              34.0
            ],
            [
              133.75,
              33.75
            ]
          ]
        ]
      }
    },
    {
      "type": "Feature",
      "properties": {
        "cell_id": "r199c1256",
        "country": "Japan",
        "row_global": 199,
        "col_global": 1256,
        "longitude": 134.125,
        "latitude": 33.875
      },
      "geometry": {
        "type": "Polygon",
        "coordinates": [
          [
            [
              134.0,
              33.75
            ],
            [
              134.25,
              33.75
            ],
            [
              134.25,
              34.0
            ],
            [
              134.0,
              34.0
            ],
            [
              134.0,
              33.75
            ]
          ]
        ]
      }
    },
    {
      "type": "Feature",
      "properties": {
        "cell_id": "r199c1257",
        "country": "Japan",
        "row_global": 199,
        "col_global": 1257,
        "longitude": 134.375,
        "latitude": 33.875
      },
      "geometry": {
        "type": "Polygon",
        "coordinates": [
          [
            [
              134.25,
              33.75
            ],
            [
              134.5,
              33.75
            ],
            [
              134.5,
              34.0
            ],
            [
              134.25,
              34.0
            ],
            [
              134.25,
              33.75
            ]
          ]
        ]
      }
    },
    {
      "type": "Feature",
      "properties": {
        "cell_id": "r199c1258",
        "country": "Japan",
        "row_global": 199,
        "col_global": 1258,
        "longitude": 134.625,
        "latitude": 33.875
      },
      "geometry": {
        "type": "Polygon",
        "coordinates": [
          [
            [
              134.5,
              33.75
            ],
            [
              134.75,
              33.75
            ],
            [
              134.75,
              34.0
            ],
            [
              134.5,
              34.0
            ],
            [
              134.5,
              33.75
            ]
          ]
        ]
      }
    },
    {
      "type": "Feature",
      "properties": {
        "cell_id": "r199c1261",
        "country": "Japan",
        "row_global": 199,
        "col_global": 1261,
        "longitude": 135.375,
        "latitude": 33.875
      },
      "geometry": {
        "type": "Polygon",
        "coordinates": [
          [
            [
              135.25,
              33.75
            ],
            [
              135.5,
              33.75
            ],
            [
              135.5,
              34.0
            ],
            [
              135.25,
              34.0
            ],
            [
              135.25,
              33.75
            ]
          ]
        ]
      }
    },
    {
      "type": "Feature",
      "properties": {
        "cell_id": "r199c1262",
        "country": "Japan",
        "row_global": 199,
        "col_global": 1262,
        "longitude": 135.625,
        "latitude": 33.875
      },
      "geometry": {
        "type": "Polygon",
        "coordinates": [
          [
            [
              135.5,
              33.75
            ],
            [
              135.75,
              33.75
            ],
            [
              135.75,
              34.0
            ],
            [
              135.5,
              34.0
            ],
            [
              135.5,
              33.75
            ]
          ]
        ]
      }
    },
    {
      "type": "Feature",
      "properties": {
        "cell_id": "r199c1263",
        "country": "Japan",
        "row_global": 199,
        "col_global": 1263,
        "longitude": 135.875,
        "latitude": 33.875
      },
      "geometry": {
        "type": "Polygon",
        "coordinates": [
          [
            [
              135.75,
              33.75
            ],
            [
              136.0,
              33.75
            ],
            [
              136.0,
              34.0
            ],
            [
              135.75,
              34.0
            ],
            [
              135.75,
              33.75
            ]
          ]
        ]
      }
    },
    {
      "type": "Feature",
      "properties": {
        "cell_id": "r199c1278",
        "country": "Japan",
        "row_global": 199,
        "col_global": 1278,
        "longitude": 139.625,
        "latitude": 33.875
      },
      "geometry": {
        "type": "Polygon",
        "coordinates": [
          [
            [
              139.5,
              33.75
            ],
            [
              139.75,
              33.75
            ],
            [
              139.75,
              34.0
            ],
            [
              139.5,
              34.0
            ],
            [
              139.5,
              33.75
            ]
          ]
        ]
      }
    },
    {
      "type": "Feature",
      "properties": {
        "cell_id": "r200c1242",
        "country": "Japan",
        "row_global": 200,
        "col_global": 1242,
        "longitude": 130.625,
        "latitude": 33.625
      },
      "geometry": {
        "type": "Polygon",
        "coordinates": [
          [
            [
              130.5,
              33.5
            ],
            [
              130.75,
              33.5
            ],
            [
              130.75,
              33.75
            ],
            [
              130.5,
              33.75
            ],
            [
              130.5,
              33.5
            ]
          ]
        ]
      }
    },
    {
      "type": "Feature",
      "properties": {
        "cell_id": "r200c1243",
        "country": "Japan",
        "row_global": 200,
        "col_global": 1243,
        "longitude": 130.875,
        "latitude": 33.625
      },
      "geometry": {
        "type": "Polygon",
        "coordinates": [
          [
            [
              130.75,
              33.5
            ],
            [
              131.0,
              33.5
            ],
            [
              131.0,
              33.75
            ],
            [
              130.75,
              33.75
            ],
            [
              130.75,
              33.5
            ]
          ]
        ]
      }
    },
    {
      "type": "Feature",
      "properties": {
        "cell_id": "r200c1244",
        "country": "Japan",
        "row_global": 200,
        "col_global": 1244,
        "longitude": 131.125,
        "latitude": 33.625
      },
      "geometry": {
        "type": "Polygon",
        "coordinates": [
          [
            [
              131.0,
              33.5
            ],
            [
              131.25,
              33.5
            ],
            [
              131.25,
              33.75
            ],
            [
              131.0,
              33.75
            ],
            [
              131.0,
              33.5
            ]
          ]
        ]
      }
    },
    {
      "type": "Feature",
      "properties": {
        "cell_id": "r200c1246",
        "country": "Japan",
        "row_global": 200,
        "col_global": 1246,
        "longitude": 131.625,
        "latitude": 33.625
      },
      "geometry": {
        "type": "Polygon",
        "coordinates": [
          [
            [
              131.5,
              33.5
            ],
            [
              131.75,
              33.5
            ],
            [
              131.75,
              33.75
            ],
            [
              131.5,
              33.75
            ],
            [
              131.5,
              33.5
            ]
          ]
        ]
      }
    },
    {
      "type": "Feature",
      "properties": {
        "cell_id": "r200c1250",
        "country": "Japan",
        "row_global": 200,
        "col_global": 1250,
        "longitude": 132.625,
        "latitude": 33.625
      },
      "geometry": {
        "type": "Polygon",
        "coordinates": [
          [
            [
              132.5,
              33.5
            ],
            [
              132.75,
              33.5
            ],
            [
              132.75,
              33.75
            ],
            [
              132.5,
              33.75
            ],
            [
              132.5,
              33.5
            ]
          ]
        ]
      }
    },
    {
      "type": "Feature",
      "properties": {
        "cell_id": "r200c1251",
        "country": "Japan",
        "row_global": 200,
        "col_global": 1251,
        "longitude": 132.875,
        "latitude": 33.625
      },
      "geometry": {
        "type": "Polygon",
        "coordinates": [
          [
            [
              132.75,
              33.5
            ],
            [
              133.0,
              33.5
            ],
            [
              133.0,
              33.75
            ],
            [
              132.75,
              33.75
            ],
            [
              132.75,
              33.5
            ]
          ]
        ]
      }
    },
    {
      "type": "Feature",
      "properties": {
        "cell_id": "r200c1252",
        "country": "Japan",
        "row_global": 200,
        "col_global": 1252,
        "longitude": 133.125,
        "latitude": 33.625
      },
      "geometry": {
        "type": "Polygon",
        "coordinates": [
          [
            [
              133.0,
              33.5
            ],
            [
              133.25,
              33.5
            ],
            [
              133.25,
              33.75
            ],
            [
              133.0,
              33.75
            ],
            [
              133.0,
              33.5
            ]
          ]
        ]
      }
    },
    {
      "type": "Feature",
      "properties": {
        "cell_id": "r200c1253",
        "country": "Japan",
        "row_global": 200,
        "col_global": 1253,
        "longitude": 133.375,
        "latitude": 33.625
      },
      "geometry": {
        "type": "Polygon",
        "coordinates": [
          [
            [
              133.25,
              33.5
            ],
            [
              133.5,
              33.5
            ],
            [
              133.5,
              33.75
            ],
            [
              133.25,
              33.75
            ],
            [
              133.25,
              33.5
            ]
          ]
        ]
      }
    },
    {
      "type": "Feature",
      "properties": {
        "cell_id": "r200c1254",
        "country": "Japan",
        "row_global": 200,
        "col_global": 1254,
        "longitude": 133.625,
        "latitude": 33.625
      },
      "geometry": {
        "type": "Polygon",
        "coordinates": [
          [
            [
              133.5,
              33.5
            ],
            [
              133.75,
              33.5
            ],
            [
              133.75,
              33.75
            ],
            [
              133.5,
              33.75
            ],
            [
              133.5,
              33.5
            ]
          ]
        ]
      }
    },
    {
      "type": "Feature",
      "properties": {
        "cell_id": "r200c1255",
        "country": "Japan",
        "row_global": 200,
        "col_global": 1255,
        "longitude": 133.875,
        "latitude": 33.625
      },
      "geometry": {
        "type": "Polygon",
        "coordinates": [
          [
            [
              133.75,
              33.5
            ],
            [
              134.0,
              33.5
            ],
            [
              134.0,
              33.75
            ],
            [
              133.75,
              33.75
            ],
            [
              133.75,
              33.5
            ]
          ]
        ]
      }
    },
    {
      "type": "Feature",
      "properties": {
        "cell_id": "r200c1256",
        "country": "Japan",
        "row_global": 200,
        "col_global": 1256,
        "longitude": 134.125,
        "latitude": 33.625
      },
      "geometry": {
        "type": "Polygon",
        "coordinates": [
          [
            [
              134.0,
              33.5
            ],
            [
              134.25,
              33.5
            ],
            [
              134.25,
              33.75
            ],
            [
              134.0,
              33.75
            ],
            [
              134.0,
              33.5
            ]
          ]
        ]
      }
    },
    {
      "type": "Feature",
      "properties": {
        "cell_id": "r200c1257",
        "country": "Japan",
        "row_global": 200,
        "col_global": 1257,
        "longitude": 134.375,
        "latitude": 33.625
      },
      "geometry": {
        "type": "Polygon",
        "coordinates": [
          [
            [
              134.25,
              33.5
            ],
            [
              134.5,
              33.5
            ],
            [
              134.5,
              33.75
            ],
            [
              134.25,
              33.75
            ],
            [
              134.25,
              33.5
            ]
          ]
        ]
      }
    },
    {
      "type": "Feature",
      "properties": {
        "cell_id": "r200c1262",
        "country": "Japan",
        "row_global": 200,
        "col_global": 1262,
        "longitude": 135.625,
        "latitude": 33.625
      },
      "geometry": {
        "type": "Polygon",
        "coordinates": [
          [
            [
              135.5,
              33.5
            ],
            [
              135.75,
              33.5
            ],
            [
              135.75,
              33.75
            ],
            [
              135.5,
              33.75
            ],
            [
              135.5,
              33.5
            ]
          ]
        ]
      }
    },
    {
      "type": "Feature",
      "properties": {
        "cell_id": "r200c1263",
        "country": "Japan",
        "row_global": 200,
        "col_global": 1263,
        "longitude": 135.875,
        "latitude": 33.625
      },
      "geometry": {
        "type": "Polygon",
        "coordinates": [
          [
            [
              135.75,
              33.5
            ],
            [
              136.0,
              33.5
            ],
            [
              136.0,
              33.75
            ],
            [
              135.75,
              33.75
            ],
            [
              135.75,
              33.5
            ]
          ]
        ]
      }
    },
    {
      "type": "Feature",
      "properties": {
        "cell_id": "r201c1239",
        "country": "Japan",
        "row_global": 201,
        "col_global": 1239,
        "longitude": 129.875,
        "latitude": 33.375
      },
      "geometry": {
        "type": "Polygon",
        "coordinates": [
          [
            [
              129.75,
              33.25
            ],
            [
              130.0,
              33.25
            ],
            [
              130.0,
              33.5
            ],
            [
              129.75,
              33.5
            ],
            [
              129.75,
              33.25
            ]
          ]
        ]
      }
    },
    {
      "type": "Feature",
      "properties": {
        "cell_id": "r201c1240",
        "country": "Japan",
        "row_global": 201,
        "col_global": 1240,
        "longitude": 130.125,
        "latitude": 33.375
      },
      "geometry": {
        "type": "Polygon",
        "coordinates": [
          [
            [
              130.0,
              33.25
            ],
            [
              130.25,
              33.25
            ],
            [
              130.25,
              33.5
            ],
            [
              130.0,
              33.5
            ],
            [
              130.0,
              33.25
            ]
          ]
        ]
      }
    },
    {
      "type": "Feature",
      "properties": {
        "cell_id": "r201c1241",
        "country": "Japan",
        "row_global": 201,
        "col_global": 1241,
        "longitude": 130.375,
        "latitude": 33.375
      },
      "geometry": {
        "type": "Polygon",
        "coordinates": [
          [
            [
              130.25,
              33.25
            ],
            [
              130.5,
              33.25
            ],
            [
              130.5,
              33.5
            ],
            [
              130.25,
              33.5
            ],
            [
              130.25,
              33.25
            ]
          ]
        ]
      }
    },
    {
      "type": "Feature",
      "properties": {
        "cell_id": "r201c1242",
        "country": "Japan",
        "row_global": 201,
        "col_global": 1242,
        "longitude": 130.625,
        "latitude": 33.375
      },
      "geometry": {
        "type": "Polygon",
        "coordinates": [
          [
            [
              130.5,
              33.25
            ],
            [
              130.75,
              33.25
            ],
            [
              130.75,
              33.5
            ],
            [
              130.5,
              33.5
            ],
            [
              130.5,
              33.25
            ]
          ]
        ]
      }
    },
    {
      "type": "Feature",
      "properties": {
        "cell_id": "r201c1243",
        "country": "Japan",
        "row_global": 201,
        "col_global": 1243,
        "longitude": 130.875,
        "latitude": 33.375
      },
      "geometry": {
        "type": "Polygon",
        "coordinates": [
          [
            [
              130.75,
              33.25
            ],
            [
              131.0,
              33.25
            ],
            [
              131.0,
              33.5
            ],
            [
              130.75,
              33.5
            ],
            [
              130.75,
              33.25
            ]
          ]
        ]
      }
    },
    {
      "type": "Feature",
      "properties": {
        "cell_id": "r201c1244",
        "country": "Japan",
        "row_global": 201,
        "col_global": 1244,
        "longitude": 131.125,
        "latitude": 33.375
      },
      "geometry": {
        "type": "Polygon",
        "coordinates": [
          [
            [
              131.0,
              33.25
            ],
            [
              131.25,
              33.25
            ],
            [
              131.25,
              33.5
            ],
            [
              131.0,
              33.5
            ],
            [
              131.0,
              33.25
            ]
          ]
        ]
      }
    },
    {
      "type": "Feature",
      "properties": {
        "cell_id": "r201c1245",
        "country": "Japan",
        "row_global": 201,
        "col_global": 1245,
        "longitude": 131.375,
        "latitude": 33.375
      },
      "geometry": {
        "type": "Polygon",
        "coordinates": [
          [
            [
              131.25,
              33.25
            ],
            [
              131.5,
              33.25
            ],
            [
              131.5,
              33.5
            ],
            [
              131.25,
              33.5
            ],
            [
              131.25,
              33.25
            ]
          ]
        ]
      }
    },
    {
      "type": "Feature",
      "properties": {
        "cell_id": "r201c1246",
        "country": "Japan",
        "row_global": 201,
        "col_global": 1246,
        "longitude": 131.625,
        "latitude": 33.375
      },
      "geometry": {
        "type": "Polygon",
        "coordinates": [
          [
            [
              131.5,
              33.25
            ],
            [
              131.75,
              33.25
            ],
            [
              131.75,
              33.5
            ],
            [
              131.5,
              33.5
            ],
            [
              131.5,
              33.25
            ]
          ]
        ]
      }
    },
    {
      "type": "Feature",
      "properties": {
        "cell_id": "r201c1248",
        "country": "Japan",
        "row_global": 201,
        "col_global": 1248,
        "longitude": 132.125,
        "latitude": 33.375
      },
      "geometry": {
        "type": "Polygon",
        "coordinates": [
          [
            [
              132.0,
              33.25
            ],
            [
              132.25,
              33.25
            ],
            [
              132.25,
              33.5
            ],
            [
              132.0,
              33.5
            ],
            [
              132.0,
              33.25
            ]
          ]
        ]
      }
    },
    {
      "type": "Feature",
      "properties": {
        "cell_id": "r201c1250",
        "country": "Japan",
        "row_global": 201,
        "col_global": 1250,
        "longitude": 132.625,
        "latitude": 33.375
      },
      "geometry": {
        "type": "Polygon",
        "coordinates": [
          [
            [
              132.5,
              33.25
            ],
            [
              132.75,
              33.25
            ],
            [
              132.75,
              33.5
            ],
            [
              132.5,
              33.5
            ],
            [
              132.5,
              33.25
            ]
          ]
        ]
      }
    },
    {
      "type": "Feature",
      "properties": {
        "cell_id": "r201c1251",
        "country": "Japan",
        "row_global": 201,
        "col_global": 1251,
        "longitude": 132.875,
        "latitude": 33.375
      },
      "geometry": {
        "type": "Polygon",
        "coordinates": [
          [
            [
              132.75,
              33.25
            ],
            [
              133.0,
              33.25
            ],
            [
              133.0,
              33.5
            ],
            [
              132.75,
              33.5
            ],
            [
              132.75,
              33.25
            ]
          ]
        ]
      }
    },
    {
      "type": "Feature",
      "properties": {
        "cell_id": "r201c1252",
        "country": "Japan",
        "row_global": 201,
        "col_global": 1252,
        "longitude": 133.125,
        "latitude": 33.375
      },
      "geometry": {
        "type": "Polygon",
        "coordinates": [
          [
            [
              133.0,
              33.25
            ],
            [
              133.25,
              33.25
            ],
            [
              133.25,
              33.5
            ],
            [
              133.0,
              33.5
            ],
            [
              133.0,
              33.25
            ]
          ]
        ]
      }
    },
    {
      "type": "Feature",
      "properties": {
        "cell_id": "r201c1256",
        "country": "Japan",
        "row_global": 201,
        "col_global": 1256,
        "longitude": 134.125,
        "latitude": 33.375
      },
      "geometry": {
        "type": "Polygon",
        "coordinates": [
          [
            [
              134.0,
              33.25
            ],
            [
              134.25,
              33.25
            ],
            [
              134.25,
              33.5
            ],
            [
              134.0,
              33.5
            ],
            [
              134.0,
              33.25
            ]
          ]
        ]
      }
    },
    {
      "type": "Feature",
      "properties": {
        "cell_id": "r202c1239",
        "country": "Japan",
        "row_global": 202,
        "col_global": 1239,
        "longitude": 129.875,
        "latitude": 33.125
      },
      "geometry": {
        "type": "Polygon",
        "coordinates": [
          [
            [
              129.75,
              33.0
            ],
            [
              130.0,
              33.0
            ],
            [
              130.0,
              33.25
            ],
            [
              129.75,
              33.25
            ],
            [
              129.75,
              33.0
            ]
          ]
        ]
      }
    },
    {
      "type": "Feature",
      "properties": {
        "cell_id": "r202c1240",
        "country": "Japan",
        "row_global": 202,
        "col_global": 1240,
        "longitude": 130.125,
        "latitude": 33.125
      },
      "geometry": {
        "type": "Polygon",
        "coordinates": [
          [
            [
              130.0,
              33.0
            ],
            [
              130.25,
              33.0
            ],
            [
              130.25,
              33.25
            ],
            [
              130.0,
              33.25
            ],
            [
              130.0,
              33.0
            ]
          ]
        ]
      }
    },
    {
      "type": "Feature",
      "properties": {
        "cell_id": "r202c1241",
        "country": "Japan",
        "row_global": 202,
        "col_global": 1241,
        "longitude": 130.375,
        "latitude": 33.125
      },
      "geometry": {
        "type": "Polygon",
        "coordinates": [
          [
            [
              130.25,
              33.0
            ],
            [
              130.5,
              33.0
            ],
            [
              130.5,
              33.25
            ],
            [
              130.25,
              33.25
            ],
            [
              130.25,
              33.0
            ]
          ]
        ]
      }
    },
    {
      "type": "Feature",
      "properties": {
        "cell_id": "r202c1242",
        "country": "Japan",
        "row_global": 202,
        "col_global": 1242,
        "longitude": 130.625,
        "latitude": 33.125
      },
      "geometry": {
        "type": "Polygon",
        "coordinates": [
          [
            [
              130.5,
              33.0
            ],
            [
              130.75,
              33.0
            ],
            [
              130.75,
              33.25
            ],
            [
              130.5,
              33.25
            ],
            [
              130.5,
              33.0
            ]
          ]
        ]
      }
    },
    {
      "type": "Feature",
      "properties": {
        "cell_id": "r202c1243",
        "country": "Japan",
        "row_global": 202,
        "col_global": 1243,
        "longitude": 130.875,
        "latitude": 33.125
      },
      "geometry": {
        "type": "Polygon",
        "coordinates": [
          [
            [
              130.75,
              33.0
            ],
            [
              131.0,
              33.0
            ],
            [
              131.0,
              33.25
            ],
            [
              130.75,
              33.25
            ],
            [
              130.75,
              33.0
            ]
          ]
        ]
      }
    },
    {
      "type": "Feature",
      "properties": {
        "cell_id": "r202c1244",
        "country": "Japan",
        "row_global": 202,
        "col_global": 1244,
        "longitude": 131.125,
        "latitude": 33.125
      },
      "geometry": {
        "type": "Polygon",
        "coordinates": [
          [
            [
              131.0,
              33.0
            ],
            [
              131.25,
              33.0
            ],
            [
              131.25,
              33.25
            ],
            [
              131.0,
              33.25
            ],
            [
              131.0,
              33.0
            ]
          ]
        ]
      }
    },
    {
      "type": "Feature",
      "properties": {
        "cell_id": "r202c1245",
        "country": "Japan",
        "row_global": 202,
        "col_global": 1245,
        "longitude": 131.375,
        "latitude": 33.125
      },
      "geometry": {
        "type": "Polygon",
        "coordinates": [
          [
            [
              131.25,
              33.0
            ],
            [
              131.5,
              33.0
            ],
            [
              131.5,
              33.25
            ],
            [
              131.25,
              33.25
            ],
            [
              131.25,
              33.0
            ]
          ]
        ]
      }
    },
    {
      "type": "Feature",
      "properties": {
        "cell_id": "r202c1246",
        "country": "Japan",
        "row_global": 202,
        "col_global": 1246,
        "longitude": 131.625,
        "latitude": 33.125
      },
      "geometry": {
        "type": "Polygon",
        "coordinates": [
          [
            [
              131.5,
              33.0
            ],
            [
              131.75,
              33.0
            ],
            [
              131.75,
              33.25
            ],
            [
              131.5,
              33.25
            ],
            [
              131.5,
              33.0
            ]
          ]
        ]
      }
    },
    {
      "type": "Feature",
      "properties": {
        "cell_id": "r202c1247",
        "country": "Japan",
        "row_global": 202,
        "col_global": 1247,
        "longitude": 131.875,
        "latitude": 33.125
      },
      "geometry": {
        "type": "Polygon",
        "coordinates": [
          [
            [
              131.75,
              33.0
            ],
            [
              132.0,
              33.0
            ],
            [
              132.0,
              33.25
            ],
            [
              131.75,
              33.25
            ],
            [
              131.75,
              33.0
            ]
          ]
        ]
      }
    },
    {
      "type": "Feature",
      "properties": {
        "cell_id": "r202c1250",
        "country": "Japan",
        "row_global": 202,
        "col_global": 1250,
        "longitude": 132.625,
        "latitude": 33.125
      },
      "geometry": {
        "type": "Polygon",
        "coordinates": [
          [
            [
              132.5,
              33.0
            ],
            [
              132.75,
              33.0
            ],
            [
              132.75,
              33.25
            ],
            [
              132.5,
              33.25
            ],
            [
              132.5,
              33.0
            ]
          ]
        ]
      }
    },
    {
      "type": "Feature",
      "properties": {
        "cell_id": "r202c1251",
        "country": "Japan",
        "row_global": 202,
        "col_global": 1251,
        "longitude": 132.875,
        "latitude": 33.125
      },
      "geometry": {
        "type": "Polygon",
        "coordinates": [
          [
            [
              132.75,
              33.0
            ],
            [
              133.0,
              33.0
            ],
            [
              133.0,
              33.25
            ],
            [
              132.75,
              33.25
            ],
            [
              132.75,
              33.0
            ]
          ]
        ]
      }
    },
    {
      "type": "Feature",
      "properties": {
        "cell_id": "r202c1252",
        "country": "Japan",
        "row_global": 202,
        "col_global": 1252,
        "longitude": 133.125,
        "latitude": 33.125
      },
      "geometry": {
        "type": "Polygon",
        "coordinates": [
          [
            [
              133.0,
              33.0
            ],
            [
              133.25,
              33.0
            ],
            [
              133.25,
              33.25
            ],
            [
              133.0,
              33.25
            ],
            [
              133.0,
              33.0
            ]
          ]
        ]
      }
    },
    {
      "type": "Feature",
      "properties": {
        "cell_id": "r203c1242",
        "country": "Japan",
        "row_global": 203,
        "col_global": 1242,
        "longitude": 130.625,
        "latitude": 32.875
      },
      "geometry": {
        "type": "Polygon",
        "coordinates": [
          [
            [
              130.5,
              32.75
            ],
            [
              130.75,
              32.75
            ],
            [
              130.75,
              33.0
            ],
            [
              130.5,
              33.0
            ],
            [
              130.5,
              32.75
            ]
          ]
        ]
      }
    },
    {
      "type": "Feature",
      "properties": {
        "cell_id": "r203c1243",
        "country": "Japan",
        "row_global": 203,
        "col_global": 1243,
        "longitude": 130.875,
        "latitude": 32.875
      },
      "geometry": {
        "type": "Polygon",
        "coordinates": [
          [
            [
              130.75,
              32.75
            ],
            [
              131.0,
              32.75
            ],
            [
              131.0,
              33.0
            ],
            [
              130.75,
              33.0
            ],
            [
              130.75,
              32.75
            ]
          ]
        ]
      }
    },
    {
      "type": "Feature",
      "properties": {
        "cell_id": "r203c1244",
        "country": "Japan",
        "row_global": 203,
        "col_global": 1244,
        "longitude": 131.125,
        "latitude": 32.875
      },
      "geometry": {
        "type": "Polygon",
        "coordinates": [
          [
            [
              131.0,
              32.75
            ],
            [
              131.25,
              32.75
            ],
            [
              131.25,
              33.0
            ],
            [
              131.0,
              33.0
            ],
            [
              131.0,
              32.75
            ]
          ]
        ]
      }
    },
    {
      "type": "Feature",
      "properties": {
        "cell_id": "r203c1245",
        "country": "Japan",
        "row_global": 203,
        "col_global": 1245,
        "longitude": 131.375,
        "latitude": 32.875
      },
      "geometry": {
        "type": "Polygon",
        "coordinates": [
          [
            [
              131.25,
              32.75
            ],
            [
              131.5,
              32.75
            ],
            [
              131.5,
              33.0
            ],
            [
              131.25,
              33.0
            ],
            [
              131.25,
              32.75
            ]
          ]
        ]
      }
    },
    {
      "type": "Feature",
      "properties": {
        "cell_id": "r203c1246",
        "country": "Japan",
        "row_global": 203,
        "col_global": 1246,
        "longitude": 131.625,
        "latitude": 32.875
      },
      "geometry": {
        "type": "Polygon",
        "coordinates": [
          [
            [
              131.5,
              32.75
            ],
            [
              131.75,
              32.75
            ],
            [
              131.75,
              33.0
            ],
            [
              131.5,
              33.0
            ],
            [
              131.5,
              32.75
            ]
          ]
        ]
      }
    },
    {
      "type": "Feature",
      "properties": {
        "cell_id": "r203c1247",
        "country": "Japan",
        "row_global": 203,
        "col_global": 1247,
        "longitude": 131.875,
        "latitude": 32.875
      },
      "geometry": {
        "type": "Polygon",
        "coordinates": [
          [
            [
              131.75,
              32.75
            ],
            [
              132.0,
              32.75
            ],
            [
              132.0,
              33.0
            ],
            [
              131.75,
              33.0
            ],
            [
              131.75,
              32.75
            ]
          ]
        ]
      }
    },
    {
      "type": "Feature",
      "properties": {
        "cell_id": "r203c1251",
        "country": "Japan",
        "row_global": 203,
        "col_global": 1251,
        "longitude": 132.875,
        "latitude": 32.875
      },
      "geometry": {
        "type": "Polygon",
        "coordinates": [
          [
            [
              132.75,
              32.75
            ],
            [
              133.0,
              32.75
            ],
            [
              133.0,
              33.0
            ],
            [
              132.75,
              33.0
            ],
            [
              132.75,
              32.75
            ]
          ]
        ]
      }
    },
    {
      "type": "Feature",
      "properties": {
        "cell_id": "r204c1234",
        "country": "Japan",
        "row_global": 204,
        "col_global": 1234,
        "longitude": 128.625,
        "latitude": 32.625
      },
      "geometry": {
        "type": "Polygon",
        "coordinates": [
          [
            [
              128.5,
              32.5
            ],
            [
              128.75,
              32.5
            ],
            [
              128.75,
              32.75
            ],
            [
              128.5,
              32.75
            ],
            [
              128.5,
              32.5
            ]
          ]
        ]
      }
    },
    {
      "type": "Feature",
      "properties": {
        "cell_id": "r204c1243",
        "country": "Japan",
        "row_global": 204,
        "col_global": 1243,
        "longitude": 130.875,
        "latitude": 32.625
      },
      "geometry": {
        "type": "Polygon",
        "coordinates": [
          [
            [
              130.75,
              32.5
            ],
            [
              131.0,
              32.5
            ],
            [
              131.0,
              32.75
            ],
            [
              130.75,
              32.75
            ],
            [
              130.75,
              32.5
            ]
          ]
        ]
      }
    },
    {
      "type": "Feature",
      "properties": {
        "cell_id": "r204c1244",
        "country": "Japan",
        "row_global": 204,
        "col_global": 1244,
        "longitude": 131.125,
        "latitude": 32.625
      },
      "geometry": {
        "type": "Polygon",
        "coordinates": [
          [
            [
              131.0,
              32.5
            ],
            [
              131.25,
              32.5
            ],
            [
              131.25,
              32.75
            ],
            [
              131.0,
              32.75
            ],
            [
              131.0,
              32.5
            ]
          ]
        ]
      }
    },
    {
      "type": "Feature",
      "properties": {
        "cell_id": "r204c1245",
        "country": "Japan",
        "row_global": 204,
        "col_global": 1245,
        "longitude": 131.375,
        "latitude": 32.625
      },
      "geometry": {
        "type": "Polygon",
        "coordinates": [
          [
            [
              131.25,
              32.5
            ],
            [
              131.5,
              32.5
            ],
            [
              131.5,
              32.75
            ],
            [
              131.25,
              32.75
            ],
            [
              131.25,
              32.5
            ]
          ]
        ]
      }
    },
    {
      "type": "Feature",
      "properties": {
        "cell_id": "r204c1246",
        "country": "Japan",
        "row_global": 204,
        "col_global": 1246,
        "longitude": 131.625,
        "latitude": 32.625
      },
      "geometry": {
        "type": "Polygon",
        "coordinates": [
          [
            [
              131.5,
              32.5
            ],
            [
              131.75,
              32.5
            ],
            [
              131.75,
              32.75
            ],
            [
              131.5,
              32.75
            ],
            [
              131.5,
              32.5
            ]
          ]
        ]
      }
    },
    {
      "type": "Feature",
      "properties": {
        "cell_id": "r205c1240",
        "country": "Japan",
        "row_global": 205,
        "col_global": 1240,
        "longitude": 130.125,
        "latitude": 32.375
      },
      "geometry": {
        "type": "Polygon",
        "coordinates": [
          [
            [
              130.0,
              32.25
            ],
            [
              130.25,
              32.25
            ],
            [
              130.25,
              32.5
            ],
            [
              130.0,
              32.5
            ],
            [
              130.0,
              32.25
            ]
          ]
        ]
      }
    },
    {
      "type": "Feature",
      "properties": {
        "cell_id": "r205c1242",
        "country": "Japan",
        "row_global": 205,
        "col_global": 1242,
        "longitude": 130.625,
        "latitude": 32.375
      },
      "geometry": {
        "type": "Polygon",
        "coordinates": [
          [
            [
              130.5,
              32.25
            ],
            [
              130.75,
              32.25
            ],
            [
              130.75,
              32.5
            ],
            [
              130.5,
              32.5
            ],
            [
              130.5,
              32.25
            ]
          ]
        ]
      }
    },
    {
      "type": "Feature",
      "properties": {
        "cell_id": "r205c1243",
        "country": "Japan",
        "row_global": 205,
        "col_global": 1243,
        "longitude": 130.875,
        "latitude": 32.375
      },
      "geometry": {
        "type": "Polygon",
        "coordinates": [
          [
            [
              130.75,
              32.25
            ],
            [
              131.0,
              32.25
            ],
            [
              131.0,
              32.5
            ],
            [
              130.75,
              32.5
            ],
            [
              130.75,
              32.25
            ]
          ]
        ]
      }
    },
    {
      "type": "Feature",
      "properties": {
        "cell_id": "r205c1244",
        "country": "Japan",
        "row_global": 205,
        "col_global": 1244,
        "longitude": 131.125,
        "latitude": 32.375
      },
      "geometry": {
        "type": "Polygon",
        "coordinates": [
          [
            [
              131.0,
              32.25
            ],
            [
              131.25,
              32.25
            ],
            [
              131.25,
              32.5
            ],
            [
              131.0,
              32.5
            ],
            [
              131.0,
              32.25
            ]
          ]
        ]
      }
    },
    {
      "type": "Feature",
      "properties": {
        "cell_id": "r205c1245",
        "country": "Japan",
        "row_global": 205,
        "col_global": 1245,
        "longitude": 131.375,
        "latitude": 32.375
      },
      "geometry": {
        "type": "Polygon",
        "coordinates": [
          [
            [
              131.25,
              32.25
            ],
            [
              131.5,
              32.25
            ],
            [
              131.5,
              32.5
            ],
            [
              131.25,
              32.5
            ],
            [
              131.25,
              32.25
            ]
          ]
        ]
      }
    },
    {
      "type": "Feature",
      "properties": {
        "cell_id": "r205c1246",
        "country": "Japan",
        "row_global": 205,
        "col_global": 1246,
        "longitude": 131.625,
        "latitude": 32.375
      },
      "geometry": {
        "type": "Polygon",
        "coordinates": [
          [
            [
              131.5,
              32.25
            ],
            [
              131.75,
              32.25
            ],
            [
              131.75,
              32.5
            ],
            [
              131.5,
              32.5
            ],
            [
              131.5,
              32.25
            ]
          ]
        ]
      }
    },
    {
      "type": "Feature",
      "properties": {
        "cell_id": "r206c1241",
        "country": "Japan",
        "row_global": 206,
        "col_global": 1241,
        "longitude": 130.375,
        "latitude": 32.125
      },
      "geometry": {
        "type": "Polygon",
        "coordinates": [
          [
            [
              130.25,
              32.0
            ],
            [
              130.5,
              32.0
            ],
            [
              130.5,
              32.25
            ],
            [
              130.25,
              32.25
            ],
            [
              130.25,
              32.0
            ]
          ]
        ]
      }
    },
    {
      "type": "Feature",
      "properties": {
        "cell_id": "r206c1242",
        "country": "Japan",
        "row_global": 206,
        "col_global": 1242,
        "longitude": 130.625,
        "latitude": 32.125
      },
      "geometry": {
        "type": "Polygon",
        "coordinates": [
          [
            [
              130.5,
              32.0
            ],
            [
              130.75,
              32.0
            ],
            [
              130.75,
              32.25
            ],
            [
              130.5,
              32.25
            ],
            [
              130.5,
              32.0
            ]
          ]
        ]
      }
    },
    {
      "type": "Feature",
      "properties": {
        "cell_id": "r206c1243",
        "country": "Japan",
        "row_global": 206,
        "col_global": 1243,
        "longitude": 130.875,
        "latitude": 32.125
      },
      "geometry": {
        "type": "Polygon",
        "coordinates": [
          [
            [
              130.75,
              32.0
            ],
            [
              131.0,
              32.0
            ],
            [
              131.0,
              32.25
            ],
            [
              130.75,
              32.25
            ],
            [
              130.75,
              32.0
            ]
          ]
        ]
      }
    },
    {
      "type": "Feature",
      "properties": {
        "cell_id": "r206c1244",
        "country": "Japan",
        "row_global": 206,
        "col_global": 1244,
        "longitude": 131.125,
        "latitude": 32.125
      },
      "geometry": {
        "type": "Polygon",
        "coordinates": [
          [
            [
              131.0,
              32.0
            ],
            [
              131.25,
              32.0
            ],
            [
              131.25,
              32.25
            ],
            [
              131.0,
              32.25
            ],
            [
              131.0,
              32.0
            ]
          ]
        ]
      }
    },
    {
      "type": "Feature",
      "properties": {
        "cell_id": "r206c1245",
        "country": "Japan",
        "row_global": 206,
        "col_global": 1245,
        "longitude": 131.375,
        "latitude": 32.125
      },
      "geometry": {
        "type": "Polygon",
        "coordinates": [
          [
            [
              131.25,
              32.0
            ],
            [
              131.5,
              32.0
            ],
            [
              131.5,
              32.25
            ],
            [
              131.25,
              32.25
            ],
            [
              131.25,
              32.0
            ]
          ]
        ]
      }
    },
    {
      "type": "Feature",
      "properties": {
        "cell_id": "r207c1241",
        "country": "Japan",
        "row_global": 207,
        "col_global": 1241,
        "longitude": 130.375,
        "latitude": 31.875
      },
      "geometry": {
        "type": "Polygon",
        "coordinates": [
          [
            [
              130.25,
              31.75
            ],
            [
              130.5,
              31.75
            ],
            [
              130.5,
              32.0
            ],
            [
              130.25,
              32.0
            ],
            [
              130.25,
              31.75
            ]
          ]
        ]
      }
    },
    {
      "type": "Feature",
      "properties": {
        "cell_id": "r207c1242",
        "country": "Japan",
        "row_global": 207,
        "col_global": 1242,
        "longitude": 130.625,
        "latitude": 31.875
      },
      "geometry": {
        "type": "Polygon",
        "coordinates": [
          [
            [
              130.5,
              31.75
            ],
            [
              130.75,
              31.75
            ],
            [
              130.75,
              32.0
            ],
            [
              130.5,
              32.0
            ],
            [
              130.5,
              31.75
            ]
          ]
        ]
      }
    },
    {
      "type": "Feature",
      "properties": {
        "cell_id": "r207c1243",
        "country": "Japan",
        "row_global": 207,
        "col_global": 1243,
        "longitude": 130.875,
        "latitude": 31.875
      },
      "geometry": {
        "type": "Polygon",
        "coordinates": [
          [
            [
              130.75,
              31.75
            ],
            [
              131.0,
              31.75
            ],
            [
              131.0,
              32.0
            ],
            [
              130.75,
              32.0
            ],
            [
              130.75,
              31.75
            ]
          ]
        ]
      }
    },
    {
      "type": "Feature",
      "properties": {
        "cell_id": "r207c1244",
        "country": "Japan",
        "row_global": 207,
        "col_global": 1244,
        "longitude": 131.125,
        "latitude": 31.875
      },
      "geometry": {
        "type": "Polygon",
        "coordinates": [
          [
            [
              131.0,
              31.75
            ],
            [
              131.25,
              31.75
            ],
            [
              131.25,
              32.0
            ],
            [
              131.0,
              32.0
            ],
            [
              131.0,
              31.75
            ]
          ]
        ]
      }
    },
    {
      "type": "Feature",
      "properties": {
        "cell_id": "r207c1245",
        "country": "Japan",
        "row_global": 207,
        "col_global": 1245,
        "longitude": 131.375,
        "latitude": 31.875
      },
      "geometry": {
        "type": "Polygon",
        "coordinates": [
          [
            [
              131.25,
              31.75
            ],
            [
              131.5,
              31.75
            ],
            [
              131.5,
              32.0
            ],
            [
              131.25,
              32.0
            ],
            [
              131.25,
              31.75
            ]
          ]
        ]
      }
    },
    {
      "type": "Feature",
      "properties": {
        "cell_id": "r208c1241",
        "country": "Japan",
        "row_global": 208,
        "col_global": 1241,
        "longitude": 130.375,
        "latitude": 31.625
      },
      "geometry": {
        "type": "Polygon",
        "coordinates": [
          [
            [
              130.25,
              31.5
            ],
            [
              130.5,
              31.5
            ],
            [
              130.5,
              31.75
            ],
            [
              130.25,
              31.75
            ],
            [
              130.25,
              31.5
            ]
          ]
        ]
      }
    },
    {
      "type": "Feature",
      "properties": {
        "cell_id": "r208c1243",
        "country": "Japan",
        "row_global": 208,
        "col_global": 1243,
        "longitude": 130.875,
        "latitude": 31.625
      },
      "geometry": {
        "type": "Polygon",
        "coordinates": [
          [
            [
              130.75,
              31.5
            ],
            [
              131.0,
              31.5
            ],
            [
              131.0,
              31.75
            ],
            [
              130.75,
              31.75
            ],
            [
              130.75,
              31.5
            ]
          ]
        ]
      }
    },
    {
      "type": "Feature",
      "properties": {
        "cell_id": "r208c1244",
        "country": "Japan",
        "row_global": 208,
        "col_global": 1244,
        "longitude": 131.125,
        "latitude": 31.625
      },
      "geometry": {
        "type": "Polygon",
        "coordinates": [
          [
            [
              131.0,
              31.5
            ],
            [
              131.25,
              31.5
            ],
            [
              131.25,
              31.75
            ],
            [
              131.0,
              31.75
            ],
            [
              131.0,
              31.5
            ]
          ]
        ]
      }
    },
    {
      "type": "Feature",
      "properties": {
        "cell_id": "r208c1245",
        "country": "Japan",
        "row_global": 208,
        "col_global": 1245,
        "longitude": 131.375,
        "latitude": 31.625
      },
      "geometry": {
        "type": "Polygon",
        "coordinates": [
          [
            [
              131.25,
              31.5
            ],
            [
              131.5,
              31.5
            ],
            [
              131.5,
              31.75
            ],
            [
              131.25,
              31.75
            ],
            [
              131.25,
              31.5
            ]
          ]
        ]
      }
    },
    {
      "type": "Feature",
      "properties": {
        "cell_id": "r209c1241",
        "country": "Japan",
        "row_global": 209,
        "col_global": 1241,
        "longitude": 130.375,
        "latitude": 31.375
      },
      "geometry": {
        "type": "Polygon",
        "coordinates": [
          [
            [
              130.25,
              31.25
            ],
            [
              130.5,
              31.25
            ],
            [
              130.5,
              31.5
            ],
            [
              130.25,
              31.5
            ],
            [
              130.25,
              31.25
            ]
          ]
        ]
      }
    },
    {
      "type": "Feature",
      "properties": {
        "cell_id": "r209c1243",
        "country": "Japan",
        "row_global": 209,
        "col_global": 1243,
        "longitude": 130.875,
        "latitude": 31.375
      },
      "geometry": {
        "type": "Polygon",
        "coordinates": [
          [
            [
              130.75,
              31.25
            ],
            [
              131.0,
              31.25
            ],
            [
              131.0,
              31.5
            ],
            [
              130.75,
              31.5
            ],
            [
              130.75,
              31.25
            ]
          ]
        ]
      }
    },
    {
      "type": "Feature",
      "properties": {
        "cell_id": "r210c1243",
        "country": "Japan",
        "row_global": 210,
        "col_global": 1243,
        "longitude": 130.875,
        "latitude": 31.125
      },
      "geometry": {
        "type": "Polygon",
        "coordinates": [
          [
            [
              130.75,
              31.0
            ],
            [
              131.0,
              31.0
            ],
            [
              131.0,
              31.25
            ],
            [
              130.75,
              31.25
            ],
            [
              130.75,
              31.0
            ]
          ]
        ]
      }
    },
    {
      "type": "Feature",
      "properties": {
        "cell_id": "r213c1242",
        "country": "Japan",
        "row_global": 213,
        "col_global": 1242,
        "longitude": 130.625,
        "latitude": 30.375
      },
      "geometry": {
        "type": "Polygon",
        "coordinates": [
          [
            [
              130.5,
              30.25
            ],
            [
              130.75,
              30.25
            ],
            [
              130.75,
              30.5
            ],
            [
              130.5,
              30.5
            ],
            [
              130.5,
              30.25
            ]
          ]
        ]
      }
    },
    {
      "type": "Feature",
      "properties": {
        "cell_id": "r213c1243",
        "country": "Japan",
        "row_global": 213,
        "col_global": 1243,
        "longitude": 130.875,
        "latitude": 30.375
      },
      "geometry": {
        "type": "Polygon",
        "coordinates": [
          [
            [
              130.75,
              30.25
            ],
            [
              131.0,
              30.25
            ],
            [
              131.0,
              30.5
            ],
            [
              130.75,
              30.5
            ],
            [
              130.75,
              30.25
            ]
          ]
        ]
      }
    },
    {
      "type": "Feature",
      "properties": {
        "cell_id": "r215c1239",
        "country": "Japan",
        "row_global": 215,
        "col_global": 1239,
        "longitude": 129.875,
        "latitude": 29.875
      },
      "geometry": {
        "type": "Polygon",
        "coordinates": [
          [
            [
              129.75,
              29.75
            ],
            [
              130.0,
              29.75
            ],
            [
              130.0,
              30.0
            ],
            [
              129.75,
              30.0
            ],
            [
              129.75,
              29.75
            ]
          ]
        ]
      }
    },
    {
      "type": "Feature",
      "properties": {
        "cell_id": "r222c1237",
        "country": "Japan",
        "row_global": 222,
        "col_global": 1237,
        "longitude": 129.375,
        "latitude": 28.125
      },
      "geometry": {
        "type": "Polygon",
        "coordinates": [
          [
            [
              129.25,
              28.0
            ],
            [
              129.5,
              28.0
            ],
            [
              129.5,
              28.25
            ],
            [
              129.25,
              28.25
            ],
            [
              129.25,
              28.0
            ]
          ]
        ]
      }
    },
    {
      "type": "Feature",
      "properties": {
        "cell_id": "r228c1232",
        "country": "Japan",
        "row_global": 228,
        "col_global": 1232,
        "longitude": 128.125,
        "latitude": 26.625
      },
      "geometry": {
        "type": "Polygon",
        "coordinates": [
          [
            [
              128.0,
              26.5
            ],
            [
              128.25,
              26.5
            ],
            [
              128.25,
              26.75
            ],
            [
              128.0,
              26.75
            ],
            [
              128.0,
              26.5
            ]
          ]
        ]
      }
    },
    {
      "type": "Feature",
      "properties": {
        "cell_id": "r237c1215",
        "country": "Japan",
        "row_global": 237,
        "col_global": 1215,
        "longitude": 123.875,
        "latitude": 24.375
      },
      "geometry": {
        "type": "Polygon",
        "coordinates": [
          [
            [
              123.75,
              24.25
            ],
            [
              124.0,
              24.25
            ],
            [
              124.0,
              24.5
            ],
            [
              123.75,
              24.5
            ],
            [
              123.75,
              24.25
            ]
          ]
        ]
      }
    },
    {
      "type": "Feature",
      "properties": {
        "cell_id": "r163c1239",
        "country": "North Korea",
        "row_global": 163,
        "col_global": 1239,
        "longitude": 129.875,
        "latitude": 42.875
      },
      "geometry": {
        "type": "Polygon",
        "coordinates": [
          [
            [
              129.75,
              42.75
            ],
            [
              130.0,
              42.75
            ],
            [
              130.0,
              43.0
            ],
            [
              129.75,
              43.0
            ],
            [
              129.75,
              42.75
            ]
          ]
        ]
      }
    },
    {
      "type": "Feature",
      "properties": {
        "cell_id": "r163c1240",
        "country": "North Korea",
        "row_global": 163,
        "col_global": 1240,
        "longitude": 130.125,
        "latitude": 42.875
      },
      "geometry": {
        "type": "Polygon",
        "coordinates": [
          [
            [
              130.0,
              42.75
            ],
            [
              130.25,
              42.75
            ],
            [
              130.25,
              43.0
            ],
            [
              130.0,
              43.0
            ],
            [
              130.0,
              42.75
            ]
          ]
        ]
      }
    },
    {
      "type": "Feature",
      "properties": {
        "cell_id": "r164c1239",
        "country": "North Korea",
        "row_global": 164,
        "col_global": 1239,
        "longitude": 129.875,
        "latitude": 42.625
      },
      "geometry": {
        "type": "Polygon",
        "coordinates": [
          [
            [
              129.75,
              42.5
            ],
            [
              130.0,
              42.5
            ],
            [
              130.0,
              42.75
            ],
            [
              129.75,
              42.75
            ],
            [
              129.75,
              42.5
            ]
          ]
        ]
      }
    },
    {
      "type": "Feature",
      "properties": {
        "cell_id": "r164c1240",
        "country": "North Korea",
        "row_global": 164,
        "col_global": 1240,
        "longitude": 130.125,
        "latitude": 42.625
      },
      "geometry": {
        "type": "Polygon",
        "coordinates": [
          [
            [
              130.0,
              42.5
            ],
            [
              130.25,
              42.5
            ],
            [
              130.25,
              42.75
            ],
            [
              130.0,
              42.75
            ],
            [
              130.0,
              42.5
            ]
          ]
        ]
      }
    },
    {
      "type": "Feature",
      "properties": {
        "cell_id": "r165c1237",
        "country": "North Korea",
        "row_global": 165,
        "col_global": 1237,
        "longitude": 129.375,
        "latitude": 42.375
      },
      "geometry": {
        "type": "Polygon",
        "coordinates": [
          [
            [
              129.25,
              42.25
            ],
            [
              129.5,
              42.25
            ],
            [
              129.5,
              42.5
            ],
            [
              129.25,
              42.5
            ],
            [
              129.25,
              42.25
            ]
          ]
        ]
      }
    },
    {
      "type": "Feature",
      "properties": {
        "cell_id": "r165c1238",
        "country": "North Korea",
        "row_global": 165,
        "col_global": 1238,
        "longitude": 129.625,
        "latitude": 42.375
      },
      "geometry": {
        "type": "Polygon",
        "coordinates": [
          [
            [
              129.5,
              42.25
            ],
            [
              129.75,
              42.25
            ],
            [
              129.75,
              42.5
            ],
            [
              129.5,
              42.5
            ],
            [
              129.5,
              42.25
            ]
          ]
        ]
      }
    },
    {
      "type": "Feature",
      "properties": {
        "cell_id": "r165c1239",
        "country": "North Korea",
        "row_global": 165,
        "col_global": 1239,
        "longitude": 129.875,
        "latitude": 42.375
      },
      "geometry": {
        "type": "Polygon",
        "coordinates": [
          [
            [
              129.75,
              42.25
            ],
            [
              130.0,
              42.25
            ],
            [
              130.0,
              42.5
            ],
            [
              129.75,
              42.5
            ],
            [
              129.75,
              42.25
            ]
          ]
        ]
      }
    },
    {
      "type": "Feature",
      "properties": {
        "cell_id": "r165c1240",
        "country": "North Korea",
        "row_global": 165,
        "col_global": 1240,
        "longitude": 130.125,
        "latitude": 42.375
      },
      "geometry": {
        "type": "Polygon",
        "coordinates": [
          [
            [
              130.0,
              42.25
            ],
            [
              130.25,
              42.25
            ],
            [
              130.25,
              42.5
            ],
            [
              130.0,
              42.5
            ],
            [
              130.0,
              42.25
            ]
          ]
        ]
      }
    },
    {
      "type": "Feature",
      "properties": {
        "cell_id": "r165c1241",
        "country": "North Korea",
        "row_global": 165,
        "col_global": 1241,
        "longitude": 130.375,
        "latitude": 42.375
      },
      "geometry": {
        "type": "Polygon",
        "coordinates": [
          [
            [
              130.25,
              42.25
            ],
            [
              130.5,
              42.25
            ],
            [
              130.5,
              42.5
            ],
            [
              130.25,
              42.5
            ],
            [
              130.25,
              42.25
            ]
          ]
        ]
      }
    },
    {
      "type": "Feature",
      "properties": {
        "cell_id": "r165c1242",
        "country": "North Korea",
        "row_global": 165,
        "col_global": 1242,
        "longitude": 130.625,
        "latitude": 42.375
      },
      "geometry": {
        "type": "Polygon",
        "coordinates": [
          [
            [
              130.5,
              42.25
            ],
            [
              130.75,
              42.25
            ],
            [
              130.75,
              42.5
            ],
            [
              130.5,
              42.5
            ],
            [
              130.5,
              42.25
            ]
          ]
        ]
      }
    },
    {
      "type": "Feature",
      "properties": {
        "cell_id": "r166c1236",
        "country": "North Korea",
        "row_global": 166,
        "col_global": 1236,
        "longitude": 129.125,
        "latitude": 42.125
      },
      "geometry": {
        "type": "Polygon",
        "coordinates": [
          [
            [
              129.0,
              42.0
            ],
            [
              129.25,
              42.0
            ],
            [
              129.25,
              42.25
            ],
            [
              129.0,
              42.25
            ],
            [
              129.0,
              42.0
            ]
          ]
        ]
      }
    },
    {
      "type": "Feature",
      "properties": {
        "cell_id": "r166c1237",
        "country": "North Korea",
        "row_global": 166,
        "col_global": 1237,
        "longitude": 129.375,
        "latitude": 42.125
      },
      "geometry": {
        "type": "Polygon",
        "coordinates": [
          [
            [
              129.25,
              42.0
            ],
            [
              129.5,
              42.0
            ],
            [
              129.5,
              42.25
            ],
            [
              129.25,
              42.25
            ],
            [
              129.25,
              42.0
            ]
          ]
        ]
      }
    },
    {
      "type": "Feature",
      "properties": {
        "cell_id": "r166c1238",
        "country": "North Korea",
        "row_global": 166,
        "col_global": 1238,
        "longitude": 129.625,
        "latitude": 42.125
      },
      "geometry": {
        "type": "Polygon",
        "coordinates": [
          [
            [
              129.5,
              42.0
            ],
            [
              129.75,
              42.0
            ],
            [
              129.75,
              42.25
            ],
            [
              129.5,
              42.25
            ],
            [
              129.5,
              42.0
            ]
          ]
        ]
      }
    },
    {
      "type": "Feature",
      "properties": {
        "cell_id": "r166c1239",
        "country": "North Korea",
        "row_global": 166,
        "col_global": 1239,
        "longitude": 129.875,
        "latitude": 42.125
      },
      "geometry": {
        "type": "Polygon",
        "coordinates": [
          [
            [
              129.75,
              42.0
            ],
            [
              130.0,
              42.0
            ],
            [
              130.0,
              42.25
            ],
            [
              129.75,
              42.25
            ],
            [
              129.75,
              42.0
            ]
          ]
        ]
      }
    },
    {
      "type": "Feature",
      "properties": {
        "cell_id": "r166c1240",
        "country": "North Korea",
        "row_global": 166,
        "col_global": 1240,
        "longitude": 130.125,
        "latitude": 42.125
      },
      "geometry": {
        "type": "Polygon",
        "coordinates": [
          [
            [
              130.0,
              42.0
            ],
            [
              130.25,
              42.0
            ],
            [
              130.25,
              42.25
            ],
            [
              130.0,
              42.25
            ],
            [
              130.0,
              42.0
            ]
          ]
        ]
      }
    },
    {
      "type": "Feature",
      "properties": {
        "cell_id": "r167c1232",
        "country": "North Korea",
        "row_global": 167,
        "col_global": 1232,
        "longitude": 128.125,
        "latitude": 41.875
      },
      "geometry": {
        "type": "Polygon",
        "coordinates": [
          [
            [
              128.0,
              41.75
            ],
            [
              128.25,
              41.75
            ],
            [
              128.25,
              42.0
            ],
            [
              128.0,
              42.0
            ],
            [
              128.0,
              41.75
            ]
          ]
        ]
      }
    },
    {
      "type": "Feature",
      "properties": {
        "cell_id": "r167c1233",
        "country": "North Korea",
        "row_global": 167,
        "col_global": 1233,
        "longitude": 128.375,
        "latitude": 41.875
      },
      "geometry": {
        "type": "Polygon",
        "coordinates": [
          [
            [
              128.25,
              41.75
            ],
            [
              128.5,
              41.75
            ],
            [
              128.5,
              42.0
            ],
            [
              128.25,
              42.0
            ],
            [
              128.25,
              41.75
            ]
          ]
        ]
      }
    },
    {
      "type": "Feature",
      "properties": {
        "cell_id": "r167c1234",
        "country": "North Korea",
        "row_global": 167,
        "col_global": 1234,
        "longitude": 128.625,
        "latitude": 41.875
      },
      "geometry": {
        "type": "Polygon",
        "coordinates": [
          [
            [
              128.5,
              41.75
            ],
            [
              128.75,
              41.75
            ],
            [
              128.75,
              42.0
            ],
            [
              128.5,
              42.0
            ],
            [
              128.5,
              41.75
            ]
          ]
        ]
      }
    },
    {
      "type": "Feature",
      "properties": {
        "cell_id": "r167c1235",
        "country": "North Korea",
        "row_global": 167,
        "col_global": 1235,
        "longitude": 128.875,
        "latitude": 41.875
      },
      "geometry": {
        "type": "Polygon",
        "coordinates": [
          [
            [
              128.75,
              41.75
            ],
            [
              129.0,
              41.75
            ],
            [
              129.0,
              42.0
            ],
            [
              128.75,
              42.0
            ],
            [
              128.75,
              41.75
            ]
          ]
        ]
      }
    },
    {
      "type": "Feature",
      "properties": {
        "cell_id": "r167c1236",
        "country": "North Korea",
        "row_global": 167,
        "col_global": 1236,
        "longitude": 129.125,
        "latitude": 41.875
      },
      "geometry": {
        "type": "Polygon",
        "coordinates": [
          [
            [
              129.0,
              41.75
            ],
            [
              129.25,
              41.75
            ],
            [
              129.25,
              42.0
            ],
            [
              129.0,
              42.0
            ],
            [
              129.0,
              41.75
            ]
          ]
        ]
      }
    },
    {
      "type": "Feature",
      "properties": {
        "cell_id": "r167c1237",
        "country": "North Korea",
        "row_global": 167,
        "col_global": 1237,
        "longitude": 129.375,
        "latitude": 41.875
      },
      "geometry": {
        "type": "Polygon",
        "coordinates": [
          [
            [
              129.25,
              41.75
            ],
            [
              129.5,
              41.75
            ],
            [
              129.5,
              42.0
            ],
            [
              129.25,
              42.0
            ],
            [
              129.25,
              41.75
            ]
          ]
        ]
      }
    },
    {
      "type": "Feature",
      "properties": {
        "cell_id": "r167c1238",
        "country": "North Korea",
        "row_global": 167,
        "col_global": 1238,
        "longitude": 129.625,
        "latitude": 41.875
      },
      "geometry": {
        "type": "Polygon",
        "coordinates": [
          [
            [
              129.5,
              41.75
            ],
            [
              129.75,
              41.75
            ],
            [
              129.75,
              42.0
            ],
            [
              129.5,
              42.0
            ],
            [
              129.5,
              41.75
            ]
          ]
        ]
      }
    },
    {
      "type": "Feature",
      "properties": {
        "cell_id": "r167c1239",
        "country": "North Korea",
        "row_global": 167,
        "col_global": 1239,
        "longitude": 129.875,
        "latitude": 41.875
      },
      "geometry": {
        "type": "Polygon",
        "coordinates": [
          [
            [
              129.75,
              41.75
            ],
            [
              130.0,
              41.75
            ],
            [
              130.0,
              42.0
            ],
            [
              129.75,
              42.0
            ],
            [
              129.75,
              41.75
            ]
          ]
        ]
      }
    },
    {
      "type": "Feature",
      "properties": {
        "cell_id": "r168c1226",
        "country": "North Korea",
        "row_global": 168,
        "col_global": 1226,
        "longitude": 126.625,
        "latitude": 41.625
      },
      "geometry": {
        "type": "Polygon",
        "coordinates": [
          [
            [
              126.5,
              41.5
            ],
            [
              126.75,
              41.5
            ],
            [
              126.75,
              41.75
            ],
            [
              126.5,
              41.75
            ],
            [
              126.5,
              41.5
            ]
          ]
        ]
      }
    },
    {
      "type": "Feature",
      "properties": {
        "cell_id": "r168c1227",
        "country": "North Korea",
        "row_global": 168,
        "col_global": 1227,
        "longitude": 126.875,
        "latitude": 41.625
      },
      "geometry": {
        "type": "Polygon",
        "coordinates": [
          [
            [
              126.75,
              41.5
            ],
            [
              127.0,
              41.5
            ],
            [
              127.0,
              41.75
            ],
            [
              126.75,
              41.75
            ],
            [
              126.75,
              41.5
            ]
          ]
        ]
      }
    },
    {
      "type": "Feature",
      "properties": {
        "cell_id": "r168c1233",
        "country": "North Korea",
        "row_global": 168,
        "col_global": 1233,
        "longitude": 128.375,
        "latitude": 41.625
      },
      "geometry": {
        "type": "Polygon",
        "coordinates": [
          [
            [
              128.25,
              41.5
            ],
            [
              128.5,
              41.5
            ],
            [
              128.5,
              41.75
            ],
            [
              128.25,
              41.75
            ],
            [
              128.25,
              41.5
            ]
          ]
        ]
      }
    },
    {
      "type": "Feature",
      "properties": {
        "cell_id": "r168c1234",
        "country": "North Korea",
        "row_global": 168,
        "col_global": 1234,
        "longitude": 128.625,
        "latitude": 41.625
      },
      "geometry": {
        "type": "Polygon",
        "coordinates": [
          [
            [
              128.5,
              41.5
            ],
            [
              128.75,
              41.5
            ],
            [
              128.75,
              41.75
            ],
            [
              128.5,
              41.75
            ],
            [
              128.5,
              41.5
            ]
          ]
        ]
      }
    },
    {
      "type": "Feature",
      "properties": {
        "cell_id": "r168c1235",
        "country": "North Korea",
        "row_global": 168,
        "col_global": 1235,
        "longitude": 128.875,
        "latitude": 41.625
      },
      "geometry": {
        "type": "Polygon",
        "coordinates": [
          [
            [
              128.75,
              41.5
            ],
            [
              129.0,
              41.5
            ],
            [
              129.0,
              41.75
            ],
            [
              128.75,
              41.75
            ],
            [
              128.75,
              41.5
            ]
          ]
        ]
      }
    },
    {
      "type": "Feature",
      "properties": {
        "cell_id": "r168c1236",
        "country": "North Korea",
        "row_global": 168,
        "col_global": 1236,
        "longitude": 129.125,
        "latitude": 41.625
      },
      "geometry": {
        "type": "Polygon",
        "coordinates": [
          [
            [
              129.0,
              41.5
            ],
            [
              129.25,
              41.5
            ],
            [
              129.25,
              41.75
            ],
            [
              129.0,
              41.75
            ],
            [
              129.0,
              41.5
            ]
          ]
        ]
      }
    },
    {
      "type": "Feature",
      "properties": {
        "cell_id": "r168c1237",
        "country": "North Korea",
        "row_global": 168,
        "col_global": 1237,
        "longitude": 129.375,
        "latitude": 41.625
      },
      "geometry": {
        "type": "Polygon",
        "coordinates": [
          [
            [
              129.25,
              41.5
            ],
            [
              129.5,
              41.5
            ],
            [
              129.5,
              41.75
            ],
            [
              129.25,
              41.75
            ],
            [
              129.25,
              41.5
            ]
          ]
        ]
      }
    },
    {
      "type": "Feature",
      "properties": {
        "cell_id": "r168c1238",
        "country": "North Korea",
        "row_global": 168,
        "col_global": 1238,
        "longitude": 129.625,
        "latitude": 41.625
      },
      "geometry": {
        "type": "Polygon",
        "coordinates": [
          [
            [
              129.5,
              41.5
            ],
            [
              129.75,
              41.5
            ],
            [
              129.75,
              41.75
            ],
            [
              129.5,
              41.75
            ],
            [
              129.5,
              41.5
            ]
          ]
        ]
      }
    },
    {
      "type": "Feature",
      "properties": {
        "cell_id": "r169c1226",
        "country": "North Korea",
        "row_global": 169,
        "col_global": 1226,
        "longitude": 126.625,
        "latitude": 41.375
      },
      "geometry": {
        "type": "Polygon",
        "coordinates": [
          [
            [
              126.5,
              41.25
            ],
            [
              126.75,
              41.25
            ],
            [
              126.75,
              41.5
            ],
            [
              126.5,
              41.5
            ],
            [
              126.5,
              41.25
            ]
          ]
        ]
      }
    },
    {
      "type": "Feature",
      "properties": {
        "cell_id": "r169c1227",
        "country": "North Korea",
        "row_global": 169,
        "col_global": 1227,
        "longitude": 126.875,
        "latitude": 41.375
      },
      "geometry": {
        "type": "Polygon",
        "coordinates": [
          [
            [
              126.75,
              41.25
            ],
            [
              127.0,
              41.25
            ],
            [
              127.0,
              41.5
            ],
            [
              126.75,
              41.5
            ],
            [
              126.75,
              41.25
            ]
          ]
        ]
      }
    },
    {
      "type": "Feature",
      "properties": {
        "cell_id": "r169c1228",
        "country": "North Korea",
        "row_global": 169,
        "col_global": 1228,
        "longitude": 127.125,
        "latitude": 41.375
      },
      "geometry": {
        "type": "Polygon",
        "coordinates": [
          [
            [
              127.0,
              41.25
            ],
            [
              127.25,
              41.25
            ],
            [
              127.25,
              41.5
            ],
            [
              127.0,
              41.5
            ],
            [
              127.0,
              41.25
            ]
          ]
        ]
      }
    },
    {
      "type": "Feature",
      "properties": {
        "cell_id": "r169c1229",
        "country": "North Korea",
        "row_global": 169,
        "col_global": 1229,
        "longitude": 127.375,
        "latitude": 41.375
      },
      "geometry": {
        "type": "Polygon",
        "coordinates": [
          [
            [
              127.25,
              41.25
            ],
            [
              127.5,
              41.25
            ],
            [
              127.5,
              41.5
            ],
            [
              127.25,
              41.5
            ],
            [
              127.25,
              41.25
            ]
          ]
        ]
      }
    },
    {
      "type": "Feature",
      "properties": {
        "cell_id": "r169c1230",
        "country": "North Korea",
        "row_global": 169,
        "col_global": 1230,
        "longitude": 127.625,
        "latitude": 41.375
      },
      "geometry": {
        "type": "Polygon",
        "coordinates": [
          [
            [
              127.5,
              41.25
            ],
            [
              127.75,
              41.25
            ],
            [
              127.75,
              41.5
            ],
            [
              127.5,
              41.5
            ],
            [
              127.5,
              41.25
            ]
          ]
        ]
      }
    },
    {
      "type": "Feature",
      "properties": {
        "cell_id": "r169c1231",
        "country": "North Korea",
        "row_global": 169,
        "col_global": 1231,
        "longitude": 127.875,
        "latitude": 41.375
      },
      "geometry": {
        "type": "Polygon",
        "coordinates": [
          [
            [
              127.75,
              41.25
            ],
            [
              128.0,
              41.25
            ],
            [
              128.0,
              41.5
            ],
            [
              127.75,
              41.5
            ],
            [
              127.75,
              41.25
            ]
          ]
        ]
      }
    },
    {
      "type": "Feature",
      "properties": {
        "cell_id": "r169c1232",
        "country": "North Korea",
        "row_global": 169,
        "col_global": 1232,
        "longitude": 128.125,
        "latitude": 41.375
      },
      "geometry": {
        "type": "Polygon",
        "coordinates": [
          [
            [
              128.0,
              41.25
            ],
            [
              128.25,
              41.25
            ],
            [
              128.25,
              41.5
            ],
            [
              128.0,
              41.5
            ],
            [
              128.0,
              41.25
            ]
          ]
        ]
      }
    },
    {
      "type": "Feature",
      "properties": {
        "cell_id": "r169c1233",
        "country": "North Korea",
        "row_global": 169,
        "col_global": 1233,
        "longitude": 128.375,
        "latitude": 41.375
      },
      "geometry": {
        "type": "Polygon",
        "coordinates": [
          [
            [
              128.25,
              41.25
            ],
            [
              128.5,
              41.25
            ],
            [
              128.5,
              41.5
            ],
            [
              128.25,
              41.5
            ],
            [
              128.25,
              41.25
            ]
          ]
        ]
      }
    },
    {
      "type": "Feature",
      "properties": {
        "cell_id": "r169c1234",
        "country": "North Korea",
        "row_global": 169,
        "col_global": 1234,
        "longitude": 128.625,
        "latitude": 41.375
      },
      "geometry": {
        "type": "Polygon",
        "coordinates": [
          [
            [
              128.5,
              41.25
            ],
            [
              128.75,
              41.25
            ],
            [
              128.75,
              41.5
            ],
            [
              128.5,
              41.5
            ],
            [
              128.5,
              41.25
            ]
          ]
        ]
      }
    },
    {
      "type": "Feature",
      "properties": {
        "cell_id": "r169c1235",
        "country": "North Korea",
        "row_global": 169,
        "col_global": 1235,
        "longitude": 128.875,
        "latitude": 41.375
      },
      "geometry": {
        "type": "Polygon",
        "coordinates": [
          [
            [
              128.75,
              41.25
            ],
            [
              129.0,
              41.25
            ],
            [
              129.0,
              41.5
            ],
            [
              128.75,
              41.5
            ],
            [
              128.75,
              41.25
            ]
          ]
        ]
      }
    },
    {
      "type": "Feature",
      "properties": {
        "cell_id": "r169c1236",
        "country": "North Korea",
        "row_global": 169,
        "col_global": 1236,
        "longitude": 129.125,
        "latitude": 41.375
      },
      "geometry": {
        "type": "Polygon",
        "coordinates": [
          [
            [
              129.0,
              41.25
            ],
            [
              129.25,
              41.25
            ],
            [
              129.25,
              41.5
            ],
            [
              129.0,
              41.5
            ],
            [
              129.0,
              41.25
            ]
          ]
        ]
      }
    },
    {
      "type": "Feature",
      "properties": {
        "cell_id": "r169c1237",
        "country": "North Korea",
        "row_global": 169,
        "col_global": 1237,
        "longitude": 129.375,
        "latitude": 41.375
      },
      "geometry": {
        "type": "Polygon",
        "coordinates": [
          [
            [
              129.25,
              41.25
            ],
            [
              129.5,
              41.25
            ],
            [
              129.5,
              41.5
            ],
            [
              129.25,
              41.5
            ],
            [
              129.25,
              41.25
            ]
          ]
        ]
      }
    },
    {
      "type": "Feature",
      "properties": {
        "cell_id": "r169c1238",
        "country": "North Korea",
        "row_global": 169,
        "col_global": 1238,
        "longitude": 129.625,
        "latitude": 41.375
      },
      "geometry": {
        "type": "Polygon",
        "coordinates": [
          [
            [
              129.5,
              41.25
            ],
            [
              129.75,
              41.25
            ],
            [
              129.75,
              41.5
            ],
            [
              129.5,
              41.5
            ],
            [
              129.5,
              41.25
            ]
          ]
        ]
      }
    },
    {
      "type": "Feature",
      "properties": {
        "cell_id": "r170c1225",
        "country": "North Korea",
        "row_global": 170,
        "col_global": 1225,
        "longitude": 126.375,
        "latitude": 41.125
      },
      "geometry": {
        "type": "Polygon",
        "coordinates": [
          [
            [
              126.25,
              41.0
            ],
            [
              126.5,
              41.0
            ],
            [
              126.5,
              41.25
            ],
            [
              126.25,
              41.25
            ],
            [
              126.25,
              41.0
            ]
          ]
        ]
      }
    },
    {
      "type": "Feature",
      "properties": {
        "cell_id": "r170c1226",
        "country": "North Korea",
        "row_global": 170,
        "col_global": 1226,
        "longitude": 126.625,
        "latitude": 41.125
      },
      "geometry": {
        "type": "Polygon",
        "coordinates": [
          [
            [
              126.5,
              41.0
            ],
            [
              126.75,
              41.0
            ],
            [
              126.75,
              41.25
            ],
            [
              126.5,
              41.25
            ],
            [
              126.5,
              41.0
            ]
          ]
        ]
      }
    },
    {
      "type": "Feature",
      "properties": {
        "cell_id": "r170c1227",
        "country": "North Korea",
        "row_global": 170,
        "col_global": 1227,
        "longitude": 126.875,
        "latitude": 41.125
      },
      "geometry": {
        "type": "Polygon",
        "coordinates": [
          [
            [
              126.75,
              41.0
            ],
            [
              127.0,
              41.0
            ],
            [
              127.0,
              41.25
            ],
            [
              126.75,
              41.25
            ],
            [
              126.75,
              41.0
            ]
          ]
        ]
      }
    },
    {
      "type": "Feature",
      "properties": {
        "cell_id": "r170c1228",
        "country": "North Korea",
        "row_global": 170,
        "col_global": 1228,
        "longitude": 127.125,
        "latitude": 41.125
      },
      "geometry": {
        "type": "Polygon",
        "coordinates": [
          [
            [
              127.0,
              41.0
            ],
            [
              127.25,
              41.0
            ],
            [
              127.25,
              41.25
            ],
            [
              127.0,
              41.25
            ],
            [
              127.0,
              41.0
            ]
          ]
        ]
      }
    },
    {
      "type": "Feature",
      "properties": {
        "cell_id": "r170c1229",
        "country": "North Korea",
        "row_global": 170,
        "col_global": 1229,
        "longitude": 127.375,
        "latitude": 41.125
      },
      "geometry": {
        "type": "Polygon",
        "coordinates": [
          [
            [
              127.25,
              41.0
            ],
            [
              127.5,
              41.0
            ],
            [
              127.5,
              41.25
            ],
            [
              127.25,
              41.25
            ],
            [
              127.25,
              41.0
            ]
          ]
        ]
      }
    },
    {
      "type": "Feature",
      "properties": {
        "cell_id": "r170c1230",
        "country": "North Korea",
        "row_global": 170,
        "col_global": 1230,
        "longitude": 127.625,
        "latitude": 41.125
      },
      "geometry": {
        "type": "Polygon",
        "coordinates": [
          [
            [
              127.5,
              41.0
            ],
            [
              127.75,
              41.0
            ],
            [
              127.75,
              41.25
            ],
            [
              127.5,
              41.25
            ],
            [
              127.5,
              41.0
            ]
          ]
        ]
      }
    },
    {
      "type": "Feature",
      "properties": {
        "cell_id": "r170c1231",
        "country": "North Korea",
        "row_global": 170,
        "col_global": 1231,
        "longitude": 127.875,
        "latitude": 41.125
      },
      "geometry": {
        "type": "Polygon",
        "coordinates": [
          [
            [
              127.75,
              41.0
            ],
            [
              128.0,
              41.0
            ],
            [
              128.0,
              41.25
            ],
            [
              127.75,
              41.25
            ],
            [
              127.75,
              41.0
            ]
          ]
        ]
      }
    },
    {
      "type": "Feature",
      "properties": {
        "cell_id": "r170c1232",
        "country": "North Korea",
        "row_global": 170,
        "col_global": 1232,
        "longitude": 128.125,
        "latitude": 41.125
      },
      "geometry": {
        "type": "Polygon",
        "coordinates": [
          [
            [
              128.0,
              41.0
            ],
            [
              128.25,
              41.0
            ],
            [
              128.25,
              41.25
            ],
            [
              128.0,
              41.25
            ],
            [
              128.0,
              41.0
            ]
          ]
        ]
      }
    },
    {
      "type": "Feature",
      "properties": {
        "cell_id": "r170c1233",
        "country": "North Korea",
        "row_global": 170,
        "col_global": 1233,
        "longitude": 128.375,
        "latitude": 41.125
      },
      "geometry": {
        "type": "Polygon",
        "coordinates": [
          [
            [
              128.25,
              41.0
            ],
            [
              128.5,
              41.0
            ],
            [
              128.5,
              41.25
            ],
            [
              128.25,
              41.25
            ],
            [
              128.25,
              41.0
            ]
          ]
        ]
      }
    },
    {
      "type": "Feature",
      "properties": {
        "cell_id": "r170c1234",
        "country": "North Korea",
        "row_global": 170,
        "col_global": 1234,
        "longitude": 128.625,
        "latitude": 41.125
      },
      "geometry": {
        "type": "Polygon",
        "coordinates": [
          [
            [
              128.5,
              41.0
            ],
            [
              128.75,
              41.0
            ],
            [
              128.75,
              41.25
            ],
            [
              128.5,
              41.25
            ],
            [
              128.5,
              41.0
            ]
          ]
        ]
      }
    },
    {
      "type": "Feature",
      "properties": {
        "cell_id": "r170c1235",
        "country": "North Korea",
        "row_global": 170,
        "col_global": 1235,
        "longitude": 128.875,
        "latitude": 41.125
      },
      "geometry": {
        "type": "Polygon",
        "coordinates": [
          [
            [
              128.75,
              41.0
            ],
            [
              129.0,
              41.0
            ],
            [
              129.0,
              41.25
            ],
            [
              128.75,
              41.25
            ],
            [
              128.75,
              41.0
            ]
          ]
        ]
      }
    },
    {
      "type": "Feature",
      "properties": {
        "cell_id": "r170c1236",
        "country": "North Korea",
        "row_global": 170,
        "col_global": 1236,
        "longitude": 129.125,
        "latitude": 41.125
      },
      "geometry": {
        "type": "Polygon",
        "coordinates": [
          [
            [
              129.0,
              41.0
            ],
            [
              129.25,
              41.0
            ],
            [
              129.25,
              41.25
            ],
            [
              129.0,
              41.25
            ],
            [
              129.0,
              41.0
            ]
          ]
        ]
      }
    },
    {
      "type": "Feature",
      "properties": {
        "cell_id": "r170c1237",
        "country": "North Korea",
        "row_global": 170,
        "col_global": 1237,
        "longitude": 129.375,
        "latitude": 41.125
      },
      "geometry": {
        "type": "Polygon",
        "coordinates": [
          [
            [
              129.25,
              41.0
            ],
            [
              129.5,
              41.0
            ],
            [
              129.5,
              41.25
            ],
            [
              129.25,
              41.25
            ],
            [
              129.25,
              41.0
            ]
          ]
        ]
      }
    },
    {
      "type": "Feature",
      "properties": {
        "cell_id": "r170c1238",
        "country": "North Korea",
        "row_global": 170,
        "col_global": 1238,
        "longitude": 129.625,
        "latitude": 41.125
      },
      "geometry": {
        "type": "Polygon",
        "coordinates": [
          [
            [
              129.5,
              41.0
            ],
            [
              129.75,
              41.0
            ],
            [
              129.75,
              41.25
            ],
            [
              129.5,
              41.25
            ],
            [
              129.5,
              41.0
            ]
          ]
        ]
      }
    },
    {
      "type": "Feature",
      "properties": {
        "cell_id": "r171c1223",
        "country": "North Korea",
        "row_global": 171,
        "col_global": 1223,
        "longitude": 125.875,
        "latitude": 40.875
      },
      "geometry": {
        "type": "Polygon",
        "coordinates": [
          [
            [
              125.75,
              40.75
            ],
            [
              126.0,
              40.75
            ],
            [
              126.0,
              41.0
            ],
            [
              125.75,
              41.0
            ],
            [
              125.75,
              40.75
            ]
          ]
        ]
      }
    },
    {
      "type": "Feature",
      "properties": {
        "cell_id": "r171c1224",
        "country": "North Korea",
        "row_global": 171,
        "col_global": 1224,
        "longitude": 126.125,
        "latitude": 40.875
      },
      "geometry": {
        "type": "Polygon",
        "coordinates": [
          [
            [
              126.0,
              40.75
            ],
            [
              126.25,
              40.75
            ],
            [
              126.25,
              41.0
            ],
            [
              126.0,
              41.0
            ],
            [
              126.0,
              40.75
            ]
          ]
        ]
      }
    },
    {
      "type": "Feature",
      "properties": {
        "cell_id": "r171c1225",
        "country": "North Korea",
        "row_global": 171,
        "col_global": 1225,
        "longitude": 126.375,
        "latitude": 40.875
      },
      "geometry": {
        "type": "Polygon",
        "coordinates": [
          [
            [
              126.25,
              40.75
            ],
            [
              126.5,
              40.75
            ],
            [
              126.5,
              41.0
            ],
            [
              126.25,
              41.0
            ],
            [
              126.25,
              40.75
            ]
          ]
        ]
      }
    },
    {
      "type": "Feature",
      "properties": {
        "cell_id": "r171c1226",
        "country": "North Korea",
        "row_global": 171,
        "col_global": 1226,
        "longitude": 126.625,
        "latitude": 40.875
      },
      "geometry": {
        "type": "Polygon",
        "coordinates": [
          [
            [
              126.5,
              40.75
            ],
            [
              126.75,
              40.75
            ],
            [
              126.75,
              41.0
            ],
            [
              126.5,
              41.0
            ],
            [
              126.5,
              40.75
            ]
          ]
        ]
      }
    },
    {
      "type": "Feature",
      "properties": {
        "cell_id": "r171c1227",
        "country": "North Korea",
        "row_global": 171,
        "col_global": 1227,
        "longitude": 126.875,
        "latitude": 40.875
      },
      "geometry": {
        "type": "Polygon",
        "coordinates": [
          [
            [
              126.75,
              40.75
            ],
            [
              127.0,
              40.75
            ],
            [
              127.0,
              41.0
            ],
            [
              126.75,
              41.0
            ],
            [
              126.75,
              40.75
            ]
          ]
        ]
      }
    },
    {
      "type": "Feature",
      "properties": {
        "cell_id": "r171c1228",
        "country": "North Korea",
        "row_global": 171,
        "col_global": 1228,
        "longitude": 127.125,
        "latitude": 40.875
      },
      "geometry": {
        "type": "Polygon",
        "coordinates": [
          [
            [
              127.0,
              40.75
            ],
            [
              127.25,
              40.75
            ],
            [
              127.25,
              41.0
            ],
            [
              127.0,
              41.0
            ],
            [
              127.0,
              40.75
            ]
          ]
        ]
      }
    },
    {
      "type": "Feature",
      "properties": {
        "cell_id": "r171c1229",
        "country": "North Korea",
        "row_global": 171,
        "col_global": 1229,
        "longitude": 127.375,
        "latitude": 40.875
      },
      "geometry": {
        "type": "Polygon",
        "coordinates": [
          [
            [
              127.25,
              40.75
            ],
            [
              127.5,
              40.75
            ],
            [
              127.5,
              41.0
            ],
            [
              127.25,
              41.0
            ],
            [
              127.25,
              40.75
            ]
          ]
        ]
      }
    },
    {
      "type": "Feature",
      "properties": {
        "cell_id": "r171c1230",
        "country": "North Korea",
        "row_global": 171,
        "col_global": 1230,
        "longitude": 127.625,
        "latitude": 40.875
      },
      "geometry": {
        "type": "Polygon",
        "coordinates": [
          [
            [
              127.5,
              40.75
            ],
            [
              127.75,
              40.75
            ],
            [
              127.75,
              41.0
            ],
            [
              127.5,
              41.0
            ],
            [
              127.5,
              40.75
            ]
          ]
        ]
      }
    },
    {
      "type": "Feature",
      "properties": {
        "cell_id": "r171c1231",
        "country": "North Korea",
        "row_global": 171,
        "col_global": 1231,
        "longitude": 127.875,
        "latitude": 40.875
      },
      "geometry": {
        "type": "Polygon",
        "coordinates": [
          [
            [
              127.75,
              40.75
            ],
            [
              128.0,
              40.75
            ],
            [
              128.0,
              41.0
            ],
            [
              127.75,
              41.0
            ],
            [
              127.75,
              40.75
            ]
          ]
        ]
      }
    },
    {
      "type": "Feature",
      "properties": {
        "cell_id": "r171c1232",
        "country": "North Korea",
        "row_global": 171,
        "col_global": 1232,
        "longitude": 128.125,
        "latitude": 40.875
      },
      "geometry": {
        "type": "Polygon",
        "coordinates": [
          [
            [
              128.0,
              40.75
            ],
            [
              128.25,
              40.75
            ],
            [
              128.25,
              41.0
            ],
            [
              128.0,
              41.0
            ],
            [
              128.0,
              40.75
            ]
          ]
        ]
      }
    },
    {
      "type": "Feature",
      "properties": {
        "cell_id": "r171c1233",
        "country": "North Korea",
        "row_global": 171,
        "col_global": 1233,
        "longitude": 128.375,
        "latitude": 40.875
      },
      "geometry": {
        "type": "Polygon",
        "coordinates": [
          [
            [
              128.25,
              40.75
            ],
            [
              128.5,
              40.75
            ],
            [
              128.5,
              41.0
            ],
            [
              128.25,
              41.0
            ],
            [
              128.25,
              40.75
            ]
          ]
        ]
      }
    },
    {
      "type": "Feature",
      "properties": {
        "cell_id": "r171c1234",
        "country": "North Korea",
        "row_global": 171,
        "col_global": 1234,
        "longitude": 128.625,
        "latitude": 40.875
      },
      "geometry": {
        "type": "Polygon",
        "coordinates": [
          [
            [
              128.5,
              40.75
            ],
            [
              128.75,
              40.75
            ],
            [
              128.75,
              41.0
            ],
            [
              128.5,
              41.0
            ],
            [
              128.5,
              40.75
            ]
          ]
        ]
      }
    },
    {
      "type": "Feature",
      "properties": {
        "cell_id": "r171c1235",
        "country": "North Korea",
        "row_global": 171,
        "col_global": 1235,
        "longitude": 128.875,
        "latitude": 40.875
      },
      "geometry": {
        "type": "Polygon",
        "coordinates": [
          [
            [
              128.75,
              40.75
            ],
            [
              129.0,
              40.75
            ],
            [
              129.0,
              41.0
            ],
            [
              128.75,
              41.0
            ],
            [
              128.75,
              40.75
            ]
          ]
        ]
      }
    },
    {
      "type": "Feature",
      "properties": {
        "cell_id": "r171c1236",
        "country": "North Korea",
        "row_global": 171,
        "col_global": 1236,
        "longitude": 129.125,
        "latitude": 40.875
      },
      "geometry": {
        "type": "Polygon",
        "coordinates": [
          [
            [
              129.0,
              40.75
            ],
            [
              129.25,
              40.75
            ],
            [
              129.25,
              41.0
            ],
            [
              129.0,
              41.0
            ],
            [
              129.0,
              40.75
            ]
          ]
        ]
      }
    },
    {
      "type": "Feature",
      "properties": {
        "cell_id": "r171c1237",
        "country": "North Korea",
        "row_global": 171,
        "col_global": 1237,
        "longitude": 129.375,
        "latitude": 40.875
      },
      "geometry": {
        "type": "Polygon",
        "coordinates": [
          [
            [
              129.25,
              40.75
            ],
            [
              129.5,
              40.75
            ],
            [
              129.5,
              41.0
            ],
            [
              129.25,
              41.0
            ],
            [
              129.25,
              40.75
            ]
          ]
        ]
      }
    },
    {
      "type": "Feature",
      "properties": {
        "cell_id": "r171c1238",
        "country": "North Korea",
        "row_global": 171,
        "col_global": 1238,
        "longitude": 129.625,
        "latitude": 40.875
      },
      "geometry": {
        "type": "Polygon",
        "coordinates": [
          [
            [
              129.5,
              40.75
            ],
            [
              129.75,
              40.75
            ],
            [
              129.75,
              41.0
            ],
            [
              129.5,
              41.0
            ],
            [
              129.5,
              40.75
            ]
          ]
        ]
      }
    },
    {
      "type": "Feature",
      "properties": {
        "cell_id": "r172c1221",
        "country": "North Korea",
        "row_global": 172,
        "col_global": 1221,
        "longitude": 125.375,
        "latitude": 40.625
      },
      "geometry": {
        "type": "Polygon",
        "coordinates": [
          [
            [
              125.25,
              40.5
            ],
            [
              125.5,
              40.5
            ],
            [
              125.5,
              40.75
            ],
            [
              125.25,
              40.75
            ],
            [
              125.25,
              40.5
            ]
          ]
        ]
      }
    },
    {
      "type": "Feature",
      "properties": {
        "cell_id": "r172c1222",
        "country": "North Korea",
        "row_global": 172,
        "col_global": 1222,
        "longitude": 125.625,
        "latitude": 40.625
      },
      "geometry": {
        "type": "Polygon",
        "coordinates": [
          [
            [
              125.5,
              40.5
            ],
            [
              125.75,
              40.5
            ],
            [
              125.75,
              40.75
            ],
            [
              125.5,
              40.75
            ],
            [
              125.5,
              40.5
            ]
          ]
        ]
      }
    },
    {
      "type": "Feature",
      "properties": {
        "cell_id": "r172c1223",
        "country": "North Korea",
        "row_global": 172,
        "col_global": 1223,
        "longitude": 125.875,
        "latitude": 40.625
      },
      "geometry": {
        "type": "Polygon",
        "coordinates": [
          [
            [
              125.75,
              40.5
            ],
            [
              126.0,
              40.5
            ],
            [
              126.0,
              40.75
            ],
            [
              125.75,
              40.75
            ],
            [
              125.75,
              40.5
            ]
          ]
        ]
      }
    },
    {
      "type": "Feature",
      "properties": {
        "cell_id": "r172c1224",
        "country": "North Korea",
        "row_global": 172,
        "col_global": 1224,
        "longitude": 126.125,
        "latitude": 40.625
      },
      "geometry": {
        "type": "Polygon",
        "coordinates": [
          [
            [
              126.0,
              40.5
            ],
            [
              126.25,
              40.5
            ],
            [
              126.25,
              40.75
            ],
            [
              126.0,
              40.75
            ],
            [
              126.0,
              40.5
            ]
          ]
        ]
      }
    },
    {
      "type": "Feature",
      "properties": {
        "cell_id": "r172c1225",
        "country": "North Korea",
        "row_global": 172,
        "col_global": 1225,
        "longitude": 126.375,
        "latitude": 40.625
      },
      "geometry": {
        "type": "Polygon",
        "coordinates": [
          [
            [
              126.25,
              40.5
            ],
            [
              126.5,
              40.5
            ],
            [
              126.5,
              40.75
            ],
            [
              126.25,
              40.75
            ],
            [
              126.25,
              40.5
            ]
          ]
        ]
      }
    },
    {
      "type": "Feature",
      "properties": {
        "cell_id": "r172c1226",
        "country": "North Korea",
        "row_global": 172,
        "col_global": 1226,
        "longitude": 126.625,
        "latitude": 40.625
      },
      "geometry": {
        "type": "Polygon",
        "coordinates": [
          [
            [
              126.5,
              40.5
            ],
            [
              126.75,
              40.5
            ],
            [
              126.75,
              40.75
            ],
            [
              126.5,
              40.75
            ],
            [
              126.5,
              40.5
            ]
          ]
        ]
      }
    },
    {
      "type": "Feature",
      "properties": {
        "cell_id": "r172c1227",
        "country": "North Korea",
        "row_global": 172,
        "col_global": 1227,
        "longitude": 126.875,
        "latitude": 40.625
      },
      "geometry": {
        "type": "Polygon",
        "coordinates": [
          [
            [
              126.75,
              40.5
            ],
            [
              127.0,
              40.5
            ],
            [
              127.0,
              40.75
            ],
            [
              126.75,
              40.75
            ],
            [
              126.75,
              40.5
            ]
          ]
        ]
      }
    },
    {
      "type": "Feature",
      "properties": {
        "cell_id": "r172c1228",
        "country": "North Korea",
        "row_global": 172,
        "col_global": 1228,
        "longitude": 127.125,
        "latitude": 40.625
      },
      "geometry": {
        "type": "Polygon",
        "coordinates": [
          [
            [
              127.0,
              40.5
            ],
            [
              127.25,
              40.5
            ],
            [
              127.25,
              40.75
            ],
            [
              127.0,
              40.75
            ],
            [
              127.0,
              40.5
            ]
          ]
        ]
      }
    },
    {
      "type": "Feature",
      "properties": {
        "cell_id": "r172c1229",
        "country": "North Korea",
        "row_global": 172,
        "col_global": 1229,
        "longitude": 127.375,
        "latitude": 40.625
      },
      "geometry": {
        "type": "Polygon",
        "coordinates": [
          [
            [
              127.25,
              40.5
            ],
            [
              127.5,
              40.5
            ],
            [
              127.5,
              40.75
            ],
            [
              127.25,
              40.75
            ],
            [
              127.25,
              40.5
            ]
          ]
        ]
      }
    },
    {
      "type": "Feature",
      "properties": {
        "cell_id": "r172c1230",
        "country": "North Korea",
        "row_global": 172,
        "col_global": 1230,
        "longitude": 127.625,
        "latitude": 40.625
      },
      "geometry": {
        "type": "Polygon",
        "coordinates": [
          [
            [
              127.5,
              40.5
            ],
            [
              127.75,
              40.5
            ],
            [
              127.75,
              40.75
            ],
            [
              127.5,
              40.75
            ],
            [
              127.5,
              40.5
            ]
          ]
        ]
      }
    },
    {
      "type": "Feature",
      "properties": {
        "cell_id": "r172c1231",
        "country": "North Korea",
        "row_global": 172,
        "col_global": 1231,
        "longitude": 127.875,
        "latitude": 40.625
      },
      "geometry": {
        "type": "Polygon",
        "coordinates": [
          [
            [
              127.75,
              40.5
            ],
            [
              128.0,
              40.5
            ],
            [
              128.0,
              40.75
            ],
            [
              127.75,
              40.75
            ],
            [
              127.75,
              40.5
            ]
          ]
        ]
      }
    },
    {
      "type": "Feature",
      "properties": {
        "cell_id": "r172c1232",
        "country": "North Korea",
        "row_global": 172,
        "col_global": 1232,
        "longitude": 128.125,
        "latitude": 40.625
      },
      "geometry": {
        "type": "Polygon",
        "coordinates": [
          [
            [
              128.0,
              40.5
            ],
            [
              128.25,
              40.5
            ],
            [
              128.25,
              40.75
            ],
            [
              128.0,
              40.75
            ],
            [
              128.0,
              40.5
            ]
          ]
        ]
      }
    },
    {
      "type": "Feature",
      "properties": {
        "cell_id": "r172c1233",
        "country": "North Korea",
        "row_global": 172,
        "col_global": 1233,
        "longitude": 128.375,
        "latitude": 40.625
      },
      "geometry": {
        "type": "Polygon",
        "coordinates": [
          [
            [
              128.25,
              40.5
            ],
            [
              128.5,
              40.5
            ],
            [
              128.5,
              40.75
            ],
            [
              128.25,
              40.75
            ],
            [
              128.25,
              40.5
            ]
          ]
        ]
      }
    },
    {
      "type": "Feature",
      "properties": {
        "cell_id": "r172c1234",
        "country": "North Korea",
        "row_global": 172,
        "col_global": 1234,
        "longitude": 128.625,
        "latitude": 40.625
      },
      "geometry": {
        "type": "Polygon",
        "coordinates": [
          [
            [
              128.5,
              40.5
            ],
            [
              128.75,
              40.5
            ],
            [
              128.75,
              40.75
            ],
            [
              128.5,
              40.75
            ],
            [
              128.5,
              40.5
            ]
          ]
        ]
      }
    },
    {
      "type": "Feature",
      "properties": {
        "cell_id": "r172c1235",
        "country": "North Korea",
        "row_global": 172,
        "col_global": 1235,
        "longitude": 128.875,
        "latitude": 40.625
      },
      "geometry": {
        "type": "Polygon",
        "coordinates": [
          [
            [
              128.75,
              40.5
            ],
            [
              129.0,
              40.5
            ],
            [
              129.0,
              40.75
            ],
            [
              128.75,
              40.75
            ],
            [
              128.75,
              40.5
            ]
          ]
        ]
      }
    },
    {
      "type": "Feature",
      "properties": {
        "cell_id": "r172c1236",
        "country": "North Korea",
        "row_global": 172,
        "col_global": 1236,
        "longitude": 129.125,
        "latitude": 40.625
      },
      "geometry": {
        "type": "Polygon",
        "coordinates": [
          [
            [
              129.0,
              40.5
            ],
            [
              129.25,
              40.5
            ],
            [
              129.25,
              40.75
            ],
            [
              129.0,
              40.75
            ],
            [
              129.0,
              40.5
            ]
          ]
        ]
      }
    },
    {
      "type": "Feature",
      "properties": {
        "cell_id": "r173c1219",
        "country": "North Korea",
        "row_global": 173,
        "col_global": 1219,
        "longitude": 124.875,
        "latitude": 40.375
      },
      "geometry": {
        "type": "Polygon",
        "coordinates": [
          [
            [
              124.75,
              40.25
            ],
            [
              125.0,
              40.25
            ],
            [
              125.0,
              40.5
            ],
            [
              124.75,
              40.5
            ],
            [
              124.75,
              40.25
            ]
          ]
        ]
      }
    },
    {
      "type": "Feature",
      "properties": {
        "cell_id": "r173c1220",
        "country": "North Korea",
        "row_global": 173,
        "col_global": 1220,
        "longitude": 125.125,
        "latitude": 40.375
      },
      "geometry": {
        "type": "Polygon",
        "coordinates": [
          [
            [
              125.0,
              40.25
            ],
            [
              125.25,
              40.25
            ],
            [
              125.25,
              40.5
            ],
            [
              125.0,
              40.5
            ],
            [
              125.0,
              40.25
            ]
          ]
        ]
      }
    },
    {
      "type": "Feature",
      "properties": {
        "cell_id": "r173c1221",
        "country": "North Korea",
        "row_global": 173,
        "col_global": 1221,
        "longitude": 125.375,
        "latitude": 40.375
      },
      "geometry": {
        "type": "Polygon",
        "coordinates": [
          [
            [
              125.25,
              40.25
            ],
            [
              125.5,
              40.25
            ],
            [
              125.5,
              40.5
            ],
            [
              125.25,
              40.5
            ],
            [
              125.25,
              40.25
            ]
          ]
        ]
      }
    },
    {
      "type": "Feature",
      "properties": {
        "cell_id": "r173c1222",
        "country": "North Korea",
        "row_global": 173,
        "col_global": 1222,
        "longitude": 125.625,
        "latitude": 40.375
      },
      "geometry": {
        "type": "Polygon",
        "coordinates": [
          [
            [
              125.5,
              40.25
            ],
            [
              125.75,
              40.25
            ],
            [
              125.75,
              40.5
            ],
            [
              125.5,
              40.5
            ],
            [
              125.5,
              40.25
            ]
          ]
        ]
      }
    },
    {
      "type": "Feature",
      "properties": {
        "cell_id": "r173c1223",
        "country": "North Korea",
        "row_global": 173,
        "col_global": 1223,
        "longitude": 125.875,
        "latitude": 40.375
      },
      "geometry": {
        "type": "Polygon",
        "coordinates": [
          [
            [
              125.75,
              40.25
            ],
            [
              126.0,
              40.25
            ],
            [
              126.0,
              40.5
            ],
            [
              125.75,
              40.5
            ],
            [
              125.75,
              40.25
            ]
          ]
        ]
      }
    },
    {
      "type": "Feature",
      "properties": {
        "cell_id": "r173c1224",
        "country": "North Korea",
        "row_global": 173,
        "col_global": 1224,
        "longitude": 126.125,
        "latitude": 40.375
      },
      "geometry": {
        "type": "Polygon",
        "coordinates": [
          [
            [
              126.0,
              40.25
            ],
            [
              126.25,
              40.25
            ],
            [
              126.25,
              40.5
            ],
            [
              126.0,
              40.5
            ],
            [
              126.0,
              40.25
            ]
          ]
        ]
      }
    },
    {
      "type": "Feature",
      "properties": {
        "cell_id": "r173c1225",
        "country": "North Korea",
        "row_global": 173,
        "col_global": 1225,
        "longitude": 126.375,
        "latitude": 40.375
      },
      "geometry": {
        "type": "Polygon",
        "coordinates": [
          [
            [
              126.25,
              40.25
            ],
            [
              126.5,
              40.25
            ],
            [
              126.5,
              40.5
            ],
            [
              126.25,
              40.5
            ],
            [
              126.25,
              40.25
            ]
          ]
        ]
      }
    },
    {
      "type": "Feature",
      "properties": {
        "cell_id": "r173c1226",
        "country": "North Korea",
        "row_global": 173,
        "col_global": 1226,
        "longitude": 126.625,
        "latitude": 40.375
      },
      "geometry": {
        "type": "Polygon",
        "coordinates": [
          [
            [
              126.5,
              40.25
            ],
            [
              126.75,
              40.25
            ],
            [
              126.75,
              40.5
            ],
            [
              126.5,
              40.5
            ],
            [
              126.5,
              40.25
            ]
          ]
        ]
      }
    },
    {
      "type": "Feature",
      "properties": {
        "cell_id": "r173c1227",
        "country": "North Korea",
        "row_global": 173,
        "col_global": 1227,
        "longitude": 126.875,
        "latitude": 40.375
      },
      "geometry": {
        "type": "Polygon",
        "coordinates": [
          [
            [
              126.75,
              40.25
            ],
            [
              127.0,
              40.25
            ],
            [
              127.0,
              40.5
            ],
            [
              126.75,
              40.5
            ],
            [
              126.75,
              40.25
            ]
          ]
        ]
      }
    },
    {
      "type": "Feature",
      "properties": {
        "cell_id": "r173c1228",
        "country": "North Korea",
        "row_global": 173,
        "col_global": 1228,
        "longitude": 127.125,
        "latitude": 40.375
      },
      "geometry": {
        "type": "Polygon",
        "coordinates": [
          [
            [
              127.0,
              40.25
            ],
            [
              127.25,
              40.25
            ],
            [
              127.25,
              40.5
            ],
            [
              127.0,
              40.5
            ],
            [
              127.0,
              40.25
            ]
          ]
        ]
      }
    },
    {
      "type": "Feature",
      "properties": {
        "cell_id": "r173c1229",
        "country": "North Korea",
        "row_global": 173,
        "col_global": 1229,
        "longitude": 127.375,
        "latitude": 40.375
      },
      "geometry": {
        "type": "Polygon",
        "coordinates": [
          [
            [
              127.25,
              40.25
            ],
            [
              127.5,
              40.25
            ],
            [
              127.5,
              40.5
            ],
            [
              127.25,
              40.5
            ],
            [
              127.25,
              40.25
            ]
          ]
        ]
      }
    },
    {
      "type": "Feature",
      "properties": {
        "cell_id": "r173c1230",
        "country": "North Korea",
        "row_global": 173,
        "col_global": 1230,
        "longitude": 127.625,
        "latitude": 40.375
      },
      "geometry": {
        "type": "Polygon",
        "coordinates": [
          [
            [
              127.5,
              40.25
            ],
            [
              127.75,
              40.25
            ],
            [
              127.75,
              40.5
            ],
            [
              127.5,
              40.5
            ],
            [
              127.5,
              40.25
            ]
          ]
        ]
      }
    },
    {
      "type": "Feature",
      "properties": {
        "cell_id": "r173c1231",
        "country": "North Korea",
        "row_global": 173,
        "col_global": 1231,
        "longitude": 127.875,
        "latitude": 40.375
      },
      "geometry": {
        "type": "Polygon",
        "coordinates": [
          [
            [
              127.75,
              40.25
            ],
            [
              128.0,
              40.25
            ],
            [
              128.0,
              40.5
            ],
            [
              127.75,
              40.5
            ],
            [
              127.75,
              40.25
            ]
          ]
        ]
      }
    },
    {
      "type": "Feature",
      "properties": {
        "cell_id": "r173c1232",
        "country": "North Korea",
        "row_global": 173,
        "col_global": 1232,
        "longitude": 128.125,
        "latitude": 40.375
      },
      "geometry": {
        "type": "Polygon",
        "coordinates": [
          [
            [
              128.0,
              40.25
            ],
            [
              128.25,
              40.25
            ],
            [
              128.25,
              40.5
            ],
            [
              128.0,
              40.5
            ],
            [
              128.0,
              40.25
            ]
          ]
        ]
      }
    },
    {
      "type": "Feature",
      "properties": {
        "cell_id": "r173c1233",
        "country": "North Korea",
        "row_global": 173,
        "col_global": 1233,
        "longitude": 128.375,
        "latitude": 40.375
      },
      "geometry": {
        "type": "Polygon",
        "coordinates": [
          [
            [
              128.25,
              40.25
            ],
            [
              128.5,
              40.25
            ],
            [
              128.5,
              40.5
            ],
            [
              128.25,
              40.5
            ],
            [
              128.25,
              40.25
            ]
          ]
        ]
      }
    },
    {
      "type": "Feature",
      "properties": {
        "cell_id": "r173c1234",
        "country": "North Korea",
        "row_global": 173,
        "col_global": 1234,
        "longitude": 128.625,
        "latitude": 40.375
      },
      "geometry": {
        "type": "Polygon",
        "coordinates": [
          [
            [
              128.5,
              40.25
            ],
            [
              128.75,
              40.25
            ],
            [
              128.75,
              40.5
            ],
            [
              128.5,
              40.5
            ],
            [
              128.5,
              40.25
            ]
          ]
        ]
      }
    },
    {
      "type": "Feature",
      "properties": {
        "cell_id": "r174c1218",
        "country": "North Korea",
        "row_global": 174,
        "col_global": 1218,
        "longitude": 124.625,
        "latitude": 40.125
      },
      "geometry": {
        "type": "Polygon",
        "coordinates": [
          [
            [
              124.5,
              40.0
            ],
            [
              124.75,
              40.0
            ],
            [
              124.75,
              40.25
            ],
            [
              124.5,
              40.25
            ],
            [
              124.5,
              40.0
            ]
          ]
        ]
      }
    },
    {
      "type": "Feature",
      "properties": {
        "cell_id": "r174c1219",
        "country": "North Korea",
        "row_global": 174,
        "col_global": 1219,
        "longitude": 124.875,
        "latitude": 40.125
      },
      "geometry": {
        "type": "Polygon",
        "coordinates": [
          [
            [
              124.75,
              40.0
            ],
            [
              125.0,
              40.0
            ],
            [
              125.0,
              40.25
            ],
            [
              124.75,
              40.25
            ],
            [
              124.75,
              40.0
            ]
          ]
        ]
      }
    },
    {
      "type": "Feature",
      "properties": {
        "cell_id": "r174c1220",
        "country": "North Korea",
        "row_global": 174,
        "col_global": 1220,
        "longitude": 125.125,
        "latitude": 40.125
      },
      "geometry": {
        "type": "Polygon",
        "coordinates": [
          [
            [
              125.0,
              40.0
            ],
            [
              125.25,
              40.0
            ],
            [
              125.25,
              40.25
            ],
            [
              125.0,
              40.25
            ],
            [
              125.0,
              40.0
            ]
          ]
        ]
      }
    },
    {
      "type": "Feature",
      "properties": {
        "cell_id": "r174c1221",
        "country": "North Korea",
        "row_global": 174,
        "col_global": 1221,
        "longitude": 125.375,
        "latitude": 40.125
      },
      "geometry": {
        "type": "Polygon",
        "coordinates": [
          [
            [
              125.25,
              40.0
            ],
            [
              125.5,
              40.0
            ],
            [
              125.5,
              40.25
            ],
            [
              125.25,
              40.25
            ],
            [
              125.25,
              40.0
            ]
          ]
        ]
      }
    },
    {
      "type": "Feature",
      "properties": {
        "cell_id": "r174c1222",
        "country": "North Korea",
        "row_global": 174,
        "col_global": 1222,
        "longitude": 125.625,
        "latitude": 40.125
      },
      "geometry": {
        "type": "Polygon",
        "coordinates": [
          [
            [
              125.5,
              40.0
            ],
            [
              125.75,
              40.0
            ],
            [
              125.75,
              40.25
            ],
            [
              125.5,
              40.25
            ],
            [
              125.5,
              40.0
            ]
          ]
        ]
      }
    },
    {
      "type": "Feature",
      "properties": {
        "cell_id": "r174c1223",
        "country": "North Korea",
        "row_global": 174,
        "col_global": 1223,
        "longitude": 125.875,
        "latitude": 40.125
      },
      "geometry": {
        "type": "Polygon",
        "coordinates": [
          [
            [
              125.75,
              40.0
            ],
            [
              126.0,
              40.0
            ],
            [
              126.0,
              40.25
            ],
            [
              125.75,
              40.25
            ],
            [
              125.75,
              40.0
            ]
          ]
        ]
      }
    },
    {
      "type": "Feature",
      "properties": {
        "cell_id": "r174c1224",
        "country": "North Korea",
        "row_global": 174,
        "col_global": 1224,
        "longitude": 126.125,
        "latitude": 40.125
      },
      "geometry": {
        "type": "Polygon",
        "coordinates": [
          [
            [
              126.0,
              40.0
            ],
            [
              126.25,
              40.0
            ],
            [
              126.25,
              40.25
            ],
            [
              126.0,
              40.25
            ],
            [
              126.0,
              40.0
            ]
          ]
        ]
      }
    },
    {
      "type": "Feature",
      "properties": {
        "cell_id": "r174c1225",
        "country": "North Korea",
        "row_global": 174,
        "col_global": 1225,
        "longitude": 126.375,
        "latitude": 40.125
      },
      "geometry": {
        "type": "Polygon",
        "coordinates": [
          [
            [
              126.25,
              40.0
            ],
            [
              126.5,
              40.0
            ],
            [
              126.5,
              40.25
            ],
            [
              126.25,
              40.25
            ],
            [
              126.25,
              40.0
            ]
          ]
        ]
      }
    },
    {
      "type": "Feature",
      "properties": {
        "cell_id": "r174c1226",
        "country": "North Korea",
        "row_global": 174,
        "col_global": 1226,
        "longitude": 126.625,
        "latitude": 40.125
      },
      "geometry": {
        "type": "Polygon",
        "coordinates": [
          [
            [
              126.5,
              40.0
            ],
            [
              126.75,
              40.0
            ],
            [
              126.75,
              40.25
            ],
            [
              126.5,
              40.25
            ],
            [
              126.5,
              40.0
            ]
          ]
        ]
      }
    },
    {
      "type": "Feature",
      "properties": {
        "cell_id": "r174c1227",
        "country": "North Korea",
        "row_global": 174,
        "col_global": 1227,
        "longitude": 126.875,
        "latitude": 40.125
      },
      "geometry": {
        "type": "Polygon",
        "coordinates": [
          [
            [
              126.75,
              40.0
            ],
            [
              127.0,
              40.0
            ],
            [
              127.0,
              40.25
            ],
            [
              126.75,
              40.25
            ],
            [
              126.75,
              40.0
            ]
          ]
        ]
      }
    },
    {
      "type": "Feature",
      "properties": {
        "cell_id": "r174c1228",
        "country": "North Korea",
        "row_global": 174,
        "col_global": 1228,
        "longitude": 127.125,
        "latitude": 40.125
      },
      "geometry": {
        "type": "Polygon",
        "coordinates": [
          [
            [
              127.0,
              40.0
            ],
            [
              127.25,
              40.0
            ],
            [
              127.25,
              40.25
            ],
            [
              127.0,
              40.25
            ],
            [
              127.0,
              40.0
            ]
          ]
        ]
      }
    },
    {
      "type": "Feature",
      "properties": {
        "cell_id": "r174c1229",
        "country": "North Korea",
        "row_global": 174,
        "col_global": 1229,
        "longitude": 127.375,
        "latitude": 40.125
      },
      "geometry": {
        "type": "Polygon",
        "coordinates": [
          [
            [
              127.25,
              40.0
            ],
            [
              127.5,
              40.0
            ],
            [
              127.5,
              40.25
            ],
            [
              127.25,
              40.25
            ],
            [
              127.25,
              40.0
            ]
          ]
        ]
      }
    },
    {
      "type": "Feature",
      "properties": {
        "cell_id": "r174c1230",
        "country": "North Korea",
        "row_global": 174,
        "col_global": 1230,
        "longitude": 127.625,
        "latitude": 40.125
      },
      "geometry": {
        "type": "Polygon",
        "coordinates": [
          [
            [
              127.5,
              40.0
            ],
            [
              127.75,
              40.0
            ],
            [
              127.75,
              40.25
            ],
            [
              127.5,
              40.25
            ],
            [
              127.5,
              40.0
            ]
          ]
        ]
      }
    },
    {
      "type": "Feature",
      "properties": {
        "cell_id": "r174c1231",
        "country": "North Korea",
        "row_global": 174,
        "col_global": 1231,
        "longitude": 127.875,
        "latitude": 40.125
      },
      "geometry": {
        "type": "Polygon",
        "coordinates": [
          [
            [
              127.75,
              40.0
            ],
            [
              128.0,
              40.0
            ],
            [
              128.0,
              40.25
            ],
            [
              127.75,
              40.25
            ],
            [
              127.75,
              40.0
            ]
          ]
        ]
      }
    },
    {
      "type": "Feature",
      "properties": {
        "cell_id": "r174c1232",
        "country": "North Korea",
        "row_global": 174,
        "col_global": 1232,
        "longitude": 128.125,
        "latitude": 40.125
      },
      "geometry": {
        "type": "Polygon",
        "coordinates": [
          [
            [
              128.0,
              40.0
            ],
            [
              128.25,
              40.0
            ],
            [
              128.25,
              40.25
            ],
            [
              128.0,
              40.25
            ],
            [
              128.0,
              40.0
            ]
          ]
        ]
      }
    },
    {
      "type": "Feature",
      "properties": {
        "cell_id": "r174c1233",
        "country": "North Korea",
        "row_global": 174,
        "col_global": 1233,
        "longitude": 128.375,
        "latitude": 40.125
      },
      "geometry": {
        "type": "Polygon",
        "coordinates": [
          [
            [
              128.25,
              40.0
            ],
            [
              128.5,
              40.0
            ],
            [
              128.5,
              40.25
            ],
            [
              128.25,
              40.25
            ],
            [
              128.25,
              40.0
            ]
          ]
        ]
      }
    },
    {
      "type": "Feature",
      "properties": {
        "cell_id": "r175c1217",
        "country": "North Korea",
        "row_global": 175,
        "col_global": 1217,
        "longitude": 124.375,
        "latitude": 39.875
      },
      "geometry": {
        "type": "Polygon",
        "coordinates": [
          [
            [
              124.25,
              39.75
            ],
            [
              124.5,
              39.75
            ],
            [
              124.5,
              40.0
            ],
            [
              124.25,
              40.0
            ],
            [
              124.25,
              39.75
            ]
          ]
        ]
      }
    },
    {
      "type": "Feature",
      "properties": {
        "cell_id": "r175c1218",
        "country": "North Korea",
        "row_global": 175,
        "col_global": 1218,
        "longitude": 124.625,
        "latitude": 39.875
      },
      "geometry": {
        "type": "Polygon",
        "coordinates": [
          [
            [
              124.5,
              39.75
            ],
            [
              124.75,
              39.75
            ],
            [
              124.75,
              40.0
            ],
            [
              124.5,
              40.0
            ],
            [
              124.5,
              39.75
            ]
          ]
        ]
      }
    },
    {
      "type": "Feature",
      "properties": {
        "cell_id": "r175c1219",
        "country": "North Korea",
        "row_global": 175,
        "col_global": 1219,
        "longitude": 124.875,
        "latitude": 39.875
      },
      "geometry": {
        "type": "Polygon",
        "coordinates": [
          [
            [
              124.75,
              39.75
            ],
            [
              125.0,
              39.75
            ],
            [
              125.0,
              40.0
            ],
            [
              124.75,
              40.0
            ],
            [
              124.75,
              39.75
            ]
          ]
        ]
      }
    },
    {
      "type": "Feature",
      "properties": {
        "cell_id": "r175c1220",
        "country": "North Korea",
        "row_global": 175,
        "col_global": 1220,
        "longitude": 125.125,
        "latitude": 39.875
      },
      "geometry": {
        "type": "Polygon",
        "coordinates": [
          [
            [
              125.0,
              39.75
            ],
            [
              125.25,
              39.75
            ],
            [
              125.25,
              40.0
            ],
            [
              125.0,
              40.0
            ],
            [
              125.0,
              39.75
            ]
          ]
        ]
      }
    },
    {
      "type": "Feature",
      "properties": {
        "cell_id": "r175c1221",
        "country": "North Korea",
        "row_global": 175,
        "col_global": 1221,
        "longitude": 125.375,
        "latitude": 39.875
      },
      "geometry": {
        "type": "Polygon",
        "coordinates": [
          [
            [
              125.25,
              39.75
            ],
            [
              125.5,
              39.75
            ],
            [
              125.5,
              40.0
            ],
            [
              125.25,
              40.0
            ],
            [
              125.25,
              39.75
            ]
          ]
        ]
      }
    },
    {
      "type": "Feature",
      "properties": {
        "cell_id": "r175c1222",
        "country": "North Korea",
        "row_global": 175,
        "col_global": 1222,
        "longitude": 125.625,
        "latitude": 39.875
      },
      "geometry": {
        "type": "Polygon",
        "coordinates": [
          [
            [
              125.5,
              39.75
            ],
            [
              125.75,
              39.75
            ],
            [
              125.75,
              40.0
            ],
            [
              125.5,
              40.0
            ],
            [
              125.5,
              39.75
            ]
          ]
        ]
      }
    },
    {
      "type": "Feature",
      "properties": {
        "cell_id": "r175c1223",
        "country": "North Korea",
        "row_global": 175,
        "col_global": 1223,
        "longitude": 125.875,
        "latitude": 39.875
      },
      "geometry": {
        "type": "Polygon",
        "coordinates": [
          [
            [
              125.75,
              39.75
            ],
            [
              126.0,
              39.75
            ],
            [
              126.0,
              40.0
            ],
            [
              125.75,
              40.0
            ],
            [
              125.75,
              39.75
            ]
          ]
        ]
      }
    },
    {
      "type": "Feature",
      "properties": {
        "cell_id": "r175c1224",
        "country": "North Korea",
        "row_global": 175,
        "col_global": 1224,
        "longitude": 126.125,
        "latitude": 39.875
      },
      "geometry": {
        "type": "Polygon",
        "coordinates": [
          [
            [
              126.0,
              39.75
            ],
            [
              126.25,
              39.75
            ],
            [
              126.25,
              40.0
            ],
            [
              126.0,
              40.0
            ],
            [
              126.0,
              39.75
            ]
          ]
        ]
      }
    },
    {
      "type": "Feature",
      "properties": {
        "cell_id": "r175c1225",
        "country": "North Korea",
        "row_global": 175,
        "col_global": 1225,
        "longitude": 126.375,
        "latitude": 39.875
      },
      "geometry": {
        "type": "Polygon",
        "coordinates": [
          [
            [
              126.25,
              39.75
            ],
            [
              126.5,
              39.75
            ],
            [
              126.5,
              40.0
            ],
            [
              126.25,
              40.0
            ],
            [
              126.25,
              39.75
            ]
          ]
        ]
      }
    },
    {
      "type": "Feature",
      "properties": {
        "cell_id": "r175c1226",
        "country": "North Korea",
        "row_global": 175,
        "col_global": 1226,
        "longitude": 126.625,
        "latitude": 39.875
      },
      "geometry": {
        "type": "Polygon",
        "coordinates": [
          [
            [
              126.5,
              39.75
            ],
            [
              126.75,
              39.75
            ],
            [
              126.75,
              40.0
            ],
            [
              126.5,
              40.0
            ],
            [
              126.5,
              39.75
            ]
          ]
        ]
      }
    },
    {
      "type": "Feature",
      "properties": {
        "cell_id": "r175c1227",
        "country": "North Korea",
        "row_global": 175,
        "col_global": 1227,
        "longitude": 126.875,
        "latitude": 39.875
      },
      "geometry": {
        "type": "Polygon",
        "coordinates": [
          [
            [
              126.75,
              39.75
            ],
            [
              127.0,
              39.75
            ],
            [
              127.0,
              40.0
            ],
            [
              126.75,
              40.0
            ],
            [
              126.75,
              39.75
            ]
          ]
        ]
      }
    },
    {
      "type": "Feature",
      "properties": {
        "cell_id": "r175c1228",
        "country": "North Korea",
        "row_global": 175,
        "col_global": 1228,
        "longitude": 127.125,
        "latitude": 39.875
      },
      "geometry": {
        "type": "Polygon",
        "coordinates": [
          [
            [
              127.0,
              39.75
            ],
            [
              127.25,
              39.75
            ],
            [
              127.25,
              40.0
            ],
            [
              127.0,
              40.0
            ],
            [
              127.0,
              39.75
            ]
          ]
        ]
      }
    },
    {
      "type": "Feature",
      "properties": {
        "cell_id": "r175c1229",
        "country": "North Korea",
        "row_global": 175,
        "col_global": 1229,
        "longitude": 127.375,
        "latitude": 39.875
      },
      "geometry": {
        "type": "Polygon",
        "coordinates": [
          [
            [
              127.25,
              39.75
            ],
            [
              127.5,
              39.75
            ],
            [
              127.5,
              40.0
            ],
            [
              127.25,
              40.0
            ],
            [
              127.25,
              39.75
            ]
          ]
        ]
      }
    },
    {
      "type": "Feature",
      "properties": {
        "cell_id": "r175c1230",
        "country": "North Korea",
        "row_global": 175,
        "col_global": 1230,
        "longitude": 127.625,
        "latitude": 39.875
      },
      "geometry": {
        "type": "Polygon",
        "coordinates": [
          [
            [
              127.5,
              39.75
            ],
            [
              127.75,
              39.75
            ],
            [
              127.75,
              40.0
            ],
            [
              127.5,
              40.0
            ],
            [
              127.5,
              39.75
            ]
          ]
        ]
      }
    },
    {
      "type": "Feature",
      "properties": {
        "cell_id": "r176c1218",
        "country": "North Korea",
        "row_global": 176,
        "col_global": 1218,
        "longitude": 124.625,
        "latitude": 39.625
      },
      "geometry": {
        "type": "Polygon",
        "coordinates": [
          [
            [
              124.5,
              39.5
            ],
            [
              124.75,
              39.5
            ],
            [
              124.75,
              39.75
            ],
            [
              124.5,
              39.75
            ],
            [
              124.5,
              39.5
            ]
          ]
        ]
      }
    },
    {
      "type": "Feature",
      "properties": {
        "cell_id": "r176c1220",
        "country": "North Korea",
        "row_global": 176,
        "col_global": 1220,
        "longitude": 125.125,
        "latitude": 39.625
      },
      "geometry": {
        "type": "Polygon",
        "coordinates": [
          [
            [
              125.0,
              39.5
            ],
            [
              125.25,
              39.5
            ],
            [
              125.25,
              39.75
            ],
            [
              125.0,
              39.75
            ],
            [
              125.0,
              39.5
            ]
          ]
        ]
      }
    },
    {
      "type": "Feature",
      "properties": {
        "cell_id": "r176c1221",
        "country": "North Korea",
        "row_global": 176,
        "col_global": 1221,
        "longitude": 125.375,
        "latitude": 39.625
      },
      "geometry": {
        "type": "Polygon",
        "coordinates": [
          [
            [
              125.25,
              39.5
            ],
            [
              125.5,
              39.5
            ],
            [
              125.5,
              39.75
            ],
            [
              125.25,
              39.75
            ],
            [
              125.25,
              39.5
            ]
          ]
        ]
      }
    },
    {
      "type": "Feature",
      "properties": {
        "cell_id": "r176c1222",
        "country": "North Korea",
        "row_global": 176,
        "col_global": 1222,
        "longitude": 125.625,
        "latitude": 39.625
      },
      "geometry": {
        "type": "Polygon",
        "coordinates": [
          [
            [
              125.5,
              39.5
            ],
            [
              125.75,
              39.5
            ],
            [
              125.75,
              39.75
            ],
            [
              125.5,
              39.75
            ],
            [
              125.5,
              39.5
            ]
          ]
        ]
      }
    },
    {
      "type": "Feature",
      "properties": {
        "cell_id": "r176c1223",
        "country": "North Korea",
        "row_global": 176,
        "col_global": 1223,
        "longitude": 125.875,
        "latitude": 39.625
      },
      "geometry": {
        "type": "Polygon",
        "coordinates": [
          [
            [
              125.75,
              39.5
            ],
            [
              126.0,
              39.5
            ],
            [
              126.0,
              39.75
            ],
            [
              125.75,
              39.75
            ],
            [
              125.75,
              39.5
            ]
          ]
        ]
      }
    },
    {
      "type": "Feature",
      "properties": {
        "cell_id": "r176c1224",
        "country": "North Korea",
        "row_global": 176,
        "col_global": 1224,
        "longitude": 126.125,
        "latitude": 39.625
      },
      "geometry": {
        "type": "Polygon",
        "coordinates": [
          [
            [
              126.0,
              39.5
            ],
            [
              126.25,
              39.5
            ],
            [
              126.25,
              39.75
            ],
            [
              126.0,
              39.75
            ],
            [
              126.0,
              39.5
            ]
          ]
        ]
      }
    },
    {
      "type": "Feature",
      "properties": {
        "cell_id": "r176c1225",
        "country": "North Korea",
        "row_global": 176,
        "col_global": 1225,
        "longitude": 126.375,
        "latitude": 39.625
      },
      "geometry": {
        "type": "Polygon",
        "coordinates": [
          [
            [
              126.25,
              39.5
            ],
            [
              126.5,
              39.5
            ],
            [
              126.5,
              39.75
            ],
            [
              126.25,
              39.75
            ],
            [
              126.25,
              39.5
            ]
          ]
        ]
      }
    },
    {
      "type": "Feature",
      "properties": {
        "cell_id": "r176c1226",
        "country": "North Korea",
        "row_global": 176,
        "col_global": 1226,
        "longitude": 126.625,
        "latitude": 39.625
      },
      "geometry": {
        "type": "Polygon",
        "coordinates": [
          [
            [
              126.5,
              39.5
            ],
            [
              126.75,
              39.5
            ],
            [
              126.75,
              39.75
            ],
            [
              126.5,
              39.75
            ],
            [
              126.5,
              39.5
            ]
          ]
        ]
      }
    },
    {
      "type": "Feature",
      "properties": {
        "cell_id": "r176c1227",
        "country": "North Korea",
        "row_global": 176,
        "col_global": 1227,
        "longitude": 126.875,
        "latitude": 39.625
      },
      "geometry": {
        "type": "Polygon",
        "coordinates": [
          [
            [
              126.75,
              39.5
            ],
            [
              127.0,
              39.5
            ],
            [
              127.0,
              39.75
            ],
            [
              126.75,
              39.75
            ],
            [
              126.75,
              39.5
            ]
          ]
        ]
      }
    },
    {
      "type": "Feature",
      "properties": {
        "cell_id": "r176c1228",
        "country": "North Korea",
        "row_global": 176,
        "col_global": 1228,
        "longitude": 127.125,
        "latitude": 39.625
      },
      "geometry": {
        "type": "Polygon",
        "coordinates": [
          [
            [
              127.0,
              39.5
            ],
            [
              127.25,
              39.5
            ],
            [
              127.25,
              39.75
            ],
            [
              127.0,
              39.75
            ],
            [
              127.0,
              39.5
            ]
          ]
        ]
      }
    },
    {
      "type": "Feature",
      "properties": {
        "cell_id": "r176c1229",
        "country": "North Korea",
        "row_global": 176,
        "col_global": 1229,
        "longitude": 127.375,
        "latitude": 39.625
      },
      "geometry": {
        "type": "Polygon",
        "coordinates": [
          [
            [
              127.25,
              39.5
            ],
            [
              127.5,
              39.5
            ],
            [
              127.5,
              39.75
            ],
            [
              127.25,
              39.75
            ],
            [
              127.25,
              39.5
            ]
          ]
        ]
      }
    },
    {
      "type": "Feature",
      "properties": {
        "cell_id": "r177c1222",
        "country": "North Korea",
        "row_global": 177,
        "col_global": 1222,
        "longitude": 125.625,
        "latitude": 39.375
      },
      "geometry": {
        "type": "Polygon",
        "coordinates": [
          [
            [
              125.5,
              39.25
            ],
            [
              125.75,
              39.25
            ],
            [
              125.75,
              39.5
            ],
            [
              125.5,
              39.5
            ],
            [
              125.5,
              39.25
            ]
          ]
        ]
      }
    },
    {
      "type": "Feature",
      "properties": {
        "cell_id": "r177c1223",
        "country": "North Korea",
        "row_global": 177,
        "col_global": 1223,
        "longitude": 125.875,
        "latitude": 39.375
      },
      "geometry": {
        "type": "Polygon",
        "coordinates": [
          [
            [
              125.75,
              39.25
            ],
            [
              126.0,
              39.25
            ],
            [
              126.0,
              39.5
            ],
            [
              125.75,
              39.5
            ],
            [
              125.75,
              39.25
            ]
          ]
        ]
      }
    },
    {
      "type": "Feature",
      "properties": {
        "cell_id": "r177c1224",
        "country": "North Korea",
        "row_global": 177,
        "col_global": 1224,
        "longitude": 126.125,
        "latitude": 39.375
      },
      "geometry": {
        "type": "Polygon",
        "coordinates": [
          [
            [
              126.0,
              39.25
            ],
            [
              126.25,
              39.25
            ],
            [
              126.25,
              39.5
            ],
            [
              126.0,
              39.5
            ],
            [
              126.0,
              39.25
            ]
          ]
        ]
      }
    },
    {
      "type": "Feature",
      "properties": {
        "cell_id": "r177c1225",
        "country": "North Korea",
        "row_global": 177,
        "col_global": 1225,
        "longitude": 126.375,
        "latitude": 39.375
      },
      "geometry": {
        "type": "Polygon",
        "coordinates": [
          [
            [
              126.25,
              39.25
            ],
            [
              126.5,
              39.25
            ],
            [
              126.5,
              39.5
            ],
            [
              126.25,
              39.5
            ],
            [
              126.25,
              39.25
            ]
          ]
        ]
      }
    },
    {
      "type": "Feature",
      "properties": {
        "cell_id": "r177c1226",
        "country": "North Korea",
        "row_global": 177,
        "col_global": 1226,
        "longitude": 126.625,
        "latitude": 39.375
      },
      "geometry": {
        "type": "Polygon",
        "coordinates": [
          [
            [
              126.5,
              39.25
            ],
            [
              126.75,
              39.25
            ],
            [
              126.75,
              39.5
            ],
            [
              126.5,
              39.5
            ],
            [
              126.5,
              39.25
            ]
          ]
        ]
      }
    },
    {
      "type": "Feature",
      "properties": {
        "cell_id": "r177c1227",
        "country": "North Korea",
        "row_global": 177,
        "col_global": 1227,
        "longitude": 126.875,
        "latitude": 39.375
      },
      "geometry": {
        "type": "Polygon",
        "coordinates": [
          [
            [
              126.75,
              39.25
            ],
            [
              127.0,
              39.25
            ],
            [
              127.0,
              39.5
            ],
            [
              126.75,
              39.5
            ],
            [
              126.75,
              39.25
            ]
          ]
        ]
      }
    },
    {
      "type": "Feature",
      "properties": {
        "cell_id": "r177c1228",
        "country": "North Korea",
        "row_global": 177,
        "col_global": 1228,
        "longitude": 127.125,
        "latitude": 39.375
      },
      "geometry": {
        "type": "Polygon",
        "coordinates": [
          [
            [
              127.0,
              39.25
            ],
            [
              127.25,
              39.25
            ],
            [
              127.25,
              39.5
            ],
            [
              127.0,
              39.5
            ],
            [
              127.0,
              39.25
            ]
          ]
        ]
      }
    },
    {
      "type": "Feature",
      "properties": {
        "cell_id": "r177c1229",
        "country": "North Korea",
        "row_global": 177,
        "col_global": 1229,
        "longitude": 127.375,
        "latitude": 39.375
      },
      "geometry": {
        "type": "Polygon",
        "coordinates": [
          [
            [
              127.25,
              39.25
            ],
            [
              127.5,
              39.25
            ],
            [
              127.5,
              39.5
            ],
            [
              127.25,
              39.5
            ],
            [
              127.25,
              39.25
            ]
          ]
        ]
      }
    },
    {
      "type": "Feature",
      "properties": {
        "cell_id": "r178c1221",
        "country": "North Korea",
        "row_global": 178,
        "col_global": 1221,
        "longitude": 125.375,
        "latitude": 39.125
      },
      "geometry": {
        "type": "Polygon",
        "coordinates": [
          [
            [
              125.25,
              39.0
            ],
            [
              125.5,
              39.0
            ],
            [
              125.5,
              39.25
            ],
            [
              125.25,
              39.25
            ],
            [
              125.25,
              39.0
            ]
          ]
        ]
      }
    },
    {
      "type": "Feature",
      "properties": {
        "cell_id": "r178c1222",
        "country": "North Korea",
        "row_global": 178,
        "col_global": 1222,
        "longitude": 125.625,
        "latitude": 39.125
      },
      "geometry": {
        "type": "Polygon",
        "coordinates": [
          [
            [
              125.5,
              39.0
            ],
            [
              125.75,
              39.0
            ],
            [
              125.75,
              39.25
            ],
            [
              125.5,
              39.25
            ],
            [
              125.5,
              39.0
            ]
          ]
        ]
      }
    },
    {
      "type": "Feature",
      "properties": {
        "cell_id": "r178c1223",
        "country": "North Korea",
        "row_global": 178,
        "col_global": 1223,
        "longitude": 125.875,
        "latitude": 39.125
      },
      "geometry": {
        "type": "Polygon",
        "coordinates": [
          [
            [
              125.75,
              39.0
            ],
            [
              126.0,
              39.0
            ],
            [
              126.0,
              39.25
            ],
            [
              125.75,
              39.25
            ],
            [
              125.75,
              39.0
            ]
          ]
        ]
      }
    },
    {
      "type": "Feature",
      "properties": {
        "cell_id": "r178c1224",
        "country": "North Korea",
        "row_global": 178,
        "col_global": 1224,
        "longitude": 126.125,
        "latitude": 39.125
      },
      "geometry": {
        "type": "Polygon",
        "coordinates": [
          [
            [
              126.0,
              39.0
            ],
            [
              126.25,
              39.0
            ],
            [
              126.25,
              39.25
            ],
            [
              126.0,
              39.25
            ],
            [
              126.0,
              39.0
            ]
          ]
        ]
      }
    },
    {
      "type": "Feature",
      "properties": {
        "cell_id": "r178c1225",
        "country": "North Korea",
        "row_global": 178,
        "col_global": 1225,
        "longitude": 126.375,
        "latitude": 39.125
      },
      "geometry": {
        "type": "Polygon",
        "coordinates": [
          [
            [
              126.25,
              39.0
            ],
            [
              126.5,
              39.0
            ],
            [
              126.5,
              39.25
            ],
            [
              126.25,
              39.25
            ],
            [
              126.25,
              39.0
            ]
          ]
        ]
      }
    },
    {
      "type": "Feature",
      "properties": {
        "cell_id": "r178c1226",
        "country": "North Korea",
        "row_global": 178,
        "col_global": 1226,
        "longitude": 126.625,
        "latitude": 39.125
      },
      "geometry": {
        "type": "Polygon",
        "coordinates": [
          [
            [
              126.5,
              39.0
            ],
            [
              126.75,
              39.0
            ],
            [
              126.75,
              39.25
            ],
            [
              126.5,
              39.25
            ],
            [
              126.5,
              39.0
            ]
          ]
        ]
      }
    },
    {
      "type": "Feature",
      "properties": {
        "cell_id": "r178c1227",
        "country": "North Korea",
        "row_global": 178,
        "col_global": 1227,
        "longitude": 126.875,
        "latitude": 39.125
      },
      "geometry": {
        "type": "Polygon",
        "coordinates": [
          [
            [
              126.75,
              39.0
            ],
            [
              127.0,
              39.0
            ],
            [
              127.0,
              39.25
            ],
            [
              126.75,
              39.25
            ],
            [
              126.75,
              39.0
            ]
          ]
        ]
      }
    },
    {
      "type": "Feature",
      "properties": {
        "cell_id": "r178c1228",
        "country": "North Korea",
        "row_global": 178,
        "col_global": 1228,
        "longitude": 127.125,
        "latitude": 39.125
      },
      "geometry": {
        "type": "Polygon",
        "coordinates": [
          [
            [
              127.0,
              39.0
            ],
            [
              127.25,
              39.0
            ],
            [
              127.25,
              39.25
            ],
            [
              127.0,
              39.25
            ],
            [
              127.0,
              39.0
            ]
          ]
        ]
      }
    },
    {
      "type": "Feature",
      "properties": {
        "cell_id": "r178c1229",
        "country": "North Korea",
        "row_global": 178,
        "col_global": 1229,
        "longitude": 127.375,
        "latitude": 39.125
      },
      "geometry": {
        "type": "Polygon",
        "coordinates": [
          [
            [
              127.25,
              39.0
            ],
            [
              127.5,
              39.0
            ],
            [
              127.5,
              39.25
            ],
            [
              127.25,
              39.25
            ],
            [
              127.25,
              39.0
            ]
          ]
        ]
      }
    },
    {
      "type": "Feature",
      "properties": {
        "cell_id": "r178c1230",
        "country": "North Korea",
        "row_global": 178,
        "col_global": 1230,
        "longitude": 127.625,
        "latitude": 39.125
      },
      "geometry": {
        "type": "Polygon",
        "coordinates": [
          [
            [
              127.5,
              39.0
            ],
            [
              127.75,
              39.0
            ],
            [
              127.75,
              39.25
            ],
            [
              127.5,
              39.25
            ],
            [
              127.5,
              39.0
            ]
          ]
        ]
      }
    },
    {
      "type": "Feature",
      "properties": {
        "cell_id": "r179c1221",
        "country": "North Korea",
        "row_global": 179,
        "col_global": 1221,
        "longitude": 125.375,
        "latitude": 38.875
      },
      "geometry": {
        "type": "Polygon",
        "coordinates": [
          [
            [
              125.25,
              38.75
            ],
            [
              125.5,
              38.75
            ],
            [
              125.5,
              39.0
            ],
            [
              125.25,
              39.0
            ],
            [
              125.25,
              38.75
            ]
          ]
        ]
      }
    },
    {
      "type": "Feature",
      "properties": {
        "cell_id": "r179c1222",
        "country": "North Korea",
        "row_global": 179,
        "col_global": 1222,
        "longitude": 125.625,
        "latitude": 38.875
      },
      "geometry": {
        "type": "Polygon",
        "coordinates": [
          [
            [
              125.5,
              38.75
            ],
            [
              125.75,
              38.75
            ],
            [
              125.75,
              39.0
            ],
            [
              125.5,
              39.0
            ],
            [
              125.5,
              38.75
            ]
          ]
        ]
      }
    },
    {
      "type": "Feature",
      "properties": {
        "cell_id": "r179c1223",
        "country": "North Korea",
        "row_global": 179,
        "col_global": 1223,
        "longitude": 125.875,
        "latitude": 38.875
      },
      "geometry": {
        "type": "Polygon",
        "coordinates": [
          [
            [
              125.75,
              38.75
            ],
            [
              126.0,
              38.75
            ],
            [
              126.0,
              39.0
            ],
            [
              125.75,
              39.0
            ],
            [
              125.75,
              38.75
            ]
          ]
        ]
      }
    },
    {
      "type": "Feature",
      "properties": {
        "cell_id": "r179c1224",
        "country": "North Korea",
        "row_global": 179,
        "col_global": 1224,
        "longitude": 126.125,
        "latitude": 38.875
      },
      "geometry": {
        "type": "Polygon",
        "coordinates": [
          [
            [
              126.0,
              38.75
            ],
            [
              126.25,
              38.75
            ],
            [
              126.25,
              39.0
            ],
            [
              126.0,
              39.0
            ],
            [
              126.0,
              38.75
            ]
          ]
        ]
      }
    },
    {
      "type": "Feature",
      "properties": {
        "cell_id": "r179c1225",
        "country": "North Korea",
        "row_global": 179,
        "col_global": 1225,
        "longitude": 126.375,
        "latitude": 38.875
      },
      "geometry": {
        "type": "Polygon",
        "coordinates": [
          [
            [
              126.25,
              38.75
            ],
            [
              126.5,
              38.75
            ],
            [
              126.5,
              39.0
            ],
            [
              126.25,
              39.0
            ],
            [
              126.25,
              38.75
            ]
          ]
        ]
      }
    },
    {
      "type": "Feature",
      "properties": {
        "cell_id": "r179c1226",
        "country": "North Korea",
        "row_global": 179,
        "col_global": 1226,
        "longitude": 126.625,
        "latitude": 38.875
      },
      "geometry": {
        "type": "Polygon",
        "coordinates": [
          [
            [
              126.5,
              38.75
            ],
            [
              126.75,
              38.75
            ],
            [
              126.75,
              39.0
            ],
            [
              126.5,
              39.0
            ],
            [
              126.5,
              38.75
            ]
          ]
        ]
      }
    },
    {
      "type": "Feature",
      "properties": {
        "cell_id": "r179c1227",
        "country": "North Korea",
        "row_global": 179,
        "col_global": 1227,
        "longitude": 126.875,
        "latitude": 38.875
      },
      "geometry": {
        "type": "Polygon",
        "coordinates": [
          [
            [
              126.75,
              38.75
            ],
            [
              127.0,
              38.75
            ],
            [
              127.0,
              39.0
            ],
            [
              126.75,
              39.0
            ],
            [
              126.75,
              38.75
            ]
          ]
        ]
      }
    },
    {
      "type": "Feature",
      "properties": {
        "cell_id": "r179c1228",
        "country": "North Korea",
        "row_global": 179,
        "col_global": 1228,
        "longitude": 127.125,
        "latitude": 38.875
      },
      "geometry": {
        "type": "Polygon",
        "coordinates": [
          [
            [
              127.0,
              38.75
            ],
            [
              127.25,
              38.75
            ],
            [
              127.25,
              39.0
            ],
            [
              127.0,
              39.0
            ],
            [
              127.0,
              38.75
            ]
          ]
        ]
      }
    },
    {
      "type": "Feature",
      "properties": {
        "cell_id": "r179c1229",
        "country": "North Korea",
        "row_global": 179,
        "col_global": 1229,
        "longitude": 127.375,
        "latitude": 38.875
      },
      "geometry": {
        "type": "Polygon",
        "coordinates": [
          [
            [
              127.25,
              38.75
            ],
            [
              127.5,
              38.75
            ],
            [
              127.5,
              39.0
            ],
            [
              127.25,
              39.0
            ],
            [
              127.25,
              38.75
            ]
          ]
        ]
      }
    },
    {
      "type": "Feature",
      "properties": {
        "cell_id": "r179c1230",
        "country": "North Korea",
        "row_global": 179,
        "col_global": 1230,
        "longitude": 127.625,
        "latitude": 38.875
      },
      "geometry": {
        "type": "Polygon",
        "coordinates": [
          [
            [
              127.5,
              38.75
            ],
            [
              127.75,
              38.75
            ],
            [
              127.75,
              39.0
            ],
            [
              127.5,
              39.0
            ],
            [
              127.5,
              38.75
            ]
          ]
        ]
      }
    },
    {
      "type": "Feature",
      "properties": {
        "cell_id": "r179c1231",
        "country": "North Korea",
        "row_global": 179,
        "col_global": 1231,
        "longitude": 127.875,
        "latitude": 38.875
      },
      "geometry": {
        "type": "Polygon",
        "coordinates": [
          [
            [
              127.75,
              38.75
            ],
            [
              128.0,
              38.75
            ],
            [
              128.0,
              39.0
            ],
            [
              127.75,
              39.0
            ],
            [
              127.75,
              38.75
            ]
          ]
        ]
      }
    },
    {
      "type": "Feature",
      "properties": {
        "cell_id": "r180c1221",
        "country": "North Korea",
        "row_global": 180,
        "col_global": 1221,
        "longitude": 125.375,
        "latitude": 38.625
      },
      "geometry": {
        "type": "Polygon",
        "coordinates": [
          [
            [
              125.25,
              38.5
            ],
            [
              125.5,
              38.5
            ],
            [
              125.5,
              38.75
            ],
            [
              125.25,
              38.75
            ],
            [
              125.25,
              38.5
            ]
          ]
        ]
      }
    },
    {
      "type": "Feature",
      "properties": {
        "cell_id": "r180c1222",
        "country": "North Korea",
        "row_global": 180,
        "col_global": 1222,
        "longitude": 125.625,
        "latitude": 38.625
      },
      "geometry": {
        "type": "Polygon",
        "coordinates": [
          [
            [
              125.5,
              38.5
            ],
            [
              125.75,
              38.5
            ],
            [
              125.75,
              38.75
            ],
            [
              125.5,
              38.75
            ],
            [
              125.5,
              38.5
            ]
          ]
        ]
      }
    },
    {
      "type": "Feature",
      "properties": {
        "cell_id": "r180c1223",
        "country": "North Korea",
        "row_global": 180,
        "col_global": 1223,
        "longitude": 125.875,
        "latitude": 38.625
      },
      "geometry": {
        "type": "Polygon",
        "coordinates": [
          [
            [
              125.75,
              38.5
            ],
            [
              126.0,
              38.5
            ],
            [
              126.0,
              38.75
            ],
            [
              125.75,
              38.75
            ],
            [
              125.75,
              38.5
            ]
          ]
        ]
      }
    },
    {
      "type": "Feature",
      "properties": {
        "cell_id": "r180c1224",
        "country": "North Korea",
        "row_global": 180,
        "col_global": 1224,
        "longitude": 126.125,
        "latitude": 38.625
      },
      "geometry": {
        "type": "Polygon",
        "coordinates": [
          [
            [
              126.0,
              38.5
            ],
            [
              126.25,
              38.5
            ],
            [
              126.25,
              38.75
            ],
            [
              126.0,
              38.75
            ],
            [
              126.0,
              38.5
            ]
          ]
        ]
      }
    },
    {
      "type": "Feature",
      "properties": {
        "cell_id": "r180c1225",
        "country": "North Korea",
        "row_global": 180,
        "col_global": 1225,
        "longitude": 126.375,
        "latitude": 38.625
      },
      "geometry": {
        "type": "Polygon",
        "coordinates": [
          [
            [
              126.25,
              38.5
            ],
            [
              126.5,
              38.5
            ],
            [
              126.5,
              38.75
            ],
            [
              126.25,
              38.75
            ],
            [
              126.25,
              38.5
            ]
          ]
        ]
      }
    },
    {
      "type": "Feature",
      "properties": {
        "cell_id": "r180c1226",
        "country": "North Korea",
        "row_global": 180,
        "col_global": 1226,
        "longitude": 126.625,
        "latitude": 38.625
      },
      "geometry": {
        "type": "Polygon",
        "coordinates": [
          [
            [
              126.5,
              38.5
            ],
            [
              126.75,
              38.5
            ],
            [
              126.75,
              38.75
            ],
            [
              126.5,
              38.75
            ],
            [
              126.5,
              38.5
            ]
          ]
        ]
      }
    },
    {
      "type": "Feature",
      "properties": {
        "cell_id": "r180c1227",
        "country": "North Korea",
        "row_global": 180,
        "col_global": 1227,
        "longitude": 126.875,
        "latitude": 38.625
      },
      "geometry": {
        "type": "Polygon",
        "coordinates": [
          [
            [
              126.75,
              38.5
            ],
            [
              127.0,
              38.5
            ],
            [
              127.0,
              38.75
            ],
            [
              126.75,
              38.75
            ],
            [
              126.75,
              38.5
            ]
          ]
        ]
      }
    },
    {
      "type": "Feature",
      "properties": {
        "cell_id": "r180c1228",
        "country": "North Korea",
        "row_global": 180,
        "col_global": 1228,
        "longitude": 127.125,
        "latitude": 38.625
      },
      "geometry": {
        "type": "Polygon",
        "coordinates": [
          [
            [
              127.0,
              38.5
            ],
            [
              127.25,
              38.5
            ],
            [
              127.25,
              38.75
            ],
            [
              127.0,
              38.75
            ],
            [
              127.0,
              38.5
            ]
          ]
        ]
      }
    },
    {
      "type": "Feature",
      "properties": {
        "cell_id": "r180c1229",
        "country": "North Korea",
        "row_global": 180,
        "col_global": 1229,
        "longitude": 127.375,
        "latitude": 38.625
      },
      "geometry": {
        "type": "Polygon",
        "coordinates": [
          [
            [
              127.25,
              38.5
            ],
            [
              127.5,
              38.5
            ],
            [
              127.5,
              38.75
            ],
            [
              127.25,
              38.75
            ],
            [
              127.25,
              38.5
            ]
          ]
        ]
      }
    },
    {
      "type": "Feature",
      "properties": {
        "cell_id": "r180c1230",
        "country": "North Korea",
        "row_global": 180,
        "col_global": 1230,
        "longitude": 127.625,
        "latitude": 38.625
      },
      "geometry": {
        "type": "Polygon",
        "coordinates": [
          [
            [
              127.5,
              38.5
            ],
            [
              127.75,
              38.5
            ],
            [
              127.75,
              38.75
            ],
            [
              127.5,
              38.75
            ],
            [
              127.5,
              38.5
            ]
          ]
        ]
      }
    },
    {
      "type": "Feature",
      "properties": {
        "cell_id": "r180c1231",
        "country": "North Korea",
        "row_global": 180,
        "col_global": 1231,
        "longitude": 127.875,
        "latitude": 38.625
      },
      "geometry": {
        "type": "Polygon",
        "coordinates": [
          [
            [
              127.75,
              38.5
            ],
            [
              128.0,
              38.5
            ],
            [
              128.0,
              38.75
            ],
            [
              127.75,
              38.75
            ],
            [
              127.75,
              38.5
            ]
          ]
        ]
      }
    },
    {
      "type": "Feature",
      "properties": {
        "cell_id": "r180c1232",
        "country": "North Korea",
        "row_global": 180,
        "col_global": 1232,
        "longitude": 128.125,
        "latitude": 38.625
      },
      "geometry": {
        "type": "Polygon",
        "coordinates": [
          [
            [
              128.0,
              38.5
            ],
            [
              128.25,
              38.5
            ],
            [
              128.25,
              38.75
            ],
            [
              128.0,
              38.75
            ],
            [
              128.0,
              38.5
            ]
          ]
        ]
      }
    },
    {
      "type": "Feature",
      "properties": {
        "cell_id": "r181c1220",
        "country": "North Korea",
        "row_global": 181,
        "col_global": 1220,
        "longitude": 125.125,
        "latitude": 38.375
      },
      "geometry": {
        "type": "Polygon",
        "coordinates": [
          [
            [
              125.0,
              38.25
            ],
            [
              125.25,
              38.25
            ],
            [
              125.25,
              38.5
            ],
            [
              125.0,
              38.5
            ],
            [
              125.0,
              38.25
            ]
          ]
        ]
      }
    },
    {
      "type": "Feature",
      "properties": {
        "cell_id": "r181c1221",
        "country": "North Korea",
        "row_global": 181,
        "col_global": 1221,
        "longitude": 125.375,
        "latitude": 38.375
      },
      "geometry": {
        "type": "Polygon",
        "coordinates": [
          [
            [
              125.25,
              38.25
            ],
            [
              125.5,
              38.25
            ],
            [
              125.5,
              38.5
            ],
            [
              125.25,
              38.5
            ],
            [
              125.25,
              38.25
            ]
          ]
        ]
      }
    },
    {
      "type": "Feature",
      "properties": {
        "cell_id": "r181c1222",
        "country": "North Korea",
        "row_global": 181,
        "col_global": 1222,
        "longitude": 125.625,
        "latitude": 38.375
      },
      "geometry": {
        "type": "Polygon",
        "coordinates": [
          [
            [
              125.5,
              38.25
            ],
            [
              125.75,
              38.25
            ],
            [
              125.75,
              38.5
            ],
            [
              125.5,
              38.5
            ],
            [
              125.5,
              38.25
            ]
          ]
        ]
      }
    },
    {
      "type": "Feature",
      "properties": {
        "cell_id": "r181c1223",
        "country": "North Korea",
        "row_global": 181,
        "col_global": 1223,
        "longitude": 125.875,
        "latitude": 38.375
      },
      "geometry": {
        "type": "Polygon",
        "coordinates": [
          [
            [
              125.75,
              38.25
            ],
            [
              126.0,
              38.25
            ],
            [
              126.0,
              38.5
            ],
            [
              125.75,
              38.5
            ],
            [
              125.75,
              38.25
            ]
          ]
        ]
      }
    },
    {
      "type": "Feature",
      "properties": {
        "cell_id": "r181c1224",
        "country": "North Korea",
        "row_global": 181,
        "col_global": 1224,
        "longitude": 126.125,
        "latitude": 38.375
      },
      "geometry": {
        "type": "Polygon",
        "coordinates": [
          [
            [
              126.0,
              38.25
            ],
            [
              126.25,
              38.25
            ],
            [
              126.25,
              38.5
            ],
            [
              126.0,
              38.5
            ],
            [
              126.0,
              38.25
            ]
          ]
        ]
      }
    },
    {
      "type": "Feature",
      "properties": {
        "cell_id": "r181c1225",
        "country": "North Korea",
        "row_global": 181,
        "col_global": 1225,
        "longitude": 126.375,
        "latitude": 38.375
      },
      "geometry": {
        "type": "Polygon",
        "coordinates": [
          [
            [
              126.25,
              38.25
            ],
            [
              126.5,
              38.25
            ],
            [
              126.5,
              38.5
            ],
            [
              126.25,
              38.5
            ],
            [
              126.25,
              38.25
            ]
          ]
        ]
      }
    },
    {
      "type": "Feature",
      "properties": {
        "cell_id": "r181c1226",
        "country": "North Korea",
        "row_global": 181,
        "col_global": 1226,
        "longitude": 126.625,
        "latitude": 38.375
      },
      "geometry": {
        "type": "Polygon",
        "coordinates": [
          [
            [
              126.5,
              38.25
            ],
            [
              126.75,
              38.25
            ],
            [
              126.75,
              38.5
            ],
            [
              126.5,
              38.5
            ],
            [
              126.5,
              38.25
            ]
          ]
        ]
      }
    },
    {
      "type": "Feature",
      "properties": {
        "cell_id": "r181c1227",
        "country": "North Korea",
        "row_global": 181,
        "col_global": 1227,
        "longitude": 126.875,
        "latitude": 38.375
      },
      "geometry": {
        "type": "Polygon",
        "coordinates": [
          [
            [
              126.75,
              38.25
            ],
            [
              127.0,
              38.25
            ],
            [
              127.0,
              38.5
            ],
            [
              126.75,
              38.5
            ],
            [
              126.75,
              38.25
            ]
          ]
        ]
      }
    },
    {
      "type": "Feature",
      "properties": {
        "cell_id": "r181c1228",
        "country": "North Korea",
        "row_global": 181,
        "col_global": 1228,
        "longitude": 127.125,
        "latitude": 38.375
      },
      "geometry": {
        "type": "Polygon",
        "coordinates": [
          [
            [
              127.0,
              38.25
            ],
            [
              127.25,
              38.25
            ],
            [
              127.25,
              38.5
            ],
            [
              127.0,
              38.5
            ],
            [
              127.0,
              38.25
            ]
          ]
        ]
      }
    },
    {
      "type": "Feature",
      "properties": {
        "cell_id": "r181c1229",
        "country": "North Korea",
        "row_global": 181,
        "col_global": 1229,
        "longitude": 127.375,
        "latitude": 38.375
      },
      "geometry": {
        "type": "Polygon",
        "coordinates": [
          [
            [
              127.25,
              38.25
            ],
            [
              127.5,
              38.25
            ],
            [
              127.5,
              38.5
            ],
            [
              127.25,
              38.5
            ],
            [
              127.25,
              38.25
            ]
          ]
        ]
      }
    },
    {
      "type": "Feature",
      "properties": {
        "cell_id": "r181c1230",
        "country": "North Korea",
        "row_global": 181,
        "col_global": 1230,
        "longitude": 127.625,
        "latitude": 38.375
      },
      "geometry": {
        "type": "Polygon",
        "coordinates": [
          [
            [
              127.5,
              38.25
            ],
            [
              127.75,
              38.25
            ],
            [
              127.75,
              38.5
            ],
            [
              127.5,
              38.5
            ],
            [
              127.5,
              38.25
            ]
          ]
        ]
      }
    },
    {
      "type": "Feature",
      "properties": {
        "cell_id": "r181c1231",
        "country": "North Korea",
        "row_global": 181,
        "col_global": 1231,
        "longitude": 127.875,
        "latitude": 38.375
      },
      "geometry": {
        "type": "Polygon",
        "coordinates": [
          [
            [
              127.75,
              38.25
            ],
            [
              128.0,
              38.25
            ],
            [
              128.0,
              38.5
            ],
            [
              127.75,
              38.5
            ],
            [
              127.75,
              38.25
            ]
          ]
        ]
      }
    },
    {
      "type": "Feature",
      "properties": {
        "cell_id": "r181c1232",
        "country": "North Korea",
        "row_global": 181,
        "col_global": 1232,
        "longitude": 128.125,
        "latitude": 38.375
      },
      "geometry": {
        "type": "Polygon",
        "coordinates": [
          [
            [
              128.0,
              38.25
            ],
            [
              128.25,
              38.25
            ],
            [
              128.25,
              38.5
            ],
            [
              128.0,
              38.5
            ],
            [
              128.0,
              38.25
            ]
          ]
        ]
      }
    },
    {
      "type": "Feature",
      "properties": {
        "cell_id": "r182c1219",
        "country": "North Korea",
        "row_global": 182,
        "col_global": 1219,
        "longitude": 124.875,
        "latitude": 38.125
      },
      "geometry": {
        "type": "Polygon",
        "coordinates": [
          [
            [
              124.75,
              38.0
            ],
            [
              125.0,
              38.0
            ],
            [
              125.0,
              38.25
            ],
            [
              124.75,
              38.25
            ],
            [
              124.75,
              38.0
            ]
          ]
        ]
      }
    },
    {
      "type": "Feature",
      "properties": {
        "cell_id": "r182c1220",
        "country": "North Korea",
        "row_global": 182,
        "col_global": 1220,
        "longitude": 125.125,
        "latitude": 38.125
      },
      "geometry": {
        "type": "Polygon",
        "coordinates": [
          [
            [
              125.0,
              38.0
            ],
            [
              125.25,
              38.0
            ],
            [
              125.25,
              38.25
            ],
            [
              125.0,
              38.25
            ],
            [
              125.0,
              38.0
            ]
          ]
        ]
      }
    },
    {
      "type": "Feature",
      "properties": {
        "cell_id": "r182c1221",
        "country": "North Korea",
        "row_global": 182,
        "col_global": 1221,
        "longitude": 125.375,
        "latitude": 38.125
      },
      "geometry": {
        "type": "Polygon",
        "coordinates": [
          [
            [
              125.25,
              38.0
            ],
            [
              125.5,
              38.0
            ],
            [
              125.5,
              38.25
            ],
            [
              125.25,
              38.25
            ],
            [
              125.25,
              38.0
            ]
          ]
        ]
      }
    },
    {
      "type": "Feature",
      "properties": {
        "cell_id": "r182c1222",
        "country": "North Korea",
        "row_global": 182,
        "col_global": 1222,
        "longitude": 125.625,
        "latitude": 38.125
      },
      "geometry": {
        "type": "Polygon",
        "coordinates": [
          [
            [
              125.5,
              38.0
            ],
            [
              125.75,
              38.0
            ],
            [
              125.75,
              38.25
            ],
            [
              125.5,
              38.25
            ],
            [
              125.5,
              38.0
            ]
          ]
        ]
      }
    },
    {
      "type": "Feature",
      "properties": {
        "cell_id": "r182c1223",
        "country": "North Korea",
        "row_global": 182,
        "col_global": 1223,
        "longitude": 125.875,
        "latitude": 38.125
      },
      "geometry": {
        "type": "Polygon",
        "coordinates": [
          [
            [
              125.75,
              38.0
            ],
            [
              126.0,
              38.0
            ],
            [
              126.0,
              38.25
            ],
            [
              125.75,
              38.25
            ],
            [
              125.75,
              38.0
            ]
          ]
        ]
      }
    },
    {
      "type": "Feature",
      "properties": {
        "cell_id": "r182c1224",
        "country": "North Korea",
        "row_global": 182,
        "col_global": 1224,
        "longitude": 126.125,
        "latitude": 38.125
      },
      "geometry": {
        "type": "Polygon",
        "coordinates": [
          [
            [
              126.0,
              38.0
            ],
            [
              126.25,
              38.0
            ],
            [
              126.25,
              38.25
            ],
            [
              126.0,
              38.25
            ],
            [
              126.0,
              38.0
            ]
          ]
        ]
      }
    },
    {
      "type": "Feature",
      "properties": {
        "cell_id": "r182c1225",
        "country": "North Korea",
        "row_global": 182,
        "col_global": 1225,
        "longitude": 126.375,
        "latitude": 38.125
      },
      "geometry": {
        "type": "Polygon",
        "coordinates": [
          [
            [
              126.25,
              38.0
            ],
            [
              126.5,
              38.0
            ],
            [
              126.5,
              38.25
            ],
            [
              126.25,
              38.25
            ],
            [
              126.25,
              38.0
            ]
          ]
        ]
      }
    },
    {
      "type": "Feature",
      "properties": {
        "cell_id": "r182c1226",
        "country": "North Korea",
        "row_global": 182,
        "col_global": 1226,
        "longitude": 126.625,
        "latitude": 38.125
      },
      "geometry": {
        "type": "Polygon",
        "coordinates": [
          [
            [
              126.5,
              38.0
            ],
            [
              126.75,
              38.0
            ],
            [
              126.75,
              38.25
            ],
            [
              126.5,
              38.25
            ],
            [
              126.5,
              38.0
            ]
          ]
        ]
      }
    },
    {
      "type": "Feature",
      "properties": {
        "cell_id": "r182c1227",
        "country": "North Korea",
        "row_global": 182,
        "col_global": 1227,
        "longitude": 126.875,
        "latitude": 38.125
      },
      "geometry": {
        "type": "Polygon",
        "coordinates": [
          [
            [
              126.75,
              38.0
            ],
            [
              127.0,
              38.0
            ],
            [
              127.0,
              38.25
            ],
            [
              126.75,
              38.25
            ],
            [
              126.75,
              38.0
            ]
          ]
        ]
      }
    },
    {
      "type": "Feature",
      "properties": {
        "cell_id": "r183c1220",
        "country": "North Korea",
        "row_global": 183,
        "col_global": 1220,
        "longitude": 125.125,
        "latitude": 37.875
      },
      "geometry": {
        "type": "Polygon",
        "coordinates": [
          [
            [
              125.0,
              37.75
            ],
            [
              125.25,
              37.75
            ],
            [
              125.25,
              38.0
            ],
            [
              125.0,
              38.0
            ],
            [
              125.0,
              37.75
            ]
          ]
        ]
      }
    },
    {
      "type": "Feature",
      "properties": {
        "cell_id": "r183c1221",
        "country": "North Korea",
        "row_global": 183,
        "col_global": 1221,
        "longitude": 125.375,
        "latitude": 37.875
      },
      "geometry": {
        "type": "Polygon",
        "coordinates": [
          [
            [
              125.25,
              37.75
            ],
            [
              125.5,
              37.75
            ],
            [
              125.5,
              38.0
            ],
            [
              125.25,
              38.0
            ],
            [
              125.25,
              37.75
            ]
          ]
        ]
      }
    },
    {
      "type": "Feature",
      "properties": {
        "cell_id": "r183c1222",
        "country": "North Korea",
        "row_global": 183,
        "col_global": 1222,
        "longitude": 125.625,
        "latitude": 37.875
      },
      "geometry": {
        "type": "Polygon",
        "coordinates": [
          [
            [
              125.5,
              37.75
            ],
            [
              125.75,
              37.75
            ],
            [
              125.75,
              38.0
            ],
            [
              125.5,
              38.0
            ],
            [
              125.5,
              37.75
            ]
          ]
        ]
      }
    },
    {
      "type": "Feature",
      "properties": {
        "cell_id": "r183c1224",
        "country": "North Korea",
        "row_global": 183,
        "col_global": 1224,
        "longitude": 126.125,
        "latitude": 37.875
      },
      "geometry": {
        "type": "Polygon",
        "coordinates": [
          [
            [
              126.0,
              37.75
            ],
            [
              126.25,
              37.75
            ],
            [
              126.25,
              38.0
            ],
            [
              126.0,
              38.0
            ],
            [
              126.0,
              37.75
            ]
          ]
        ]
      }
    },
    {
      "type": "Feature",
      "properties": {
        "cell_id": "r183c1226",
        "country": "North Korea",
        "row_global": 183,
        "col_global": 1226,
        "longitude": 126.625,
        "latitude": 37.875
      },
      "geometry": {
        "type": "Polygon",
        "coordinates": [
          [
            [
              126.5,
              37.75
            ],
            [
              126.75,
              37.75
            ],
            [
              126.75,
              38.0
            ],
            [
              126.5,
              38.0
            ],
            [
              126.5,
              37.75
            ]
          ]
        ]
      }
    },
    {
      "type": "Feature",
      "properties": {
        "cell_id": "r181c1233",
        "country": "South Korea",
        "row_global": 181,
        "col_global": 1233,
        "longitude": 128.375,
        "latitude": 38.375
      },
      "geometry": {
        "type": "Polygon",
        "coordinates": [
          [
            [
              128.25,
              38.25
            ],
            [
              128.5,
              38.25
            ],
            [
              128.5,
              38.5
            ],
            [
              128.25,
              38.5
            ],
            [
              128.25,
              38.25
            ]
          ]
        ]
      }
    },
    {
      "type": "Feature",
      "properties": {
        "cell_id": "r182c1228",
        "country": "South Korea",
        "row_global": 182,
        "col_global": 1228,
        "longitude": 127.125,
        "latitude": 38.125
      },
      "geometry": {
        "type": "Polygon",
        "coordinates": [
          [
            [
              127.0,
              38.0
            ],
            [
              127.25,
              38.0
            ],
            [
              127.25,
              38.25
            ],
            [
              127.0,
              38.25
            ],
            [
              127.0,
              38.0
            ]
          ]
        ]
      }
    },
    {
      "type": "Feature",
      "properties": {
        "cell_id": "r182c1229",
        "country": "South Korea",
        "row_global": 182,
        "col_global": 1229,
        "longitude": 127.375,
        "latitude": 38.125
      },
      "geometry": {
        "type": "Polygon",
        "coordinates": [
          [
            [
              127.25,
              38.0
            ],
            [
              127.5,
              38.0
            ],
            [
              127.5,
              38.25
            ],
            [
              127.25,
              38.25
            ],
            [
              127.25,
              38.0
            ]
          ]
        ]
      }
    },
    {
      "type": "Feature",
      "properties": {
        "cell_id": "r182c1230",
        "country": "South Korea",
        "row_global": 182,
        "col_global": 1230,
        "longitude": 127.625,
        "latitude": 38.125
      },
      "geometry": {
        "type": "Polygon",
        "coordinates": [
          [
            [
              127.5,
              38.0
            ],
            [
              127.75,
              38.0
            ],
            [
              127.75,
              38.25
            ],
            [
              127.5,
              38.25
            ],
            [
              127.5,
              38.0
            ]
          ]
        ]
      }
    },
    {
      "type": "Feature",
      "properties": {
        "cell_id": "r182c1231",
        "country": "South Korea",
        "row_global": 182,
        "col_global": 1231,
        "longitude": 127.875,
        "latitude": 38.125
      },
      "geometry": {
        "type": "Polygon",
        "coordinates": [
          [
            [
              127.75,
              38.0
            ],
            [
              128.0,
              38.0
            ],
            [
              128.0,
              38.25
            ],
            [
              127.75,
              38.25
            ],
            [
              127.75,
              38.0
            ]
          ]
        ]
      }
    },
    {
      "type": "Feature",
      "properties": {
        "cell_id": "r182c1232",
        "country": "South Korea",
        "row_global": 182,
        "col_global": 1232,
        "longitude": 128.125,
        "latitude": 38.125
      },
      "geometry": {
        "type": "Polygon",
        "coordinates": [
          [
            [
              128.0,
              38.0
            ],
            [
              128.25,
              38.0
            ],
            [
              128.25,
              38.25
            ],
            [
              128.0,
              38.25
            ],
            [
              128.0,
              38.0
            ]
          ]
        ]
      }
    },
    {
      "type": "Feature",
      "properties": {
        "cell_id": "r182c1233",
        "country": "South Korea",
        "row_global": 182,
        "col_global": 1233,
        "longitude": 128.375,
        "latitude": 38.125
      },
      "geometry": {
        "type": "Polygon",
        "coordinates": [
          [
            [
              128.25,
              38.0
            ],
            [
              128.5,
              38.0
            ],
            [
              128.5,
              38.25
            ],
            [
              128.25,
              38.25
            ],
            [
              128.25,
              38.0
            ]
          ]
        ]
      }
    },
    {
      "type": "Feature",
      "properties": {
        "cell_id": "r182c1234",
        "country": "South Korea",
        "row_global": 182,
        "col_global": 1234,
        "longitude": 128.625,
        "latitude": 38.125
      },
      "geometry": {
        "type": "Polygon",
        "coordinates": [
          [
            [
              128.5,
              38.0
            ],
            [
              128.75,
              38.0
            ],
            [
              128.75,
              38.25
            ],
            [
              128.5,
              38.25
            ],
            [
              128.5,
              38.0
            ]
          ]
        ]
      }
    },
    {
      "type": "Feature",
      "properties": {
        "cell_id": "r183c1227",
        "country": "South Korea",
        "row_global": 183,
        "col_global": 1227,
        "longitude": 126.875,
        "latitude": 37.875
      },
      "geometry": {
        "type": "Polygon",
        "coordinates": [
          [
            [
              126.75,
              37.75
            ],
            [
              127.0,
              37.75
            ],
            [
              127.0,
              38.0
            ],
            [
              126.75,
              38.0
            ],
            [
              126.75,
              37.75
            ]
          ]
        ]
      }
    },
    {
      "type": "Feature",
      "properties": {
        "cell_id": "r183c1228",
        "country": "South Korea",
        "row_global": 183,
        "col_global": 1228,
        "longitude": 127.125,
        "latitude": 37.875
      },
      "geometry": {
        "type": "Polygon",
        "coordinates": [
          [
            [
              127.0,
              37.75
            ],
            [
              127.25,
              37.75
            ],
            [
              127.25,
              38.0
            ],
            [
              127.0,
              38.0
            ],
            [
              127.0,
              37.75
            ]
          ]
        ]
      }
    },
    {
      "type": "Feature",
      "properties": {
        "cell_id": "r183c1229",
        "country": "South Korea",
        "row_global": 183,
        "col_global": 1229,
        "longitude": 127.375,
        "latitude": 37.875
      },
      "geometry": {
        "type": "Polygon",
        "coordinates": [
          [
            [
              127.25,
              37.75
            ],
            [
              127.5,
              37.75
            ],
            [
              127.5,
              38.0
            ],
            [
              127.25,
              38.0
            ],
            [
              127.25,
              37.75
            ]
          ]
        ]
      }
    },
    {
      "type": "Feature",
      "properties": {
        "cell_id": "r183c1230",
        "country": "South Korea",
        "row_global": 183,
        "col_global": 1230,
        "longitude": 127.625,
        "latitude": 37.875
      },
      "geometry": {
        "type": "Polygon",
        "coordinates": [
          [
            [
              127.5,
              37.75
            ],
            [
              127.75,
              37.75
            ],
            [
              127.75,
              38.0
            ],
            [
              127.5,
              38.0
            ],
            [
              127.5,
              37.75
            ]
          ]
        ]
      }
    },
    {
      "type": "Feature",
      "properties": {
        "cell_id": "r183c1231",
        "country": "South Korea",
        "row_global": 183,
        "col_global": 1231,
        "longitude": 127.875,
        "latitude": 37.875
      },
      "geometry": {
        "type": "Polygon",
        "coordinates": [
          [
            [
              127.75,
              37.75
            ],
            [
              128.0,
              37.75
            ],
            [
              128.0,
              38.0
            ],
            [
              127.75,
              38.0
            ],
            [
              127.75,
              37.75
            ]
          ]
        ]
      }
    },
    {
      "type": "Feature",
      "properties": {
        "cell_id": "r183c1232",
        "country": "South Korea",
        "row_global": 183,
        "col_global": 1232,
        "longitude": 128.125,
        "latitude": 37.875
      },
      "geometry": {
        "type": "Polygon",
        "coordinates": [
          [
            [
              128.0,
              37.75
            ],
            [
              128.25,
              37.75
            ],
            [
              128.25,
              38.0
            ],
            [
              128.0,
              38.0
            ],
            [
              128.0,
              37.75
            ]
          ]
        ]
      }
    },
    {
      "type": "Feature",
      "properties": {
        "cell_id": "r183c1233",
        "country": "South Korea",
        "row_global": 183,
        "col_global": 1233,
        "longitude": 128.375,
        "latitude": 37.875
      },
      "geometry": {
        "type": "Polygon",
        "coordinates": [
          [
            [
              128.25,
              37.75
            ],
            [
              128.5,
              37.75
            ],
            [
              128.5,
              38.0
            ],
            [
              128.25,
              38.0
            ],
            [
              128.25,
              37.75
            ]
          ]
        ]
      }
    },
    {
      "type": "Feature",
      "properties": {
        "cell_id": "r183c1234",
        "country": "South Korea",
        "row_global": 183,
        "col_global": 1234,
        "longitude": 128.625,
        "latitude": 37.875
      },
      "geometry": {
        "type": "Polygon",
        "coordinates": [
          [
            [
              128.5,
              37.75
            ],
            [
              128.75,
              37.75
            ],
            [
              128.75,
              38.0
            ],
            [
              128.5,
              38.0
            ],
            [
              128.5,
              37.75
            ]
          ]
        ]
      }
    },
    {
      "type": "Feature",
      "properties": {
        "cell_id": "r184c1226",
        "country": "South Korea",
        "row_global": 184,
        "col_global": 1226,
        "longitude": 126.625,
        "latitude": 37.625
      },
      "geometry": {
        "type": "Polygon",
        "coordinates": [
          [
            [
              126.5,
              37.5
            ],
            [
              126.75,
              37.5
            ],
            [
              126.75,
              37.75
            ],
            [
              126.5,
              37.75
            ],
            [
              126.5,
              37.5
            ]
          ]
        ]
      }
    },
    {
      "type": "Feature",
      "properties": {
        "cell_id": "r184c1227",
        "country": "South Korea",
        "row_global": 184,
        "col_global": 1227,
        "longitude": 126.875,
        "latitude": 37.625
      },
      "geometry": {
        "type": "Polygon",
        "coordinates": [
          [
            [
              126.75,
              37.5
            ],
            [
              127.0,
              37.5
            ],
            [
              127.0,
              37.75
            ],
            [
              126.75,
              37.75
            ],
            [
              126.75,
              37.5
            ]
          ]
        ]
      }
    },
    {
      "type": "Feature",
      "properties": {
        "cell_id": "r184c1228",
        "country": "South Korea",
        "row_global": 184,
        "col_global": 1228,
        "longitude": 127.125,
        "latitude": 37.625
      },
      "geometry": {
        "type": "Polygon",
        "coordinates": [
          [
            [
              127.0,
              37.5
            ],
            [
              127.25,
              37.5
            ],
            [
              127.25,
              37.75
            ],
            [
              127.0,
              37.75
            ],
            [
              127.0,
              37.5
            ]
          ]
        ]
      }
    },
    {
      "type": "Feature",
      "properties": {
        "cell_id": "r184c1229",
        "country": "South Korea",
        "row_global": 184,
        "col_global": 1229,
        "longitude": 127.375,
        "latitude": 37.625
      },
      "geometry": {
        "type": "Polygon",
        "coordinates": [
          [
            [
              127.25,
              37.5
            ],
            [
              127.5,
              37.5
            ],
            [
              127.5,
              37.75
            ],
            [
              127.25,
              37.75
            ],
            [
              127.25,
              37.5
            ]
          ]
        ]
      }
    },
    {
      "type": "Feature",
      "properties": {
        "cell_id": "r184c1230",
        "country": "South Korea",
        "row_global": 184,
        "col_global": 1230,
        "longitude": 127.625,
        "latitude": 37.625
      },
      "geometry": {
        "type": "Polygon",
        "coordinates": [
          [
            [
              127.5,
              37.5
            ],
            [
              127.75,
              37.5
            ],
            [
              127.75,
              37.75
            ],
            [
              127.5,
              37.75
            ],
            [
              127.5,
              37.5
            ]
          ]
        ]
      }
    },
    {
      "type": "Feature",
      "properties": {
        "cell_id": "r184c1231",
        "country": "South Korea",
        "row_global": 184,
        "col_global": 1231,
        "longitude": 127.875,
        "latitude": 37.625
      },
      "geometry": {
        "type": "Polygon",
        "coordinates": [
          [
            [
              127.75,
              37.5
            ],
            [
              128.0,
              37.5
            ],
            [
              128.0,
              37.75
            ],
            [
              127.75,
              37.75
            ],
            [
              127.75,
              37.5
            ]
          ]
        ]
      }
    },
    {
      "type": "Feature",
      "properties": {
        "cell_id": "r184c1232",
        "country": "South Korea",
        "row_global": 184,
        "col_global": 1232,
        "longitude": 128.125,
        "latitude": 37.625
      },
      "geometry": {
        "type": "Polygon",
        "coordinates": [
          [
            [
              128.0,
              37.5
            ],
            [
              128.25,
              37.5
            ],
            [
              128.25,
              37.75
            ],
            [
              128.0,
              37.75
            ],
            [
              128.0,
              37.5
            ]
          ]
        ]
      }
    },
    {
      "type": "Feature",
      "properties": {
        "cell_id": "r184c1233",
        "country": "South Korea",
        "row_global": 184,
        "col_global": 1233,
        "longitude": 128.375,
        "latitude": 37.625
      },
      "geometry": {
        "type": "Polygon",
        "coordinates": [
          [
            [
              128.25,
              37.5
            ],
            [
              128.5,
              37.5
            ],
            [
              128.5,
              37.75
            ],
            [
              128.25,
              37.75
            ],
            [
              128.25,
              37.5
            ]
          ]
        ]
      }
    },
    {
      "type": "Feature",
      "properties": {
        "cell_id": "r184c1234",
        "country": "South Korea",
        "row_global": 184,
        "col_global": 1234,
        "longitude": 128.625,
        "latitude": 37.625
      },
      "geometry": {
        "type": "Polygon",
        "coordinates": [
          [
            [
              128.5,
              37.5
            ],
            [
              128.75,
              37.5
            ],
            [
              128.75,
              37.75
            ],
            [
              128.5,
              37.75
            ],
            [
              128.5,
              37.5
            ]
          ]
        ]
      }
    },
    {
      "type": "Feature",
      "properties": {
        "cell_id": "r184c1235",
        "country": "South Korea",
        "row_global": 184,
        "col_global": 1235,
        "longitude": 128.875,
        "latitude": 37.625
      },
      "geometry": {
        "type": "Polygon",
        "coordinates": [
          [
            [
              128.75,
              37.5
            ],
            [
              129.0,
              37.5
            ],
            [
              129.0,
              37.75
            ],
            [
              128.75,
              37.75
            ],
            [
              128.75,
              37.5
            ]
          ]
        ]
      }
    },
    {
      "type": "Feature",
      "properties": {
        "cell_id": "r185c1226",
        "country": "South Korea",
        "row_global": 185,
        "col_global": 1226,
        "longitude": 126.625,
        "latitude": 37.375
      },
      "geometry": {
        "type": "Polygon",
        "coordinates": [
          [
            [
              126.5,
              37.25
            ],
            [
              126.75,
              37.25
            ],
            [
              126.75,
              37.5
            ],
            [
              126.5,
              37.5
            ],
            [
              126.5,
              37.25
            ]
          ]
        ]
      }
    },
    {
      "type": "Feature",
      "properties": {
        "cell_id": "r185c1227",
        "country": "South Korea",
        "row_global": 185,
        "col_global": 1227,
        "longitude": 126.875,
        "latitude": 37.375
      },
      "geometry": {
        "type": "Polygon",
        "coordinates": [
          [
            [
              126.75,
              37.25
            ],
            [
              127.0,
              37.25
            ],
            [
              127.0,
              37.5
            ],
            [
              126.75,
              37.5
            ],
            [
              126.75,
              37.25
            ]
          ]
        ]
      }
    },
    {
      "type": "Feature",
      "properties": {
        "cell_id": "r185c1228",
        "country": "South Korea",
        "row_global": 185,
        "col_global": 1228,
        "longitude": 127.125,
        "latitude": 37.375
      },
      "geometry": {
        "type": "Polygon",
        "coordinates": [
          [
            [
              127.0,
              37.25
            ],
            [
              127.25,
              37.25
            ],
            [
              127.25,
              37.5
            ],
            [
              127.0,
              37.5
            ],
            [
              127.0,
              37.25
            ]
          ]
        ]
      }
    },
    {
      "type": "Feature",
      "properties": {
        "cell_id": "r185c1229",
        "country": "South Korea",
        "row_global": 185,
        "col_global": 1229,
        "longitude": 127.375,
        "latitude": 37.375
      },
      "geometry": {
        "type": "Polygon",
        "coordinates": [
          [
            [
              127.25,
              37.25
            ],
            [
              127.5,
              37.25
            ],
            [
              127.5,
              37.5
            ],
            [
              127.25,
              37.5
            ],
            [
              127.25,
              37.25
            ]
          ]
        ]
      }
    },
    {
      "type": "Feature",
      "properties": {
        "cell_id": "r185c1230",
        "country": "South Korea",
        "row_global": 185,
        "col_global": 1230,
        "longitude": 127.625,
        "latitude": 37.375
      },
      "geometry": {
        "type": "Polygon",
        "coordinates": [
          [
            [
              127.5,
              37.25
            ],
            [
              127.75,
              37.25
            ],
            [
              127.75,
              37.5
            ],
            [
              127.5,
              37.5
            ],
            [
              127.5,
              37.25
            ]
          ]
        ]
      }
    },
    {
      "type": "Feature",
      "properties": {
        "cell_id": "r185c1231",
        "country": "South Korea",
        "row_global": 185,
        "col_global": 1231,
        "longitude": 127.875,
        "latitude": 37.375
      },
      "geometry": {
        "type": "Polygon",
        "coordinates": [
          [
            [
              127.75,
              37.25
            ],
            [
              128.0,
              37.25
            ],
            [
              128.0,
              37.5
            ],
            [
              127.75,
              37.5
            ],
            [
              127.75,
              37.25
            ]
          ]
        ]
      }
    },
    {
      "type": "Feature",
      "properties": {
        "cell_id": "r185c1232",
        "country": "South Korea",
        "row_global": 185,
        "col_global": 1232,
        "longitude": 128.125,
        "latitude": 37.375
      },
      "geometry": {
        "type": "Polygon",
        "coordinates": [
          [
            [
              128.0,
              37.25
            ],
            [
              128.25,
              37.25
            ],
            [
              128.25,
              37.5
            ],
            [
              128.0,
              37.5
            ],
            [
              128.0,
              37.25
            ]
          ]
        ]
      }
    },
    {
      "type": "Feature",
      "properties": {
        "cell_id": "r185c1233",
        "country": "South Korea",
        "row_global": 185,
        "col_global": 1233,
        "longitude": 128.375,
        "latitude": 37.375
      },
      "geometry": {
        "type": "Polygon",
        "coordinates": [
          [
            [
              128.25,
              37.25
            ],
            [
              128.5,
              37.25
            ],
            [
              128.5,
              37.5
            ],
            [
              128.25,
              37.5
            ],
            [
              128.25,
              37.25
            ]
          ]
        ]
      }
    },
    {
      "type": "Feature",
      "properties": {
        "cell_id": "r185c1234",
        "country": "South Korea",
        "row_global": 185,
        "col_global": 1234,
        "longitude": 128.625,
        "latitude": 37.375
      },
      "geometry": {
        "type": "Polygon",
        "coordinates": [
          [
            [
              128.5,
              37.25
            ],
            [
              128.75,
              37.25
            ],
            [
              128.75,
              37.5
            ],
            [
              128.5,
              37.5
            ],
            [
              128.5,
              37.25
            ]
          ]
        ]
      }
    },
    {
      "type": "Feature",
      "properties": {
        "cell_id": "r185c1235",
        "country": "South Korea",
        "row_global": 185,
        "col_global": 1235,
        "longitude": 128.875,
        "latitude": 37.375
      },
      "geometry": {
        "type": "Polygon",
        "coordinates": [
          [
            [
              128.75,
              37.25
            ],
            [
              129.0,
              37.25
            ],
            [
              129.0,
              37.5
            ],
            [
              128.75,
              37.5
            ],
            [
              128.75,
              37.25
            ]
          ]
        ]
      }
    },
    {
      "type": "Feature",
      "properties": {
        "cell_id": "r185c1236",
        "country": "South Korea",
        "row_global": 185,
        "col_global": 1236,
        "longitude": 129.125,
        "latitude": 37.375
      },
      "geometry": {
        "type": "Polygon",
        "coordinates": [
          [
            [
              129.0,
              37.25
            ],
            [
              129.25,
              37.25
            ],
            [
              129.25,
              37.5
            ],
            [
              129.0,
              37.5
            ],
            [
              129.0,
              37.25
            ]
          ]
        ]
      }
    },
    {
      "type": "Feature",
      "properties": {
        "cell_id": "r186c1227",
        "country": "South Korea",
        "row_global": 186,
        "col_global": 1227,
        "longitude": 126.875,
        "latitude": 37.125
      },
      "geometry": {
        "type": "Polygon",
        "coordinates": [
          [
            [
              126.75,
              37.0
            ],
            [
              127.0,
              37.0
            ],
            [
              127.0,
              37.25
            ],
            [
              126.75,
              37.25
            ],
            [
              126.75,
              37.0
            ]
          ]
        ]
      }
    },
    {
      "type": "Feature",
      "properties": {
        "cell_id": "r186c1228",
        "country": "South Korea",
        "row_global": 186,
        "col_global": 1228,
        "longitude": 127.125,
        "latitude": 37.125
      },
      "geometry": {
        "type": "Polygon",
        "coordinates": [
          [
            [
              127.0,
              37.0
            ],
            [
              127.25,
              37.0
            ],
            [
              127.25,
              37.25
            ],
            [
              127.0,
              37.25
            ],
            [
              127.0,
              37.0
            ]
          ]
        ]
      }
    },
    {
      "type": "Feature",
      "properties": {
        "cell_id": "r186c1229",
        "country": "South Korea",
        "row_global": 186,
        "col_global": 1229,
        "longitude": 127.375,
        "latitude": 37.125
      },
      "geometry": {
        "type": "Polygon",
        "coordinates": [
          [
            [
              127.25,
              37.0
            ],
            [
              127.5,
              37.0
            ],
            [
              127.5,
              37.25
            ],
            [
              127.25,
              37.25
            ],
            [
              127.25,
              37.0
            ]
          ]
        ]
      }
    },
    {
      "type": "Feature",
      "properties": {
        "cell_id": "r186c1230",
        "country": "South Korea",
        "row_global": 186,
        "col_global": 1230,
        "longitude": 127.625,
        "latitude": 37.125
      },
      "geometry": {
        "type": "Polygon",
        "coordinates": [
          [
            [
              127.5,
              37.0
            ],
            [
              127.75,
              37.0
            ],
            [
              127.75,
              37.25
            ],
            [
              127.5,
              37.25
            ],
            [
              127.5,
              37.0
            ]
          ]
        ]
      }
    },
    {
      "type": "Feature",
      "properties": {
        "cell_id": "r186c1231",
        "country": "South Korea",
        "row_global": 186,
        "col_global": 1231,
        "longitude": 127.875,
        "latitude": 37.125
      },
      "geometry": {
        "type": "Polygon",
        "coordinates": [
          [
            [
              127.75,
              37.0
            ],
            [
              128.0,
              37.0
            ],
            [
              128.0,
              37.25
            ],
            [
              127.75,
              37.25
            ],
            [
              127.75,
              37.0
            ]
          ]
        ]
      }
    },
    {
      "type": "Feature",
      "properties": {
        "cell_id": "r186c1232",
        "country": "South Korea",
        "row_global": 186,
        "col_global": 1232,
        "longitude": 128.125,
        "latitude": 37.125
      },
      "geometry": {
        "type": "Polygon",
        "coordinates": [
          [
            [
              128.0,
              37.0
            ],
            [
              128.25,
              37.0
            ],
            [
              128.25,
              37.25
            ],
            [
              128.0,
              37.25
            ],
            [
              128.0,
              37.0
            ]
          ]
        ]
      }
    },
    {
      "type": "Feature",
      "properties": {
        "cell_id": "r186c1233",
        "country": "South Korea",
        "row_global": 186,
        "col_global": 1233,
        "longitude": 128.375,
        "latitude": 37.125
      },
      "geometry": {
        "type": "Polygon",
        "coordinates": [
          [
            [
              128.25,
              37.0
            ],
            [
              128.5,
              37.0
            ],
            [
              128.5,
              37.25
            ],
            [
              128.25,
              37.25
            ],
            [
              128.25,
              37.0
            ]
          ]
        ]
      }
    },
    {
      "type": "Feature",
      "properties": {
        "cell_id": "r186c1234",
        "country": "South Korea",
        "row_global": 186,
        "col_global": 1234,
        "longitude": 128.625,
        "latitude": 37.125
      },
      "geometry": {
        "type": "Polygon",
        "coordinates": [
          [
            [
              128.5,
              37.0
            ],
            [
              128.75,
              37.0
            ],
            [
              128.75,
              37.25
            ],
            [
              128.5,
              37.25
            ],
            [
              128.5,
              37.0
            ]
          ]
        ]
      }
    },
    {
      "type": "Feature",
      "properties": {
        "cell_id": "r186c1235",
        "country": "South Korea",
        "row_global": 186,
        "col_global": 1235,
        "longitude": 128.875,
        "latitude": 37.125
      },
      "geometry": {
        "type": "Polygon",
        "coordinates": [
          [
            [
              128.75,
              37.0
            ],
            [
              129.0,
              37.0
            ],
            [
              129.0,
              37.25
            ],
            [
              128.75,
              37.25
            ],
            [
              128.75,
              37.0
            ]
          ]
        ]
      }
    },
    {
      "type": "Feature",
      "properties": {
        "cell_id": "r186c1236",
        "country": "South Korea",
        "row_global": 186,
        "col_global": 1236,
        "longitude": 129.125,
        "latitude": 37.125
      },
      "geometry": {
        "type": "Polygon",
        "coordinates": [
          [
            [
              129.0,
              37.0
            ],
            [
              129.25,
              37.0
            ],
            [
              129.25,
              37.25
            ],
            [
              129.0,
              37.25
            ],
            [
              129.0,
              37.0
            ]
          ]
        ]
      }
    },
    {
      "type": "Feature",
      "properties": {
        "cell_id": "r186c1237",
        "country": "South Korea",
        "row_global": 186,
        "col_global": 1237,
        "longitude": 129.375,
        "latitude": 37.125
      },
      "geometry": {
        "type": "Polygon",
        "coordinates": [
          [
            [
              129.25,
              37.0
            ],
            [
              129.5,
              37.0
            ],
            [
              129.5,
              37.25
            ],
            [
              129.25,
              37.25
            ],
            [
              129.25,
              37.0
            ]
          ]
        ]
      }
    },
    {
      "type": "Feature",
      "properties": {
        "cell_id": "r187c1226",
        "country": "South Korea",
        "row_global": 187,
        "col_global": 1226,
        "longitude": 126.625,
        "latitude": 36.875
      },
      "geometry": {
        "type": "Polygon",
        "coordinates": [
          [
            [
              126.5,
              36.75
            ],
            [
              126.75,
              36.75
            ],
            [
              126.75,
              37.0
            ],
            [
              126.5,
              37.0
            ],
            [
              126.5,
              36.75
            ]
          ]
        ]
      }
    },
    {
      "type": "Feature",
      "properties": {
        "cell_id": "r187c1228",
        "country": "South Korea",
        "row_global": 187,
        "col_global": 1228,
        "longitude": 127.125,
        "latitude": 36.875
      },
      "geometry": {
        "type": "Polygon",
        "coordinates": [
          [
            [
              127.0,
              36.75
            ],
            [
              127.25,
              36.75
            ],
            [
              127.25,
              37.0
            ],
            [
              127.0,
              37.0
            ],
            [
              127.0,
              36.75
            ]
          ]
        ]
      }
    },
    {
      "type": "Feature",
      "properties": {
        "cell_id": "r187c1229",
        "country": "South Korea",
        "row_global": 187,
        "col_global": 1229,
        "longitude": 127.375,
        "latitude": 36.875
      },
      "geometry": {
        "type": "Polygon",
        "coordinates": [
          [
            [
              127.25,
              36.75
            ],
            [
              127.5,
              36.75
            ],
            [
              127.5,
              37.0
            ],
            [
              127.25,
              37.0
            ],
            [
              127.25,
              36.75
            ]
          ]
        ]
      }
    },
    {
      "type": "Feature",
      "properties": {
        "cell_id": "r187c1230",
        "country": "South Korea",
        "row_global": 187,
        "col_global": 1230,
        "longitude": 127.625,
        "latitude": 36.875
      },
      "geometry": {
        "type": "Polygon",
        "coordinates": [
          [
            [
              127.5,
              36.75
            ],
            [
              127.75,
              36.75
            ],
            [
              127.75,
              37.0
            ],
            [
              127.5,
              37.0
            ],
            [
              127.5,
              36.75
            ]
          ]
        ]
      }
    },
    {
      "type": "Feature",
      "properties": {
        "cell_id": "r187c1231",
        "country": "South Korea",
        "row_global": 187,
        "col_global": 1231,
        "longitude": 127.875,
        "latitude": 36.875
      },
      "geometry": {
        "type": "Polygon",
        "coordinates": [
          [
            [
              127.75,
              36.75
            ],
            [
              128.0,
              36.75
            ],
            [
              128.0,
              37.0
            ],
            [
              127.75,
              37.0
            ],
            [
              127.75,
              36.75
            ]
          ]
        ]
      }
    },
    {
      "type": "Feature",
      "properties": {
        "cell_id": "r187c1232",
        "country": "South Korea",
        "row_global": 187,
        "col_global": 1232,
        "longitude": 128.125,
        "latitude": 36.875
      },
      "geometry": {
        "type": "Polygon",
        "coordinates": [
          [
            [
              128.0,
              36.75
            ],
            [
              128.25,
              36.75
            ],
            [
              128.25,
              37.0
            ],
            [
              128.0,
              37.0
            ],
            [
              128.0,
              36.75
            ]
          ]
        ]
      }
    },
    {
      "type": "Feature",
      "properties": {
        "cell_id": "r187c1233",
        "country": "South Korea",
        "row_global": 187,
        "col_global": 1233,
        "longitude": 128.375,
        "latitude": 36.875
      },
      "geometry": {
        "type": "Polygon",
        "coordinates": [
          [
            [
              128.25,
              36.75
            ],
            [
              128.5,
              36.75
            ],
            [
              128.5,
              37.0
            ],
            [
              128.25,
              37.0
            ],
            [
              128.25,
              36.75
            ]
          ]
        ]
      }
    },
    {
      "type": "Feature",
      "properties": {
        "cell_id": "r187c1234",
        "country": "South Korea",
        "row_global": 187,
        "col_global": 1234,
        "longitude": 128.625,
        "latitude": 36.875
      },
      "geometry": {
        "type": "Polygon",
        "coordinates": [
          [
            [
              128.5,
              36.75
            ],
            [
              128.75,
              36.75
            ],
            [
              128.75,
              37.0
            ],
            [
              128.5,
              37.0
            ],
            [
              128.5,
              36.75
            ]
          ]
        ]
      }
    },
    {
      "type": "Feature",
      "properties": {
        "cell_id": "r187c1235",
        "country": "South Korea",
        "row_global": 187,
        "col_global": 1235,
        "longitude": 128.875,
        "latitude": 36.875
      },
      "geometry": {
        "type": "Polygon",
        "coordinates": [
          [
            [
              128.75,
              36.75
            ],
            [
              129.0,
              36.75
            ],
            [
              129.0,
              37.0
            ],
            [
              128.75,
              37.0
            ],
            [
              128.75,
              36.75
            ]
          ]
        ]
      }
    },
    {
      "type": "Feature",
      "properties": {
        "cell_id": "r187c1236",
        "country": "South Korea",
        "row_global": 187,
        "col_global": 1236,
        "longitude": 129.125,
        "latitude": 36.875
      },
      "geometry": {
        "type": "Polygon",
        "coordinates": [
          [
            [
              129.0,
              36.75
            ],
            [
              129.25,
              36.75
            ],
            [
              129.25,
              37.0
            ],
            [
              129.0,
              37.0
            ],
            [
              129.0,
              36.75
            ]
          ]
        ]
      }
    },
    {
      "type": "Feature",
      "properties": {
        "cell_id": "r187c1237",
        "country": "South Korea",
        "row_global": 187,
        "col_global": 1237,
        "longitude": 129.375,
        "latitude": 36.875
      },
      "geometry": {
        "type": "Polygon",
        "coordinates": [
          [
            [
              129.25,
              36.75
            ],
            [
              129.5,
              36.75
            ],
            [
              129.5,
              37.0
            ],
            [
              129.25,
              37.0
            ],
            [
              129.25,
              36.75
            ]
          ]
        ]
      }
    },
    {
      "type": "Feature",
      "properties": {
        "cell_id": "r188c1225",
        "country": "South Korea",
        "row_global": 188,
        "col_global": 1225,
        "longitude": 126.375,
        "latitude": 36.625
      },
      "geometry": {
        "type": "Polygon",
        "coordinates": [
          [
            [
              126.25,
              36.5
            ],
            [
              126.5,
              36.5
            ],
            [
              126.5,
              36.75
            ],
            [
              126.25,
              36.75
            ],
            [
              126.25,
              36.5
            ]
          ]
        ]
      }
    },
    {
      "type": "Feature",
      "properties": {
        "cell_id": "r188c1226",
        "country": "South Korea",
        "row_global": 188,
        "col_global": 1226,
        "longitude": 126.625,
        "latitude": 36.625
      },
      "geometry": {
        "type": "Polygon",
        "coordinates": [
          [
            [
              126.5,
              36.5
            ],
            [
              126.75,
              36.5
            ],
            [
              126.75,
              36.75
            ],
            [
              126.5,
              36.75
            ],
            [
              126.5,
              36.5
            ]
          ]
        ]
      }
    },
    {
      "type": "Feature",
      "properties": {
        "cell_id": "r188c1227",
        "country": "South Korea",
        "row_global": 188,
        "col_global": 1227,
        "longitude": 126.875,
        "latitude": 36.625
      },
      "geometry": {
        "type": "Polygon",
        "coordinates": [
          [
            [
              126.75,
              36.5
            ],
            [
              127.0,
              36.5
            ],
            [
              127.0,
              36.75
            ],
            [
              126.75,
              36.75
            ],
            [
              126.75,
              36.5
            ]
          ]
        ]
      }
    },
    {
      "type": "Feature",
      "properties": {
        "cell_id": "r188c1228",
        "country": "South Korea",
        "row_global": 188,
        "col_global": 1228,
        "longitude": 127.125,
        "latitude": 36.625
      },
      "geometry": {
        "type": "Polygon",
        "coordinates": [
          [
            [
              127.0,
              36.5
            ],
            [
              127.25,
              36.5
            ],
            [
              127.25,
              36.75
            ],
            [
              127.0,
              36.75
            ],
            [
              127.0,
              36.5
            ]
          ]
        ]
      }
    },
    {
      "type": "Feature",
      "properties": {
        "cell_id": "r188c1229",
        "country": "South Korea",
        "row_global": 188,
        "col_global": 1229,
        "longitude": 127.375,
        "latitude": 36.625
      },
      "geometry": {
        "type": "Polygon",
        "coordinates": [
          [
            [
              127.25,
              36.5
            ],
            [
              127.5,
              36.5
            ],
            [
              127.5,
              36.75
            ],
            [
              127.25,
              36.75
            ],
            [
              127.25,
              36.5
            ]
          ]
        ]
      }
    },
    {
      "type": "Feature",
      "properties": {
        "cell_id": "r188c1230",
        "country": "South Korea",
        "row_global": 188,
        "col_global": 1230,
        "longitude": 127.625,
        "latitude": 36.625
      },
      "geometry": {
        "type": "Polygon",
        "coordinates": [
          [
            [
              127.5,
              36.5
            ],
            [
              127.75,
              36.5
            ],
            [
              127.75,
              36.75
            ],
            [
              127.5,
              36.75
            ],
            [
              127.5,
              36.5
            ]
          ]
        ]
      }
    },
    {
      "type": "Feature",
      "properties": {
        "cell_id": "r188c1231",
        "country": "South Korea",
        "row_global": 188,
        "col_global": 1231,
        "longitude": 127.875,
        "latitude": 36.625
      },
      "geometry": {
        "type": "Polygon",
        "coordinates": [
          [
            [
              127.75,
              36.5
            ],
            [
              128.0,
              36.5
            ],
            [
              128.0,
              36.75
            ],
            [
              127.75,
              36.75
            ],
            [
              127.75,
              36.5
            ]
          ]
        ]
      }
    },
    {
      "type": "Feature",
      "properties": {
        "cell_id": "r188c1232",
        "country": "South Korea",
        "row_global": 188,
        "col_global": 1232,
        "longitude": 128.125,
        "latitude": 36.625
      },
      "geometry": {
        "type": "Polygon",
        "coordinates": [
          [
            [
              128.0,
              36.5
            ],
            [
              128.25,
              36.5
            ],
            [
              128.25,
              36.75
            ],
            [
              128.0,
              36.75
            ],
            [
              128.0,
              36.5
            ]
          ]
        ]
      }
    },
    {
      "type": "Feature",
      "properties": {
        "cell_id": "r188c1233",
        "country": "South Korea",
        "row_global": 188,
        "col_global": 1233,
        "longitude": 128.375,
        "latitude": 36.625
      },
      "geometry": {
        "type": "Polygon",
        "coordinates": [
          [
            [
              128.25,
              36.5
            ],
            [
              128.5,
              36.5
            ],
            [
              128.5,
              36.75
            ],
            [
              128.25,
              36.75
            ],
            [
              128.25,
              36.5
            ]
          ]
        ]
      }
    },
    {
      "type": "Feature",
      "properties": {
        "cell_id": "r188c1234",
        "country": "South Korea",
        "row_global": 188,
        "col_global": 1234,
        "longitude": 128.625,
        "latitude": 36.625
      },
      "geometry": {
        "type": "Polygon",
        "coordinates": [
          [
            [
              128.5,
              36.5
            ],
            [
              128.75,
              36.5
            ],
            [
              128.75,
              36.75
            ],
            [
              128.5,
              36.75
            ],
            [
              128.5,
              36.5
            ]
          ]
        ]
      }
    },
    {
      "type": "Feature",
      "properties": {
        "cell_id": "r188c1235",
        "country": "South Korea",
        "row_global": 188,
        "col_global": 1235,
        "longitude": 128.875,
        "latitude": 36.625
      },
      "geometry": {
        "type": "Polygon",
        "coordinates": [
          [
            [
              128.75,
              36.5
            ],
            [
              129.0,
              36.5
            ],
            [
              129.0,
              36.75
            ],
            [
              128.75,
              36.75
            ],
            [
              128.75,
              36.5
            ]
          ]
        ]
      }
    },
    {
      "type": "Feature",
      "properties": {
        "cell_id": "r188c1236",
        "country": "South Korea",
        "row_global": 188,
        "col_global": 1236,
        "longitude": 129.125,
        "latitude": 36.625
      },
      "geometry": {
        "type": "Polygon",
        "coordinates": [
          [
            [
              129.0,
              36.5
            ],
            [
              129.25,
              36.5
            ],
            [
              129.25,
              36.75
            ],
            [
              129.0,
              36.75
            ],
            [
              129.0,
              36.5
            ]
          ]
        ]
      }
    },
    {
      "type": "Feature",
      "properties": {
        "cell_id": "r188c1237",
        "country": "South Korea",
        "row_global": 188,
        "col_global": 1237,
        "longitude": 129.375,
        "latitude": 36.625
      },
      "geometry": {
        "type": "Polygon",
        "coordinates": [
          [
            [
              129.25,
              36.5
            ],
            [
              129.5,
              36.5
            ],
            [
              129.5,
              36.75
            ],
            [
              129.25,
              36.75
            ],
            [
              129.25,
              36.5
            ]
          ]
        ]
      }
    },
    {
      "type": "Feature",
      "properties": {
        "cell_id": "r189c1226",
        "country": "South Korea",
        "row_global": 189,
        "col_global": 1226,
        "longitude": 126.625,
        "latitude": 36.375
      },
      "geometry": {
        "type": "Polygon",
        "coordinates": [
          [
            [
              126.5,
              36.25
            ],
            [
              126.75,
              36.25
            ],
            [
              126.75,
              36.5
            ],
            [
              126.5,
              36.5
            ],
            [
              126.5,
              36.25
            ]
          ]
        ]
      }
    },
    {
      "type": "Feature",
      "properties": {
        "cell_id": "r189c1227",
        "country": "South Korea",
        "row_global": 189,
        "col_global": 1227,
        "longitude": 126.875,
        "latitude": 36.375
      },
      "geometry": {
        "type": "Polygon",
        "coordinates": [
          [
            [
              126.75,
              36.25
            ],
            [
              127.0,
              36.25
            ],
            [
              127.0,
              36.5
            ],
            [
              126.75,
              36.5
            ],
            [
              126.75,
              36.25
            ]
          ]
        ]
      }
    },
    {
      "type": "Feature",
      "properties": {
        "cell_id": "r189c1228",
        "country": "South Korea",
        "row_global": 189,
        "col_global": 1228,
        "longitude": 127.125,
        "latitude": 36.375
      },
      "geometry": {
        "type": "Polygon",
        "coordinates": [
          [
            [
              127.0,
              36.25
            ],
            [
              127.25,
              36.25
            ],
            [
              127.25,
              36.5
            ],
            [
              127.0,
              36.5
            ],
            [
              127.0,
              36.25
            ]
          ]
        ]
      }
    },
    {
      "type": "Feature",
      "properties": {
        "cell_id": "r189c1229",
        "country": "South Korea",
        "row_global": 189,
        "col_global": 1229,
        "longitude": 127.375,
        "latitude": 36.375
      },
      "geometry": {
        "type": "Polygon",
        "coordinates": [
          [
            [
              127.25,
              36.25
            ],
            [
              127.5,
              36.25
            ],
            [
              127.5,
              36.5
            ],
            [
              127.25,
              36.5
            ],
            [
              127.25,
              36.25
            ]
          ]
        ]
      }
    },
    {
      "type": "Feature",
      "properties": {
        "cell_id": "r189c1230",
        "country": "South Korea",
        "row_global": 189,
        "col_global": 1230,
        "longitude": 127.625,
        "latitude": 36.375
      },
      "geometry": {
        "type": "Polygon",
        "coordinates": [
          [
            [
              127.5,
              36.25
            ],
            [
              127.75,
              36.25
            ],
            [
              127.75,
              36.5
            ],
            [
              127.5,
              36.5
            ],
            [
              127.5,
              36.25
            ]
          ]
        ]
      }
    },
    {
      "type": "Feature",
      "properties": {
        "cell_id": "r189c1231",
        "country": "South Korea",
        "row_global": 189,
        "col_global": 1231,
        "longitude": 127.875,
        "latitude": 36.375
      },
      "geometry": {
        "type": "Polygon",
        "coordinates": [
          [
            [
              127.75,
              36.25
            ],
            [
              128.0,
              36.25
            ],
            [
              128.0,
              36.5
            ],
            [
              127.75,
              36.5
            ],
            [
              127.75,
              36.25
            ]
          ]
        ]
      }
    },
    {
      "type": "Feature",
      "properties": {
        "cell_id": "r189c1232",
        "country": "South Korea",
        "row_global": 189,
        "col_global": 1232,
        "longitude": 128.125,
        "latitude": 36.375
      },
      "geometry": {
        "type": "Polygon",
        "coordinates": [
          [
            [
              128.0,
              36.25
            ],
            [
              128.25,
              36.25
            ],
            [
              128.25,
              36.5
            ],
            [
              128.0,
              36.5
            ],
            [
              128.0,
              36.25
            ]
          ]
        ]
      }
    },
    {
      "type": "Feature",
      "properties": {
        "cell_id": "r189c1233",
        "country": "South Korea",
        "row_global": 189,
        "col_global": 1233,
        "longitude": 128.375,
        "latitude": 36.375
      },
      "geometry": {
        "type": "Polygon",
        "coordinates": [
          [
            [
              128.25,
              36.25
            ],
            [
              128.5,
              36.25
            ],
            [
              128.5,
              36.5
            ],
            [
              128.25,
              36.5
            ],
            [
              128.25,
              36.25
            ]
          ]
        ]
      }
    },
    {
      "type": "Feature",
      "properties": {
        "cell_id": "r189c1234",
        "country": "South Korea",
        "row_global": 189,
        "col_global": 1234,
        "longitude": 128.625,
        "latitude": 36.375
      },
      "geometry": {
        "type": "Polygon",
        "coordinates": [
          [
            [
              128.5,
              36.25
            ],
            [
              128.75,
              36.25
            ],
            [
              128.75,
              36.5
            ],
            [
              128.5,
              36.5
            ],
            [
              128.5,
              36.25
            ]
          ]
        ]
      }
    },
    {
      "type": "Feature",
      "properties": {
        "cell_id": "r189c1235",
        "country": "South Korea",
        "row_global": 189,
        "col_global": 1235,
        "longitude": 128.875,
        "latitude": 36.375
      },
      "geometry": {
        "type": "Polygon",
        "coordinates": [
          [
            [
              128.75,
              36.25
            ],
            [
              129.0,
              36.25
            ],
            [
              129.0,
              36.5
            ],
            [
              128.75,
              36.5
            ],
            [
              128.75,
              36.25
            ]
          ]
        ]
      }
    },
    {
      "type": "Feature",
      "properties": {
        "cell_id": "r189c1236",
        "country": "South Korea",
        "row_global": 189,
        "col_global": 1236,
        "longitude": 129.125,
        "latitude": 36.375
      },
      "geometry": {
        "type": "Polygon",
        "coordinates": [
          [
            [
              129.0,
              36.25
            ],
            [
              129.25,
              36.25
            ],
            [
              129.25,
              36.5
            ],
            [
              129.0,
              36.5
            ],
            [
              129.0,
              36.25
            ]
          ]
        ]
      }
    },
    {
      "type": "Feature",
      "properties": {
        "cell_id": "r189c1237",
        "country": "South Korea",
        "row_global": 189,
        "col_global": 1237,
        "longitude": 129.375,
        "latitude": 36.375
      },
      "geometry": {
        "type": "Polygon",
        "coordinates": [
          [
            [
              129.25,
              36.25
            ],
            [
              129.5,
              36.25
            ],
            [
              129.5,
              36.5
            ],
            [
              129.25,
              36.5
            ],
            [
              129.25,
              36.25
            ]
          ]
        ]
      }
    },
    {
      "type": "Feature",
      "properties": {
        "cell_id": "r190c1226",
        "country": "South Korea",
        "row_global": 190,
        "col_global": 1226,
        "longitude": 126.625,
        "latitude": 36.125
      },
      "geometry": {
        "type": "Polygon",
        "coordinates": [
          [
            [
              126.5,
              36.0
            ],
            [
              126.75,
              36.0
            ],
            [
              126.75,
              36.25
            ],
            [
              126.5,
              36.25
            ],
            [
              126.5,
              36.0
            ]
          ]
        ]
      }
    },
    {
      "type": "Feature",
      "properties": {
        "cell_id": "r190c1227",
        "country": "South Korea",
        "row_global": 190,
        "col_global": 1227,
        "longitude": 126.875,
        "latitude": 36.125
      },
      "geometry": {
        "type": "Polygon",
        "coordinates": [
          [
            [
              126.75,
              36.0
            ],
            [
              127.0,
              36.0
            ],
            [
              127.0,
              36.25
            ],
            [
              126.75,
              36.25
            ],
            [
              126.75,
              36.0
            ]
          ]
        ]
      }
    },
    {
      "type": "Feature",
      "properties": {
        "cell_id": "r190c1228",
        "country": "South Korea",
        "row_global": 190,
        "col_global": 1228,
        "longitude": 127.125,
        "latitude": 36.125
      },
      "geometry": {
        "type": "Polygon",
        "coordinates": [
          [
            [
              127.0,
              36.0
            ],
            [
              127.25,
              36.0
            ],
            [
              127.25,
              36.25
            ],
            [
              127.0,
              36.25
            ],
            [
              127.0,
              36.0
            ]
          ]
        ]
      }
    },
    {
      "type": "Feature",
      "properties": {
        "cell_id": "r190c1229",
        "country": "South Korea",
        "row_global": 190,
        "col_global": 1229,
        "longitude": 127.375,
        "latitude": 36.125
      },
      "geometry": {
        "type": "Polygon",
        "coordinates": [
          [
            [
              127.25,
              36.0
            ],
            [
              127.5,
              36.0
            ],
            [
              127.5,
              36.25
            ],
            [
              127.25,
              36.25
            ],
            [
              127.25,
              36.0
            ]
          ]
        ]
      }
    },
    {
      "type": "Feature",
      "properties": {
        "cell_id": "r190c1230",
        "country": "South Korea",
        "row_global": 190,
        "col_global": 1230,
        "longitude": 127.625,
        "latitude": 36.125
      },
      "geometry": {
        "type": "Polygon",
        "coordinates": [
          [
            [
              127.5,
              36.0
            ],
            [
              127.75,
              36.0
            ],
            [
              127.75,
              36.25
            ],
            [
              127.5,
              36.25
            ],
            [
              127.5,
              36.0
            ]
          ]
        ]
      }
    },
    {
      "type": "Feature",
      "properties": {
        "cell_id": "r190c1231",
        "country": "South Korea",
        "row_global": 190,
        "col_global": 1231,
        "longitude": 127.875,
        "latitude": 36.125
      },
      "geometry": {
        "type": "Polygon",
        "coordinates": [
          [
            [
              127.75,
              36.0
            ],
            [
              128.0,
              36.0
            ],
            [
              128.0,
              36.25
            ],
            [
              127.75,
              36.25
            ],
            [
              127.75,
              36.0
            ]
          ]
        ]
      }
    },
    {
      "type": "Feature",
      "properties": {
        "cell_id": "r190c1232",
        "country": "South Korea",
        "row_global": 190,
        "col_global": 1232,
        "longitude": 128.125,
        "latitude": 36.125
      },
      "geometry": {
        "type": "Polygon",
        "coordinates": [
          [
            [
              128.0,
              36.0
            ],
            [
              128.25,
              36.0
            ],
            [
              128.25,
              36.25
            ],
            [
              128.0,
              36.25
            ],
            [
              128.0,
              36.0
            ]
          ]
        ]
      }
    },
    {
      "type": "Feature",
      "properties": {
        "cell_id": "r190c1233",
        "country": "South Korea",
        "row_global": 190,
        "col_global": 1233,
        "longitude": 128.375,
        "latitude": 36.125
      },
      "geometry": {
        "type": "Polygon",
        "coordinates": [
          [
            [
              128.25,
              36.0
            ],
            [
              128.5,
              36.0
            ],
            [
              128.5,
              36.25
            ],
            [
              128.25,
              36.25
            ],
            [
              128.25,
              36.0
            ]
          ]
        ]
      }
    },
    {
      "type": "Feature",
      "properties": {
        "cell_id": "r190c1234",
        "country": "South Korea",
        "row_global": 190,
        "col_global": 1234,
        "longitude": 128.625,
        "latitude": 36.125
      },
      "geometry": {
        "type": "Polygon",
        "coordinates": [
          [
            [
              128.5,
              36.0
            ],
            [
              128.75,
              36.0
            ],
            [
              128.75,
              36.25
            ],
            [
              128.5,
              36.25
            ],
            [
              128.5,
              36.0
            ]
          ]
        ]
      }
    },
    {
      "type": "Feature",
      "properties": {
        "cell_id": "r190c1235",
        "country": "South Korea",
        "row_global": 190,
        "col_global": 1235,
        "longitude": 128.875,
        "latitude": 36.125
      },
      "geometry": {
        "type": "Polygon",
        "coordinates": [
          [
            [
              128.75,
              36.0
            ],
            [
              129.0,
              36.0
            ],
            [
              129.0,
              36.25
            ],
            [
              128.75,
              36.25
            ],
            [
              128.75,
              36.0
            ]
          ]
        ]
      }
    },
    {
      "type": "Feature",
      "properties": {
        "cell_id": "r190c1236",
        "country": "South Korea",
        "row_global": 190,
        "col_global": 1236,
        "longitude": 129.125,
        "latitude": 36.125
      },
      "geometry": {
        "type": "Polygon",
        "coordinates": [
          [
            [
              129.0,
              36.0
            ],
            [
              129.25,
              36.0
            ],
            [
              129.25,
              36.25
            ],
            [
              129.0,
              36.25
            ],
            [
              129.0,
              36.0
            ]
          ]
        ]
      }
    },
    {
      "type": "Feature",
      "properties": {
        "cell_id": "r190c1237",
        "country": "South Korea",
        "row_global": 190,
        "col_global": 1237,
        "longitude": 129.375,
        "latitude": 36.125
      },
      "geometry": {
        "type": "Polygon",
        "coordinates": [
          [
            [
              129.25,
              36.0
            ],
            [
              129.5,
              36.0
            ],
            [
              129.5,
              36.25
            ],
            [
              129.25,
              36.25
            ],
            [
              129.25,
              36.0
            ]
          ]
        ]
      }
    },
    {
      "type": "Feature",
      "properties": {
        "cell_id": "r191c1227",
        "country": "South Korea",
        "row_global": 191,
        "col_global": 1227,
        "longitude": 126.875,
        "latitude": 35.875
      },
      "geometry": {
        "type": "Polygon",
        "coordinates": [
          [
            [
              126.75,
              35.75
            ],
            [
              127.0,
              35.75
            ],
            [
              127.0,
              36.0
            ],
            [
              126.75,
              36.0
            ],
            [
              126.75,
              35.75
            ]
          ]
        ]
      }
    },
    {
      "type": "Feature",
      "properties": {
        "cell_id": "r191c1228",
        "country": "South Korea",
        "row_global": 191,
        "col_global": 1228,
        "longitude": 127.125,
        "latitude": 35.875
      },
      "geometry": {
        "type": "Polygon",
        "coordinates": [
          [
            [
              127.0,
              35.75
            ],
            [
              127.25,
              35.75
            ],
            [
              127.25,
              36.0
            ],
            [
              127.0,
              36.0
            ],
            [
              127.0,
              35.75
            ]
          ]
        ]
      }
    },
    {
      "type": "Feature",
      "properties": {
        "cell_id": "r191c1229",
        "country": "South Korea",
        "row_global": 191,
        "col_global": 1229,
        "longitude": 127.375,
        "latitude": 35.875
      },
      "geometry": {
        "type": "Polygon",
        "coordinates": [
          [
            [
              127.25,
              35.75
            ],
            [
              127.5,
              35.75
            ],
            [
              127.5,
              36.0
            ],
            [
              127.25,
              36.0
            ],
            [
              127.25,
              35.75
            ]
          ]
        ]
      }
    },
    {
      "type": "Feature",
      "properties": {
        "cell_id": "r191c1230",
        "country": "South Korea",
        "row_global": 191,
        "col_global": 1230,
        "longitude": 127.625,
        "latitude": 35.875
      },
      "geometry": {
        "type": "Polygon",
        "coordinates": [
          [
            [
              127.5,
              35.75
            ],
            [
              127.75,
              35.75
            ],
            [
              127.75,
              36.0
            ],
            [
              127.5,
              36.0
            ],
            [
              127.5,
              35.75
            ]
          ]
        ]
      }
    },
    {
      "type": "Feature",
      "properties": {
        "cell_id": "r191c1231",
        "country": "South Korea",
        "row_global": 191,
        "col_global": 1231,
        "longitude": 127.875,
        "latitude": 35.875
      },
      "geometry": {
        "type": "Polygon",
        "coordinates": [
          [
            [
              127.75,
              35.75
            ],
            [
              128.0,
              35.75
            ],
            [
              128.0,
              36.0
            ],
            [
              127.75,
              36.0
            ],
            [
              127.75,
              35.75
            ]
          ]
        ]
      }
    },
    {
      "type": "Feature",
      "properties": {
        "cell_id": "r191c1232",
        "country": "South Korea",
        "row_global": 191,
        "col_global": 1232,
        "longitude": 128.125,
        "latitude": 35.875
      },
      "geometry": {
        "type": "Polygon",
        "coordinates": [
          [
            [
              128.0,
              35.75
            ],
            [
              128.25,
              35.75
            ],
            [
              128.25,
              36.0
            ],
            [
              128.0,
              36.0
            ],
            [
              128.0,
              35.75
            ]
          ]
        ]
      }
    },
    {
      "type": "Feature",
      "properties": {
        "cell_id": "r191c1233",
        "country": "South Korea",
        "row_global": 191,
        "col_global": 1233,
        "longitude": 128.375,
        "latitude": 35.875
      },
      "geometry": {
        "type": "Polygon",
        "coordinates": [
          [
            [
              128.25,
              35.75
            ],
            [
              128.5,
              35.75
            ],
            [
              128.5,
              36.0
            ],
            [
              128.25,
              36.0
            ],
            [
              128.25,
              35.75
            ]
          ]
        ]
      }
    },
    {
      "type": "Feature",
      "properties": {
        "cell_id": "r191c1234",
        "country": "South Korea",
        "row_global": 191,
        "col_global": 1234,
        "longitude": 128.625,
        "latitude": 35.875
      },
      "geometry": {
        "type": "Polygon",
        "coordinates": [
          [
            [
              128.5,
              35.75
            ],
            [
              128.75,
              35.75
            ],
            [
              128.75,
              36.0
            ],
            [
              128.5,
              36.0
            ],
            [
              128.5,
              35.75
            ]
          ]
        ]
      }
    },
    {
      "type": "Feature",
      "properties": {
        "cell_id": "r191c1235",
        "country": "South Korea",
        "row_global": 191,
        "col_global": 1235,
        "longitude": 128.875,
        "latitude": 35.875
      },
      "geometry": {
        "type": "Polygon",
        "coordinates": [
          [
            [
              128.75,
              35.75
            ],
            [
              129.0,
              35.75
            ],
            [
              129.0,
              36.0
            ],
            [
              128.75,
              36.0
            ],
            [
              128.75,
              35.75
            ]
          ]
        ]
      }
    },
    {
      "type": "Feature",
      "properties": {
        "cell_id": "r191c1236",
        "country": "South Korea",
        "row_global": 191,
        "col_global": 1236,
        "longitude": 129.125,
        "latitude": 35.875
      },
      "geometry": {
        "type": "Polygon",
        "coordinates": [
          [
            [
              129.0,
              35.75
            ],
            [
              129.25,
              35.75
            ],
            [
              129.25,
              36.0
            ],
            [
              129.0,
              36.0
            ],
            [
              129.0,
              35.75
            ]
          ]
        ]
      }
    },
    {
      "type": "Feature",
      "properties": {
        "cell_id": "r191c1237",
        "country": "South Korea",
        "row_global": 191,
        "col_global": 1237,
        "longitude": 129.375,
        "latitude": 35.875
      },
      "geometry": {
        "type": "Polygon",
        "coordinates": [
          [
            [
              129.25,
              35.75
            ],
            [
              129.5,
              35.75
            ],
            [
              129.5,
              36.0
            ],
            [
              129.25,
              36.0
            ],
            [
              129.25,
              35.75
            ]
          ]
        ]
      }
    },
    {
      "type": "Feature",
      "properties": {
        "cell_id": "r192c1226",
        "country": "South Korea",
        "row_global": 192,
        "col_global": 1226,
        "longitude": 126.625,
        "latitude": 35.625
      },
      "geometry": {
        "type": "Polygon",
        "coordinates": [
          [
            [
              126.5,
              35.5
            ],
            [
              126.75,
              35.5
            ],
            [
              126.75,
              35.75
            ],
            [
              126.5,
              35.75
            ],
            [
              126.5,
              35.5
            ]
          ]
        ]
      }
    },
    {
      "type": "Feature",
      "properties": {
        "cell_id": "r192c1227",
        "country": "South Korea",
        "row_global": 192,
        "col_global": 1227,
        "longitude": 126.875,
        "latitude": 35.625
      },
      "geometry": {
        "type": "Polygon",
        "coordinates": [
          [
            [
              126.75,
              35.5
            ],
            [
              127.0,
              35.5
            ],
            [
              127.0,
              35.75
            ],
            [
              126.75,
              35.75
            ],
            [
              126.75,
              35.5
            ]
          ]
        ]
      }
    },
    {
      "type": "Feature",
      "properties": {
        "cell_id": "r192c1228",
        "country": "South Korea",
        "row_global": 192,
        "col_global": 1228,
        "longitude": 127.125,
        "latitude": 35.625
      },
      "geometry": {
        "type": "Polygon",
        "coordinates": [
          [
            [
              127.0,
              35.5
            ],
            [
              127.25,
              35.5
            ],
            [
              127.25,
              35.75
            ],
            [
              127.0,
              35.75
            ],
            [
              127.0,
              35.5
            ]
          ]
        ]
      }
    },
    {
      "type": "Feature",
      "properties": {
        "cell_id": "r192c1229",
        "country": "South Korea",
        "row_global": 192,
        "col_global": 1229,
        "longitude": 127.375,
        "latitude": 35.625
      },
      "geometry": {
        "type": "Polygon",
        "coordinates": [
          [
            [
              127.25,
              35.5
            ],
            [
              127.5,
              35.5
            ],
            [
              127.5,
              35.75
            ],
            [
              127.25,
              35.75
            ],
            [
              127.25,
              35.5
            ]
          ]
        ]
      }
    },
    {
      "type": "Feature",
      "properties": {
        "cell_id": "r192c1230",
        "country": "South Korea",
        "row_global": 192,
        "col_global": 1230,
        "longitude": 127.625,
        "latitude": 35.625
      },
      "geometry": {
        "type": "Polygon",
        "coordinates": [
          [
            [
              127.5,
              35.5
            ],
            [
              127.75,
              35.5
            ],
            [
              127.75,
              35.75
            ],
            [
              127.5,
              35.75
            ],
            [
              127.5,
              35.5
            ]
          ]
        ]
      }
    },
    {
      "type": "Feature",
      "properties": {
        "cell_id": "r192c1231",
        "country": "South Korea",
        "row_global": 192,
        "col_global": 1231,
        "longitude": 127.875,
        "latitude": 35.625
      },
      "geometry": {
        "type": "Polygon",
        "coordinates": [
          [
            [
              127.75,
              35.5
            ],
            [
              128.0,
              35.5
            ],
            [
              128.0,
              35.75
            ],
            [
              127.75,
              35.75
            ],
            [
              127.75,
              35.5
            ]
          ]
        ]
      }
    },
    {
      "type": "Feature",
      "properties": {
        "cell_id": "r192c1232",
        "country": "South Korea",
        "row_global": 192,
        "col_global": 1232,
        "longitude": 128.125,
        "latitude": 35.625
      },
      "geometry": {
        "type": "Polygon",
        "coordinates": [
          [
            [
              128.0,
              35.5
            ],
            [
              128.25,
              35.5
            ],
            [
              128.25,
              35.75
            ],
            [
              128.0,
              35.75
            ],
            [
              128.0,
              35.5
            ]
          ]
        ]
      }
    },
    {
      "type": "Feature",
      "properties": {
        "cell_id": "r192c1233",
        "country": "South Korea",
        "row_global": 192,
        "col_global": 1233,
        "longitude": 128.375,
        "latitude": 35.625
      },
      "geometry": {
        "type": "Polygon",
        "coordinates": [
          [
            [
              128.25,
              35.5
            ],
            [
              128.5,
              35.5
            ],
            [
              128.5,
              35.75
            ],
            [
              128.25,
              35.75
            ],
            [
              128.25,
              35.5
            ]
          ]
        ]
      }
    },
    {
      "type": "Feature",
      "properties": {
        "cell_id": "r192c1234",
        "country": "South Korea",
        "row_global": 192,
        "col_global": 1234,
        "longitude": 128.625,
        "latitude": 35.625
      },
      "geometry": {
        "type": "Polygon",
        "coordinates": [
          [
            [
              128.5,
              35.5
            ],
            [
              128.75,
              35.5
            ],
            [
              128.75,
              35.75
            ],
            [
              128.5,
              35.75
            ],
            [
              128.5,
              35.5
            ]
          ]
        ]
      }
    },
    {
      "type": "Feature",
      "properties": {
        "cell_id": "r192c1235",
        "country": "South Korea",
        "row_global": 192,
        "col_global": 1235,
        "longitude": 128.875,
        "latitude": 35.625
      },
      "geometry": {
        "type": "Polygon",
        "coordinates": [
          [
            [
              128.75,
              35.5
            ],
            [
              129.0,
              35.5
            ],
            [
              129.0,
              35.75
            ],
            [
              128.75,
              35.75
            ],
            [
              128.75,
              35.5
            ]
          ]
        ]
      }
    },
    {
      "type": "Feature",
      "properties": {
        "cell_id": "r192c1236",
        "country": "South Korea",
        "row_global": 192,
        "col_global": 1236,
        "longitude": 129.125,
        "latitude": 35.625
      },
      "geometry": {
        "type": "Polygon",
        "coordinates": [
          [
            [
              129.0,
              35.5
            ],
            [
              129.25,
              35.5
            ],
            [
              129.25,
              35.75
            ],
            [
              129.0,
              35.75
            ],
            [
              129.0,
              35.5
            ]
          ]
        ]
      }
    },
    {
      "type": "Feature",
      "properties": {
        "cell_id": "r192c1237",
        "country": "South Korea",
        "row_global": 192,
        "col_global": 1237,
        "longitude": 129.375,
        "latitude": 35.625
      },
      "geometry": {
        "type": "Polygon",
        "coordinates": [
          [
            [
              129.25,
              35.5
            ],
            [
              129.5,
              35.5
            ],
            [
              129.5,
              35.75
            ],
            [
              129.25,
              35.75
            ],
            [
              129.25,
              35.5
            ]
          ]
        ]
      }
    },
    {
      "type": "Feature",
      "properties": {
        "cell_id": "r193c1226",
        "country": "South Korea",
        "row_global": 193,
        "col_global": 1226,
        "longitude": 126.625,
        "latitude": 35.375
      },
      "geometry": {
        "type": "Polygon",
        "coordinates": [
          [
            [
              126.5,
              35.25
            ],
            [
              126.75,
              35.25
            ],
            [
              126.75,
              35.5
            ],
            [
              126.5,
              35.5
            ],
            [
              126.5,
              35.25
            ]
          ]
        ]
      }
    },
    {
      "type": "Feature",
      "properties": {
        "cell_id": "r193c1227",
        "country": "South Korea",
        "row_global": 193,
        "col_global": 1227,
        "longitude": 126.875,
        "latitude": 35.375
      },
      "geometry": {
        "type": "Polygon",
        "coordinates": [
          [
            [
              126.75,
              35.25
            ],
            [
              127.0,
              35.25
            ],
            [
              127.0,
              35.5
            ],
            [
              126.75,
              35.5
            ],
            [
              126.75,
              35.25
            ]
          ]
        ]
      }
    },
    {
      "type": "Feature",
      "properties": {
        "cell_id": "r193c1228",
        "country": "South Korea",
        "row_global": 193,
        "col_global": 1228,
        "longitude": 127.125,
        "latitude": 35.375
      },
      "geometry": {
        "type": "Polygon",
        "coordinates": [
          [
            [
              127.0,
              35.25
            ],
            [
              127.25,
              35.25
            ],
            [
              127.25,
              35.5
            ],
            [
              127.0,
              35.5
            ],
            [
              127.0,
              35.25
            ]
          ]
        ]
      }
    },
    {
      "type": "Feature",
      "properties": {
        "cell_id": "r193c1229",
        "country": "South Korea",
        "row_global": 193,
        "col_global": 1229,
        "longitude": 127.375,
        "latitude": 35.375
      },
      "geometry": {
        "type": "Polygon",
        "coordinates": [
          [
            [
              127.25,
              35.25
            ],
            [
              127.5,
              35.25
            ],
            [
              127.5,
              35.5
            ],
            [
              127.25,
              35.5
            ],
            [
              127.25,
              35.25
            ]
          ]
        ]
      }
    },
    {
      "type": "Feature",
      "properties": {
        "cell_id": "r193c1230",
        "country": "South Korea",
        "row_global": 193,
        "col_global": 1230,
        "longitude": 127.625,
        "latitude": 35.375
      },
      "geometry": {
        "type": "Polygon",
        "coordinates": [
          [
            [
              127.5,
              35.25
            ],
            [
              127.75,
              35.25
            ],
            [
              127.75,
              35.5
            ],
            [
              127.5,
              35.5
            ],
            [
              127.5,
              35.25
            ]
          ]
        ]
      }
    },
    {
      "type": "Feature",
      "properties": {
        "cell_id": "r193c1231",
        "country": "South Korea",
        "row_global": 193,
        "col_global": 1231,
        "longitude": 127.875,
        "latitude": 35.375
      },
      "geometry": {
        "type": "Polygon",
        "coordinates": [
          [
            [
              127.75,
              35.25
            ],
            [
              128.0,
              35.25
            ],
            [
              128.0,
              35.5
            ],
            [
              127.75,
              35.5
            ],
            [
              127.75,
              35.25
            ]
          ]
        ]
      }
    },
    {
      "type": "Feature",
      "properties": {
        "cell_id": "r193c1232",
        "country": "South Korea",
        "row_global": 193,
        "col_global": 1232,
        "longitude": 128.125,
        "latitude": 35.375
      },
      "geometry": {
        "type": "Polygon",
        "coordinates": [
          [
            [
              128.0,
              35.25
            ],
            [
              128.25,
              35.25
            ],
            [
              128.25,
              35.5
            ],
            [
              128.0,
              35.5
            ],
            [
              128.0,
              35.25
            ]
          ]
        ]
      }
    },
    {
      "type": "Feature",
      "properties": {
        "cell_id": "r193c1233",
        "country": "South Korea",
        "row_global": 193,
        "col_global": 1233,
        "longitude": 128.375,
        "latitude": 35.375
      },
      "geometry": {
        "type": "Polygon",
        "coordinates": [
          [
            [
              128.25,
              35.25
            ],
            [
              128.5,
              35.25
            ],
            [
              128.5,
              35.5
            ],
            [
              128.25,
              35.5
            ],
            [
              128.25,
              35.25
            ]
          ]
        ]
      }
    },
    {
      "type": "Feature",
      "properties": {
        "cell_id": "r193c1234",
        "country": "South Korea",
        "row_global": 193,
        "col_global": 1234,
        "longitude": 128.625,
        "latitude": 35.375
      },
      "geometry": {
        "type": "Polygon",
        "coordinates": [
          [
            [
              128.5,
              35.25
            ],
            [
              128.75,
              35.25
            ],
            [
              128.75,
              35.5
            ],
            [
              128.5,
              35.5
            ],
            [
              128.5,
              35.25
            ]
          ]
        ]
      }
    },
    {
      "type": "Feature",
      "properties": {
        "cell_id": "r193c1235",
        "country": "South Korea",
        "row_global": 193,
        "col_global": 1235,
        "longitude": 128.875,
        "latitude": 35.375
      },
      "geometry": {
        "type": "Polygon",
        "coordinates": [
          [
            [
              128.75,
              35.25
            ],
            [
              129.0,
              35.25
            ],
            [
              129.0,
              35.5
            ],
            [
              128.75,
              35.5
            ],
            [
              128.75,
              35.25
            ]
          ]
        ]
      }
    },
    {
      "type": "Feature",
      "properties": {
        "cell_id": "r193c1236",
        "country": "South Korea",
        "row_global": 193,
        "col_global": 1236,
        "longitude": 129.125,
        "latitude": 35.375
      },
      "geometry": {
        "type": "Polygon",
        "coordinates": [
          [
            [
              129.0,
              35.25
            ],
            [
              129.25,
              35.25
            ],
            [
              129.25,
              35.5
            ],
            [
              129.0,
              35.5
            ],
            [
              129.0,
              35.25
            ]
          ]
        ]
      }
    },
    {
      "type": "Feature",
      "properties": {
        "cell_id": "r194c1224",
        "country": "South Korea",
        "row_global": 194,
        "col_global": 1224,
        "longitude": 126.125,
        "latitude": 35.125
      },
      "geometry": {
        "type": "Polygon",
        "coordinates": [
          [
            [
              126.0,
              35.0
            ],
            [
              126.25,
              35.0
            ],
            [
              126.25,
              35.25
            ],
            [
              126.0,
              35.25
            ],
            [
              126.0,
              35.0
            ]
          ]
        ]
      }
    },
    {
      "type": "Feature",
      "properties": {
        "cell_id": "r194c1226",
        "country": "South Korea",
        "row_global": 194,
        "col_global": 1226,
        "longitude": 126.625,
        "latitude": 35.125
      },
      "geometry": {
        "type": "Polygon",
        "coordinates": [
          [
            [
              126.5,
              35.0
            ],
            [
              126.75,
              35.0
            ],
            [
              126.75,
              35.25
            ],
            [
              126.5,
              35.25
            ],
            [
              126.5,
              35.0
            ]
          ]
        ]
      }
    },
    {
      "type": "Feature",
      "properties": {
        "cell_id": "r194c1227",
        "country": "South Korea",
        "row_global": 194,
        "col_global": 1227,
        "longitude": 126.875,
        "latitude": 35.125
      },
      "geometry": {
        "type": "Polygon",
        "coordinates": [
          [
            [
              126.75,
              35.0
            ],
            [
              127.0,
              35.0
            ],
            [
              127.0,
              35.25
            ],
            [
              126.75,
              35.25
            ],
            [
              126.75,
              35.0
            ]
          ]
        ]
      }
    },
    {
      "type": "Feature",
      "properties": {
        "cell_id": "r194c1228",
        "country": "South Korea",
        "row_global": 194,
        "col_global": 1228,
        "longitude": 127.125,
        "latitude": 35.125
      },
      "geometry": {
        "type": "Polygon",
        "coordinates": [
          [
            [
              127.0,
              35.0
            ],
            [
              127.25,
              35.0
            ],
            [
              127.25,
              35.25
            ],
            [
              127.0,
              35.25
            ],
            [
              127.0,
              35.0
            ]
          ]
        ]
      }
    },
    {
      "type": "Feature",
      "properties": {
        "cell_id": "r194c1229",
        "country": "South Korea",
        "row_global": 194,
        "col_global": 1229,
        "longitude": 127.375,
        "latitude": 35.125
      },
      "geometry": {
        "type": "Polygon",
        "coordinates": [
          [
            [
              127.25,
              35.0
            ],
            [
              127.5,
              35.0
            ],
            [
              127.5,
              35.25
            ],
            [
              127.25,
              35.25
            ],
            [
              127.25,
              35.0
            ]
          ]
        ]
      }
    },
    {
      "type": "Feature",
      "properties": {
        "cell_id": "r194c1230",
        "country": "South Korea",
        "row_global": 194,
        "col_global": 1230,
        "longitude": 127.625,
        "latitude": 35.125
      },
      "geometry": {
        "type": "Polygon",
        "coordinates": [
          [
            [
              127.5,
              35.0
            ],
            [
              127.75,
              35.0
            ],
            [
              127.75,
              35.25
            ],
            [
              127.5,
              35.25
            ],
            [
              127.5,
              35.0
            ]
          ]
        ]
      }
    },
    {
      "type": "Feature",
      "properties": {
        "cell_id": "r194c1231",
        "country": "South Korea",
        "row_global": 194,
        "col_global": 1231,
        "longitude": 127.875,
        "latitude": 35.125
      },
      "geometry": {
        "type": "Polygon",
        "coordinates": [
          [
            [
              127.75,
              35.0
            ],
            [
              128.0,
              35.0
            ],
            [
              128.0,
              35.25
            ],
            [
              127.75,
              35.25
            ],
            [
              127.75,
              35.0
            ]
          ]
        ]
      }
    },
    {
      "type": "Feature",
      "properties": {
        "cell_id": "r194c1232",
        "country": "South Korea",
        "row_global": 194,
        "col_global": 1232,
        "longitude": 128.125,
        "latitude": 35.125
      },
      "geometry": {
        "type": "Polygon",
        "coordinates": [
          [
            [
              128.0,
              35.0
            ],
            [
              128.25,
              35.0
            ],
            [
              128.25,
              35.25
            ],
            [
              128.0,
              35.25
            ],
            [
              128.0,
              35.0
            ]
          ]
        ]
      }
    },
    {
      "type": "Feature",
      "properties": {
        "cell_id": "r194c1233",
        "country": "South Korea",
        "row_global": 194,
        "col_global": 1233,
        "longitude": 128.375,
        "latitude": 35.125
      },
      "geometry": {
        "type": "Polygon",
        "coordinates": [
          [
            [
              128.25,
              35.0
            ],
            [
              128.5,
              35.0
            ],
            [
              128.5,
              35.25
            ],
            [
              128.25,
              35.25
            ],
            [
              128.25,
              35.0
            ]
          ]
        ]
      }
    },
    {
      "type": "Feature",
      "properties": {
        "cell_id": "r194c1235",
        "country": "South Korea",
        "row_global": 194,
        "col_global": 1235,
        "longitude": 128.875,
        "latitude": 35.125
      },
      "geometry": {
        "type": "Polygon",
        "coordinates": [
          [
            [
              128.75,
              35.0
            ],
            [
              129.0,
              35.0
            ],
            [
              129.0,
              35.25
            ],
            [
              128.75,
              35.25
            ],
            [
              128.75,
              35.0
            ]
          ]
        ]
      }
    },
    {
      "type": "Feature",
      "properties": {
        "cell_id": "r194c1236",
        "country": "South Korea",
        "row_global": 194,
        "col_global": 1236,
        "longitude": 129.125,
        "latitude": 35.125
      },
      "geometry": {
        "type": "Polygon",
        "coordinates": [
          [
            [
              129.0,
              35.0
            ],
            [
              129.25,
              35.0
            ],
            [
              129.25,
              35.25
            ],
            [
              129.0,
              35.25
            ],
            [
              129.0,
              35.0
            ]
          ]
        ]
      }
    },
    {
      "type": "Feature",
      "properties": {
        "cell_id": "r195c1224",
        "country": "South Korea",
        "row_global": 195,
        "col_global": 1224,
        "longitude": 126.125,
        "latitude": 34.875
      },
      "geometry": {
        "type": "Polygon",
        "coordinates": [
          [
            [
              126.0,
              34.75
            ],
            [
              126.25,
              34.75
            ],
            [
              126.25,
              35.0
            ],
            [
              126.0,
              35.0
            ],
            [
              126.0,
              34.75
            ]
          ]
        ]
      }
    },
    {
      "type": "Feature",
      "properties": {
        "cell_id": "r195c1226",
        "country": "South Korea",
        "row_global": 195,
        "col_global": 1226,
        "longitude": 126.625,
        "latitude": 34.875
      },
      "geometry": {
        "type": "Polygon",
        "coordinates": [
          [
            [
              126.5,
              34.75
            ],
            [
              126.75,
              34.75
            ],
            [
              126.75,
              35.0
            ],
            [
              126.5,
              35.0
            ],
            [
              126.5,
              34.75
            ]
          ]
        ]
      }
    },
    {
      "type": "Feature",
      "properties": {
        "cell_id": "r195c1227",
        "country": "South Korea",
        "row_global": 195,
        "col_global": 1227,
        "longitude": 126.875,
        "latitude": 34.875
      },
      "geometry": {
        "type": "Polygon",
        "coordinates": [
          [
            [
              126.75,
              34.75
            ],
            [
              127.0,
              34.75
            ],
            [
              127.0,
              35.0
            ],
            [
              126.75,
              35.0
            ],
            [
              126.75,
              34.75
            ]
          ]
        ]
      }
    },
    {
      "type": "Feature",
      "properties": {
        "cell_id": "r195c1228",
        "country": "South Korea",
        "row_global": 195,
        "col_global": 1228,
        "longitude": 127.125,
        "latitude": 34.875
      },
      "geometry": {
        "type": "Polygon",
        "coordinates": [
          [
            [
              127.0,
              34.75
            ],
            [
              127.25,
              34.75
            ],
            [
              127.25,
              35.0
            ],
            [
              127.0,
              35.0
            ],
            [
              127.0,
              34.75
            ]
          ]
        ]
      }
    },
    {
      "type": "Feature",
      "properties": {
        "cell_id": "r195c1229",
        "country": "South Korea",
        "row_global": 195,
        "col_global": 1229,
        "longitude": 127.375,
        "latitude": 34.875
      },
      "geometry": {
        "type": "Polygon",
        "coordinates": [
          [
            [
              127.25,
              34.75
            ],
            [
              127.5,
              34.75
            ],
            [
              127.5,
              35.0
            ],
            [
              127.25,
              35.0
            ],
            [
              127.25,
              34.75
            ]
          ]
        ]
      }
    },
    {
      "type": "Feature",
      "properties": {
        "cell_id": "r195c1231",
        "country": "South Korea",
        "row_global": 195,
        "col_global": 1231,
        "longitude": 127.875,
        "latitude": 34.875
      },
      "geometry": {
        "type": "Polygon",
        "coordinates": [
          [
            [
              127.75,
              34.75
            ],
            [
              128.0,
              34.75
            ],
            [
              128.0,
              35.0
            ],
            [
              127.75,
              35.0
            ],
            [
              127.75,
              34.75
            ]
          ]
        ]
      }
    },
    {
      "type": "Feature",
      "properties": {
        "cell_id": "r195c1233",
        "country": "South Korea",
        "row_global": 195,
        "col_global": 1233,
        "longitude": 128.375,
        "latitude": 34.875
      },
      "geometry": {
        "type": "Polygon",
        "coordinates": [
          [
            [
              128.25,
              34.75
            ],
            [
              128.5,
              34.75
            ],
            [
              128.5,
              35.0
            ],
            [
              128.25,
              35.0
            ],
            [
              128.25,
              34.75
            ]
          ]
        ]
      }
    },
    {
      "type": "Feature",
      "properties": {
        "cell_id": "r195c1234",
        "country": "South Korea",
        "row_global": 195,
        "col_global": 1234,
        "longitude": 128.625,
        "latitude": 34.875
      },
      "geometry": {
        "type": "Polygon",
        "coordinates": [
          [
            [
              128.5,
              34.75
            ],
            [
              128.75,
              34.75
            ],
            [
              128.75,
              35.0
            ],
            [
              128.5,
              35.0
            ],
            [
              128.5,
              34.75
            ]
          ]
        ]
      }
    },
    {
      "type": "Feature",
      "properties": {
        "cell_id": "r196c1226",
        "country": "South Korea",
        "row_global": 196,
        "col_global": 1226,
        "longitude": 126.625,
        "latitude": 34.625
      },
      "geometry": {
        "type": "Polygon",
        "coordinates": [
          [
            [
              126.5,
              34.5
            ],
            [
              126.75,
              34.5
            ],
            [
              126.75,
              34.75
            ],
            [
              126.5,
              34.75
            ],
            [
              126.5,
              34.5
            ]
          ]
        ]
      }
    },
    {
      "type": "Feature",
      "properties": {
        "cell_id": "r196c1227",
        "country": "South Korea",
        "row_global": 196,
        "col_global": 1227,
        "longitude": 126.875,
        "latitude": 34.625
      },
      "geometry": {
        "type": "Polygon",
        "coordinates": [
          [
            [
              126.75,
              34.5
            ],
            [
              127.0,
              34.5
            ],
            [
              127.0,
              34.75
            ],
            [
              126.75,
              34.75
            ],
            [
              126.75,
              34.5
            ]
          ]
        ]
      }
    },
    {
      "type": "Feature",
      "properties": {
        "cell_id": "r196c1229",
        "country": "South Korea",
        "row_global": 196,
        "col_global": 1229,
        "longitude": 127.375,
        "latitude": 34.625
      },
      "geometry": {
        "type": "Polygon",
        "coordinates": [
          [
            [
              127.25,
              34.5
            ],
            [
              127.5,
              34.5
            ],
            [
              127.5,
              34.75
            ],
            [
              127.25,
              34.75
            ],
            [
              127.25,
              34.5
            ]
          ]
        ]
      }
    },
    {
      "type": "Feature",
      "properties": {
        "cell_id": "r201c1225",
        "country": "South Korea",
        "row_global": 201,
        "col_global": 1225,
        "longitude": 126.375,
        "latitude": 33.375
      },
      "geometry": {
        "type": "Polygon",
        "coordinates": [
          [
            [
              126.25,
              33.25
            ],
            [
              126.5,
              33.25
            ],
            [
              126.5,
              33.5
            ],
            [
              126.25,
              33.5
            ],
            [
              126.25,
              33.25
            ]
          ]
        ]
      }
    },
    {
      "type": "Feature",
      "properties": {
        "cell_id": "r201c1226",
        "country": "South Korea",
        "row_global": 201,
        "col_global": 1226,
        "longitude": 126.625,
        "latitude": 33.375
      },
      "geometry": {
        "type": "Polygon",
        "coordinates": [
          [
            [
              126.5,
              33.25
            ],
            [
              126.75,
              33.25
            ],
            [
              126.75,
              33.5
            ],
            [
              126.5,
              33.5
            ],
            [
              126.5,
              33.25
            ]
          ]
        ]
      }
    },
    {
      "type": "Feature",
      "properties": {
        "cell_id": "r201c1227",
        "country": "South Korea",
        "row_global": 201,
        "col_global": 1227,
        "longitude": 126.875,
        "latitude": 33.375
      },
      "geometry": {
        "type": "Polygon",
        "coordinates": [
          [
            [
              126.75,
              33.25
            ],
            [
              127.0,
              33.25
            ],
            [
              127.0,
              33.5
            ],
            [
              126.75,
              33.5
            ],
            [
              126.75,
              33.25
            ]
          ]
        ]
      }
    }
  ]
}
